player,team,league,position,age,minutes,goals,assists,xg,xag,npxg,shots_p90,shots_on_target_p90,prog_carries,prog_passes,prog_receptions,key_passes,xa,pass_completion_pct,tackles_won,interceptions,clearances,carries,touches,goals_p90,assists_p90,xg_p90,xag_p90,npxg_p90,prog_carries_p90,prog_passes_p90,prog_receptions_p90,key_passes_p90,xa_p90,tackles_won_p90,interceptions_p90,clearances_p90,carries_p90,touches_p90,goals_zscore,assists_zscore,xg_zscore,xag_zscore,npxg_zscore,prog_carries_zscore,prog_passes_zscore,prog_receptions_zscore,key_passes_zscore,xa_zscore,tackles_won_zscore,interceptions_zscore,clearances_zscore,carries_zscore,touches_zscore,shots_zscore,shots_on_target_zscore,pass_completion_zscore,league_lsc,lsc_adj_goals_p90,lsc_adj_assists_p90,lsc_adj_xg_p90,lsc_adj_xag_p90,lsc_adj_npxg_p90,lsc_adj_shots_p90,lsc_adj_shots_on_target_p90,lsc_adj_prog_carries_p90,lsc_adj_prog_passes_p90,lsc_adj_prog_receptions_p90,lsc_adj_key_passes_p90,lsc_adj_xa_p90,lsc_adj_carries_p90,lsc_adj_touches_p90,lsc_adj_tackles_won_p90,lsc_adj_interceptions_p90,lsc_adj_clearances_p90
Tyler Adams,Bournemouth,Premier League,MF,25.0,1965,0,3,1.6,1.0,1.6,0.41,0.09,14,76,10,18,0.8,84.4,50,32,42,663,1337,0.0,0.13740458015267176,0.0732824427480916,0.04580152671755725,0.0732824427480916,0.6412213740458016,3.480916030534351,0.45801526717557256,0.8244274809160306,0.0366412213740458,2.2900763358778624,1.465648854961832,1.9236641221374047,30.36641221374046,61.23664122137405,-0.7900177606680123,0.4154933376286421,-0.4038143436930585,-0.6039595922950621,-0.38559870154123055,-0.723171497239527,0.06669348646371835,-0.9173900764646902,-0.10417472310087328,-0.6805365026881541,2.3622976088586043,1.5679990517056295,-0.12226730633438393,-0.022910947572065382,0.44583967303298955,-0.8117049333986124,-0.7860930439689345,0.5811562107364461,1.0,0.0,0.13740458015267176,0.0732824427480916,0.04580152671755725,0.0732824427480916,0.41,0.09,0.6412213740458016,3.480916030534351,0.45801526717557256,0.8244274809160306,0.0366412213740458,30.36641221374046,61.23664122137405,2.2900763358778624,1.465648854961832,1.9236641221374047
Junior Adamu,Freiburg,Bundesliga,FW,23.0,1545,2,2,5.5,2.4,5.5,2.1,0.64,8,14,84,17,1.9,63.5,3,12,20,275,534,0.11650485436893204,0.11650485436893204,0.32038834951456313,0.13980582524271842,0.32038834951456313,0.46601941747572817,0.8155339805825242,4.893203883495145,0.9902912621359222,0.11067961165048544,0.17475728155339806,0.6990291262135923,1.1650485436893205,16.019417475728154,31.106796116504853,-0.1457793119870245,0.15085030190489884,1.1553573453793142,0.48605477336403047,1.3415396984447008,-0.8415512957241146,-1.3589234361514937,0.41061963559983844,0.12986115641605114,0.0056383376009446285,-1.4234836228727101,-0.14329338068018171,-0.6472820786312365,-1.3360539561766458,-1.492065527282493,0.907347799917103,0.5486769351699087,-1.6554544164350908,0.92,0.10718446601941749,0.10718446601941749,0.2947572815533981,0.12862135922330095,0.2947572815533981,1.9320000000000002,0.5888,0.42873786407766995,0.7502912621359223,4.501747572815534,0.9110679611650485,0.1018252427184466,14.737864077669903,28.618252427184466,0.18995356690586745,0.7598142676234698,1.266357112705783
Tosin Adarabioyo,Chelsea,Premier League,DF,26.0,1409,1,1,0.9,0.2,0.9,0.83,0.13,5,42,1,1,0.2,91.1,13,11,80,777,1330,0.063875088715401,0.063875088715401,0.057487579843860895,0.0127750177430802,0.057487579843860895,0.3193754435770049,2.6827537260468417,0.063875088715401,0.063875088715401,0.0127750177430802,0.830376153300213,0.7026259758694109,5.110007097232079,49.630943931866575,84.95386799148332,-0.401229832075993,-0.2838019039068222,-0.5120244187385219,-0.9902454051958225,-0.5027798552600622,-0.9382020930035496,-0.36155950014708393,-1.0400333350441613,-1.2289920905065943,-1.007855557622888,-0.2107758351802057,-0.02060819748547543,1.716055485679238,1.8900188955794868,1.981895903727884,-0.3762518869860783,-0.685914030594893,1.4048634284190196,1.0,0.063875088715401,0.063875088715401,0.057487579843860895,0.0127750177430802,0.057487579843860895,0.83,0.13,0.3193754435770049,2.6827537260468417,0.063875088715401,0.063875088715401,0.0127750177430802,49.630943931866575,84.95386799148332,0.830376153300213,0.7026259758694109,5.110007097232079
Karim Adeyemi,Dortmund,Bundesliga,"FW,MF",22.0,1433,7,6,5.5,6.0,5.5,2.89,1.13,68,28,153,28,4.1,74.3,14,7,5,417,636,0.4396371249127704,0.3768318213538032,0.3454291695743196,0.3768318213538032,0.3454291695743196,4.27076064200977,1.7585484996510816,9.609211444521982,1.7585484996510816,0.2575017445917655,0.8792742498255408,0.4396371249127704,0.314026517794836,26.189811584089323,39.944173063503136,1.5845026225719232,2.5062074276683277,1.3149566772294206,3.2628501207277028,1.518179681003193,2.4787113099968963,-0.8606637774766124,1.9108593841446706,1.2670952317769348,1.711989300198899,0.026135387363898126,-0.625481198724357,-1.0906417273803,-0.3776200944505434,-0.9655888369074711,1.7111317254272758,1.7255049019688766,-0.35456815719121826,0.92,0.4044661549197488,0.346685275645499,0.317794836008374,0.346685275645499,0.317794836008374,2.6588000000000003,1.0395999999999999,3.9290997906489884,1.6178646196789952,8.840474528960224,1.6178646196789952,0.23690160502442428,24.094626657362177,36.74863921842289,0.955732880245153,0.4778664401225765,0.341333171516126
Simon Adingra,Brighton,Premier League,"FW,MF",22.0,1097,2,2,2.5,2.5,2.5,2.71,0.66,50,18,136,16,2.8,75.9,14,8,6,366,548,0.1640838650865998,0.1640838650865998,0.20510483135824975,0.20510483135824975,0.20510483135824975,4.102096627164995,1.4767547857793983,11.157702825888787,1.3126709206927984,0.22971741112123972,1.1485870556061988,0.6563354603463992,0.4922515952597995,30.027347310847766,44.958979033728355,0.20871002672698333,0.6692241419247799,0.4992964114092635,1.2592893081098508,0.5923838030851909,1.5890965698421333,-1.0086367238085248,2.4119953039080935,0.6179118894910253,1.9674554836223197,0.35014758738270463,-0.11698466343905069,-0.9481037883140828,-0.05657942085753017,-0.6083900084908028,1.572918892193836,0.6414578966111552,-0.4638454833384622,1.0,0.1640838650865998,0.1640838650865998,0.20510483135824975,0.20510483135824975,0.20510483135824975,2.71,0.66,4.102096627164995,1.4767547857793983,11.157702825888787,1.3126709206927984,0.22971741112123972,30.027347310847766,44.958979033728355,1.1485870556061988,0.6563354603463992,0.4922515952597995
Amine Adli,Leverkusen,Bundesliga,"MF,FW",24.0,766,2,0,2.7,0.7,2.7,2.35,0.82,37,24,100,11,1.9,74.2,9,0,4,248,468,0.2349869451697128,0.0,0.3172323759791123,0.08224543080939947,0.3172323759791123,4.347258485639687,2.8198433420365534,11.74934725848564,1.2924281984334205,0.22323759791122716,1.0574412532637076,0.0,0.4699738903394256,29.138381201044385,54.9869451697128,0.4886587803035785,-0.9032492487568731,1.135242538180805,-0.18827394195523864,1.319277204288089,2.5454682626077303,-0.2999084601112884,2.591671866704292,0.5771077329585541,1.3137750902587857,0.3927330518804622,-1.442729475193211,-1.0093973292202914,-0.09975387467217628,-0.069432780643178,1.1617098016608285,0.9809810862389172,-0.3666134003323645,0.92,0.21618798955613577,0.0,0.2918537859007833,0.07566579634464751,0.2918537859007833,2.1620000000000004,0.7544,3.999477806788512,2.594255874673629,10.809399477806789,1.1890339425587468,0.20537859007832898,26.807310704960837,50.587989556135774,1.1493926665909866,0.0,0.5108411851515495
Oladapo Afolayan,St. Pauli,Bundesliga,"FW,MF",26.0,1639,3,1,3.1,3.8,3.1,2.09,0.71,53,32,108,21,3.6,69.4,8,8,20,495,741,0.16473459426479561,0.05491153142159853,0.17022574740695545,0.20866381940207443,0.17022574740695545,2.9103111653447225,1.757169005491153,5.930445393532642,1.1531421598535694,0.19768151311775473,0.43929225137278827,0.43929225137278827,1.0982306284319707,27.181208053691275,40.68944478340451,0.1124773069196536,-0.40642685529365236,0.19828601512509877,1.2927365759832021,0.2822804827349888,1.2914953450275914,-0.8613926594560212,0.7405832588685206,0.3709257127183455,1.0167650345268135,-0.8791746304817338,-0.6261222895016795,-0.6820924202407924,-0.28419323834856935,-0.921190120990182,0.8971733198473538,0.7167952161411897,-0.9447850711074188,0.92,0.15155582672361198,0.05051860890787065,0.15660768761439903,0.1919707138499085,0.15660768761439903,1.9227999999999998,0.6532,2.677486272117145,1.616595485051861,5.456009762050031,1.060890787065284,0.18186699206833434,25.006711409395976,37.43428920073215,0.47749157757911764,0.47749157757911764,1.1937289439477943
Emmanuel Agbadou,Wolves,Premier League,DF,27.0,1410,1,0,0.8,0.2,0.8,0.45,0.13,6,31,2,4,0.3,85.4,19,12,90,758,1172,0.06382978723404256,0.0,0.05106382978723404,0.01276595744680851,0.05106382978723404,0.3829787234042553,1.9787234042553192,0.12765957446808512,0.25531914893617025,0.019148936170212766,1.2127659574468086,0.7659574468085106,5.744680851063829,48.38297872340426,74.80851063829788,-0.4015055681955618,-0.891279865718134,-0.5560333145368326,-0.9903513765509279,-0.5504372770054147,-0.8957076885104485,-0.7393060891260952,-1.0201857335890472,-0.9458562986383826,-0.9204388495422946,0.4632783727074246,0.11124739504336065,2.0822229812317476,1.7660984221720681,1.3248275404643082,-0.7702332146926567,-0.685914030594893,0.7040975865099648,1.0,0.06382978723404256,0.0,0.05106382978723404,0.01276595744680851,0.05106382978723404,0.45,0.13,0.3829787234042553,1.9787234042553192,0.12765957446808512,0.25531914893617025,0.019148936170212766,48.38297872340426,74.80851063829788,1.2127659574468086,0.7659574468085106,5.744680851063829
Felix Agu,Werder Bremen,Bundesliga,DF,24.0,1751,3,0,1.4,1.8,1.4,0.46,0.21,33,43,105,20,2.5,79.7,14,21,48,545,1045,0.15419760137064534,0.0,0.07195888063963449,0.09251856082238721,0.07195888063963449,1.696173615077099,2.2101656196459163,5.396916047972587,1.0279840091376355,0.12849800114220444,0.7195888063963449,1.0793832095945175,2.4671616219303254,28.012564249000572,53.71216447744147,0.05605468958515018,-0.9032492487568731,-0.4280243949030774,-0.06792267209048816,-0.410901992536793,0.23196060443587013,-0.6220432817045848,0.5708587788148826,0.18565689017698345,0.2127217347158736,-0.3024344908332824,0.5637527295695548,0.031083908892653635,-0.20584819879054936,-0.14537639194844765,-0.7612669315217364,-0.48404964793939015,0.29587497243071886,0.92,0.1418617932609937,0.0,0.06620217018846374,0.08511707595659625,0.06620217018846374,0.4232,0.1932,1.560479725870931,2.033352370074243,4.96516276413478,0.9457452884066248,0.1182181610508281,25.771559109080528,49.415191319246155,0.7821617460829836,1.1732426191244756,2.6816974151416577
Ola Aina,Nott'ham Forest,Premier League,DF,27.0,2995,2,1,0.6,1.4,0.6,0.33,0.06,67,107,67,16,2.2,73.5,42,33,115,749,1708,0.06010016694490818,0.03005008347245409,0.018030050083472453,0.04207011686143572,0.018030050083472453,2.013355592654424,3.2153589315525877,2.013355592654424,0.48080133555926546,0.066110183639399,1.2621035058430718,0.991652754590985,3.4557595993322203,22.50751252086811,51.32554257095158,-0.42420661450029595,-0.6054914022149158,-0.7823466293438817,-0.6476030391592682,-0.795512934885526,0.19357409611269144,-0.07579084299564208,-0.43342011820767534,-0.6123798910231,-0.2763770046904208,0.5502476949611412,0.5811431371974148,0.7616570098119441,-0.8032841212778632,-0.1960568261900961,-0.8946483708105235,-0.8612273039994655,-0.7589047851949076,1.0,0.06010016694490818,0.03005008347245409,0.018030050083472453,0.04207011686143572,0.018030050083472453,0.33,0.06,2.013355592654424,3.2153589315525877,2.013355592654424,0.48080133555926546,0.066110183639399,22.50751252086811,51.32554257095158,1.2621035058430718,0.991652754590985,3.4557595993322203
Rayan Aït-Nouri,Wolves,Premier League,DF,23.0,3109,4,7,2.7,5.5,2.7,1.04,0.29,89,108,176,46,4.0,84.2,57,26,75,1129,2148,0.11579285944033452,0.20263750402058542,0.0781601801222258,0.15921518173045995,0.0781601801222258,2.576391122547443,3.1264072048890315,5.0948858153747185,1.331617883563847,0.11579285944033452,1.6500482470247668,0.7526535863621743,2.171116114506272,32.68253457703442,62.180765519459634,-0.08522240346485353,1.0358848616363108,-0.3703971288360848,0.7225531782360897,-0.3494110564502808,0.569747457238803,-0.12351778072958491,0.5254491587131263,0.645933460543194,0.40500855378572787,1.2340938184345336,0.0835488689226035,0.020497186081048432,0.20707541565559362,0.5069862828234951,-0.1585253637798112,-0.28519797709872763,0.556567935581742,1.0,0.11579285944033452,0.20263750402058542,0.0781601801222258,0.15921518173045995,0.0781601801222258,1.04,0.29,2.576391122547443,3.1264072048890315,5.0948858153747185,1.331617883563847,0.11579285944033452,32.68253457703442,62.180765519459634,1.6500482470247668,0.7526535863621743,2.171116114506272
Kristoffer Ajer,Brentford,Premier League,DF,26.0,1438,0,0,1.0,1.2,1.0,0.56,0.19,27,56,44,8,0.5,78.3,18,12,50,387,795,0.0,0.0,0.06258692628650904,0.07510431154381085,0.06258692628650904,1.689847009735744,3.5048678720445063,2.753824756606398,0.5006954102920723,0.03129346314325452,1.1265646731571626,0.7510431154381085,3.129346314325452,24.221140472878997,49.75660639777469,-0.7900177606680123,-0.891279865718134,-0.47708896759928027,-0.26122733241216106,-0.46494810559660205,-0.02256734528584382,0.07954481708141613,-0.2030108473247182,-0.5829575908667873,-0.7538796785525774,0.31132782964723754,0.08019588193533854,0.5733367360265549,-0.6331242597549402,-0.29766964153865333,-0.6561859882512786,-0.535645510533831,-0.16878618148201852,1.0,0.0,0.0,0.06258692628650904,0.07510431154381085,0.06258692628650904,0.56,0.19,1.689847009735744,3.5048678720445063,2.753824756606398,0.5006954102920723,0.03129346314325452,24.221140472878997,49.75660639777469,1.1265646731571626,0.7510431154381085,3.129346314325452
Manuel Akanji,Manchester City,Premier League,DF,29.0,2014,0,0,1.6,0.4,1.6,0.67,0.09,46,158,7,9,1.3,93.6,12,9,64,1254,1881,0.0,0.0,0.07149950347567031,0.01787487586891758,0.07149950347567031,2.0556107249255215,7.060575968222444,0.3128103277060576,0.4021847070506455,0.05809334657398212,0.5362462760675273,0.4021847070506455,2.859980139026812,56.0377358490566,84.05660377358491,-0.7900177606680123,-0.891279865718134,-0.4160292007412026,-0.9305962656715675,-0.3988262225535832,0.22180544970820507,1.9873555507418417,-0.9625730035338109,-0.7286497890869433,-0.3863259338285834,-0.7292506461303371,-0.646124405032711,0.41792911565439034,2.5262006432896293,1.92378420686544,-0.5421387618099007,-0.7860930439689345,1.712216867852816,1.0,0.0,0.0,0.07149950347567031,0.01787487586891758,0.07149950347567031,0.67,0.09,2.0556107249255215,7.060575968222444,0.3128103277060576,0.4021847070506455,0.05809334657398212,56.0377358490566,84.05660377358491,0.5362462760675273,0.4021847070506455,2.859980139026812
Nathan Aké,Manchester City,Premier League,DF,29.0,678,0,0,0.2,0.0,0.2,0.4,0.0,12,50,2,1,0.2,93.9,7,3,22,403,596,0.0,0.0,0.02654867256637168,0.0,0.02654867256637168,1.592920353982301,6.6371681415929205,0.2654867256637168,0.1327433628318584,0.02654867256637168,0.9292035398230089,0.39823008849557523,2.920353982300885,53.49557522123894,79.11504424778761,-0.7900177606680123,-0.891279865718134,-0.7239858329414267,-1.1396650158946402,-0.7323137785083008,-0.0873256490547271,1.7601766107079482,-0.9772985277999885,-1.1271395007523115,-0.8189533028081535,-0.036568743312531723,-0.6543578877715809,0.45276108854609987,2.2737691280993744,1.6037420125344843,-0.8220728630751012,-1.0114958240605274,1.749099280584873,1.0,0.0,0.0,0.02654867256637168,0.0,0.02654867256637168,0.4,0.0,1.592920353982301,6.6371681415929205,0.2654867256637168,0.1327433628318584,0.02654867256637168,53.49557522123894,79.11504424778761,0.9292035398230089,0.39823008849557523,2.920353982300885
Kevin Akpoguma,Hoffenheim,Bundesliga,DF,29.0,2220,0,0,0.1,0.3,0.1,0.2,0.04,14,98,16,7,0.6,87.1,27,29,115,892,1692,0.0,0.0,0.004054054054054054,0.012162162162162163,0.004054054054054054,0.5675675675675675,3.972972972972973,0.6486486486486487,0.28378378378378377,0.024324324324324326,1.0945945945945947,1.1756756756756757,4.662162162162162,36.16216216216216,68.5945945945946,-0.7696298623010193,-0.9032492487568731,-0.8608203227757919,-1.009310020278404,-0.8899081654612684,-0.7529338299012265,0.30936951461785966,-0.9396433560956752,-0.9159661259640768,-0.9979734796538147,0.46918002521476365,0.7427522896212136,1.174620314426125,0.5621506138616642,0.7412274725022662,-1.025803413335211,-0.8923369017267874,1.1872229648755936,0.92,0.0,0.0,0.00372972972972973,0.01118918918918919,0.00372972972972973,0.18400000000000002,0.0368,0.5221621621621622,3.655135135135135,0.5967567567567568,0.2610810810810811,0.02237837837837838,33.26918918918919,63.10702702702703,1.1897767332549942,1.2779083431257343,5.0675675675675675
Carlos Alcaraz,Everton,Premier League,"FW,MF",21.0,764,2,3,1.7,1.6,1.7,3.06,1.3,19,42,21,13,0.7,80.6,5,5,10,211,378,0.23560209424083772,0.3534031413612565,0.20026178010471204,0.1884816753926702,0.20026178010471204,2.238219895287958,4.947643979057592,2.473821989528796,1.5314136125654452,0.08246073298429318,0.5890052356020943,0.5890052356020943,1.1780104712041886,24.856020942408378,44.52879581151832,0.6440193895575249,2.4697271298007335,0.46611682999903375,1.0648609681329428,0.5564534922714788,0.34380966034965527,0.853664533541578,-0.2901383558670525,0.9414209354615569,-0.052133281558407685,-0.636250261987211,-0.25716562792820785,-0.5524633373871842,-0.570081886612067,-0.6362510069633946,1.9357964308709479,2.2443221105958173,0.11397898279707395,1.0,0.23560209424083772,0.3534031413612565,0.20026178010471204,0.1884816753926702,0.20026178010471204,3.06,1.3,2.238219895287958,4.947643979057592,2.473821989528796,1.5314136125654452,0.08246073298429318,24.856020942408378,44.52879581151832,0.5890052356020943,0.5890052356020943,1.1780104712041886
Trent Alexander-Arnold,Liverpool,Premier League,DF,25.0,2365,3,6,1.9,7.3,1.9,1.71,0.3,51,232,94,52,7.4,73.5,50,31,55,1183,2252,0.11416490486257927,0.22832980972515854,0.0723044397463002,0.27780126849894293,0.0723044397463002,1.9408033826638478,8.828752642706132,3.5771670190274842,1.9788583509513744,0.2816067653276956,1.9027484143763214,1.1797040169133193,2.0930232558139537,45.01902748414376,85.69978858350952,-0.0951312599667585,1.280229093754521,-0.4105146093971812,2.109563926525718,-0.3928544479687415,0.14510076318738166,2.936068534862787,0.05318576369833183,1.6031683940877028,2.6791050883375886,1.6795387787607337,0.9726642917139539,-0.02455756262293329,1.432064726952095,2.030205766600616,0.5361259245449455,-0.26015322375521727,-0.7589047851949076,1.0,0.11416490486257927,0.22832980972515854,0.0723044397463002,0.27780126849894293,0.0723044397463002,1.71,0.3,1.9408033826638478,8.828752642706132,3.5771670190274842,1.9788583509513744,0.2816067653276956,45.01902748414376,85.69978858350952,1.9027484143763214,1.1797040169133193,2.0930232558139537
Alisson,Liverpool,Premier League,GK,31.0,2508,0,0,0.0,0.6,0.0,0.0,0.0,0,1,0,1,0.2,82.8,0,0,13,658,1011,0.0,0.0,0.0,0.021531100478468897,0.0,0.0,0.03588516746411483,0.0,0.03588516746411483,0.007177033492822967,0.0,0.0,0.4665071770334928,23.612440191387563,36.2799043062201,-0.7900177606680123,-0.891279865718134,-0.9058698966514711,-0.8878322031259389,-0.9292768100897674,-1.1515821155650607,-1.7817335161413719,-1.0599091291149787,-1.2703877259139968,-1.0846305211933964,-1.6745139740950574,-1.4834695995757803,-0.9629567251016377,-0.693566992079657,-1.1704939568604054,-1.2367900501346574,-1.0114958240605274,0.3844500094988153,1.0,0.0,0.0,0.0,0.021531100478468897,0.0,0.0,0.0,0.0,0.03588516746411483,0.0,0.03588516746411483,0.007177033492822967,23.612440191387563,36.2799043062201,0.0,0.0,0.4665071770334928
Edson Álvarez,West Ham,Premier League,MF,26.0,1772,0,1,0.4,0.8,0.4,0.61,0.05,24,85,18,12,0.9,85.8,27,18,46,687,1239,0.0,0.05079006772009029,0.020316027088036117,0.040632054176072234,0.020316027088036117,1.2189616252821671,4.317155756207675,0.9142212189616252,0.6094808126410836,0.045711060948081264,1.371331828442438,0.9142212189616252,2.3363431151241536,34.89277652370203,62.92889390519187,-0.7900177606680123,-0.40824575274288677,-0.7666854776950263,-0.6644229583898227,-0.7785534066899543,-0.33717366828062934,0.515376865807403,-0.7754340223293859,-0.4220696479226699,-0.5561459056880051,0.7427889438914727,0.419931327974718,0.11582294462807853,0.42654806322520344,0.5554391343901044,-0.6043463398688342,-0.8862720573429758,0.7532741368193712,1.0,0.0,0.05079006772009029,0.020316027088036117,0.040632054176072234,0.020316027088036117,0.61,0.05,1.2189616252821671,4.317155756207675,0.9142212189616252,0.6094808126410836,0.045711060948081264,34.89277652370203,62.92889390519187,1.371331828442438,0.9142212189616252,2.3363431151241536
Nadiem Amiri,Mainz 05,Bundesliga,MF,27.0,2473,7,5,5.5,6.6,3.9,2.18,0.87,50,204,64,63,9.2,77.0,23,16,30,1134,2093,0.2547513141932875,0.1819652244237768,0.20016174686615446,0.24019409623938534,0.1419328750505459,1.8196522442377678,7.424181156490093,2.329154872624343,2.2927618277395876,0.3348160129397493,0.8370400323493732,0.5822887181560857,1.0917913465426607,41.26971289931257,76.17064294379296,0.5944913875262862,0.7431152940781832,0.38908509840399413,1.6621185317999843,0.08270025861933965,0.3397160208526779,2.132881005441664,-0.40504662310477696,2.0578793214643483,2.6105273719138817,-0.060766032038494726,-0.36030393750746886,-0.6854471133859433,1.0434741028840457,1.1925619448155558,0.9887436404750952,1.1010655726469754,-0.02934659238024968,0.92,0.23437120905782452,0.16740800646987467,0.1841488071168621,0.2209785685402345,0.13057824504650223,2.0056000000000003,0.8004,1.6740800646987464,6.830246663970886,2.142822482814396,2.1093408815204207,0.30803073190456937,37.96813586736757,70.07699150828952,0.9098261221188838,0.6329225197348758,1.186729724502892
Mohamed Amoura,Wolfsburg,Bundesliga,FW,24.0,2467,10,9,8.7,4.0,7.2,2.66,0.91,81,61,244,35,3.7,70.3,22,9,24,628,1106,0.36481556546412647,0.3283340089177138,0.31738954195379,0.1459262261856506,0.2626672071341711,2.9550060802594245,2.2253749493311714,8.901499797324686,1.2768544791244427,0.13498175922172678,0.8025942440210783,0.3283340089177138,0.8755573571139036,22.910417511147145,40.34860154033239,1.183854329501011,2.0674143612860814,1.1362442459718545,0.557756194900803,0.9343700626660923,1.330499010690909,-0.6140071430615296,1.6857246425450738,0.5540543031782381,0.2880752704438279,-0.13164192549745005,-0.8323842889277174,-0.7980992218903935,-0.6866624277134902,-0.9414954699218298,1.4771186838230483,1.1971331617734218,-0.836377882837097,0.92,0.33563032022699635,0.30206728820429674,0.2919983785974868,0.13425212809079856,0.2416538305634374,2.4472,0.8372,2.718605593838671,2.0473449533846777,8.18937981353871,1.1747061207944873,0.12418321848398864,21.077584110255373,37.1207134171058,0.8723850478489981,0.3568847923018628,0.9516927794716343
Joachim Andersen,Fulham,Premier League,DF,28.0,2583,0,0,1.0,0.5,1.0,0.66,0.14,16,112,2,4,0.5,82.7,18,34,188,1350,2336,0.0,0.0,0.03484320557491289,0.017421602787456445,0.03484320557491289,0.5574912891986062,3.902439024390244,0.06968641114982578,0.13937282229965156,0.017421602787456445,0.627177700348432,1.1846689895470384,6.550522648083624,47.038327526132406,81.39372822299651,-0.7900177606680123,-0.891279865718134,-0.6671602659983351,-0.935897854188645,-0.6707771286878427,-0.7791129534569144,0.29286112182933693,-1.0382250456106956,-1.1173348755583656,-0.9441287978534472,-0.5689620910979919,0.9830013231897902,2.5471438493861522,1.632577221577788,1.7513219447007324,-0.5525066914863896,-0.6608692772513827,0.3721558719214641,1.0,0.0,0.0,0.03484320557491289,0.017421602787456445,0.03484320557491289,0.66,0.14,0.5574912891986062,3.902439024390244,0.06968641114982578,0.13937282229965156,0.017421602787456445,47.038327526132406,81.39372822299651,0.627177700348432,1.1846689895470384,6.550522648083624
Elliot Anderson,Nott'ham Forest,Premier League,MF,21.0,2728,2,6,2.1,3.3,2.1,1.32,0.23,52,143,94,37,3.6,78.3,56,31,76,932,1831,0.06598240469208211,0.19794721407624635,0.06928152492668622,0.10887096774193547,0.06928152492668622,1.715542521994135,4.717741935483871,3.101173020527859,1.220674486803519,0.1187683284457478,1.847507331378299,1.0227272727272727,2.5073313782991202,30.747800586510262,60.40689149560117,-0.3884032508541156,0.9912783047924343,-0.43122449725564777,0.1337154164116146,-0.4152812742288946,-0.005399748040368577,0.7303108794854769,-0.09492766961956842,0.4818539562845561,0.4458163721509341,1.5821630536778235,0.6458400239213681,0.2144725952834745,0.014960162443856097,0.39210058083030797,0.13177666716187822,-0.4354664971597896,-0.16878618148201852,1.0,0.06598240469208211,0.19794721407624635,0.06928152492668622,0.10887096774193547,0.06928152492668622,1.32,0.23,1.715542521994135,4.717741935483871,3.101173020527859,1.220674486803519,0.1187683284457478,30.747800586510262,60.40689149560117,1.847507331378299,1.0227272727272727,2.5073313782991202
André,Wolves,Premier League,MF,23.0,2472,0,0,0.4,0.8,0.4,0.36,0.04,10,109,11,18,0.7,92.9,55,37,30,912,1623,0.0,0.0,0.014563106796116505,0.02912621359223301,0.014563106796116505,0.36407766990291257,3.9684466019417473,0.40048543689320387,0.6553398058252428,0.025485436893203883,2.0024271844660193,1.3470873786407767,1.0922330097087378,33.20388349514563,59.08980582524272,-0.7900177606680123,-0.891279865718134,-0.8060985413153788,-0.7989979746735493,-0.8212339820863416,-0.9083357953472864,0.3282774050419675,-0.9352914380536523,-0.35424658600838227,-0.833535315980229,1.8552466393977984,1.3211550501437648,-0.601951626545219,0.25884433060987455,0.30679896989901695,-0.8635445817810569,-0.9113168106864862,1.6261579048113544,1.0,0.0,0.0,0.014563106796116505,0.02912621359223301,0.014563106796116505,0.36,0.04,0.36407766990291257,3.9684466019417473,0.40048543689320387,0.6553398058252428,0.025485436893203883,33.20388349514563,59.08980582524272,2.0024271844660193,1.3470873786407767,1.0922330097087378
Robert Andrich,Leverkusen,Bundesliga,"MF,DF",29.0,1598,2,2,1.3,0.3,1.3,1.18,0.28,8,65,17,9,1.0,88.4,12,29,23,526,1114,0.11264080100125157,0.11264080100125157,0.07321652065081352,0.016896120150187734,0.07321652065081352,0.45056320400500627,3.6608260325406756,0.9574468085106382,0.506883604505632,0.056320400500625784,0.6758448060075094,1.6332916145181475,1.295369211514393,29.62453066332916,62.740926157697125,-0.16647022510757628,0.11588955335353843,-0.4200087426595348,-0.9538509873814222,-0.40203049754943243,-0.8550393845544303,0.1444407411459235,-0.8414095709060712,-0.5857164310150155,-0.6261185400131765,-0.39244245004961537,1.5934216624088053,-0.5793885062516758,-0.05394030033579829,0.39250182645439846,-0.028704366499807003,-0.31593136696810886,1.3438111257105056,0.92,0.10362953692115144,0.10362953692115144,0.06735919899874844,0.015544430538172716,0.06735919899874844,1.0856,0.25760000000000005,0.41451814768460576,3.3679599499374215,0.8808510638297872,0.4663329161451814,0.05181476846057572,27.25456821026283,57.72165206508136,0.7346139195733797,1.775316972302334,1.4080100125156445
Waldemar Anton,Dortmund,Bundesliga,DF,28.0,1949,2,2,1.7,0.8,1.7,0.88,0.14,32,117,28,6,1.8,90.4,21,30,112,1386,2126,0.09235505387378141,0.09235505387378141,0.07850179579271421,0.03694202154951257,0.07850179579271421,1.4776808619805026,5.402770651616214,1.29297075423294,0.27706516162134426,0.0831195484864033,0.969728065674705,1.3853258081067215,5.17188301693176,64.00205233453052,98.17342226782965,-0.2750946646431836,-0.06764955364530953,-0.38632269007506004,-0.7190102245426115,-0.36474773657537946,0.04128973487719023,1.0648303149866465,-0.734673872659736,-0.9259115526903045,-0.314661738192805,0.2122537874997755,1.1324741754258631,1.4401712076514679,3.185715951019788,2.503352522952593,-0.33393876859227756,-0.6521679289106713,1.5847159885334452,0.92,0.08496664956387891,0.08496664956387891,0.07222165212929708,0.03398665982555157,0.07222165212929708,0.8096,0.12880000000000003,1.3594663930220625,4.970548999486917,1.189533093894305,0.25489994869163674,0.07646998460749103,58.88188814776808,90.31954848640328,1.0540522452985923,1.505788921855132,5.621611974925826
Michail Antonio,West Ham,Premier League,FW,34.0,836,1,1,2.2,1.6,2.2,2.05,0.43,29,18,59,9,0.9,60.6,2,0,2,173,296,0.10765550239234449,0.10765550239234449,0.23684210526315794,0.1722488038277512,0.23684210526315794,3.1220095693779903,1.937799043062201,6.351674641148325,0.9688995215311005,0.09688995215311004,0.21531100478468898,0.0,0.21531100478468898,18.624401913875598,31.86602870813397,-0.13475198149797032,0.132567560349017,0.7167274085512935,0.874997486254969,0.8278407611238429,0.934284176752142,-0.7612640039606542,0.9165198623935378,0.10949189875823921,0.14575987542678615,-1.2949764257455865,-1.4834695995757803,-1.1078813776958347,-1.1888693134362147,-1.4563604782572959,0.8886355335455681,0.06542856971041722,-2.3448485326732977,1.0,0.10765550239234449,0.10765550239234449,0.23684210526315794,0.1722488038277512,0.23684210526315794,2.05,0.43,3.1220095693779903,1.937799043062201,6.351674641148325,0.9688995215311005,0.09688995215311004,18.624401913875598,31.86602870813397,0.21531100478468898,0.0,0.21531100478468898
Cameron Archer,Southampton,Premier League,FW,23.0,1441,2,0,5.7,0.5,4.9,1.75,0.62,22,14,66,5,0.7,81.7,8,2,11,226,398,0.12491325468424705,0.0,0.3560027758501041,0.031228313671061762,0.3060374739764053,1.3740458015267174,0.8743927827897293,4.122137404580153,0.31228313671061764,0.04371963913948646,0.4996530187369882,0.12491325468424705,0.6870229007633587,14.115197779319915,24.857737682165162,-0.0297093756768185,-0.891279865718134,1.5330931589135444,-0.7744113179858368,1.3411971091328154,-0.23355936201034558,-1.3318333034400647,0.22276234473761808,-0.8616095282351106,-0.5834577611655114,-0.793755083268804,-1.2234012486142964,-0.8357327934349761,-1.6366243528041258,-1.9102554129943434,0.5775976432509011,0.5412788832371137,0.2492144961479455,1.0,0.12491325468424705,0.0,0.3560027758501041,0.031228313671061762,0.3060374739764053,1.75,0.62,1.3740458015267174,0.8743927827897293,4.122137404580153,0.31228313671061764,0.04371963913948646,14.115197779319915,24.857737682165162,0.4996530187369882,0.12491325468424705,0.6870229007633587
Alphonse Areola,West Ham,Premier League,GK,31.0,2260,0,0,0.0,0.0,0.0,0.0,0.0,0,1,0,0,0.0,69.6,2,0,15,601,1049,0.0,0.0,0.0,0.0,0.0,0.0,0.03982300884955752,0.0,0.0,0.0,0.07964601769911504,0.0,0.5973451327433629,23.933628318584073,41.77433628318584,-0.7900177606680123,-0.891279865718134,-0.9058698966514711,-1.1396650158946402,-0.9292768100897674,-1.1515821155650607,-1.7796206722690993,-1.0599091291149787,-1.3234600191706214,-1.1830617529230112,-1.5341186685994124,-1.4834695995757803,-0.8874713181878461,-0.6616736472130357,-0.8146447442119817,-1.2367900501346574,-1.0114958240605274,-1.2383761507116309,1.0,0.0,0.0,0.0,0.0,0.0,0.0,0.0,0.0,0.03982300884955752,0.0,0.0,0.0,23.933628318584073,41.77433628318584,0.07964601769911504,0.0,0.5973451327433629
Joe Aribo,Southampton,Premier League,"MF,DF",28.0,2013,3,0,2.7,1.6,2.7,0.76,0.31,36,75,65,16,1.3,88.8,33,20,32,745,1271,0.13412816691505217,0.0,0.12071535022354694,0.07153502235469449,0.12071535022354694,1.6095380029806259,3.353204172876304,2.9061102831594634,0.7153502235469449,0.05812220566318927,1.4754098360655739,0.8941877794336811,1.4307004470938898,33.30849478390462,56.82563338301043,0.026378947806138458,-0.891279865718134,-0.07885308833650036,-0.3029745778434364,-0.03369676634154891,-0.07622312257846436,-0.0018301510974292692,-0.1556246780589379,-0.26549430441561556,-0.38593013858809927,0.9262515211521382,0.37822187452008726,-0.4066768524976823,0.2692320243844045,0.16015888330838018,-0.44882739472150057,-0.23510847041170688,1.122098264139927,1.0,0.13412816691505217,0.0,0.12071535022354694,0.07153502235469449,0.12071535022354694,0.76,0.31,1.6095380029806259,3.353204172876304,2.9061102831594634,0.7153502235469449,0.05812220566318927,33.30849478390462,56.82563338301043,1.4754098360655739,0.8941877794336811,1.4307004470938898
Adam Armstrong,Southampton,Premier League,"FW,MF",27.0,1248,2,2,3.3,1.2,2.3,1.8,0.5,25,21,79,9,0.6,80.2,3,3,8,235,377,0.14423076923076922,0.14423076923076922,0.23798076923076922,0.08653846153846154,0.1658653846153846,1.8028846153846156,1.5144230769230769,5.697115384615384,0.6490384615384616,0.04326923076923077,0.21634615384615385,0.21634615384615385,0.5769230769230769,16.947115384615383,27.1875,0.08787036655339009,0.4804131602308055,0.7245283571339987,-0.12749082611274523,0.3012686684684818,0.052954950897957244,-0.9884258492882559,0.7128428851612663,-0.3635659459426346,-0.5896350000915845,-1.2931517259939063,-1.0330387176821527,-0.8992535811041884,-1.3554205436599438,-1.759367370347699,0.6294372916333457,0.2407418431149896,0.06480243248766755,1.0,0.14423076923076922,0.14423076923076922,0.23798076923076922,0.08653846153846154,0.1658653846153846,1.8,0.5,1.8028846153846156,1.5144230769230769,5.697115384615384,0.6490384615384616,0.04326923076923077,16.947115384615383,27.1875,0.21634615384615385,0.21634615384615385,0.5769230769230769
Maximilian Arnold,Wolfsburg,Bundesliga,MF,30.0,2356,3,5,0.9,3.5,0.9,1.03,0.46,9,128,16,45,4.4,77.2,20,24,70,787,1576,0.11460101867572157,0.19100169779286927,0.03438030560271647,0.13370118845500847,0.03438030560271647,0.3438030560271647,4.889643463497453,0.6112054329371817,1.7190152801358234,0.16808149405772496,0.7640067911714771,0.9168081494057726,2.67402376910017,30.063667232597624,60.20373514431239,-0.15597381376422684,0.824874484023727,-0.6675339418531757,0.41453803128687167,-0.6759843190442243,-0.9482051759166221,0.793709804709256,-0.9515546602648844,1.2085750875516923,0.672756811759748,-0.21103973665958395,0.2615394263540134,0.13885353895869218,-0.012557109731305078,0.24135155465007604,-0.18132156754604223,0.11637278410089988,-0.005256106097955396,0.92,0.10543293718166385,0.17572156196943972,0.03162988115449915,0.12300509337860781,0.03162988115449915,0.9476000000000001,0.4232,0.31629881154499156,4.498471986417657,0.5623089983022072,1.5814940577249577,0.15463497453310698,27.658573853989814,55.3874363327674,0.8304421643168228,0.9965305971801875,2.9065475751088803
Jann-Fiete Arp,Holstein Kiel,Bundesliga,"FW,MF",24.0,713,2,0,3.8,1.0,2.2,2.52,1.14,14,21,66,11,1.7,58.6,10,3,8,158,303,0.25245441795231416,0.0,0.47966339410939685,0.12622720897615708,0.27769985974754563,1.767180925666199,2.6507713884992987,8.330995792426368,1.3884992987377278,0.21458625525946703,1.262272089761571,0.37868162692847124,1.0098176718092566,19.94389901823282,38.2468443197756,0.5821921576640885,-0.9032492487568731,2.170507433797728,0.3269792327429361,1.0404116175791378,0.29392616376525127,-0.38924084276025966,1.5042379138286943,0.7193196427048855,1.2132301208739613,0.8141944046115315,-0.738792320206314,-0.7281531991635377,-0.9662201070671689,-1.0667052682688822,1.3346759628465619,1.7495217992504883,-2.2456713303512923,0.92,0.23225806451612904,0.0,0.4412903225806451,0.11612903225806452,0.255483870967742,2.3184,1.0488,1.6258064516129032,2.438709677419355,7.6645161290322585,1.2774193548387096,0.19741935483870968,18.348387096774196,35.18709677419355,1.3720348801756204,0.4116104640526861,1.0976279041404964
Kepa Arrizabalaga,Bournemouth,Premier League,GK,29.0,2790,0,0,0.1,0.0,0.1,0.03,0.0,0,2,0,1,0.0,73.2,0,0,15,621,1087,0.0,0.0,0.0032258064516129032,0.0,0.0032258064516129032,0.0,0.06451612903225806,0.0,0.03225806451612903,0.0,0.0,0.0,0.4838709677419355,20.03225806451613,35.064516129032256,-0.7900177606680123,-0.891279865718134,-0.8837700050393904,-1.1396650158946402,-0.9053447428115893,-1.1515821155650607,-1.7663716095063935,-1.0599091291149787,-1.2757520222216558,-1.1830617529230112,-1.6745139740950574,-1.4834695995757803,-0.9529388919730065,-1.0490719861598523,-1.249209086600411,-1.2056862611051906,-1.0114958240605274,-0.7957871979269628,1.0,0.0,0.0,0.0032258064516129032,0.0,0.0032258064516129032,0.03,0.0,0.0,0.06451612903225806,0.0,0.03225806451612903,0.0,20.03225806451613,35.064516129032256,0.0,0.0,0.4838709677419355
Arthur,Leverkusen,Bundesliga,DF,21.0,752,0,1,0.1,0.4,0.1,0.12,0.0,15,25,53,2,1.0,78.9,11,9,29,242,508,0.0,0.11968085106382978,0.011968085106382979,0.047872340425531915,0.011968085106382979,1.7952127659574468,2.992021276595745,6.343085106382978,0.23936170212765956,0.11968085106382978,1.3164893617021276,1.077127659574468,3.470744680851064,28.962765957446805,60.79787234042553,-0.7696298623010193,0.17958572848543905,-0.8103797195855393,-0.5909598878786644,-0.8340819463632209,0.31838855571149255,-0.2089349733090435,0.8718507538916648,-0.9817231439144757,0.11024976933704082,0.9257522401608368,0.5595598526219121,0.5539237637435748,-0.11630343944870986,0.27674660303539883,-1.1071992538932032,-0.9884044908532337,0.19951302730154344,0.92,0.0,0.1101063829787234,0.011010638297872341,0.044042553191489364,0.011010638297872341,0.1104,0.0,1.6515957446808511,2.7526595744680855,5.8356382978723405,0.2202127659574468,0.1101063829787234,26.645744680851063,55.93404255319149,1.4309666975023125,1.170790934320074,3.7725485661424605
Marco Asensio,Aston Villa,Premier League,MF,28.0,743,3,1,4.4,1.0,2.9,2.66,1.09,22,45,38,16,1.2,77.3,5,2,3,242,386,0.3633916554508748,0.12113055181695828,0.5329744279946165,0.12113055181695828,0.351278600269179,2.664872139973082,5.450874831763123,4.602960969044414,1.9380888290713325,0.14535666218034993,0.6056527590847914,0.24226110363391656,0.3633916554508748,29.313593539703906,46.7563930013459,1.4218349636367864,0.26072073750143304,2.7455200014629595,0.27710639375969465,1.676838349368373,0.6288630901850666,1.1236724184218607,0.3723785776679342,1.542872395098324,0.8104687653370706,-0.6069049888320768,-0.9790840090838583,-1.022448002411503,-0.12745375662964642,-0.4919797320761696,1.5210792438113916,1.7183822903821,-0.2917275572555372,1.0,0.3633916554508748,0.12113055181695828,0.5329744279946165,0.12113055181695828,0.351278600269179,2.66,1.09,2.664872139973082,5.450874831763123,4.602960969044414,1.9380888290713325,0.14535666218034993,29.313593539703906,46.7563930013459,0.6056527590847914,0.24226110363391656,0.3633916554508748
Noah Atubolu,Freiburg,Bundesliga,GK,22.0,2307,0,0,0.0,0.0,0.0,0.0,0.0,0,2,0,0,0.1,74.5,0,0,13,680,1198,0.0,0.0,0.0,0.0,0.0,0.0,0.07802340702210663,0.0,0.0,0.0039011703511053317,0.0,0.0,0.5071521456436932,26.527958387516257,46.73602080624187,-0.7696298623010193,-0.9032492487568731,-0.8866591058814253,-1.1517915871101994,-0.9185057926831566,-1.248229898570237,-1.748601176229443,-1.1459891842034466,-1.336044939666624,-1.2353291680868792,-1.7830654199419607,-1.442729475193211,-0.9900284554294188,-0.345753940279352,-0.5609722246962318,-1.2292930147301913,-0.9884044908532337,-0.33047767090892394,0.92,0.0,0.0,0.0,0.0,0.0,0.0,0.0,0.0,0.0717815344603381,0.0,0.0,0.003589076723016905,24.405721716514957,42.99713914174252,0.0,0.0,0.5512523322214056
Yasin Ayari,Brighton,Premier League,MF,20.0,1965,2,1,2.4,2.3,2.4,1.28,0.37,30,75,61,30,2.6,81.5,32,20,26,655,1233,0.0916030534351145,0.04580152671755725,0.1099236641221374,0.10534351145038168,0.1099236641221374,1.3740458015267174,3.435114503816794,2.7938931297709924,1.3740458015267174,0.11908396946564885,1.465648854961832,0.9160305343511451,1.1908396946564885,30.0,56.47328244274809,-0.23245827834113683,-0.45568879793587536,-0.1527865672138523,0.09245745838438918,-0.11375964726696218,-0.23355936201034558,0.04211873456445068,-0.1905429079482187,0.7086821409456251,0.45014531034027383,0.9090454389952863,0.42369830747510095,-0.5450616690606608,-0.05929495465902983,0.13733872552065465,0.09030494845592255,-0.08483995035064483,0.22462622099324142,1.0,0.0916030534351145,0.04580152671755725,0.1099236641221374,0.10534351145038168,0.1099236641221374,1.28,0.37,1.3740458015267174,3.435114503816794,2.7938931297709924,1.3740458015267174,0.11908396946564885,30.0,56.47328244274809,1.465648854961832,0.9160305343511451,1.1908396946564885
Jordan Ayew,Leicester City,Premier League,"FW,MF",32.0,1638,5,0,3.2,1.1,2.4,1.7,0.44,49,46,86,16,1.5,74.3,15,12,19,479,798,0.27472527472527475,0.0,0.1758241758241758,0.06043956043956045,0.13186813186813187,2.6923076923076925,2.5274725274725274,4.725274725274725,0.8791208791208791,0.08241758241758242,0.8241758241758242,0.6593406593406593,1.043956043956044,26.31868131868132,43.84615384615385,0.8821501007060878,-0.891279865718134,0.2986956241828153,-0.4327497087453801,0.04904506106213269,0.6471932370197127,-0.4448754331096833,0.4104385331177599,-0.023286036385623488,-0.05272508086315095,-0.2217054099001954,-0.11072786428091541,-0.6298044494102155,-0.42484260827886117,-0.6804626027960671,0.5257579948684565,0.09047332305392758,-0.660551684576093,1.0,0.27472527472527475,0.0,0.1758241758241758,0.06043956043956045,0.13186813186813187,1.7,0.44,2.6923076923076925,2.5274725274725274,4.725274725274725,0.8791208791208791,0.08241758241758242,26.31868131868132,43.84615384615385,0.8241758241758242,0.6593406593406593,1.043956043956044
Leon Bailey,Aston Villa,Premier League,"FW,MF",26.0,1139,1,2,1.7,1.5,1.7,2.21,0.47,58,35,121,16,3.0,71.0,5,3,12,348,545,0.07901668129938542,0.15803336259877085,0.13432835820895522,0.11852502194907813,0.13432835820895522,4.582967515364355,2.76558384547849,9.561018437225636,1.2642669007901668,0.23705004389815626,0.39508340649692714,0.23705004389815626,0.948200175592625,27.49780509218613,43.064091308165054,-0.30906763653618163,0.6116814129335575,0.014409171970992197,0.2466315039119937,0.06729733477765318,1.91037437324474,-0.3171171031201922,1.9151604541506797,0.5463248656422202,2.068020720885682,-0.9780842321719717,-0.989933391846854,-0.6850496620748374,-0.3077579530113505,-0.7311132140970785,1.0545224083693907,0.16560758308445853,-1.0662582246287042,1.0,0.07901668129938542,0.15803336259877085,0.13432835820895522,0.11852502194907813,0.13432835820895522,2.21,0.47,4.582967515364355,2.76558384547849,9.561018437225636,1.2642669007901668,0.23705004389815626,27.49780509218613,43.064091308165054,0.39508340649692714,0.23705004389815626,0.948200175592625
Ridle Baku,Wolfsburg,Bundesliga,"FW,MF",26.0,1170,2,1,1.5,1.3,1.5,1.38,0.46,16,44,78,13,1.6,74.1,15,15,15,352,646,0.15384615384615385,0.07692307692307693,0.11538461538461539,0.1,0.11538461538461539,1.2307692307692308,3.3846153846153846,6.0,1.0,0.12307692307692308,1.1538461538461537,1.1538461538461537,1.1538461538461537,27.076923076923077,49.69230769230769,0.054172787472589204,-0.20727326338403648,-0.151247586721089,0.019723517951229206,-0.10457332559864853,-0.17418128079714462,-0.0015004086187260885,0.7627097257934388,0.14423278480901872,0.14971855127410297,0.5910964453229619,0.7021730526087441,-0.6531182232607439,-0.294020807657982,-0.3848547924638463,0.17478523489517336,0.11637278410089988,-0.3786586434735125,0.92,0.14153846153846156,0.07076923076923078,0.10615384615384617,0.09200000000000001,0.10615384615384617,1.2696,0.4232,1.1323076923076925,3.113846153846154,5.5200000000000005,0.92,0.11323076923076925,24.910769230769233,45.71692307692308,1.2541806020066888,1.2541806020066888,1.2541806020066888
Ridle Baku,RB Leipzig,Bundesliga,"DF,MF",26.0,1275,2,3,1.4,1.5,1.4,1.2,0.35,21,41,97,14,1.7,75.2,19,9,45,383,796,0.1411764705882353,0.2117647058823529,0.0988235294117647,0.10588235294117646,0.0988235294117647,1.4823529411764707,2.8941176470588235,6.847058823529412,0.9882352941176471,0.12,1.3411764705882354,0.6352941176470589,3.176470588235294,27.035294117647062,56.188235294117646,-0.013669783685237429,1.0127316992107003,-0.2568007694711609,0.08863617119013652,-0.2213965738154839,0.04536689254176687,-0.26066421824610053,1.032173101322411,0.12681775275636414,0.11395888378413825,0.976548606977738,-0.26177137753284013,0.400614854728036,-0.2979438222209819,0.002132713583214911,-0.008355406360308945,-0.1478130859968278,-0.2461609689208948,0.92,0.12988235294117648,0.19482352941176467,0.09091764705882353,0.09741176470588234,0.09091764705882353,1.104,0.322,1.363764705882353,2.662588235294118,6.29929411764706,0.9091764705882354,0.1104,24.8724705882353,51.693176470588234,1.4578005115089514,0.690537084398977,3.4526854219948846
Carlos Baleba,Brighton,Premier League,MF,20.0,2661,3,1,3.1,1.3,3.1,1.49,0.37,43,118,29,21,1.2,87.4,46,46,44,971,1697,0.10146561443066515,0.033821871476888386,0.10484780157835401,0.043968432919954906,0.10484780157835401,1.4543404735062007,3.9909808342728295,0.9808342728297632,0.7102593010146561,0.040586245772266064,1.5558060879368658,1.5558060879368658,1.488162344983089,32.84103720405862,57.3957158962796,-0.17242791694066723,-0.5696201707943692,-0.18756113095103652,-0.6253998882790363,-0.15141717127367094,-0.17991316201870391,0.34036811922692767,-0.7547062649557645,-0.2730235136313891,-0.626431472927806,1.0679692952261113,1.7557056563116518,-0.37352489196244343,0.22281441257952275,0.19708051858240508,0.3080314716621895,-0.08483995035064483,0.949980338057002,1.0,0.10146561443066515,0.033821871476888386,0.10484780157835401,0.043968432919954906,0.10484780157835401,1.49,0.37,1.4543404735062007,3.9909808342728295,0.9808342728297632,0.7102593010146561,0.040586245772266064,32.84103720405862,57.3957158962796,1.5558060879368658,1.5558060879368658,1.488162344983089
Harvey Barnes,Newcastle Utd,Premier League,FW,26.0,1755,9,4,7.2,4.0,7.2,3.23,1.03,93,83,192,26,4.6,78.1,9,6,15,561,810,0.46153846153846156,0.20512820512820512,0.36923076923076925,0.20512820512820512,0.36923076923076925,4.769230769230769,4.256410256410256,9.846153846153847,1.3333333333333335,0.2358974358974359,0.46153846153846156,0.3076923076923077,0.7692307692307693,28.769230769230766,41.53846153846154,2.019224246440476,1.0595724378536913,1.6237176971005307,1.2595626932179995,1.810024429135553,2.034819937585109,0.48278394383508083,2.0038850693978905,0.6484705213866256,2.052212988439433,-0.8609411781459347,-0.84285678977151,-0.7883039386419644,-0.18150790154088423,-0.8299212718941286,2.112051235371259,1.5681137703210377,-0.1933744566367226,1.0,0.46153846153846156,0.20512820512820512,0.36923076923076925,0.20512820512820512,0.36923076923076925,3.23,1.03,4.769230769230769,4.256410256410256,9.846153846153847,1.3333333333333335,0.2358974358974359,28.769230769230766,41.53846153846154,0.46153846153846156,0.3076923076923077,0.7692307692307693
Calvin Bassey,Fulham,Premier League,DF,24.0,3074,1,0,1.0,0.1,1.0,0.41,0.12,39,116,15,3,0.4,89.7,34,20,118,1571,2463,0.029277813923227067,0.0,0.029277813923227067,0.002927781392322707,0.029277813923227067,1.1418347430058555,3.3962264150943393,0.439167208848406,0.08783344176968119,0.011711125569290827,0.9954456733897201,0.5855562784645413,3.4547820429407934,45.99544567338972,72.11125569290826,-0.6118127537109026,-0.891279865718134,-0.705288577205456,-1.1054209964615507,-0.7120664401934851,-0.38870341551446863,0.021253379178279692,-0.9232549626586594,-1.193558934439703,-1.0224465745379274,0.08019898528772806,-0.26434632782725037,0.7610930202449436,1.5290211191932386,1.1501386822433328,-0.8117049333986124,-0.7109587839384034,1.2327455023360945,1.0,0.029277813923227067,0.0,0.029277813923227067,0.002927781392322707,0.029277813923227067,0.41,0.12,1.1418347430058555,3.3962264150943393,0.439167208848406,0.08783344176968119,0.011711125569290827,45.99544567338972,72.11125569290826,0.9954456733897201,0.5855562784645413,3.4547820429407934
Maximilian Bauer,Augsburg,Bundesliga,DF,24.0,658,0,0,0.2,0.1,0.2,0.14,0.14,4,30,7,2,0.1,80.9,8,6,35,216,422,0.0,0.0,0.02735562310030395,0.013677811550151976,0.02735562310030395,0.547112462006079,4.103343465045593,0.9574468085106382,0.2735562310030395,0.013677811550151976,1.094224924012158,0.8206686930091185,4.787234042553192,29.544072948328267,57.72036474164134,-0.7696298623010193,-0.9032492487568731,-0.7123062229194003,-0.9915539587583321,-0.7255370010947322,-0.7707842744081861,0.37825324394319526,-0.8414095709060712,-0.9311057445213115,-1.1217061005917355,0.4684193884551696,0.08282429838021607,1.2397794093394063,-0.061522444908796554,0.09340758457673597,-1.0868502937537052,-0.6521679289106713,0.44041789012448285,0.92,0.0,0.0,0.025167173252279636,0.012583586626139818,0.025167173252279636,0.12880000000000003,0.12880000000000003,0.5033434650455927,3.7750759878419458,0.8808510638297872,0.25167173252279634,0.012583586626139818,27.18054711246201,53.10273556231004,1.1893749174045194,0.8920311880533897,5.203515263644774
Oliver Baumann,Hoffenheim,Bundesliga,GK,34.0,2520,0,0,0.0,1.0,0.0,0.0,0.0,0,1,0,3,0.7,69.1,2,0,15,678,1147,0.0,0.0,0.0,0.03571428571428571,0.0,0.0,0.03571428571428571,0.0,0.10714285714285715,0.025,0.07142857142857142,0.0,0.5357142857142857,24.21428571428571,40.964285714285715,-0.7696298623010193,-0.9032492487568731,-0.8866591058814253,-0.7333933353025462,-0.9185057926831566,-1.248229898570237,-1.7709560052542297,-1.1459891842034466,-1.1774437549013765,-0.9901208499685185,-1.6360934949493702,-1.442729475193211,-0.9751483465674778,-0.5637889752394504,-0.9048167848138775,-1.2292930147301913,-0.9884044908532337,-0.9809208005308611,0.92,0.0,0.0,0.0,0.032857142857142856,0.0,0.0,0.0,0.0,0.032857142857142856,0.0,0.09857142857142859,0.023000000000000003,22.277142857142856,37.68714285714286,0.07763975155279502,0.0,0.5822981366459626
Christoph Baumgartner,RB Leipzig,Bundesliga,MF,24.0,1610,2,1,4.5,1.3,4.5,2.18,0.84,37,53,95,20,1.7,68.2,28,12,24,438,910,0.11180124223602485,0.055900621118012424,0.25155279503105593,0.07267080745341614,0.25155279503105593,2.0683229813664594,2.962732919254658,5.3105590062111805,1.1180124223602483,0.09503105590062111,1.565217391304348,0.670807453416149,1.341614906832298,24.48447204968944,50.8695652173913,-0.17096582488790008,-0.3974778805045633,0.7166293613563266,-0.3004421008233228,0.8559680951843114,0.5567221458162988,-0.2244100340178987,0.5433871802347906,0.3189239448403056,-0.17622748625088502,1.4375367625043696,-0.19575508635927932,-0.555295739427278,-0.5383272546740959,-0.31472101303559336,0.9887436404750952,1.0290148808021404,-1.0893279888011829,0.92,0.10285714285714287,0.051428571428571435,0.23142857142857146,0.06685714285714285,0.23142857142857146,2.0056000000000003,0.7728,1.9028571428571428,2.7257142857142855,4.885714285714286,1.0285714285714285,0.08742857142857142,22.525714285714287,46.8,1.7013232514177694,0.7291385363219011,1.4582770726438021
Adrian Beck,Heidenheim,Bundesliga,"MF,FW",27.0,1598,4,1,3.3,1.2,3.3,2.2,0.73,37,69,83,21,1.9,80.1,17,9,17,553,962,0.22528160200250313,0.056320400500625784,0.18585732165206506,0.06758448060075094,0.18585732165206506,2.0838548185231542,3.8861076345431793,4.67459324155194,1.1827284105131413,0.10700876095118898,0.9574468085106382,0.506883604505632,0.9574468085106382,31.145181476846055,54.180225281602,0.4366894120858667,-0.3936798477016673,0.29791489306645036,-0.3600291881950912,0.3925468795793737,0.5702762287528689,0.26347256075180747,0.3410759866013859,0.4147215805204626,-0.037023892533002596,0.18698378740552832,-0.5004756738684473,-0.7554370142121033,0.08936223209387026,-0.11749220136264181,1.0090926006145933,0.764829010704413,0.34405594499530573,0.92,0.20725907384230288,0.05181476846057572,0.17098873591989985,0.062177722152690865,0.17098873591989985,2.0240000000000005,0.6716,1.917146433041302,3.575219023779725,4.300625782227785,1.08811013767209,0.09844806007509387,28.653566958698374,49.845807259073844,1.0407030527289545,0.5509604396800347,1.0407030527289545
Timo Becker,Holstein Kiel,Bundesliga,DF,27.0,2445,0,2,1.4,0.8,1.4,0.63,0.15,28,57,38,6,1.0,77.4,33,17,110,588,1325,0.0,0.0736196319018405,0.051533742331288344,0.0294478527607362,0.051533742331288344,1.030674846625767,2.098159509202454,1.3987730061349692,0.22085889570552147,0.03680981595092025,1.2147239263803682,0.6257668711656442,4.049079754601227,21.644171779141104,48.77300613496933,-0.7696298623010193,-0.23716180263317668,-0.5582053721705511,-0.8068055439019257,-0.5549825803901983,-0.34879654687681916,-0.6812238406785696,-0.7010164321796328,-1.0091124361014514,-0.8528684452236772,0.7163589731835656,-0.2794817239190216,0.8552208246364822,-0.8059904275815606,-0.43962113820951454,-0.588300770336003,-0.6281510316290597,0.018834380184338886,0.92,0.0,0.06773006134969325,0.04741104294478528,0.027092024539877305,0.04741104294478528,0.5796,0.138,0.9482208588957056,1.9303067484662577,1.2868711656441718,0.20319018404907976,0.03386503067484663,19.912638036809817,44.87116564417178,1.3203520938917044,0.6801813817017872,4.401173646305681
Jan Bednarek,Southampton,Premier League,DF,28.0,2531,2,0,0.7,0.5,0.7,0.18,0.07,5,60,2,5,0.9,92.7,19,56,190,1046,2049,0.07111813512445674,0.0,0.024891347293559855,0.017779533781114184,0.024891347293559855,0.17779533781114185,2.133544053733702,0.07111813512445674,0.17779533781114185,0.03200316080600553,0.675622283682339,1.9913077834847885,6.75622283682339,37.194784670090876,72.86052943500593,-0.3571436465738557,-0.891279865718134,-0.7353401126989088,-0.9317114091437174,-0.7446093766868357,-1.032794106165942,-0.6562372632051398,-1.0377795409318245,-1.060509976721759,-0.7441463513819481,-0.4835668350229518,2.6624165421049577,2.6658201338406156,0.6551329126696283,1.1986657132997511,-1.0501673159578573,-0.836182550655955,1.6015696296566504,1.0,0.07111813512445674,0.0,0.024891347293559855,0.017779533781114184,0.024891347293559855,0.18,0.07,0.17779533781114185,2.133544053733702,0.07111813512445674,0.17779533781114185,0.03200316080600553,37.194784670090876,72.86052943500593,0.675622283682339,1.9913077834847885,6.75622283682339
Maximilian Beier,Dortmund,Bundesliga,"FW,MF",21.0,1591,8,5,7.7,3.3,7.7,2.38,0.74,24,33,124,24,2.5,70.5,16,7,14,338,618,0.4525455688246386,0.28284098051539913,0.4355751099937146,0.1866750471401634,0.4355751099937146,1.3576367064739159,1.866750471401634,7.0144563167818985,1.3576367064739159,0.14142049025769957,0.9050911376492772,0.39597737272155875,0.7919547454431175,19.12005028284098,34.959145191703335,1.6536236895157548,1.6558076427774413,1.8895078231424463,1.0351347875173569,2.1540764809243576,-0.06346853829884973,-0.8034932075413471,1.0854250034736161,0.6736344348571903,0.3629055067375311,0.07925639517471038,-0.7066409898507423,-0.841653940119813,-1.0438576613769497,-1.2625662082601596,1.1922332418700754,0.7888459079860246,-0.8122873965548028,0.92,0.41634192331866754,0.2602137020741672,0.40072910119421745,0.17174104336895032,0.40072910119421745,2.1896,0.6808000000000001,1.2490257699560026,1.7174104336895035,6.453299811439347,1.2490257699560026,0.1301068510370836,17.590446260213703,32.16241357636707,0.9837947148361708,0.4304101877408247,0.8608203754816494
Stefan Bell,Mainz 05,Bundesliga,DF,32.0,1436,0,1,0.8,1.0,0.8,0.75,0.19,8,38,5,5,0.7,78.6,12,28,107,415,952,0.0,0.06267409470752089,0.05013927576601671,0.06267409470752089,0.05013927576601671,0.5013927576601671,2.381615598885794,0.31337047353760444,0.31337047353760444,0.04387186629526462,0.7520891364902508,1.754874651810585,6.706128133704735,26.00974930362117,59.66573816155989,-0.7696298623010193,-0.3361936060784478,-0.5670930975554853,-0.4175551006510868,-0.5648192610252646,-0.8106822374300844,-0.5314544239420816,-1.0463008706590409,-0.8721696081805245,-0.7707940592875552,-0.23556158575813896,1.8194342578983422,2.239471760833355,-0.3945887374531211,0.2093009956878387,-0.46620700949901484,-0.5320834425026133,0.16337729787810118,0.92,0.0,0.05766016713091922,0.046128133704735376,0.05766016713091922,0.046128133704735376,0.6900000000000001,0.1748,0.46128133704735375,2.1910863509749303,0.2883008356545961,0.2883008356545961,0.04036211699164345,23.92896935933148,54.8924791086351,0.8174881918372291,1.9074724476202012,7.289269710548624
Jean-Ricner Bellegarde,Wolves,Premier League,"MF,FW",26.0,1677,2,7,1.5,3.8,1.5,1.18,0.27,52,43,89,27,2.8,79.3,24,10,18,528,843,0.1073345259391771,0.3756708407871198,0.08050089445438283,0.2039355992844365,0.08050089445438283,2.7906976744186047,2.3076923076923075,4.7763864042933815,1.449016100178891,0.15026833631484796,1.2880143112701252,0.5366726296958856,0.9660107334525938,28.336314847942756,45.241502683363144,-0.1367056659916198,2.681501969311662,-0.3543609735950754,1.2456136949092054,-0.3320454352586656,0.7129292133600199,-0.5627982352636788,0.42634278041070467,0.8195593071058144,0.8778311561349667,0.5959217355304012,-0.36612167549856456,-0.6747740719364327,-0.22449559506618721,-0.5900922447367744,-0.013374348308966603,-0.3352874837857482,-0.0458448057084999,1.0,0.1073345259391771,0.3756708407871198,0.08050089445438283,0.2039355992844365,0.08050089445438283,1.18,0.27,2.7906976744186047,2.3076923076923075,4.7763864042933815,1.449016100178891,0.15026833631484796,28.336314847942756,45.241502683363144,1.2880143112701252,0.5366726296958856,0.9660107334525938
Ramy Bensebaini,Dortmund,Bundesliga,DF,29.0,2022,1,6,1.3,3.2,1.3,0.89,0.09,26,128,58,15,2.3,86.1,25,33,86,941,1766,0.044510385756676554,0.26706231454005935,0.057863501483679525,0.142433234421365,0.057863501483679525,1.1572700296735905,5.697329376854599,2.5816023738872405,0.6676557863501484,0.10237388724035608,1.112759643916914,1.4688427299703266,3.827893175074184,41.88427299703264,78.6053412462908,-0.5312893330638477,1.5130471989767138,-0.5178622312876662,0.5168352687636454,-0.5103319442045754,-0.23832142451430635,1.2204660204071227,-0.324738911356122,-0.3477289515152304,-0.09088989392914555,0.5065565569455764,1.2877250780027503,0.7399885495328585,1.1013887914836131,1.3376063298235004,-0.32376428852252853,-0.7722524153187293,1.066770533464124,0.92,0.04094955489614243,0.24569732937685462,0.053234421364985164,0.1310385756676558,0.053234421364985164,0.8188000000000001,0.0828,1.0646884272997033,5.241543026706231,2.3750741839762615,0.6142433234421366,0.0941839762611276,38.533531157270026,72.31691394658755,1.2095213520836021,1.596568184750355,4.160753451167591
Rodrigo Bentancur,Tottenham,Premier League,MF,27.0,1645,2,0,1.3,0.4,1.3,1.2,0.27,28,100,34,10,1.0,87.9,22,40,38,764,1302,0.1094224924012158,0.0,0.07112462006079028,0.02188449848024316,0.07112462006079028,1.5319148936170213,5.471124620060791,1.8601823708206686,0.547112462006079,0.0547112462006079,1.203647416413374,2.188449848024316,2.0790273556231003,41.79939209726444,71.23404255319149,-0.12399685928666866,-0.891279865718134,-0.4185975144203674,-0.8836987770197051,-0.4016074604365617,-0.12808440734661225,1.1345374170167026,-0.4810825085942628,-0.5143091894586812,-0.43271060040667836,0.44720474603973676,3.0728646707646226,-0.032632331257916515,1.112361310033153,1.0933256019464592,0.007361511044011227,-0.3352874837857482,1.0114510259437612,1.0,0.1094224924012158,0.0,0.07112462006079028,0.02188449848024316,0.07112462006079028,1.2,0.27,1.5319148936170213,5.471124620060791,1.8601823708206686,0.547112462006079,0.0547112462006079,41.79939209726444,71.23404255319149,1.203647416413374,2.188449848024316,2.0790273556231003
Sander Berge,Fulham,Premier League,MF,26.0,2224,0,0,0.4,0.6,0.4,0.12,0.04,29,124,9,18,0.6,91.5,30,21,38,804,1384,0.0,0.0,0.01618705035971223,0.024280575539568344,0.01618705035971223,1.1735611510791368,5.017985611510792,0.3642086330935252,0.7284172661870504,0.024280575539568344,1.2140287769784173,0.8498201438848921,1.537769784172662,32.53597122302158,56.00719424460432,-0.7900177606680123,-0.891279865718134,-0.7949729585261024,-0.8556736964594321,-0.809186040834161,-0.36750647690625593,0.8914062484932814,-0.9465795676887038,-0.2461688290730247,-0.8500596901830738,0.4655043965444963,0.2858488285819223,-0.3449044682263852,0.1925219648940712,0.10715232608400585,-1.1123748940167903,-0.9113168106864862,1.4540399787284277,1.0,0.0,0.0,0.01618705035971223,0.024280575539568344,0.01618705035971223,0.12,0.04,1.1735611510791368,5.017985611510792,0.3642086330935252,0.7284172661870504,0.024280575539568344,32.53597122302158,56.00719424460432,1.2140287769784173,0.8498201438848921,1.537769784172662
Lucas Bergvall,Tottenham,Premier League,MF,18.0,1212,0,1,0.7,0.6,0.7,0.89,0.15,33,49,31,11,0.8,87.4,19,24,22,531,885,0.0,0.07425742574257425,0.05198019801980198,0.04455445544554455,0.05198019801980198,2.4504950495049505,3.6386138613861383,2.3019801980198022,0.8168316831683169,0.0594059405940594,1.4108910891089108,1.7821782178217822,1.6336633663366338,39.43069306930693,65.71782178217822,-0.7900177606680123,-0.18506167414046218,-0.549755306565716,-0.6185456310564368,-0.5436387952854603,0.48563420605912816,0.1513060604535237,-0.3436097815743577,-0.1154085122698327,-0.3683240328640228,0.8125216768880278,2.2270105364192507,-0.28957980321770943,0.8771541881408211,0.7360652288288779,-0.3140443089271448,-0.6358245239078723,0.949980338057002,1.0,0.0,0.07425742574257425,0.05198019801980198,0.04455445544554455,0.05198019801980198,0.89,0.15,2.4504950495049505,3.6386138613861383,2.3019801980198022,0.8168316831683169,0.0594059405940594,39.43069306930693,65.71782178217822,1.4108910891089108,1.7821782178217822,1.6336633663366338
Bernardo,Bochum,Bundesliga,DF,29.0,1782,0,0,0.7,0.7,0.7,0.4,0.1,14,100,14,4,1.7,73.7,28,26,103,630,1249,0.0,0.0,0.03535353535353535,0.03535353535353535,0.03535353535353535,0.7070707070707072,5.050505050505051,0.7070707070707072,0.20202020202020204,0.08585858585858586,1.4141414141414144,1.3131313131313131,5.202020202020202,31.818181818181817,63.080808080808076,-0.7696298623010193,-0.9032492487568731,-0.6613309973171472,-0.7376195802703004,-0.669119077179149,-0.6311943921475639,0.8787040840290196,-0.9210583362240156,-1.0369989347220498,-0.2828289418494587,1.1266817819315478,0.9982707079618761,1.4558718727206865,0.1527841908908393,0.41274990584163457,-0.8223138119402306,-0.7482355180371177,-0.4268396160380994,0.92,0.0,0.0,0.032525252525252527,0.032525252525252527,0.032525252525252527,0.36800000000000005,0.09200000000000001,0.6505050505050506,4.646464646464647,0.6505050505050506,0.1858585858585859,0.07898989898989899,29.272727272727273,58.034343434343434,1.5371102327624069,1.427316644707949,5.654369784804568
Alexander Bernhardsson,Holstein Kiel,Bundesliga,"FW,MF",25.0,1263,7,2,4.1,1.3,4.1,1.92,1.0,25,33,72,17,1.2,60.5,15,5,25,264,520,0.498812351543943,0.14251781472684086,0.2921615201900237,0.09263657957244656,0.2921615201900237,1.7814726840855106,2.351543942992874,5.130641330166271,1.211401425178147,0.0855106888361045,1.0688836104513064,0.3562945368171021,1.7814726840855106,18.81235154394299,37.05463182897862,1.9013692278200627,0.38620744623318043,0.9754517716124426,-0.06654006460673823,1.1424253472505381,0.30639807400809577,-0.54734335534029,0.48615240154210865,0.4571656054226341,-0.2868721634489803,0.41627692555286094,-0.7804080295536524,-0.3261416356688549,-1.0728544620346356,-1.137729972787314,0.7242071586616206,1.413285237307926,-2.0168117106695,0.92,0.4589073634204276,0.1311163895486936,0.26878859857482185,0.08522565320665083,0.26878859857482185,1.7664,0.92,1.6389548693586697,2.163420427553444,4.72019002375297,1.1144893111638954,0.07866983372921615,17.307363420427553,34.090261282660336,1.1618300113601157,0.38727667045337183,1.9363833522668592
Victor Bernth Kristiansen,Leicester City,Premier League,DF,21.0,2482,0,1,0.3,1.4,0.3,0.11,0.0,40,70,78,18,1.7,77.4,51,42,75,816,1614,0.0,0.0362610797743755,0.01087832393231265,0.0507655116841257,0.01087832393231265,1.45044319097502,2.5382755842062856,2.8283642224012895,0.6526994359387591,0.06164383561643836,1.8493150684931505,1.5229653505237712,2.7195809830781625,29.58904109589041,58.52538275584207,-0.7900177606680123,-0.5464223120549034,-0.8313428649056551,-0.5458996571829403,-0.8485711682209715,-0.18251700101495855,-0.4390790665251595,-0.17981665531523158,-0.35815155552152583,-0.3376318584782389,1.5853496261120434,1.68733151583335,0.3369274876509867,-0.10010235986786836,0.2702438709026423,-1.1227428236932793,-1.0114958240605274,-0.27943341967818425,1.0,0.0,0.0362610797743755,0.01087832393231265,0.0507655116841257,0.01087832393231265,0.11,0.0,1.45044319097502,2.5382755842062856,2.8283642224012895,0.6526994359387591,0.06164383561643836,29.58904109589041,58.52538275584207,1.8493150684931505,1.5229653505237712,2.7195809830781625
Matúš Bero,Bochum,Bundesliga,MF,28.0,2565,5,2,4.0,3.7,3.0,1.09,0.42,29,143,111,54,3.8,67.9,35,17,35,736,1619,0.17543859649122806,0.07017543859649122,0.14035087719298245,0.1298245614035088,0.10526315789473685,1.0175438596491229,5.017543859649122,3.8947368421052633,1.894736842105263,0.13333333333333333,1.2280701754385963,0.5964912280701754,1.2280701754385963,25.82456140350877,56.807017543859644,0.16979421200221836,-0.2683237884167415,0.0078765431557088,0.3691227598116553,-0.1759709104306229,-0.36025549308678123,0.8612884118698948,0.09299081000505799,1.46869180144512,0.26891744290731817,0.7438203080008223,-0.33390267134705404,-0.6144494989026643,-0.4120404067157467,0.03899596303616826,-0.12027468712754805,0.0203051949744534,-1.1254637182246234,0.92,0.16140350877192983,0.06456140350877193,0.12912280701754386,0.1194385964912281,0.09684210526315791,1.0028000000000001,0.3864,0.936140350877193,4.616140350877193,3.5831578947368423,1.743157894736842,0.12266666666666667,23.75859649122807,52.26245614035088,1.3348588863463002,0.6483600305110602,1.3348588863463002
Beto,Everton,Premier League,FW,26.0,1534,8,0,8.2,1.2,8.2,2.87,1.35,15,16,77,12,0.5,58.2,6,4,24,267,520,0.469361147327249,0.0,0.48109517601043017,0.07040417209908735,0.48109517601043017,0.8800521512385919,0.938722294654498,4.517601043024771,0.7040417209908736,0.02933507170795306,0.3520208604954368,0.2346805736636245,1.4080834419817472,15.664928292046936,30.508474576271183,2.066838517747399,-0.891279865718134,2.3900969892753947,-0.3162012682754714,2.6399398469516977,-0.5636047000712486,-1.297317384273735,0.3458174198584178,-0.2822189905843306,-0.7807385306644168,-1.0539923500660655,-0.9948666090470997,-0.4197254653776266,-1.4827391823772356,-1.5442830462272368,1.7388057670176587,2.369545877313369,-2.639907834529742,1.0,0.469361147327249,0.0,0.48109517601043017,0.07040417209908735,0.48109517601043017,2.87,1.35,0.8800521512385919,0.938722294654498,4.517601043024771,0.7040417209908736,0.02933507170795306,15.664928292046936,30.508474576271183,0.3520208604954368,0.2346805736636245,1.4080834419817472
Tom Bischof,Hoffenheim,Bundesliga,"MF,FW",19.0,2559,5,2,2.2,3.6,2.2,1.79,0.63,47,138,102,50,4.8,78.7,53,30,53,962,1951,0.17584994138335286,0.07033997655334115,0.07737397420867527,0.12661195779601406,0.07737397420867527,1.6529894490035169,4.8534583821805395,3.5873388042203986,1.7584994138335288,0.16881594372801875,1.8640093786635403,1.0550996483001172,1.8640093786635403,33.83352872215709,68.61664712778429,0.17199684758088946,-0.26683510035029334,-0.39351093594037917,0.3314866232841062,-0.37270348181288854,0.19427531565754583,0.7745907287019251,-0.004797573302612408,1.2670225711346237,0.6812925064590395,2.0523332322679613,0.5186116404990809,-0.2831422316539451,0.34270571166128816,0.7425412271104181,0.5919389177548834,0.5246600378882971,0.17542254101924917,0.92,0.16178194607268465,0.06471277842907386,0.07118405627198125,0.11648300117233294,0.07118405627198125,1.6468,0.5796,1.5207502930832355,4.465181711606096,3.300351699882767,1.6178194607268466,0.15531066822977727,31.126846424384524,63.12731535756155,2.0260971507212395,1.1468474438044751,2.0260971507212395
Yves Bissouma,Tottenham,Premier League,MF,27.0,1408,2,0,0.6,0.3,0.6,0.7,0.26,15,75,3,6,0.6,88.6,31,18,40,610,1039,0.1278409090909091,0.0,0.03835227272727273,0.019176136363636364,0.03835227272727273,0.9588068181818181,4.794034090909091,0.19176136363636362,0.38352272727272724,0.03835227272727273,1.981534090909091,1.1505681818181819,2.5568181818181817,38.99147727272727,66.41335227272727,-0.011889647903587403,-0.891279865718134,-0.6431197648430689,-0.9153764170225156,-0.6447435670239271,-0.5109874029460922,0.7712453400984778,-1.000239397909478,-0.7562498849904475,-0.657069858367883,1.8184175255586692,0.9120037268585118,0.24302341970007313,0.8335409294769589,0.7811115554505303,-0.5110349727804341,-0.36033223712925855,1.097509988985223,1.0,0.1278409090909091,0.0,0.03835227272727273,0.019176136363636364,0.03835227272727273,0.7,0.26,0.9588068181818181,4.794034090909091,0.19176136363636362,0.38352272727272724,0.03835227272727273,38.99147727272727,66.41335227272727,1.981534090909091,1.1505681818181819,2.5568181818181817
Leonardo Bittencourt,Werder Bremen,Bundesliga,MF,30.0,982,2,1,1.6,1.6,1.6,2.47,0.82,19,64,38,14,1.9,84.0,9,15,11,530,801,0.18329938900203666,0.09164969450101833,0.14663951120162932,0.14663951120162932,0.14663951120162932,1.741344195519348,5.865580448065173,3.482688391038696,1.2830957230142568,0.17413441955193482,0.824847250509165,1.374745417515275,1.0081466395112015,48.574338085539715,73.41140529531569,0.21188653305042862,-0.07403142504381935,0.04795757020014253,0.5661124366051336,0.1159012530617171,0.27137936651987493,1.3093646742644012,-0.03808859489771896,0.5632930774813496,0.7431032577394521,-0.08585398469147615,1.1128061231044342,-0.7290237621691606,1.7318446862758776,1.0281834970203774,1.2838035624978168,0.9809810862389172,0.8138204275000382,0.92,0.16863543788187374,0.08431771894093687,0.134908350305499,0.134908350305499,0.134908350305499,2.2724,0.7544,1.6020366598778002,5.39633401221996,3.2040733197556004,1.1804480651731164,0.16020366598778005,44.68839103869654,67.53849287169044,0.896573098379527,1.4942884972992119,1.0958115646860886
Myron Boadu,Bochum,Bundesliga,FW,23.0,1042,9,1,7.7,1.1,6.9,2.33,1.12,12,18,70,11,1.6,71.3,1,1,4,179,287,0.7773512476007678,0.08637236084452975,0.6650671785028791,0.09500959692898273,0.5959692898272553,1.0364683301343571,1.5547024952015356,6.046065259117083,0.9500959692898272,0.1381957773512476,0.08637236084452975,0.08637236084452975,0.345489443378119,15.460652591170824,24.788867562380037,3.3928662519581443,-0.12177909243612572,3.3521907828680755,-0.03873980782918763,3.2855100785729108,-0.34374077947629395,-0.9683696913787557,0.7773638441043554,0.07036095978720153,0.3254282418198023,-1.6053450499893083,-1.282170552766577,-1.074250387073261,-1.3887106359864232,-1.8684489423105548,1.1413608415213305,1.7014880046872656,-0.7159254514256274,0.92,0.7151631477927064,0.07946257197696736,0.6118618042226488,0.08740882917466411,0.5482917466410748,2.1436,1.0304000000000002,0.9535508637236086,1.4303262955854128,5.562380038387716,0.874088291746641,0.1271401151631478,14.223800383877158,22.805758157389636,0.09388300091796711,0.09388300091796711,0.37553200367186845
Victor Boniface,Leverkusen,Bundesliga,FW,23.0,1008,8,1,7.8,1.1,7.1,4.46,1.52,26,23,61,10,1.0,70.2,4,0,5,207,400,0.7142857142857142,0.08928571428571427,0.6964285714285714,0.09821428571428571,0.6339285714285714,2.321428571428571,2.0535714285714284,5.446428571428571,0.8928571428571428,0.08928571428571427,0.3571428571428571,0.0,0.4464285714285714,18.482142857142858,35.714285714285715,3.0551681545050196,-0.09541998002054503,3.552074706193461,-0.001196394639153531,3.553277940168039,0.7775984095062426,-0.7047828012109342,0.5866095287401546,-0.014368399956228824,-0.2429992256246155,-1.0482057949790085,-1.442729475193211,-1.0216638088228949,-1.1039725468889063,-1.2175795696363232,3.308525096377872,2.6621638959517298,-0.8484231259782433,0.92,0.657142857142857,0.08214285714285713,0.6407142857142857,0.09035714285714286,0.5832142857142857,4.1032,1.3984,2.1357142857142857,1.8892857142857142,5.010714285714286,0.8214285714285714,0.08214285714285713,17.00357142857143,32.85714285714286,0.38819875776397506,0.0,0.4852484472049689
Sebastiaan Bornauw,Wolfsburg,Bundesliga,DF,25.0,788,2,1,1.2,0.5,1.2,0.91,0.34,3,21,1,1,0.1,81.8,6,12,36,206,428,0.22842639593908629,0.11421319796954314,0.13705583756345177,0.05710659898477157,0.13705583756345177,0.34263959390862947,2.3984771573604062,0.11421319796954314,0.11421319796954314,0.011421319796954316,0.6852791878172589,1.3705583756345179,4.111675126903553,23.527918781725887,48.88324873096446,0.45352889434253635,0.1301161102357903,-0.01312461104122898,-0.482779154016744,0.04829723928524375,-0.9492204880068205,-0.5225452987903446,-1.1096560831248257,-1.1669776868711828,-1.1479308038978988,-0.3730302004698998,1.105022765952259,0.88783133462664,-0.6284705699471322,-0.43305356081342056,-0.3034153283830305,-0.1718299832784393,0.5488250783948045,0.92,0.2101522842639594,0.1050761421319797,0.12609137055837563,0.05253807106598985,0.12609137055837563,0.8372,0.3128,0.3152284263959391,2.2065989847715737,0.1050761421319797,0.1050761421319797,0.010507614213197972,21.645685279187816,44.972588832487304,0.744868682410064,1.489737364820128,4.469212094460384
Carlo Boukhalfa,St. Pauli,Bundesliga,MF,25.0,1646,2,0,1.5,1.1,1.5,1.15,0.22,10,41,44,11,1.1,71.3,11,12,25,290,651,0.10935601458080194,0.0,0.08201701093560146,0.060145808019441076,0.08201701093560146,0.5467800729040098,2.24179829890644,2.405832320777643,0.6014580801944107,0.060145808019441076,0.6014580801944107,0.6561360874848117,1.3669501822600243,15.85662211421628,35.59538274605104,-0.1840593275287703,-0.9032492487568731,-0.36391823260220696,-0.4471743611011991,-0.33995112288432644,-0.7710743385783938,-0.6053295539171396,-0.38065426281951925,-0.4457199413489531,-0.5816600672250817,-0.5455010940626752,-0.2230279162487212,-0.5420967404909212,-1.3513954056172972,-1.2246630788684627,-0.059227806709054094,-0.46003275065777854,-0.7159254514256274,0.92,0.10060753341433779,0.0,0.07545565006075335,0.055334143377885794,0.07545565006075335,1.058,0.2024,0.503037667071689,2.0624544349939247,2.2133657351154317,0.5533414337788579,0.055334143377885794,14.588092345078978,32.747752126366954,0.6537587828200117,0.7131913994400126,1.4858154155000263
Jarrod Bowen,West Ham,Premier League,"FW,MF",27.0,2973,13,8,8.6,6.8,7.8,2.6,1.09,109,91,212,51,6.5,71.7,26,16,25,741,1252,0.39354187689202824,0.24217961654894046,0.260343087790111,0.2058526740665994,0.23612512613521694,3.299697275479314,2.7547931382441977,6.417759838546922,1.5438950554994952,0.19677093844601412,0.7870837537840565,0.4843592330978809,0.756811301715439,22.43188698284561,37.90110998990918,1.6053500455950274,1.4119463655422448,0.8777318502044433,1.2680362522310111,0.8225215353784935,1.0530002756236005,-0.32290684359621674,0.9370833684651487,0.9598803393454638,1.515602794093769,-0.2870891253019018,-0.4750377294499865,-0.7954692031400292,-0.8107935874151333,-1.0654958845391058,1.458871665752458,1.7183822903821,-0.9801992615872408,1.0,0.39354187689202824,0.24217961654894046,0.260343087790111,0.2058526740665994,0.23612512613521694,2.6,1.09,3.299697275479314,2.7547931382441977,6.417759838546922,1.5438950554994952,0.19677093844601412,22.43188698284561,37.90110998990918,0.7870837537840565,0.4843592330978809,0.756811301715439
Conor Bradley,Liverpool,Premier League,DF,21.0,754,0,2,0.7,1.4,0.7,1.19,0.36,35,33,39,7,1.4,83.8,10,4,31,369,663,0.0,0.23872679045092837,0.08355437665782492,0.16710875331564984,0.08355437665782492,4.177718832891247,3.938992042440318,4.655172413793103,0.8355437665782494,0.16710875331564984,1.193633952254642,0.47745358090185674,3.70026525198939,44.04509283819628,79.13793103448276,-0.7900177606680123,1.3791085910249383,-0.3334416696170743,0.8148782471324669,-0.3093918313857619,1.6396210177561392,0.312473597965546,0.38862503532200543,-0.08773431570470738,1.108793292494912,0.4295536016354323,-0.4894152395346713,0.902721646471934,1.3353549456414389,1.6052242849622196,-0.0030064186324776877,-0.1098847036941552,0.507391385272334,1.0,0.0,0.23872679045092837,0.08355437665782492,0.16710875331564984,0.08355437665782492,1.19,0.36,4.177718832891247,3.938992042440318,4.655172413793103,0.8355437665782494,0.16710875331564984,44.04509283819628,79.13793103448276,1.193633952254642,0.47745358090185674,3.70026525198939
Julian Brandt,Dortmund,Bundesliga,MF,28.0,2303,5,10,4.8,8.5,4.8,1.76,0.59,61,149,199,61,6.6,78.8,11,14,13,869,1455,0.19539730785931395,0.3907946157186279,0.18758141554494137,0.33217542336083367,0.18758141554494137,2.38384715588363,5.822839774207556,7.776812852800695,2.38384715588363,0.2579244463742944,0.42987407729049065,0.547112462006079,0.5080330004342163,33.96005210594876,56.860616587060356,0.276667467524341,2.6325384320343503,0.30890352014388894,2.739693672863716,0.4047087782088963,0.832068892421556,1.2867818262411648,1.327943185028296,2.1927109037425283,1.7169018946358598,-0.8985535309288023,-0.4256936261442596,-0.9895695537104946,0.35462897579776964,0.04218906513431558,0.5614154775456363,0.42859244876185054,0.18746778416039545,0.92,0.17976552323056882,0.35953104646113765,0.17257490230134606,0.30560138949196697,0.17257490230134606,1.6192,0.5428,2.1931393834129396,5.3570125922709515,7.15466782457664,2.1931393834129396,0.23729049066435087,31.243247937472862,52.31176726009553,0.4672544318374898,0.5946874587022597,0.5522097830806698
Jarrad Branthwaite,Everton,Premier League,DF,22.0,2511,0,1,1.2,0.7,1.2,0.36,0.11,10,66,2,3,0.6,82.1,20,27,191,747,1520,0.0,0.035842293906810034,0.04301075268817204,0.025089605734767022,0.04301075268817204,0.3584229390681003,2.3655913978494625,0.07168458781362007,0.1075268817204301,0.02150537634408602,0.7168458781362006,0.967741935483871,6.845878136200716,26.774193548387096,54.48028673835126,-0.7900177606680123,-0.5504051352553151,-0.6112046751570623,-0.8462110891080135,-0.6101825797140581,-0.9121138146577176,-0.5317325508252605,-1.0376032797754473,-1.1644333626740693,-0.8881208578478935,-0.4109003125253331,0.5313610119053925,2.717545695576557,-0.37961114608324437,0.008261515138489418,-0.8635445817810569,-0.7360035372819137,0.29839104645735187,1.0,0.0,0.035842293906810034,0.04301075268817204,0.025089605734767022,0.04301075268817204,0.36,0.11,0.3584229390681003,2.3655913978494625,0.07168458781362007,0.1075268817204301,0.02150537634408602,26.774193548387096,54.48028673835126,0.7168458781362006,0.967741935483871,6.845878136200716
James Bree,Southampton,Premier League,DF,26.0,1075,0,1,0.1,0.9,0.1,0.33,0.08,13,34,43,10,0.7,83.5,14,9,29,363,694,0.0,0.08372093023255814,0.008372093023255815,0.07534883720930233,0.008372093023255815,1.0883720930232557,2.8465116279069766,3.6,0.8372093023255813,0.05860465116279069,1.172093023255814,0.7534883720930233,2.427906976744186,30.390697674418604,58.10232558139535,-0.7900177606680123,-0.09505991391149375,-0.8485129686536059,-0.2583673027450088,-0.8671647471073328,-0.4244226972842794,-0.2736954026340462,0.060290624716289126,-0.08527107509979207,-0.3793135183903999,0.39158252166410995,0.08528688582863062,0.168649628715935,-0.02049944942792969,0.24284439392972532,-0.8946483708105235,-0.8111377973124447,0.4705089725402787,1.0,0.0,0.08372093023255814,0.008372093023255815,0.07534883720930233,0.008372093023255815,0.33,0.08,1.0883720930232557,2.8465116279069766,3.6,0.8372093023255813,0.05860465116279069,30.390697674418604,58.10232558139535,1.172093023255814,0.7534883720930233,2.427906976744186
Nathan Broadhead,Ipswich Town,Premier League,"MF,FW",26.0,702,2,0,1.7,0.7,1.7,1.67,1.03,20,14,33,7,1.1,78.1,4,4,5,174,317,0.25641025641025644,0.0,0.21794871794871795,0.08974358974358973,0.21794871794871795,2.5641025641025643,1.794871794871795,4.230769230769231,0.8974358974358975,0.14102564102564105,0.5128205128205129,0.5128205128205129,0.6410256410256411,22.307692307692307,40.64102564102564,0.7706722432811478,-0.891279865718134,0.5872894468826966,-0.09000289315786036,0.6876718380640674,0.5615372678490091,-0.837951440289668,0.2565649405585198,0.0038009215890640368,0.7510698859349723,-0.7705442008182544,-0.4157815832353297,-0.8622703669501137,-0.8231258726706182,-0.8880440876544858,0.4946542058389898,1.5681137703210377,-0.1933744566367226,1.0,0.25641025641025644,0.0,0.21794871794871795,0.08974358974358973,0.21794871794871795,1.67,1.03,2.5641025641025643,1.794871794871795,4.230769230769231,0.8974358974358975,0.14102564102564105,22.307692307692307,40.64102564102564,0.5128205128205129,0.5128205128205129,0.6410256410256411
David Brooks,Bournemouth,Premier League,"FW,MF",27.0,960,2,0,2.5,1.9,2.5,2.34,1.13,35,35,83,20,2.0,75.4,6,5,9,342,545,0.1875,0.0,0.234375,0.17812499999999998,0.234375,3.28125,3.28125,7.78125,1.875,0.1875,0.5625,0.46875,0.84375,32.0625,51.09375,0.3512368047198109,-0.891279865718134,0.6998253532887644,0.9437268580730933,0.8095374530903675,1.0406753453976316,-0.04043707259715201,1.3613559638015635,1.449567303488007,1.3884541760131708,-0.6829721290320642,-0.5075360221395873,-0.7453109521878525,0.14550721023282728,-0.21106897015996748,1.1893054941637464,1.818561303756141,-0.5253161712252215,1.0,0.1875,0.0,0.234375,0.17812499999999998,0.234375,2.34,1.13,3.28125,3.28125,7.78125,1.875,0.1875,32.0625,51.09375,0.5625,0.46875,0.84375
Moritz Broschinski,Bochum,Bundesliga,"FW,MF",23.0,1390,1,3,4.2,1.8,4.2,2.46,0.71,37,20,130,13,1.5,63.4,14,1,18,322,552,0.06474820143884892,0.19424460431654675,0.2719424460431655,0.11654676258992806,0.2719424460431655,2.39568345323741,1.2949640287769786,8.41726618705036,0.841726618705036,0.09712230215827337,0.9064748201438848,0.06474820143884892,1.1654676258992804,20.848920863309353,35.7410071942446,-0.4229215528639251,0.8542152898464767,0.8465841579813528,0.21357134109089002,0.999798352762058,0.8423980089566137,-1.1056074507223406,1.5316819485259972,-0.09005577589935643,-0.15192324823656972,0.08210346989206484,-1.3223680383813026,-0.6470637480407803,-0.8809329910831301,-1.2159876678293673,1.2736290824280676,0.7167952161411897,-1.667499659576238,0.92,0.05956834532374101,0.178705035971223,0.2501870503597122,0.10722302158273382,0.2501870503597122,2.2632,0.6532,2.2040287769784173,1.1913669064748202,7.743884892086332,0.7743884892086331,0.0893525179856115,19.181007194244604,32.88172661870504,0.9852987175477008,0.07037847982483578,1.2668126368470438
Nathaniel Brown,Eint Frankfurt,Bundesliga,"DF,MF",21.0,1947,3,6,2.2,5.1,2.2,0.6,0.23,45,63,119,39,4.6,80.7,42,15,55,600,1174,0.13867488443759632,0.27734976887519264,0.1016949152542373,0.2357473035439137,0.1016949152542373,2.0801232665639446,2.912172573189522,5.500770416024653,1.802773497688752,0.2126348228043143,1.9414483821263484,0.6933744221879815,2.542372881355932,27.73497688751926,54.26810477657936,-0.02706507013220419,1.6061248741590557,-0.23849980085875602,1.610023683681766,-0.20114158440528507,0.5670198358209196,-0.25112455459365995,0.6038965653314482,1.332560511237077,1.1905507837632108,2.2116722639860757,-0.1538049977775522,0.07026695768138862,-0.23200737453106202,-0.11225688030018305,-0.6188242105452502,-0.43601585337616694,0.4163274038421886,0.92,0.12758089368258863,0.25516178736517725,0.09355932203389832,0.21688751926040062,0.09355932203389832,0.552,0.2116,1.9137134052388292,2.6791987673343605,5.060708782742681,1.658551617873652,0.19562403697996916,25.51617873651772,49.92665639445301,2.110269980572118,0.7536678502043277,2.763448784082535
Santiago Bueno,Wolves,Premier League,DF,25.0,1687,0,0,0.4,0.0,0.4,0.32,0.16,1,28,1,0,0.1,88.0,21,15,70,555,1025,0.0,0.0,0.02133965619442798,0.0,0.02133965619442798,0.053349140486069944,1.4937759336099585,0.053349140486069944,0.0,0.005334914048606995,1.120331950207469,0.8002371072910491,3.7344398340248963,29.608772969768822,54.68286899822169,-0.7900177606680123,-0.891279865718134,-0.7596726290813346,-1.1396650158946402,-0.7709591628909122,-1.1159386713695456,-0.999504048219865,-1.0433086585484217,-1.3234600191706214,-1.1098947318270203,0.30034115300136066,0.1826173613111407,0.9224382662942379,-0.0981430238738455,0.021381840947171486,-0.9050163004870124,-0.610779770564362,1.0237451635211126,1.0,0.0,0.0,0.02133965619442798,0.0,0.02133965619442798,0.32,0.16,0.053349140486069944,1.4937759336099585,0.053349140486069944,0.0,0.005334914048606995,29.608772969768822,54.68286899822169,1.120331950207469,0.8002371072910491,3.7344398340248963
Marius Bülter,Hoffenheim,Bundesliga,"FW,DF",31.0,1729,7,2,3.7,3.1,3.7,1.93,0.78,57,35,155,22,3.4,67.2,10,4,14,511,774,0.3643724696356275,0.10410641989589357,0.19259687680740314,0.16136495083863506,0.19259687680740314,2.967032967032967,1.8218623481781377,8.068247541931752,1.1451706188548294,0.1769809138230191,0.5205320994794679,0.20821283979178715,0.728744939271255,26.599190283400812,40.289184499710814,1.1814816766364744,0.03867313746200341,0.3408698960253015,0.7386231862393585,0.44008825011955616,1.340994447847039,-0.8272107012846956,1.4206533639415841,0.3591256181481664,0.7761849065494224,-0.7120149544089128,-1.0556793949883467,-0.8745845536751995,-0.3390412150571721,-0.945035172605775,0.7343816387313695,0.884913497112471,-1.2097804202126525,0.92,0.33522267206477735,0.09577790630422209,0.1771891266628109,0.14845575477154427,0.1771891266628109,1.7756,0.7176,2.7296703296703297,1.6761133603238867,7.422787738577212,1.053556969346443,0.16282244071717758,24.471255060728748,37.06604973973395,0.5657957603037694,0.22631830412150775,0.7921140644252772
Facundo Buonanotte,Leicester City,Premier League,"FW,MF",19.0,1523,5,2,3.9,3.1,3.9,2.13,0.71,39,54,74,24,2.3,76.4,32,12,14,479,874,0.29546946815495734,0.11818778726198292,0.2304661851608667,0.18319107025607356,0.2304661851608667,2.304661851608667,3.191070256073539,4.372948128693368,1.418253447143795,0.13591595535128037,1.8910045961917268,0.7091267235718975,0.8273145108338805,28.30597504924491,51.64806303348654,1.0084135964762924,0.232733854823085,0.6730461941630375,1.0029808067296735,0.7805381869808629,0.38820063161518875,-0.08882290145824,0.30080626457369186,0.7740629458344606,0.6809918160497695,1.6588374682703564,-0.00707369516803988,-0.7547932127505507,-0.22750827698410328,-0.17516865191890443,0.9715789709574794,0.7666816633287067,-0.40237479545170285,1.0,0.29546946815495734,0.11818778726198292,0.2304661851608667,0.18319107025607356,0.2304661851608667,2.13,0.71,2.304661851608667,3.191070256073539,4.372948128693368,1.418253447143795,0.13591595535128037,28.30597504924491,51.64806303348654,1.8910045961917268,0.7091267235718975,0.8273145108338805
Cameron Burgess,Ipswich Town,Premier League,DF,28.0,1541,0,2,1.1,0.5,1.1,0.58,0.12,2,42,4,7,0.4,80.9,12,14,128,430,982,0.0,0.11680726800778714,0.06424399740428294,0.029201817001946784,0.06424399740428294,0.11680726800778714,2.45295262816353,0.23361453601557428,0.4088254380272551,0.023361453601557433,0.700843608046723,0.8176508760545101,7.475665152498377,25.113562621674237,57.35236859182349,-0.7900177606680123,0.2196045576331161,-0.4657364290494234,-0.798113699420542,-0.45265439297926185,-1.0735412455354256,-0.4848589919191984,-0.9872160886327419,-0.7188284939186427,-0.8626652192722992,-0.43910817103149663,0.21887268215587913,3.080893845861554,-0.5445085079630816,0.1942731120614393,-0.6354501288983009,-0.7109587839384034,0.15086139552913094,1.0,0.0,0.11680726800778714,0.06424399740428294,0.029201817001946784,0.06424399740428294,0.58,0.12,0.11680726800778714,2.45295262816353,0.23361453601557428,0.4088254380272551,0.023361453601557433,25.113562621674237,57.35236859182349,0.700843608046723,0.8176508760545101,7.475665152498377
Jonathan Burkardt,Mainz 05,Bundesliga,FW,24.0,2109,18,2,14.8,3.1,13.2,2.99,1.19,32,42,157,20,2.7,72.5,8,1,14,447,788,0.7681365576102419,0.08534850640113797,0.631578947368421,0.13229018492176386,0.5633001422475106,1.3655761024182076,1.7923186344238975,6.699857752489331,0.8534850640113799,0.11522048364153628,0.3413940256045519,0.04267425320056899,0.5974395448079659,19.07539118065434,33.627311522048366,3.3435241927564,-0.13104260780265903,3.1387513147856785,0.3980079117619606,3.055059252884455,-0.05654010929141488,-0.8428206844116956,0.9853460140149815,-0.07265001123791029,0.05841186116814787,-1.0806107002049707,-1.3634016434395113,-0.9429911422202051,-1.0480662294337937,-1.3419086858680807,1.812876526124766,1.8696062856585465,-0.5713825337318633,0.92,0.7066856330014226,0.07852062588904694,0.5810526315789474,0.12170697012802276,0.5182361308677097,2.7508000000000004,1.0948,1.256330014224751,1.6489331436699857,6.163869132290185,0.7852062588904696,0.10600284495021338,17.549359886201994,30.937126600284497,0.37108046261364336,0.04638505782670542,0.649390809573876
Oliver Burke,Werder Bremen,Bundesliga,FW,27.0,908,5,0,4.1,1.7,4.1,3.47,1.19,22,15,88,14,1.1,59.9,4,2,6,246,440,0.4955947136563877,0.0,0.4063876651982378,0.16850220264317178,0.4063876651982378,2.180616740088106,1.486784140969163,8.722466960352424,1.3876651982378854,0.1090308370044053,0.39647577092511016,0.19823788546255508,0.5947136563876653,24.38325991189427,43.61233480176212,1.8841396868044924,-0.9032492487568731,1.703479702791212,0.8222371692157756,1.9481858700219714,0.6547169228421665,-1.0042556457445564,1.6287713457479729,0.7180849423149946,-0.013523543159711068,-0.9672741182209739,-1.0742219924430954,-0.9444112569713872,-0.5478652469138293,-0.7470622692051813,2.301251569472719,1.8696062856585465,-2.089083169516382,0.92,0.4559471365638767,0.0,0.3738766519823788,0.15502202643171806,0.3738766519823788,3.1924,1.0948,2.0061674008810577,1.3678414096916298,8.02466960352423,1.2766519823788547,0.10030837004405288,22.43259911894273,40.12334801762115,0.43095192491859796,0.21547596245929898,0.646427887377897
Dan Burn,Newcastle Utd,Premier League,DF,32.0,3330,1,1,2.0,0.9,2.0,0.62,0.19,12,75,14,9,1.1,88.4,24,27,197,1346,2386,0.027027027027027025,0.027027027027027025,0.05405405405405405,0.024324324324324326,0.05405405405405405,0.32432432432432434,2.0270270270270268,0.3783783783783784,0.24324324324324326,0.02972972972972973,0.6486486486486487,0.7297297297297298,5.324324324324325,36.37837837837838,64.48648648648648,-0.6255125980895874,-0.6342418932880625,-0.5355473885571465,-0.8551620003883778,-0.5282529800229975,-0.9348956638251189,-0.7133888407170919,-0.9421704162498303,-0.9637159340689614,-0.7753258939205173,-0.5311143689773715,0.03582159124380689,1.8397032682200138,0.5740653849246332,0.6563172772089375,-0.5939784101923453,-0.535645510533831,1.0729217138305207,1.0,0.027027027027027025,0.027027027027027025,0.05405405405405405,0.024324324324324326,0.05405405405405405,0.62,0.19,0.32432432432432434,2.0270270270270268,0.3783783783783784,0.24324324324324326,0.02972972972972973,36.37837837837838,64.48648648648648,0.6486486486486487,0.7297297297297298,5.324324324324325
Wes Burns,Ipswich Town,Premier League,"FW,DF",29.0,926,0,1,0.5,1.6,0.5,0.68,0.1,38,8,65,10,1.2,60.5,11,10,13,216,350,0.0,0.09719222462203024,0.04859611231101512,0.1555075593952484,0.04859611231101512,3.6933045356371488,0.7775377969762419,6.317494600431965,0.9719222462203023,0.11663066954643629,1.0691144708423326,0.9719222462203023,1.263498920086393,20.993520518358533,34.01727861771058,-0.7900177606680123,0.03305755133601105,-0.5729395640504719,0.6791879558084629,-0.5687451270113808,1.315975804086868,-1.3838007249902537,0.9058841753945355,0.11396235110598936,0.41649891129647143,0.21005799924281304,0.5400643838772332,-0.5031417906289045,-0.9536205284259455,-1.3170338672914828,-0.5317708321334118,-0.7610482906254241,-2.3571426702506497,1.0,0.0,0.09719222462203024,0.04859611231101512,0.1555075593952484,0.04859611231101512,0.68,0.1,3.6933045356371488,0.7775377969762419,6.317494600431965,0.9719222462203023,0.11663066954643629,20.993520518358533,34.01727861771058,1.0691144708423326,0.9719222462203023,1.263498920086393
Marnon Busch,Heidenheim,Bundesliga,"DF,MF",29.0,1396,0,1,0.4,1.1,0.4,0.84,0.19,22,63,43,12,1.8,72.7,17,13,65,495,1030,0.0,0.06446991404011461,0.02578796561604585,0.07091690544412609,0.02578796561604585,1.4183381088825215,4.06160458452722,2.7722063037249285,0.7736389684813754,0.1160458452722063,1.0959885386819483,0.83810888252149,4.19054441260745,31.912607449856736,66.40401146131805,-0.7696298623010193,-0.3199455933942522,-0.722297792143585,-0.32098932779013173,-0.7365953845668481,-0.010496579198845658,0.3561997124863333,-0.264104659169069,-0.19084440783733023,0.06800412484646162,0.47204821425666926,0.11524413740792269,0.9289201169880785,0.16168263886127918,0.6107259713310944,-0.37463668887127366,-0.5320834425026133,-0.547292047449569,0.92,0.0,0.05931232091690544,0.023724928366762182,0.065243553008596,0.023724928366762182,0.7728,0.1748,1.3048710601719198,3.736676217765043,2.5504297994269343,0.7117478510028654,0.1067621776504298,29.3595988538682,61.09169054441261,1.1912918898716829,0.9109879157842282,4.55493957892114
Anthony Caci,Mainz 05,Bundesliga,DF,27.0,2684,1,7,3.1,6.6,3.1,1.07,0.4,45,133,152,50,7.9,71.8,40,27,47,960,1973,0.03353204172876304,0.2347242921013413,0.10394932935916544,0.22131147540983603,0.10394932935916544,1.5089418777943369,4.459761549925484,5.096870342771982,1.676602086438152,0.264903129657228,1.3412816691505216,0.9053651266766021,1.5760059612518629,32.19076005961252,66.15871833084947,-0.590075260915937,1.2204628675633697,-0.22413114264383463,1.4409057765503386,-0.18523876384174798,0.06857011367252827,0.566573518686387,0.4754092937372758,1.1457917816971583,1.798007397593391,0.9767650642706173,0.24026781376018608,-0.4331842870848382,0.1878950822609174,0.5961129117914432,-0.1406236472670461,-0.027728599588769706,-0.6556992357198925,0.92,0.030849478390462,0.215946348733234,0.09563338301043221,0.20360655737704916,0.09563338301043221,0.9844,0.36800000000000005,1.38822652757079,4.102980625931446,4.689120715350224,1.5424739195230999,0.24371087928464977,29.61549925484352,60.86602086438151,1.457914857772306,0.9840925289963065,1.7130499578824596
Moisés Caicedo,Chelsea,Premier League,"MF,DF",22.0,3351,1,2,0.8,3.0,0.8,0.54,0.08,43,215,37,30,2.8,89.7,73,49,60,1409,2579,0.026857654431512983,0.053715308863025966,0.021486123545210387,0.08057296329453895,0.021486123545210387,1.1548791405550582,5.774395702775291,0.9937332139659804,0.8057296329453894,0.07520143240823633,1.9606087735004476,1.316025067144136,1.6114592658907787,37.84243509400179,69.26589077887198,-0.6265435167449579,-0.3804255248096659,-0.7586691861824647,-0.19726469595446935,-0.769872530278088,-0.37998823750273436,1.2972571372978658,-0.7506925453209105,-0.1318278661928761,-0.1516927859011586,1.781531609413078,1.2564835775414098,-0.3023901956471567,0.7194433169896695,0.9658574192115869,-0.6769218476042564,-0.8111377973124447,1.2327455023360945,1.0,0.026857654431512983,0.053715308863025966,0.021486123545210387,0.08057296329453895,0.021486123545210387,0.54,0.08,1.1548791405550582,5.774395702775291,0.9937332139659804,0.8057296329453894,0.07520143240823633,37.84243509400179,69.26589077887198,1.9606087735004476,1.316025067144136,1.6114592658907787
Tom Cairney,Fulham,Premier League,MF,33.0,628,2,0,0.8,1.1,0.8,1.58,0.57,18,53,33,11,1.2,90.7,5,4,3,456,683,0.28662420382165604,0.0,0.11464968152866244,0.15764331210191082,0.11464968152866244,2.5796178343949046,7.595541401273885,4.729299363057325,1.5764331210191083,0.17197452229299362,0.7165605095541401,0.5732484076433121,0.42993630573248404,65.35031847133757,97.88216560509554,0.9545752055299339,-0.891279865718134,-0.12040878075713925,0.7041682215424422,-0.07869760364241468,0.5719032768569287,2.2743905850321715,0.41169086596590654,1.0080024431920471,1.175526105464315,-0.41140334344156293,-0.28997121188311115,-0.9840558555976081,3.450921652636262,2.819202570909339,0.4013428387505898,0.4160551165195619,1.3556868781096132,1.0,0.28662420382165604,0.0,0.11464968152866244,0.15764331210191082,0.11464968152866244,1.58,0.57,2.5796178343949046,7.595541401273885,4.729299363057325,1.5764331210191083,0.17197452229299362,65.35031847133757,97.88216560509554,0.7165605095541401,0.5732484076433121,0.42993630573248404
Jens Cajuste,Ipswich Town,Premier League,MF,24.0,1959,1,1,0.7,0.8,0.7,0.55,0.05,26,59,20,13,0.7,82.6,22,28,33,481,1017,0.045941807044410414,0.045941807044410414,0.032159264931087284,0.036753445635528334,0.032159264931087284,1.1944869831546707,2.7105666156202144,0.9188361408882082,0.5972434915773354,0.032159264931087284,1.010719754977029,1.2863705972434916,1.5160796324655437,22.09800918836141,46.72281776416539,-0.5103841764994798,-0.4543546752167873,-0.6855478531680943,-0.7097880756707827,-0.6906891255860307,-0.3535255819746166,-0.34663652901814646,-0.7739980127721333,-0.44016800827782704,-0.7420054220794394,0.10712323602323559,1.1947432193609087,-0.35741834402603734,-0.8439469911095251,-0.4941542465237514,-0.6665539179277675,-0.8862720573429758,0.35986173434411123,1.0,0.045941807044410414,0.045941807044410414,0.032159264931087284,0.036753445635528334,0.032159264931087284,0.55,0.05,1.1944869831546707,2.7105666156202144,0.9188361408882082,0.5972434915773354,0.032159264931087284,22.09800918836141,46.72281776416539,1.010719754977029,1.2863705972434916,1.5160796324655437
Riccardo Calafiori,Arsenal,Premier League,DF,22.0,983,2,1,0.9,0.3,0.9,0.92,0.55,22,54,29,6,0.7,85.6,19,9,25,308,653,0.18311291963377416,0.09155645981688708,0.08240081383519837,0.027466937945066123,0.08240081383519837,2.014242115971516,4.944048830111902,2.655137334689725,0.5493387589013224,0.06408952187182096,1.7395727365208544,0.8240081383519837,2.288911495422177,28.199389623601224,59.78636826042727,0.32453400207085875,-0.020540854332438914,-0.34134468975488375,-0.8184052527085249,-0.31795004574078,0.19416639702125127,0.8517355608694211,-0.23371907669619021,-0.5110166123286225,-0.30408987894279016,1.3919023117559084,0.23210844906078285,0.08845783414191852,-0.23809199864119276,0.35191213085178463,-0.28294051989767804,0.36596560983254145,0.7286858616646671,1.0,0.18311291963377416,0.09155645981688708,0.08240081383519837,0.027466937945066123,0.08240081383519837,0.92,0.55,2.014242115971516,4.944048830111902,2.655137334689725,0.5493387589013224,0.06408952187182096,28.199389623601224,59.78636826042727,1.7395727365208544,0.8240081383519837,2.288911495422177
Dominic Calvert-Lewin,Everton,Premier League,FW,27.0,1609,3,1,6.7,0.6,6.7,2.8,1.06,23,20,112,7,0.7,62.6,7,7,23,280,520,0.1678060907395898,0.05593536357986326,0.3747669359850839,0.03356121814791796,0.3747669359850839,1.2865133623368552,1.1187072715972655,6.264760720944686,0.3915475450590429,0.039154754505904284,0.3915475450590429,0.3915475450590429,1.2865133623368552,15.661901802361717,29.086389061528898,0.23136606416633532,-0.3593119053749779,1.661645789517726,-0.7471251188008536,1.8510969228560692,-0.2920412341292754,-1.2007466699121891,0.8894751535000305,-0.7443815975340153,-0.6460640200935786,-0.9843170403035395,-0.6682708872860081,-0.48986388110529194,-1.4830397068085353,-1.6363850165239426,1.666230259282236,1.6432480303515689,-2.0989657811262603,1.0,0.1678060907395898,0.05593536357986326,0.3747669359850839,0.03356121814791796,0.3747669359850839,2.8,1.06,1.2865133623368552,1.1187072715972655,6.264760720944686,0.3915475450590429,0.039154754505904284,15.661901802361717,29.086389061528898,0.3915475450590429,0.3915475450590429,1.2865133623368552
Emre Can,Dortmund,Bundesliga,"DF,MF",30.0,2105,3,0,2.0,0.7,0.4,0.3,0.04,20,116,12,8,1.4,89.5,28,20,89,1405,2156,0.12826603325415678,0.0,0.0855106888361045,0.029928741092636577,0.017102137767220905,0.8551068883610452,4.959619952494061,0.5130641330166271,0.342042755344418,0.059857482185273155,1.1971496437054632,0.8551068883610452,3.8052256532066506,60.07125890736342,92.18052256532067,-0.08280152484131242,-0.9032492487568731,-0.341651044175903,-0.801171864455235,-0.7978659210772817,-0.5020084717326371,0.8306832137264949,-0.9827750256288911,-0.8297266681120099,-0.5850109589116305,0.6801980070122395,0.14684199434172987,0.7281793786449039,2.8152872848435067,2.1463323324538663,-0.9240586126377207,-0.8923369017267874,1.4763088002631217,0.92,0.11800475059382425,0.0,0.07866983372921615,0.027534441805225653,0.015733966745843233,0.276,0.0368,0.7866983372921617,4.562850356294537,0.472019002375297,0.3146793349168646,0.05506888361045131,55.26555819477435,84.80608076009503,1.3012496127233295,0.9294640090880926,4.136114840442011
Diego Carlos,Aston Villa,Premier League,DF,31.0,830,0,0,0.6,0.0,0.6,0.43,0.11,3,34,0,0,0.1,88.6,3,5,36,419,674,0.0,0.0,0.06506024096385542,0.0,0.06506024096385542,0.3253012048192771,3.6867469879518073,0.0,0.0,0.010843373493975903,0.3253012048192771,0.5421686746987953,3.9036144578313254,45.43373493975904,73.08433734939759,-0.7900177606680123,-0.891279865718134,-0.4601443718487841,-1.1396650158946402,-0.4465987302865107,-0.9342429937897576,0.1771318293363313,-1.0599091291149787,-1.3234600191706214,-1.034347578719473,-1.1010921841791097,-0.3546789557941593,1.0200415592242615,1.473244355900848,1.2131607276078067,-0.7909690740456345,-0.7360035372819137,1.097509988985223,1.0,0.0,0.0,0.06506024096385542,0.0,0.06506024096385542,0.43,0.11,0.3253012048192771,3.6867469879518073,0.0,0.0,0.010843373493975903,45.43373493975904,73.08433734939759,0.3253012048192771,0.5421686746987953,3.9036144578313254
Casemiro,Manchester Utd,Premier League,MF,32.0,1494,1,0,1.9,2.3,1.9,1.93,0.6,4,84,28,22,2.0,78.8,50,14,51,660,1250,0.060240963855421686,0.0,0.11445783132530121,0.13855421686746988,0.11445783132530121,0.24096385542168675,5.0602409638554215,1.6867469879518073,1.325301204819277,0.12048192771084337,3.0120481927710845,0.8433734939759037,3.072289156626506,39.75903614457831,75.3012048192771,-0.42334962721007713,-0.891279865718134,-0.12172314005415125,0.4808976761791836,-0.0801209289544083,-0.9905901735092806,0.9140783049661797,-0.5350498067040768,0.6365914217447141,0.46931796044963586,3.634947043645201,0.2724269574178523,0.5404182855441892,0.9097580051797681,1.3567370876409646,0.7642203774277013,0.491189376550093,-0.10731549359525921,1.0,0.060240963855421686,0.0,0.11445783132530121,0.13855421686746988,0.11445783132530121,1.93,0.6,0.24096385542168675,5.0602409638554215,1.6867469879518073,1.325301204819277,0.12048192771084337,39.75903614457831,75.3012048192771,3.0120481927710845,0.8433734939759037,3.072289156626506
Matty Cash,Aston Villa,Premier League,DF,26.0,2070,1,1,0.5,1.1,0.5,0.57,0.26,48,42,90,10,1.3,77.5,32,23,70,595,1186,0.043478260869565216,0.043478260869565216,0.021739130434782608,0.04782608695652174,0.021739130434782608,2.0869565217391304,1.826086956521739,3.9130434782608696,0.43478260869565216,0.05652173913043479,1.391304347826087,1.0,3.043478260869565,25.869565217391305,51.56521739130435,-0.5253790208679374,-0.47778399702627977,-0.7569358444831015,-0.580279859802617,-0.7679954871281317,0.24274809563108643,-0.8212029843315644,0.1576992989624863,-0.6804391907280409,-0.40788013956253877,0.7779953238385297,0.5985220322880982,0.5237961809112943,-0.4694389475913392,-0.18053418500139137,-0.6458180585747898,-0.36033223712925855,-0.2671392821008331,1.0,0.043478260869565216,0.043478260869565216,0.021739130434782608,0.04782608695652174,0.021739130434782608,0.57,0.26,2.0869565217391304,1.826086956521739,3.9130434782608696,0.43478260869565216,0.05652173913043479,25.869565217391305,51.56521739130435,1.391304347826087,1.0,3.043478260869565
Timothy Castagne,Fulham,Premier League,DF,28.0,1649,0,1,0.4,1.2,0.4,0.44,0.16,17,62,67,9,0.6,81.8,29,22,83,547,1164,0.0,0.0545785324439054,0.021831412977562158,0.06549423893268648,0.021831412977562158,0.9278350515463918,3.3838690115221346,3.656761673741662,0.49120679199514855,0.03274711946634324,1.5827774408732564,1.2007277137659187,4.530018192844148,29.854457246816253,63.529411764705884,-0.7900177606680123,-0.3722159189672921,-0.7563036198832357,-0.373629000826232,-0.7673108484011871,-0.5316801531131653,0.014623029740830802,0.0779529616475281,-0.5969907630223331,-0.7339431431391297,1.1155128064339228,1.0164354526319088,1.3814377654949686,-0.07374706177968567,0.5943319277462229,-0.7806011443691456,-0.610779770564362,0.26150863372529665,1.0,0.0,0.0545785324439054,0.021831412977562158,0.06549423893268648,0.021831412977562158,0.44,0.16,0.9278350515463918,3.3838690115221346,3.656761673741662,0.49120679199514855,0.03274711946634324,29.854457246816253,63.529411764705884,1.5827774408732564,1.2007277137659187,4.530018192844148
Julian Chabot,Stuttgart,Bundesliga,DF,26.0,2269,3,1,2.0,0.5,1.8,0.75,0.12,7,108,5,6,0.8,89.9,24,38,135,1354,2239,0.11899515204936095,0.03966505068312032,0.07933010136624064,0.01983252534156016,0.07139709122961657,0.2776553547818422,4.283825473776995,0.1983252534156016,0.2379903040987219,0.031732040546496254,0.9519612163948876,1.5072719259585723,5.354781842221243,53.70647862494491,88.81004847950639,-0.13244447210591886,-0.5443722532142469,-0.3810434294203744,-0.9194505570186864,-0.4148649007542675,-1.0059299266783897,0.47361434629004845,-1.0828986517002441,-0.9837531938681018,-0.9118818022402271,0.1756965949438637,1.3591617070037905,1.5354565897797743,2.215485460044851,1.945540168406026,-0.46620700949901484,-0.7002017234738945,1.5244897728277103,0.92,0.10947553988541209,0.036491846628470694,0.07298369325694139,0.018245923314235347,0.06568532393124725,0.6900000000000001,0.1104,0.25544292639929483,3.9411194358748354,0.18245923314235346,0.21895107977082418,0.029193477302776556,49.40996033494932,81.70524460114588,1.0347404526031387,1.6383390499549697,5.820415045892655
El Chadaille Bitshiabu,RB Leipzig,Bundesliga,DF,19.0,1130,0,0,0.3,0.4,0.3,0.4,0.24,4,69,2,5,0.6,84.4,18,13,97,516,1058,0.0,0.0,0.02389380530973451,0.03185840707964602,0.02389380530973451,0.3185840707964602,5.495575221238938,0.1592920353982301,0.39823008849557523,0.04778761061946902,1.4336283185840708,1.0353982300884956,7.72566371681416,41.097345132743364,84.2654867256637,-0.7696298623010193,-0.9032492487568731,-0.7343703488163645,-0.7785655359401866,-0.7499569455169841,-0.9702128891024231,1.113865374626408,-1.0953157618141487,-0.7465538104506603,-0.725285701909544,1.166778171944722,0.48198836833880915,2.770622452896184,1.0272305726540603,1.6748030655623278,-0.8223138119402306,-0.41199895609455534,0.8620014000646269,0.92,0.0,0.0,0.02198230088495575,0.029309734513274337,0.02198230088495575,0.36800000000000005,0.2208,0.2930973451327434,5.055929203539823,0.1465486725663717,0.36637168141592924,0.0439646017699115,37.809557522123896,77.52424778761062,1.5582916506348594,1.125432858791843,8.39746056175452
Fares Chaïbi,Eint Frankfurt,Bundesliga,"MF,FW",21.0,1013,1,3,2.6,2.9,2.6,2.22,0.53,20,52,73,24,2.9,65.8,9,10,32,288,588,0.08884501480750247,0.2665350444225074,0.23099703849950642,0.25765054294175715,0.23099703849950642,1.7769002961500493,4.619940769990128,6.48568608094768,2.1322803553800593,0.25765054294175715,0.7996051332675221,0.8884501480750246,2.843040473840079,25.58736426456071,52.240868706811455,-0.2938899312866452,1.5082766235616427,0.5856158801572341,1.8666234417252678,0.7109661157545357,0.302407913367717,0.6512072564522167,0.917214474677688,1.8203221727394852,1.7137186185424949,-0.13779234055797682,0.2088242974479786,0.22690670863717152,-0.43439330351111055,-0.23302716576172944,1.0294415607540914,0.2844910650721811,-1.3784138241887107,0.92,0.08173741362290228,0.24521224086870683,0.21251727541954593,0.2370384995064166,0.21251727541954593,2.0424,0.48760000000000003,1.6347482724580453,4.250345508390918,5.966831194471866,1.9616979269496546,0.2370384995064166,23.540375123395854,48.06159921026654,0.8691360144212197,0.9657066826902442,3.090261384608781
Trevoh Chalobah,Crystal Palace,Premier League,DF,25.0,1060,3,0,1.2,0.4,1.2,0.93,0.34,11,34,6,4,0.3,79.0,16,19,57,278,594,0.25471698113207547,0.0,0.1018867924528302,0.0339622641509434,0.1018867924528302,0.9339622641509433,2.8867924528301887,0.5094339622641509,0.33962264150943394,0.02547169811320755,1.3584905660377358,1.6132075471698113,4.839622641509434,23.60377358490566,50.43396226415094,0.7603657998588419,-0.891279865718134,-0.20784690497933853,-0.7424343904708021,-0.17338472285070494,-0.5275864609082944,-0.2520827763805567,-0.9013902960256484,-0.8211758248777377,-0.8337237399354542,0.7201531234155677,1.8752150140914199,1.5600603804924318,-0.6944275689377223,-0.25380040214443106,-0.2725725902211891,-0.1599742103811758,-0.08272721844055514,1.0,0.25471698113207547,0.0,0.1018867924528302,0.0339622641509434,0.1018867924528302,0.93,0.34,0.9339622641509433,2.8867924528301887,0.5094339622641509,0.33962264150943394,0.02547169811320755,23.60377358490566,50.43396226415094,1.3584905660377358,1.6132075471698113,4.839622641509434
Trevoh Chalobah,Chelsea,Premier League,DF,25.0,910,0,1,0.8,1.2,0.8,0.69,0.2,4,37,2,3,0.3,90.0,7,10,48,426,774,0.0,0.0989010989010989,0.07912087912087912,0.11868131868131868,0.07912087912087912,0.3956043956043956,3.6593406593406597,0.1978021978021978,0.2967032967032967,0.02967032967032967,0.6923076923076923,0.989010989010989,4.747252747252747,42.13186813186813,76.54945054945054,-0.7900177606680123,0.04930963778971023,-0.3638154122760422,0.2484595872348157,-0.3422836873986274,-0.8872722678383186,0.16242699798339344,-0.9983596920912826,-0.8846512999806847,-0.7761405509814614,-0.4541547801713735,0.5756430033665172,1.5067686654337569,1.145375521747818,1.4375802507078905,-0.521402902456923,-0.5106007571903206,1.2696279150681498,1.0,0.0,0.0989010989010989,0.07912087912087912,0.11868131868131868,0.07912087912087912,0.69,0.2,0.3956043956043956,3.6593406593406597,0.1978021978021978,0.2967032967032967,0.02967032967032967,42.13186813186813,76.54945054945054,0.6923076923076923,0.989010989010989,4.747252747252747
Conor Chaplin,Ipswich Town,Premier League,"MF,FW",27.0,857,1,1,1.5,0.7,1.5,1.68,0.32,13,29,23,8,0.6,73.7,5,4,3,179,390,0.10501750291715285,0.10501750291715285,0.15752625437572929,0.073512252042007,0.15752625437572929,1.3652275379229872,3.045507584597433,2.415402567094516,0.8401400233372228,0.06301050175029171,0.5250875145857643,0.4200700116686114,0.31505250875145857,18.79813302217036,40.95682613768961,-0.15080866920225372,0.1074791170031475,0.17333717915433475,-0.27984843460966996,0.23940115442803617,-0.2394509899503115,-0.16692437085639178,-0.30831652881978727,-0.08093669139826055,-0.3188883719036174,-0.7489206531494395,-0.6088873504847696,-1.050336699836295,-1.17161815848454,-0.8675911348173276,0.5050221355154787,-0.21006371706819651,-0.7343165100402035,1.0,0.10501750291715285,0.10501750291715285,0.15752625437572929,0.073512252042007,0.15752625437572929,1.68,0.32,1.3652275379229872,3.045507584597433,2.415402567094516,0.8401400233372228,0.06301050175029171,18.79813302217036,40.95682613768961,0.5250875145857643,0.4200700116686114,0.31505250875145857
Anrie Chase,Stuttgart,Bundesliga,DF,20.0,734,0,0,0.1,0.0,0.1,0.61,0.0,6,28,2,0,0.5,91.9,4,9,35,334,622,0.0,0.0,0.01226158038147139,0.0,0.01226158038147139,0.7356948228882834,3.433242506811989,0.24523160762942778,0.0,0.061307901907356945,0.49046321525885556,1.103542234332425,4.291553133514987,40.95367847411444,76.26702997275204,-0.7696298623010193,-0.9032492487568731,-0.8085091079325069,-1.1517915871101994,-0.8320116068076912,-0.6062151423741277,0.024192656353331357,-1.0679769671736012,-1.336044939666624,-0.5681543376422844,-0.7738848995568709,0.6086623157018469,0.9815429512503148,1.0136917668846943,1.1983040925485091,-0.6086497304755011,-0.9884044908532337,1.7653946356506496,0.92,0.0,0.0,0.01128065395095368,0.0,0.01128065395095368,0.5612,0.0,0.6768392370572207,3.15858310626703,0.22561307901907357,0.0,0.05640326975476839,37.67738419618529,70.16566757493189,0.533112190498756,1.1995024286222011,4.664731666864116
Arthur Chaves,Hoffenheim,Bundesliga,DF,23.0,2185,1,0,0.8,0.1,0.8,0.41,0.08,10,57,13,5,0.4,82.1,36,37,136,740,1513,0.041189931350114416,0.0,0.032951945080091534,0.004118993135011442,0.032951945080091534,0.41189931350114417,2.3478260869565215,0.5354691075514874,0.20594965675057209,0.016475972540045767,1.482837528604119,1.5240274599542334,5.601830663615561,30.48054919908467,62.32036613272311,-0.5490694274646069,-0.9032492487568731,-0.6766376926292286,-1.1035369603570968,-0.6860600904127983,-0.8887799893040704,-0.5493077552961942,-0.9756476338833584,-1.0311822504153476,-1.089186175952588,1.2680313844808786,1.3903088292628267,1.6641623992000765,0.02672885979623519,0.3674474408170898,-0.8121393318704816,-0.7962693126003408,0.5849608078182451,0.92,0.037894736842105266,0.0,0.030315789473684213,0.0037894736842105266,0.030315789473684213,0.3772,0.0736,0.37894736842105264,2.1599999999999997,0.49263157894736836,0.18947368421052632,0.015157894736842106,28.042105263157897,57.334736842105265,1.6117799223957816,1.6565515869067753,6.088946373495175
Ryan Christie,Bournemouth,Premier League,MF,29.0,2117,2,3,1.8,3.5,1.8,1.4,0.51,34,137,44,41,3.0,79.3,33,30,51,726,1376,0.08502598016060463,0.12753897024090696,0.07652338214454417,0.1487954652810581,0.07652338214454417,1.4454416627302786,5.824279641001417,1.8705715635333018,1.7430325932923947,0.12753897024090696,1.4029286726499763,1.2753897024090695,2.168162494095418,30.86443079829948,58.49787435049599,-0.2724908911487349,0.3216673919939186,-0.3816107767843522,0.600681725156894,-0.36155436384030626,-0.18585860485823466,1.3240223019882285,-0.4778497388389302,1.2543943837543574,0.5661035459282419,0.7984859984758468,1.1718810882052646,0.01879312981257086,0.02654131146990586,0.26846227738676065,0.2147201045737893,0.2657865964585,-0.0458448057084999,1.0,0.08502598016060463,0.12753897024090696,0.07652338214454417,0.1487954652810581,0.07652338214454417,1.4,0.51,1.4454416627302786,5.824279641001417,1.8705715635333018,1.7430325932923947,0.12753897024090696,30.86443079829948,58.49787435049599,1.4029286726499763,1.2753897024090695,2.168162494095418
Jack Clarke,Ipswich Town,Premier League,"FW,MF",23.0,1181,0,4,1.2,2.3,1.2,1.3,0.15,39,44,57,28,1.2,76.8,20,7,29,311,553,0.0,0.30482641828958507,0.09144792548687553,0.17527519051651141,0.09144792548687553,2.972057578323455,3.353090601185436,4.343776460626588,2.1337849280270955,0.09144792548687553,1.5241320914479255,0.5334462320067739,2.2099915325994917,23.70025402201524,42.142252328535136,-0.7900177606680123,2.0077428207920716,-0.279363231814502,0.9103948164155143,-0.25083005947723047,0.8340987683938895,-0.001891087846177129,0.29172901585500993,1.8322967307474107,0.07112383138455936,1.0121362411476,-0.37283900848836005,0.04292589751871183,-0.6848472526275382,-0.7908165058049663,0.11104080780890038,-0.6358245239078723,-0.3531982451422965,1.0,0.0,0.30482641828958507,0.09144792548687553,0.17527519051651141,0.09144792548687553,1.3,0.15,2.972057578323455,3.353090601185436,4.343776460626588,2.1337849280270955,0.09144792548687553,23.70025402201524,42.142252328535136,1.5241320914479255,0.5334462320067739,2.2099915325994917
Alexis Claude-Maurice,Augsburg,Bundesliga,"MF,FW",26.0,2109,9,2,4.7,1.2,4.7,2.52,0.94,59,61,102,21,1.9,82.9,26,15,8,619,994,0.38406827880512096,0.08534850640113797,0.20056899004267428,0.05120910384068278,0.20056899004267428,2.5177809388335706,2.6031294452347087,4.352773826458037,0.8961593172119487,0.08108108108108107,1.1095305832147937,0.6401137980085349,0.3413940256045519,26.415362731152204,42.41820768136557,1.2869471652276905,-0.13104260780265903,0.39168068987096594,-0.5518692004500084,0.4963241856628874,0.9489481504125915,-0.414413369704033,0.23869992546712462,-0.009480264816474843,-0.33835258608892743,0.49991241920325663,-0.25281199888771655,-1.076383989882966,-0.3563646883578229,-0.8182010356065587,1.3346759628465619,1.2691838536182565,0.6813227529474223,0.92,0.3533428165007113,0.07852062588904694,0.18452347083926035,0.04711237553342816,0.18452347083926035,2.3184,0.8648,2.316358463726885,2.394879089615932,4.004551920341394,0.8244665718349928,0.0745945945945946,24.30213371266003,39.024751066856325,1.2060115034943408,0.6957758674005813,0.37108046261364336
Conor Coady,Leicester City,Premier League,DF,31.0,1714,1,0,0.4,0.1,0.4,0.11,0.11,3,32,0,1,0.5,91.1,9,13,71,789,1210,0.052508751458576426,0.0,0.021003500583430573,0.005250875145857643,0.021003500583430573,0.15752625437572929,1.6802800466744456,0.0,0.052508751458576426,0.026254375729288213,0.4725787631271879,0.6826137689614936,3.728121353558927,41.4294049008168,63.53558926487748,-0.47041321493513305,-0.891279865718134,-0.7619756198773636,-1.0782495458028565,-0.7734530814873936,-1.0463362164556667,-0.89943549952243,-1.0599091291149787,-1.2458023111848489,-0.8229895108315971,-0.8414799852440012,-0.0622734448028877,0.9187928939214978,1.0756223142441856,0.5947320161596228,-1.1227428236932793,-0.7360035372819137,1.4048634284190196,1.0,0.052508751458576426,0.0,0.021003500583430573,0.005250875145857643,0.021003500583430573,0.11,0.11,0.15752625437572929,1.6802800466744456,0.0,0.052508751458576426,0.026254375729288213,41.4294049008168,63.53558926487748,0.4725787631271879,0.6826137689614936,3.728121353558927
Nathan Collins,Brentford,Premier League,DF,23.0,3420,2,3,2.5,1.8,2.5,0.45,0.16,32,127,18,10,1.6,85.9,24,34,226,1289,2435,0.052631578947368425,0.07894736842105263,0.06578947368421052,0.04736842105263158,0.06578947368421052,0.8421052631578948,3.342105263157895,0.47368421052631576,0.2631578947368421,0.042105263157894736,0.631578947368421,0.8947368421052633,5.947368421052632,33.921052631578945,64.07894736842105,-0.46966560196265844,-0.1404584199355566,-0.4551484229840366,-0.5856328278034976,-0.44118859586376463,-0.5889576443806503,-0.007785257230992043,-0.9125144246634961,-0.9342632019553753,-0.6055985267759387,-0.5612038322699423,0.37936501840769016,2.19916117102508,0.3300578053905612,0.6299228337259729,-0.7702332146926567,-0.610779770564362,0.765568274396724,1.0,0.052631578947368425,0.07894736842105263,0.06578947368421052,0.04736842105263158,0.06578947368421052,0.45,0.16,0.8421052631578948,3.342105263157895,0.47368421052631576,0.2631578947368421,0.042105263157894736,33.921052631578945,64.07894736842105,0.631578947368421,0.8947368421052633,5.947368421052632
Nnamdi Collins,Eint Frankfurt,Bundesliga,DF,20.0,1489,1,1,0.8,1.0,0.8,0.3,0.12,30,63,42,2,1.2,86.3,24,16,74,623,1107,0.06044325050369376,0.06044325050369376,0.04835460040295501,0.06044325050369376,0.04835460040295501,1.8132975151108126,3.8079247817327064,2.538616521155138,0.12088650100738751,0.0725319006044325,1.45063801208865,0.9670920080591001,4.472800537273338,37.65614506380121,66.910678307589,-0.44597334778284536,-0.3563775879870821,-0.5784678446617814,-0.443689777469309,-0.5774085062756797,0.3341704743241358,0.22216316331638725,-0.33841341973196376,-1.157099345035586,-0.43771023771483863,1.2017774355153497,0.35501287181608404,1.0759679870565508,0.7029400254139185,0.6409100730105053,-0.9240586126377207,-0.7002017234738945,1.0908610197464184,0.92,0.05560779046339826,0.05560779046339826,0.04448623237071861,0.05560779046339826,0.04448623237071861,0.276,0.1104,1.6682337139019476,3.5032907991940903,2.335527199462727,0.11121558092679652,0.0667293485560779,34.643653458697116,61.55782404298188,1.5767804479224454,1.0511869652816306,4.861739714427541
Levi Colwill,Chelsea,Premier League,DF,21.0,3149,2,1,1.9,1.1,1.9,0.49,0.11,14,131,12,14,1.2,89.3,34,33,118,1621,2904,0.057161003493172435,0.028580501746586218,0.054302953318513814,0.03143855192124484,0.054302953318513814,0.4001270244522071,3.7440457288027944,0.3429660209590346,0.4001270244522071,0.03429660209590346,0.9717370593839314,0.9431565576373452,3.372499206097174,46.32899333121626,82.99777707208638,-0.4420963942747731,-0.6194677195789984,-0.5338421880594114,-0.7719523219884833,-0.5264064111008101,-0.8842506246124808,0.20787539710508152,-0.953189559045312,-0.7316929944559187,-0.7126923737336682,0.038406837954063945,0.48017446096271416,0.7136209133363427,1.5621417409714127,1.8552088473671402,-0.728761495986701,-0.7360035372819137,1.1835689520266863,1.0,0.057161003493172435,0.028580501746586218,0.054302953318513814,0.03143855192124484,0.054302953318513814,0.49,0.11,0.4001270244522071,3.7440457288027944,0.3429660209590346,0.4001270244522071,0.03429660209590346,46.32899333121626,82.99777707208638,0.9717370593839314,0.9431565576373452,3.372499206097174
Kingsley Coman,Bayern Munich,Bundesliga,FW,28.0,1282,5,4,4.3,3.3,4.3,3.09,1.19,66,45,215,32,4.2,84.3,12,8,15,606,934,0.3510140405616225,0.28081123244929795,0.3018720748829953,0.2316692667706708,0.3018720748829953,4.633385335413417,3.159126365054602,15.093603744149766,2.2464898595943836,0.2948517940717629,0.842433697347894,0.5616224648985959,1.0530421216848673,42.54290171606864,65.56942277691108,1.1099510663946164,1.6374431159427174,1.0373426376940562,1.5622488668932657,1.210924390313286,2.7951610074573656,-0.12064182123691405,3.655534984860481,1.9893839577513563,2.146067538993889,-0.049667989452126124,-0.3987207565126961,-0.7056344201764961,1.16345640262077,0.5610062987374899,1.9146213268222558,1.8696062856585465,0.8499561569234788,0.92,0.3229329173166927,0.25834633385335415,0.27772230889235566,0.21313572542901713,0.27772230889235566,2.8428,1.0948,4.262714508580344,2.9063962558502343,13.886115444617785,2.066770670826833,0.27126365054602186,39.13946957878315,60.3238689547582,0.9156888014651021,0.6104592009767347,1.1446110018313775
Sirlord Conteh,Heidenheim,Bundesliga,"FW,MF",28.0,892,1,1,2.1,2.6,2.1,1.31,0.5,29,19,75,14,1.4,70.5,5,1,8,195,301,0.10089686098654709,0.10089686098654709,0.21188340807174888,0.2623318385650224,0.21188340807174888,2.926008968609865,1.9170403587443945,7.567264573991032,1.4125560538116593,0.1412556053811659,0.5044843049327354,0.10089686098654709,0.8071748878923767,19.67488789237668,30.36995515695067,-0.2293557029763994,0.009634050442923758,0.46379388558116524,1.9214655270643999,0.5761370112231484,1.3051942606955294,-0.7769215889760763,1.2612824231356747,0.7549303213639925,0.3609892325208667,-0.7450350079987769,-1.2551707339728606,-0.8337246541496623,-0.9915710786671408,-1.5359619902313328,0.10356387440693038,0.2124403732273462,-0.8122873965548028,0.92,0.09282511210762333,0.09282511210762333,0.19493273542600897,0.24134529147982062,0.19493273542600897,1.2052,0.46,2.6919282511210763,1.763677130044843,6.96188340807175,1.2995515695067266,0.12995515695067264,18.10089686098655,27.94035874439462,0.5483525053616689,0.10967050107233378,0.8773640085786703
Lewis Cook,Bournemouth,Premier League,"MF,DF",27.0,2978,1,3,0.9,4.1,0.9,0.42,0.12,33,158,52,48,3.8,77.2,42,41,70,825,1900,0.03022162525184688,0.09066487575554062,0.02719946272666219,0.12390866353257218,0.02719946272666219,0.9973136333109469,4.775016789791806,1.5715245130960378,1.45063801208865,0.11484217595701812,1.269308260577569,1.239086635325722,2.1155137676292814,24.93284083277367,57.421087978509064,-0.6060680657767581,-0.029020179829479,-0.7195272914199918,0.30959984146936237,-0.7274856047992857,-0.48526036210350365,0.7610416309594156,-0.5709031922510941,0.8219580303275247,0.39197016594186307,0.5629478119436649,1.096298406326742,-0.011581928550477455,-0.5624538236527618,0.19872375222738559,-0.8013370037221235,-0.7109587839384034,-0.3040216948328883,1.0,0.03022162525184688,0.09066487575554062,0.02719946272666219,0.12390866353257218,0.02719946272666219,0.42,0.12,0.9973136333109469,4.775016789791806,1.5715245130960378,1.45063801208865,0.11484217595701812,24.93284083277367,57.421087978509064,1.269308260577569,1.239086635325722,2.1155137676292814
Danny da Costa,Mainz 05,Bundesliga,DF,31.0,2006,0,1,0.1,0.6,0.1,0.22,0.04,21,109,22,10,1.3,78.4,23,27,95,813,1451,0.0,0.044865403788634094,0.00448654037886341,0.026919242273180457,0.00448654037886341,0.9421734795613161,4.890329012961116,0.9870388833499502,0.448654037886341,0.05832502492522433,1.0319042871385842,1.2113659022931205,4.262213359920239,36.47557328015952,65.09970089730808,-0.7696298623010193,-0.49732108181459056,-0.8580638424245429,-0.8364285977118088,-0.8868573717297209,-0.4260285482871836,0.7940720278085428,-0.8319958440743478,-0.6719123613874224,-0.602821011581757,0.3401880129021426,0.8090974059388514,0.9662577161805503,0.5916857356012593,0.5330231514695531,-1.005454453195713,-0.8923369017267874,0.1392868115958086,0.92,0.0,0.04127617148554337,0.004127617148554337,0.02476570289132602,0.004127617148554337,0.2024,0.0368,0.8667996011964109,4.499102691924227,0.9080757726819542,0.4127617148554337,0.053659022931206383,33.55752741774676,59.89172482552344,1.1216350947158522,1.3167020677099135,4.632840608608956
Vladimír Coufal,West Ham,Premier League,DF,31.0,1067,0,0,0.3,0.7,0.3,0.59,0.17,26,39,33,8,1.0,78.6,15,8,39,298,736,0.0,0.0,0.025304592314901595,0.05904404873477038,0.025304592314901595,2.1930646672914715,3.289597000937207,2.783505154639175,0.6747891283973758,0.08434864104967198,1.2652296157450797,0.6747891283973758,3.289597000937207,25.13589503280225,62.080599812558575,-0.7900177606680123,-0.891279865718134,-0.7325089849428347,-0.4490719417041814,-0.7415435363143676,0.3136407047757829,-0.03595849967970857,-0.19377529883307065,-0.32548205112852835,-0.026241091358468176,0.5557582172368863,-0.07856428097972362,0.6657914692228356,-0.5422909437709498,0.5004990084183256,-0.625082199221812,-0.5857350172208516,-0.1319037687499633,1.0,0.0,0.0,0.025304592314901595,0.05904404873477038,0.025304592314901595,0.59,0.17,2.1930646672914715,3.289597000937207,2.783505154639175,0.6747891283973758,0.08434864104967198,25.13589503280225,62.080599812558575,1.2652296157450797,0.6747891283973758,3.289597000937207
Yan Couto,Dortmund,Bundesliga,"DF,FW",22.0,895,0,0,0.3,0.9,0.3,0.6,0.2,46,68,83,12,2.3,81.1,16,10,32,483,849,0.0,0.0,0.030167597765363128,0.09050279329608939,0.030167597765363128,4.625698324022347,6.837988826815643,8.346368715083798,1.2067039106145252,0.23128491620111732,1.6089385474860334,1.005586592178771,3.2178770949720668,48.56983240223464,85.37430167597766,-0.7696298623010193,-0.9032492487568731,-0.6943839153970469,-0.0915376931439903,-0.7057011029649723,2.7884528254903658,1.823155137816723,1.509128293948645,0.45021197925370476,1.4073001537843102,1.5274977173213056,0.42657105182972216,0.42218653410195794,1.731420081348695,1.7408594563647954,-0.6188242105452502,-0.5080665452210017,0.46450837640677545,0.92,0.0,0.0,0.02775418994413408,0.08326256983240224,0.02775418994413408,0.552,0.18400000000000002,4.255642458100559,6.290949720670391,7.678659217877095,1.1101675977653633,0.21278212290502796,44.68424581005587,78.54435754189946,1.7488462472674275,1.0930289045421424,3.497692494534855
Aaron Cresswell,West Ham,Premier League,DF,34.0,824,0,0,0.2,1.3,0.2,0.55,0.0,6,36,4,9,1.9,82.6,7,8,37,291,687,0.0,0.0,0.021844660194174758,0.14199029126213594,0.021844660194174758,0.6553398058252428,3.9320388349514563,0.4368932038834951,0.9830097087378641,0.20752427184466019,0.7645631067961165,0.8737864077669902,4.04126213592233,31.783980582524272,75.0364077669903,-0.7900177606680123,-0.891279865718134,-0.7562128636473326,0.5210868100581779,-0.7672125680846286,-0.7137387391730665,0.3087428631802925,-0.9239625570480773,0.13036013057273718,1.6630820907539279,-0.3267871943977851,0.33574638943149204,1.0994557547080135,0.11785078372933734,1.3395873944674181,-0.6665539179277675,-1.0114958240605274,0.35986173434411123,1.0,0.0,0.0,0.021844660194174758,0.14199029126213594,0.021844660194174758,0.55,0.0,0.6553398058252428,3.9320388349514563,0.4368932038834951,0.9830097087378641,0.20752427184466019,31.783980582524272,75.0364077669903,0.7645631067961165,0.8737864077669902,4.04126213592233
Marc Cucurella,Chelsea,Premier League,DF,26.0,2988,5,1,2.8,2.1,2.8,0.72,0.33,35,118,117,19,2.4,87.7,45,28,95,944,2244,0.1506024096385542,0.030120481927710843,0.08433734939759036,0.06325301204819278,0.08433734939759036,1.0542168674698795,3.5542168674698793,3.524096385542169,0.572289156626506,0.07228915662650602,1.355421686746988,0.8433734939759037,2.86144578313253,28.433734939759034,67.59036144578313,0.12665257297682553,-0.6048218843954639,-0.32807754968502495,-0.39984291733919874,-0.30358300293739765,-0.447242369071023,0.10602295888081943,0.036671955207798604,-0.47707416968445365,-0.19163392489942294,0.7147434838880588,0.2724269574178523,0.41877470163982305,-0.21482197290476304,0.8573410527430241,-0.49029911342745625,-0.18501896372468615,0.9868627507890573,1.0,0.1506024096385542,0.030120481927710843,0.08433734939759036,0.06325301204819278,0.08433734939759036,0.72,0.33,1.0542168674698795,3.5542168674698793,3.524096385542169,0.572289156626506,0.07228915662650602,28.433734939759034,67.59036144578313,1.355421686746988,0.8433734939759037,2.86144578313253
Matheus Cunha,Wolves,Premier League,"MF,FW",25.0,2597,15,6,8.6,7.7,8.6,3.81,1.52,112,144,161,56,5.3,71.6,22,17,23,904,1561,0.5198305737389295,0.2079322294955718,0.2980361956103196,0.2668463611859838,0.2980361956103196,3.881401617250674,4.9903735078937235,5.579514824797844,1.940700808625337,0.18367346938775508,0.7624181748170966,0.5891413169041201,0.797073546399692,31.328455910666154,54.09703504043127,2.3740303220398533,1.0862398451608917,1.135966065382658,1.9814327552926583,1.281836098160551,1.4416465791124098,0.8765910088181766,0.6762495190062585,1.5467353767887135,1.3359742590961057,-0.3305681540635842,-0.25688230779613697,-0.7722403785473181,0.07261808605263653,-0.016559943298477868,2.713391156607616,2.7953066841530445,-0.9924933991645937,1.0,0.5198305737389295,0.2079322294955718,0.2980361956103196,0.2668463611859838,0.2980361956103196,3.81,1.52,3.881401617250674,4.9903735078937235,5.579514824797844,1.940700808625337,0.18367346938775508,31.328455910666154,54.09703504043127,0.7624181748170966,0.5891413169041201,0.797073546399692
Tomáš Čvančara,Gladbach,Bundesliga,FW,23.0,831,2,0,3.8,0.9,3.8,2.6,0.97,15,23,50,6,0.5,71.5,1,5,17,185,336,0.21660649819494585,0.0,0.4115523465703971,0.09747292418772563,0.4115523465703971,1.6245487364620939,2.490974729241877,5.415162454873646,0.6498194945848376,0.05415162454873646,0.10830324909747292,0.5415162454873647,1.84115523465704,20.03610108303249,36.3898916967509,0.3902366843116424,-0.9032492487568731,1.7363971429648282,-0.009881556905918899,1.9846179527301786,0.16945611541274808,-0.4736724472467233,0.5766632616421177,-0.37413161690266844,-0.6513238197556094,-1.560219901902654,-0.4360965199070947,-0.29504862767058454,-0.9575312027746183,-1.1773311108708915,1.416071803404554,1.3412345454630914,-0.6918349651433331,0.92,0.19927797833935018,0.0,0.3786281588447653,0.08967509025270758,0.3786281588447653,2.3920000000000003,0.8924,1.4945848375451265,2.2916967509025272,4.981949458483754,0.5978339350180506,0.049819494584837545,18.433212996389894,33.47870036101083,0.11772092293203577,0.588604614660179,2.0012556898446086
Finn Dahmen,Augsburg,Bundesliga,GK,26.0,1710,0,0,0.0,0.0,0.0,0.0,0.0,0,3,0,0,0.1,69.4,0,0,9,479,811,0.0,0.0,0.0,0.0,0.0,0.0,0.15789473684210525,0.0,0.0,0.005263157894736842,0.0,0.0,0.47368421052631576,25.210526315789473,42.68421052631579,-0.7696298623010193,-0.9032492487568731,-0.8866591058814253,-1.1517915871101994,-0.9185057926831566,-1.248229898570237,-1.7063996398487205,-1.1459891842034466,-1.336044939666624,-1.2195002960390149,-1.7830654199419607,-1.442729475193211,-1.0074643519238728,-0.469905619615836,-0.8023542183575448,-1.2292930147301913,-0.9884044908532337,-0.9447850711074188,0.92,0.0,0.0,0.0,0.0,0.0,0.0,0.0,0.0,0.14526315789473684,0.0,0.0,0.004842105263157895,23.193684210526317,39.269473684210524,0.0,0.0,0.5148741418764301
Thomas Dähne,Holstein Kiel,Bundesliga,GK,30.0,810,0,0,0.0,0.0,0.0,0.0,0.0,0,0,0,0,0.0,77.0,0,0,7,234,432,0.0,0.0,0.0,0.0,0.0,0.0,0.0,0.0,0.0,0.0,0.0,0.0,0.7777777777777777,25.999999999999996,48.0,-0.7696298623010193,-0.9032492487568731,-0.8866591058814253,-1.1517915871101994,-0.9185057926831566,-1.248229898570237,-1.7898263274496862,-1.1459891842034466,-1.336044939666624,-1.2806681483244808,-1.7830654199419607,-1.442729475193211,-0.8490397600083469,-0.3955074887442928,-0.4856721003919607,-1.2292930147301913,-0.9884044908532337,-0.02934659238024968,0.92,0.0,0.0,0.0,0.0,0.0,0.0,0.0,0.0,0.0,0.0,0.0,0.0,23.919999999999998,44.160000000000004,0.0,0.0,0.8454106280193235
Patson Daka,Leicester City,Premier League,"FW,MF",25.0,736,1,0,1.3,0.1,1.3,1.83,0.49,11,8,36,1,0.1,72.1,10,1,12,141,252,0.12228260869565218,0.0,0.15896739130434784,0.012228260869565218,0.15896739130434784,1.345108695652174,0.9782608695652174,4.4021739130434785,0.12228260869565218,0.012228260869565218,1.2228260869565217,0.12228260869565218,1.467391304347826,17.241847826086957,30.81521739130435,-0.045721304980301504,-0.891279865718134,0.18321035982973216,-0.9966404021211115,0.2500928640671937,-0.25289272163004384,-1.276103011336488,0.30990035247216946,-1.1426104111711455,-1.0153541923402167,0.4810117760418844,-1.2288782315489473,-0.3855084975291074,-1.32615419598613,-1.524416717974795,0.6605410806628124,0.21569708977147925,-0.9310227112778343,1.0,0.12228260869565218,0.0,0.15896739130434784,0.012228260869565218,0.15896739130434784,1.83,0.49,1.345108695652174,0.9782608695652174,4.4021739130434785,0.12228260869565218,0.012228260869565218,17.241847826086957,30.81521739130435,1.2228260869565217,0.12228260869565218,1.467391304347826
Diogo Dalot,Manchester Utd,Premier League,DF,25.0,2814,0,3,2.0,2.0,2.0,0.8,0.16,62,103,168,26,2.5,80.5,40,37,72,1126,1983,0.0,0.09594882729211088,0.06396588486140725,0.06396588486140725,0.06396588486140725,1.9829424307036247,3.2942430703624734,5.3731343283582085,0.8315565031982942,0.07995735607675906,1.279317697228145,1.183368869936034,2.302771855010661,36.01279317697228,63.42217484008529,-0.7900177606680123,0.02123233917753585,-0.4676417687360124,-0.3915049893323297,-0.45471769348623375,0.1732545589856495,-0.03346565693809463,0.6120308019764656,-0.09363127052884168,-0.08646647405896761,0.5805918568939821,0.9802944850392571,0.09645440423376714,0.5377634985244419,0.5873866829323722,-0.4073556760155449,-0.610779770564362,0.10168484521972279,1.0,0.0,0.09594882729211088,0.06396588486140725,0.06396588486140725,0.06396588486140725,0.8,0.16,1.9829424307036247,3.2942430703624734,5.3731343283582085,0.8315565031982942,0.07995735607675906,36.01279317697228,63.42217484008529,1.279317697228145,1.183368869936034,2.302771855010661
Mikkel Damsgaard,Brentford,Premier League,"MF,FW",24.0,2911,2,10,2.8,8.4,2.8,1.08,0.22,73,234,137,63,7.0,72.4,44,27,31,1076,1883,0.06183442116111302,0.3091721058055651,0.08656818962555822,0.2597045688766747,0.08656818962555822,2.256956372380625,7.234627275850223,4.235657849536242,1.9477842665750602,0.21642047406389558,1.3603572655444864,0.8347646856750257,0.9584335279972518,33.266918584678805,58.21710752318791,-0.41365074494409954,2.0490720689851925,-0.31279413824001767,1.8979006735367012,-0.2870325312263937,0.3563278109625486,2.0807425622507,0.25808611543057003,1.5572114420865728,1.7850912945608677,0.7234436312788596,0.2545034905751041,-0.6791456507643244,0.26510359014953316,0.25027829497434206,-0.11705364507385552,-0.46051125050329994,-0.8941402985457774,1.0,0.06183442116111302,0.3091721058055651,0.08656818962555822,0.2597045688766747,0.08656818962555822,1.08,0.22,2.256956372380625,7.234627275850223,4.235657849536242,1.9477842665750602,0.21642047406389558,33.266918584678805,58.21710752318791,1.3603572655444864,0.8347646856750257,0.9584335279972518
Kevin Danso,Tottenham,Premier League,DF,25.0,842,0,0,0.4,0.1,0.4,0.75,0.32,11,19,1,2,0.1,86.5,5,6,71,448,676,0.0,0.0,0.04275534441805225,0.010688836104513063,0.04275534441805225,1.175771971496437,2.030878859857482,0.10688836104513065,0.2137767220902613,0.010688836104513063,0.5344418052256532,0.6413301662707839,7.589073634204276,47.88598574821853,72.25653206650831,-0.7900177606680123,-0.891279865718134,-0.6129544686338699,-1.0146458760640973,-0.6120774385642701,-0.3660293911753074,-0.7113221446274699,-1.02664904141215,-1.0072953838081173,-1.0364670206321125,-0.7324314609710734,-0.14822556013813848,3.1463235244483103,1.7167480041094831,1.1595475680715175,-0.4591953243979895,-0.21006371706819651,0.8393330998608346,1.0,0.0,0.0,0.04275534441805225,0.010688836104513063,0.04275534441805225,0.75,0.32,1.175771971496437,2.030878859857482,0.10688836104513065,0.2137767220902613,0.010688836104513063,47.88598574821853,72.25653206650831,0.5344418052256532,0.6413301662707839,7.589073634204276
Bence Dárdai,Wolfsburg,Bundesliga,MF,18.0,1304,1,1,1.0,1.0,1.0,0.76,0.07,5,39,24,11,1.0,80.2,14,12,28,287,595,0.06901840490797546,0.06901840490797546,0.06901840490797546,0.06901840490797546,0.06901840490797546,0.3450920245398773,2.691717791411043,1.6564417177914113,0.75920245398773,0.06901840490797546,0.9662576687116565,0.8282208588957056,1.932515337423313,19.808282208588956,41.0659509202454,-0.4000558207998222,-0.27879226801590773,-0.44676571251864744,-0.34323054834080846,-0.4316443476479447,-0.9470803388514587,-0.3676060319209509,-0.6190477673331407,-0.2122144586613432,-0.47854370501047433,0.20511307458970798,0.0968631367873338,-0.24745246465757773,-0.979000314126705,-0.8987601956833065,-0.4560325294292658,-0.8202862098819526,0.35610118813645375,0.92,0.06349693251533743,0.06349693251533743,0.06349693251533743,0.06349693251533743,0.06349693251533743,0.6992,0.06440000000000001,0.3174846625766871,2.4763803680981598,1.5239263803680985,0.6984662576687116,0.06349693251533743,18.22361963190184,37.78067484662577,1.050280074686583,0.9002400640170712,2.100560149373166
Alphonso Davies,Bayern Munich,Bundesliga,DF,23.0,1560,1,2,1.2,1.6,1.2,0.98,0.17,81,120,140,27,2.2,89.7,17,13,22,895,1463,0.057692307692307696,0.11538461538461539,0.06923076923076923,0.09230769230769231,0.06923076923076923,4.673076923076923,6.923076923076923,8.076923076923077,1.5576923076923077,0.12692307692307694,0.9807692307692307,0.75,1.2692307692307692,51.63461538461538,84.40384615384616,-0.46070386863591606,0.14071472930238182,-0.4454121943852235,-0.0703930285919576,-0.4301463124324517,2.829798447036973,1.868113051977278,1.4234131946385142,0.969772284997358,0.19441813563655888,0.23497216553322361,-0.04854283212194005,-0.5930059335768201,2.0202379735423475,1.6830456712889537,-0.23219396789478736,-0.5801172370658365,1.5003992865454159,0.92,0.053076923076923084,0.10615384615384617,0.0636923076923077,0.08492307692307693,0.0636923076923077,0.9016000000000001,0.1564,4.299230769230769,6.36923076923077,7.430769230769231,1.4330769230769231,0.11676923076923079,47.503846153846155,77.65153846153846,1.0660535117056855,0.8152173913043478,1.3795986622073577
Ben Davies,Tottenham,Premier League,DF,31.0,1331,0,0,0.3,0.2,0.3,0.34,0.07,14,52,6,2,0.5,87.6,11,12,81,664,1186,0.0,0.0,0.020285499624342597,0.0135236664162284,0.020285499624342597,0.946656649135988,3.516153268219384,0.40570999248685197,0.135236664162284,0.033809166040571,0.743801652892562,0.8114199849737039,5.477084898572501,44.898572501878284,80.19534184823442,-0.7900177606680123,-0.891279865718134,-0.7668946203230601,-0.9814890343209104,-0.7787798881375875,-0.5191051320867182,0.08559998229005217,-0.9336657308620183,-1.1234520379721027,-0.7193774381636695,-0.36338426161506643,0.2059000190665853,1.927836669914842,1.4201037857933168,1.673707943891282,-0.8842804411340346,-0.836182550655955,0.9745686132117043,1.0,0.0,0.0,0.020285499624342597,0.0135236664162284,0.020285499624342597,0.34,0.07,0.946656649135988,3.516153268219384,0.40570999248685197,0.135236664162284,0.033809166040571,44.898572501878284,80.19534184823442,0.743801652892562,0.8114199849737039,5.477084898572501
Leif Davis,Ipswich Town,Premier League,DF,24.0,2743,1,2,1.0,4.9,1.0,0.52,0.07,52,59,137,61,4.7,71.6,27,25,77,708,1562,0.03281079110462996,0.06562158220925993,0.03281079110462996,0.16077287641268684,0.03281079110462996,1.7061611374407584,1.9358366751731682,4.495078381334306,2.001458257382428,0.15421071819176085,0.8858913598250091,0.8202697776157492,2.5264309150565074,23.230040102078014,51.25045570543201,-0.5903086132432384,-0.26719204348544123,-0.681084269244599,0.7407723414252784,-0.6858554914382283,-0.01166760641181236,-0.7623169099981638,0.33880911983583883,1.636592478366551,0.9318999443719311,-0.11291690130171775,0.22432521329105398,0.2254918465104908,-0.7315385635441104,-0.20091985881792632,-0.6976577069572343,-0.836182550655955,-0.9924933991645937,1.0,0.03281079110462996,0.06562158220925993,0.03281079110462996,0.16077287641268684,0.03281079110462996,0.52,0.07,1.7061611374407584,1.9358366751731682,4.495078381334306,2.001458257382428,0.15421071819176085,23.230040102078014,51.25045570543201,0.8858913598250091,0.8202697776157492,2.5264309150565074
Craig Dawson,Wolves,Premier League,DF,34.0,971,0,0,0.5,0.0,0.5,0.46,0.09,6,20,5,2,0.1,86.6,3,9,52,390,671,0.0,0.0,0.04634397528321318,0.0,0.04634397528321318,0.5561277033985582,1.8537590113285274,0.46343975283213185,0.1853759011328527,0.009268795056642637,0.2780638516992791,0.8341915550978373,4.8197734294541705,36.148300720906285,62.193614830072086,-0.7900177606680123,-0.891279865718134,-0.5883688791555646,-1.1396650158946402,-0.5854535984207808,-0.7800239877102686,-0.8063555779205662,-0.9157021577154849,-1.0492987184752265,-1.05594253089527,-1.184359405989767,0.25331023750943243,1.548608612992852,0.5512191292429207,0.5078184738641132,-0.7598652850161678,-0.7860930439689345,0.8516272374381857,1.0,0.0,0.0,0.04634397528321318,0.0,0.04634397528321318,0.46,0.09,0.5561277033985582,1.8537590113285274,0.46343975283213185,0.1853759011328527,0.009268795056642637,36.148300720906285,62.193614830072086,0.2780638516992791,0.8341915550978373,4.8197734294541705
Kevin De Bruyne,Manchester City,Premier League,"MF,FW",33.0,1702,4,7,5.1,8.0,5.1,3.01,0.79,51,157,150,57,6.7,75.9,9,7,10,812,1368,0.21151586368977673,0.3701527614571093,0.2696827262044653,0.42303172737955347,0.2696827262044653,2.6968272620446534,8.301997649823736,7.931844888366627,3.0141010575793183,0.35428907168037604,0.4759106933019977,0.3701527614571093,0.5287896592244419,42.93772032902468,72.33842538190365,0.49741394646748743,2.6290228001719766,0.9417173991669524,3.808213514649053,1.0714833855694428,0.6502128364029336,2.653438801980472,1.4082160629339366,3.1342384266542944,3.6759248672055205,-0.8356066551228422,-0.7128146477107724,-0.9270235856217603,1.2253950488074643,1.164851423306557,1.883956782488503,0.9670396900767896,-0.4638454833384622,1.0,0.21151586368977673,0.3701527614571093,0.2696827262044653,0.42303172737955347,0.2696827262044653,3.01,0.79,2.6968272620446534,8.301997649823736,7.931844888366627,3.0141010575793183,0.35428907168037604,42.93772032902468,72.33842538190365,0.4759106933019977,0.3701527614571093,0.5287896592244419
Bobby De Cordova-Reid,Leicester City,Premier League,FW,31.0,744,1,2,0.8,1.2,0.8,0.85,0.36,14,15,48,6,0.2,70.4,4,0,10,174,272,0.12096774193548387,0.24193548387096775,0.0967741935483871,0.14516129032258066,0.0967741935483871,1.6935483870967742,1.814516129032258,5.806451612903226,0.7258064516129032,0.024193548387096774,0.4838709677419355,0.0,1.2096774193548387,21.048387096774192,32.903225806451616,-0.05372449267586828,1.4096245649058938,-0.24287314828905132,0.5581755605136999,-0.21131479174442142,-0.020094393777864615,-0.8274112973552047,0.7468646673870661,-0.25003008781889424,-0.8512532459635037,-0.8215747525354934,-1.4834695995757803,-0.5341934671962253,-0.9481723858612251,-1.3891859691642943,-0.3555160276331005,-0.1098847036941552,-1.1400230500928146,1.0,0.12096774193548387,0.24193548387096775,0.0967741935483871,0.14516129032258066,0.0967741935483871,0.85,0.36,1.6935483870967742,1.814516129032258,5.806451612903226,0.7258064516129032,0.024193548387096774,21.048387096774192,32.903225806451616,0.4838709677419355,0.0,1.2096774193548387
Liam Delap,Ipswich Town,Premier League,FW,21.0,2593,12,2,9.3,1.9,7.8,2.29,1.01,61,30,110,21,1.4,61.3,8,2,28,445,682,0.4165059776320864,0.06941766293868107,0.32279213266486695,0.065946779791747,0.27072888546085616,2.1172387196297726,1.041264944080216,3.8179714616274585,0.7288854608561512,0.04859236405707674,0.2776706517547243,0.06941766293868107,0.971847281141535,15.445430003856536,23.67142306209024,1.7451254312463194,-0.23108977841220393,1.3055681583375642,-0.3683359765544843,1.0792447792188096,0.262980133500834,-1.2422982539231169,0.1281160629544337,-0.24547639354783016,-0.5166295492033374,-1.1850525156759941,-1.3389426062338992,-0.6714067449640637,-1.5045349276433935,-1.9870875815017972,1.137465845781302,1.518024263634017,-2.258789569631835,1.0,0.4165059776320864,0.06941766293868107,0.32279213266486695,0.065946779791747,0.27072888546085616,2.29,1.01,2.1172387196297726,1.041264944080216,3.8179714616274585,0.7288854608561512,0.04859236405707674,15.445430003856536,23.67142306209024,0.2776706517547243,0.06941766293868107,0.971847281141535
Ermedin Demirović,Stuttgart,Bundesliga,FW,26.0,1855,15,1,14.1,1.9,12.4,3.11,1.31,20,31,115,18,1.7,70.3,7,3,12,305,582,0.7277628032345014,0.04851752021563343,0.6840970350404312,0.0921832884097035,0.6016172506738544,0.9703504043126685,1.5040431266846361,5.579514824797844,0.8733153638814016,0.08247978436657681,0.33962264150943394,0.14555256064690028,0.5822102425876011,14.797843665768195,28.237196765498656,3.127334154822115,-0.46427787253788716,3.473478838984007,-0.07185043904818181,3.3253512540237766,-0.40143954628282585,-0.995136532350459,0.628946459863738,-0.04329566007064491,-0.32209700765683164,-1.084255512430021,-1.172159560634905,-0.9509252001854115,-1.4511721798746702,-1.6630186481101847,1.934970286961754,2.157809053037886,-0.836377882837097,0.92,0.6695417789757413,0.044636118598382755,0.6293692722371967,0.08480862533692722,0.5534878706199461,2.8612,1.2052,0.892722371967655,1.3837196765498654,5.133153638814017,0.8034501347708896,0.07588140161725067,13.614016172506739,25.978221024258765,0.3691550451189499,0.15820930505097855,0.6328372202039142
Sepp van den Berg,Brentford,Premier League,DF,22.0,2586,0,0,2.0,0.8,2.0,0.7,0.21,12,79,28,6,0.5,85.4,24,21,134,737,1605,0.0,0.0,0.06960556844547564,0.027842227378190258,0.06960556844547564,0.4176334106728538,2.7494199535962878,0.974477958236659,0.2088167053364269,0.01740139211136891,0.8352668213457076,0.7308584686774942,4.663573085846868,25.649651972157773,55.8584686774942,-0.7900177606680123,-0.891279865718134,-0.42900448599636637,-0.8140157792749431,-0.4128772145281496,-0.8725543180809129,-0.325789819101501,-0.7566841377453393,-1.0146309901970385,-0.94440598225608,-0.2021548538159028,0.038171616287611065,1.4584906771591768,-0.4912758972699918,0.09752005177818159,-0.5110349727804341,-0.4855560038468103,0.7040975865099648,1.0,0.0,0.0,0.06960556844547564,0.027842227378190258,0.06960556844547564,0.7,0.21,0.4176334106728538,2.7494199535962878,0.974477958236659,0.2088167053364269,0.01740139211136891,25.649651972157773,55.8584686774942,0.8352668213457076,0.7308584686774942,4.663573085846868
Amad Diallo,Manchester Utd,Premier League,"MF,FW",22.0,1901,8,6,4.7,4.9,4.7,2.23,0.8,109,60,200,49,4.2,83.8,31,11,19,782,1207,0.3787480273540242,0.2840610205155181,0.22251446607048922,0.23198316675433986,0.22251446607048922,5.16044187269858,2.8406102051551816,9.468700683850605,2.319831667543398,0.1988427143608627,1.4676486059968437,0.5207785376117833,0.8995265649658074,37.022619673855864,57.143608627038404,1.515304454528853,1.8102554783917184,0.6185692338546505,1.5736646375133228,0.7215448533439556,2.296194554084539,-0.2768618036335671,1.8864342528715226,2.107450166464883,1.5440166861802729,0.9125704822502588,-0.39921304221373943,-0.7131313244960703,0.6380372695435537,0.1807526845790864,1.0752582677223685,0.9920844434203,0.507391385272334,1.0,0.3787480273540242,0.2840610205155181,0.22251446607048922,0.23198316675433986,0.22251446607048922,2.23,0.8,5.16044187269858,2.8406102051551816,9.468700683850605,2.319831667543398,0.1988427143608627,37.022619673855864,57.143608627038404,1.4676486059968437,0.5207785376117833,0.8995265649658074
Rúben Dias,Manchester City,Premier League,DF,27.0,2271,0,0,1.5,0.3,1.5,0.83,0.28,43,160,8,5,1.2,93.5,11,20,71,1775,2499,0.0,0.0,0.059445178335535004,0.011889035667107,0.059445178335535004,1.7040951122853367,6.340819022457068,0.31704095112285335,0.19815059445178337,0.047556142668428,0.43593130779392336,0.7926023778071335,2.8137384412153237,70.3434610303831,99.03566710700132,-0.7900177606680123,-0.891279865718134,-0.4986129772478711,-1.000608059834776,-0.48825654783007666,-0.013047952030558179,1.601170861331074,-0.9612565748365756,-1.0304056125488377,-0.5308410681730152,-0.9060799594271278,0.1667219184140839,0.39125051649142994,3.9467308190392636,2.893909583929569,-0.3762518869860783,-0.3102427304422378,1.699922730275465,1.0,0.0,0.0,0.059445178335535004,0.011889035667107,0.059445178335535004,0.83,0.28,1.7040951122853367,6.340819022457068,0.31704095112285335,0.19815059445178337,0.047556142668428,70.3434610303831,99.03566710700132,0.43593130779392336,0.7926023778071335,2.8137384412153237
Luis Díaz,Liverpool,Premier League,FW,27.0,2399,13,5,12.0,5.0,12.0,2.66,1.13,108,110,293,56,4.5,84.2,26,7,7,780,1184,0.4877032096706961,0.18757815756565235,0.45018757815756566,0.18757815756565235,0.45018757815756566,4.051688203418091,4.126719466444352,10.992080033347229,2.1008753647353062,0.16882034180908712,0.9754064193413922,0.2626094205919133,0.2626094205919133,29.262192580241766,44.41850771154648,2.1784809838171966,0.8926643781170854,2.1783500748885896,1.054293211227433,2.410638206472993,1.5554178671969463,0.4131985126182124,2.3604590229542324,1.7836252010488,1.1322673035597537,0.044874969407256673,-0.9367189834547952,-1.0805931176170607,-0.1325577700964899,-0.6433938624403575,1.5210792438113916,1.818561303756141,0.556567935581742,1.0,0.4877032096706961,0.18757815756565235,0.45018757815756566,0.18757815756565235,0.45018757815756566,2.66,1.13,4.051688203418091,4.126719466444352,10.992080033347229,2.1008753647353062,0.16882034180908712,29.262192580241766,44.41850771154648,0.9754064193413922,0.2626094205919133,0.2626094205919133
Tyler Dibling,Southampton,Premier League,"FW,MF",18.0,1874,2,0,2.5,1.5,2.5,1.34,0.43,69,64,96,20,1.5,81.3,20,8,16,558,868,0.096051227321238,0.0,0.1200640341515475,0.0720384204909285,0.1200640341515475,3.3137673425827106,3.073639274279616,4.610458911419424,0.96051227321238,0.0720384204909285,0.96051227321238,0.384204909284952,0.768409818569904,26.798292422625398,41.686232657417285,-0.2053836183135244,-0.891279865718134,-0.08331523286138247,-0.2970867149022409,-0.03852884175842826,1.0624007204490988,-0.1518303479276358,0.37471168689091394,0.09708759542504743,-0.19507270872127627,0.018620446503436968,-0.6835581935234898,-0.7887775763899354,-0.37721817560302096,-0.8203508128270172,0.15251252651485603,0.06542856971041722,0.20003794583853735,1.0,0.096051227321238,0.0,0.1200640341515475,0.0720384204909285,0.1200640341515475,1.34,0.43,3.3137673425827106,3.073639274279616,4.610458911419424,0.96051227321238,0.0720384204909285,26.798292422625398,41.686232657417285,0.96051227321238,0.384204909284952,0.768409818569904
Eric Dier,Bayern Munich,Bundesliga,DF,30.0,1463,2,1,1.1,0.1,1.1,0.55,0.31,12,73,1,3,1.2,93.8,11,20,77,944,1591,0.12303485987696515,0.061517429938482575,0.06766917293233084,0.006151742993848258,0.06766917293233084,0.7382091592617909,4.490772385509228,0.061517429938482575,0.18455228981544772,0.07382091592617908,0.6766917293233082,1.2303485987696514,4.7368421052631575,58.07245386192755,97.87423103212578,-0.11081297902342396,-0.3466587478093551,-0.45536513223852126,-1.0797229887127089,-0.44116193980652774,-0.6040209702750294,0.582958683538823,-1.1264194756252146,-1.062856296051844,-0.4227294409439223,-0.3906998147489985,0.8443846351082587,1.2135265616610966,2.626924629657924,2.4855285450338855,-0.6696966108939952,-0.24388067512327416,1.9942542553324412,0.92,0.11319207108680794,0.05659603554340397,0.06225563909774437,0.005659603554340397,0.06225563909774437,0.5060000000000001,0.2852,0.6791524265208476,4.13151059466849,0.05659603554340397,0.1697881066302119,0.06791524265208476,53.426657552973346,90.04429254955572,0.7355344883949002,1.3373354334452732,5.148741418764302
Lucas Digne,Aston Villa,Premier League,DF,31.0,2351,0,4,0.8,4.7,0.8,0.5,0.11,23,57,142,36,4.0,74.9,38,25,89,683,1527,0.0,0.15312632922160782,0.030625265844321566,0.17992343683538922,0.030625265844321566,0.880476393024245,2.1820501914079116,5.435984687367078,1.3781369629944704,0.15312632922160782,1.4547001276052742,0.957039557635049,3.4070608251807744,26.146320714589535,58.45597618034879,-0.7900177606680123,0.5650135382667887,-0.6960572293687657,0.9647617980797976,-0.7020697740842644,-0.5633212571090086,-0.6302113556783829,0.6315877343903386,0.714732755629085,0.9170278189857379,0.889745667752241,0.5090787507830997,0.7335608295935961,-0.441957674877681,0.2657487246626947,-0.7183935663102121,-0.7360035372819137,-0.5867868591119808,1.0,0.0,0.15312632922160782,0.030625265844321566,0.17992343683538922,0.030625265844321566,0.5,0.11,0.880476393024245,2.1820501914079116,5.435984687367078,1.3781369629944704,0.15312632922160782,26.146320714589535,58.45597618034879,1.4547001276052742,0.957039557635049,3.4070608251807744
Eren Dinkçi,Freiburg,Bundesliga,"MF,FW",22.0,1196,0,3,1.1,2.2,1.1,1.05,0.23,33,35,71,23,1.2,75.4,13,7,7,269,552,0.0,0.22575250836120403,0.08277591973244149,0.16555183946488297,0.08277591973244149,2.483277591973244,2.6337792642140467,5.342809364548495,1.7307692307692308,0.0903010033444816,0.9782608695652174,0.5267558528428093,0.5267558528428093,20.24247491638796,41.53846153846154,-0.7696298623010193,1.1392889691851473,-0.3590812769185753,0.7876732189279517,-0.33459771847035724,0.9188383044094395,-0.39821895484160214,0.5536465508690309,1.2259741988489117,-0.23119964590160694,0.22981094408699565,-0.4635348429357966,-0.9798154498038073,-0.9380830213221916,-0.8706109124811244,-0.16097260740654415,-0.43601585337616694,-0.22207048263860052,0.92,0.0,0.2076923076923077,0.07615384615384617,0.15230769230769234,0.07615384615384617,0.9660000000000001,0.2116,2.2846153846153845,2.423076923076923,4.915384615384616,1.5923076923076924,0.08307692307692308,18.623076923076923,38.21538461538462,1.063327032136106,0.5725607096117492,0.5725607096117492
Issa Diop,Fulham,Premier League,DF,27.0,1339,0,0,0.5,0.1,0.5,0.34,0.13,6,25,3,3,0.1,87.5,12,9,72,533,903,0.0,0.0,0.03360716952949963,0.006721433905899926,0.03360716952949963,0.4032860343539955,1.6803584764749813,0.20164301717699776,0.20164301717699776,0.006721433905899926,0.806572068707991,0.6049290515309933,4.839432412247946,35.8252427184466,60.69454817027633,-0.7900177606680123,-0.891279865718134,-0.675628307414335,-1.0610495448436192,-0.6799472070049385,-0.8821400377853721,-0.8993934181110055,-0.9971645573917933,-1.0252405012745478,-1.090878956366673,-0.2527362724363965,-0.22401237641689933,1.5599506299759824,0.5191401094662508,0.41073078712376115,-0.8842804411340346,-0.685914030594893,0.9622744756343532,1.0,0.0,0.0,0.03360716952949963,0.006721433905899926,0.03360716952949963,0.34,0.13,0.4032860343539955,1.6803584764749813,0.20164301717699776,0.20164301717699776,0.006721433905899926,35.8252427184466,60.69454817027633,0.806572068707991,0.6049290515309933,4.839432412247946
Ritsu Doan,Freiburg,Bundesliga,"FW,MF",26.0,2862,10,7,6.6,3.7,6.6,1.92,0.66,64,130,178,27,5.9,71.8,42,14,47,827,1537,0.31446540880503143,0.22012578616352202,0.20754716981132074,0.11635220125786164,0.20754716981132074,2.0125786163522013,4.088050314465408,5.59748427672956,0.8490566037735848,0.18553459119496857,1.3207547169811322,0.44025157232704404,1.477987421383648,26.006289308176104,48.333333333333336,0.9142434784311991,1.088380143347785,0.43615658267112906,0.2112920256971231,0.545548833644952,0.508076017285134,0.3701728169359072,0.6346628387496226,-0.07920536228164447,0.8755948206065604,0.9345286648266934,-0.6243389928872238,-0.484249317230434,-0.394914799232108,-0.46581414580005925,0.7242071586616206,0.5967107297331319,-0.6556992357198925,0.92,0.2893081761006289,0.20251572327044026,0.1909433962264151,0.10704402515723271,0.1909433962264151,1.7664,0.6072000000000001,1.8515723270440252,3.7610062893081757,5.149685534591195,0.781132075471698,0.1706918238993711,23.925786163522016,44.46666666666667,1.4356029532403611,0.47853431774678695,1.6065080667213563
Danilho Doekhi,Union Berlin,Bundesliga,DF,26.0,3060,1,1,2.6,1.4,2.6,0.94,0.12,13,96,14,13,0.9,78.3,24,44,169,883,1654,0.029411764705882353,0.029411764705882353,0.07647058823529412,0.041176470588235294,0.07647058823529412,0.38235294117647056,2.8235294117647056,0.411764705882353,0.38235294117647056,0.02647058823529412,0.7058823529411764,1.2941176470588234,4.970588235294118,25.970588235294116,48.647058823529406,-0.6121381792560646,-0.6371407837613767,-0.39926872651633966,-0.6694030144378464,-0.3790760399879336,-0.9145640595929344,-0.2979608550559442,-1.0150000433213073,-0.770056397955349,-0.9730298324181677,-0.33063698472106684,0.9629259089297659,1.3353020256957122,-0.3982791838159776,-0.4471243061841526,-0.2728918881737835,-0.7002017234738945,0.1272415684546606,0.92,0.027058823529411767,0.027058823529411767,0.07035294117647059,0.03788235294117647,0.07035294117647059,0.8648,0.1104,0.3517647058823529,2.5976470588235294,0.3788235294117648,0.3517647058823529,0.02435294117647059,23.892941176470586,44.755294117647054,0.7672634271099743,1.4066496163682862,5.4028132992327365
Matt Doherty,Wolves,Premier League,DF,32.0,2109,2,1,1.0,1.5,1.0,0.43,0.13,29,79,41,12,1.2,82.8,21,22,102,825,1534,0.08534850640113797,0.04267425320056899,0.04267425320056899,0.06401137980085349,0.04267425320056899,1.2375533428165006,3.37126600284495,1.7496443812233284,0.5120910384068279,0.05120910384068278,0.8961593172119487,0.9388335704125178,4.352773826458037,35.20625889046942,65.46230440967283,-0.2705277735782493,-0.4854304355653895,-0.6135100218401622,-0.39097286982552865,-0.6126790495107386,-0.32475223392580915,0.007860901191360258,-0.5154782387986916,-0.5661040505355479,-0.4807416130144096,-0.09481715123509672,0.4711740377359691,1.2791787302842599,0.45767624134369284,0.719516538044239,-0.7909690740456345,-0.685914030594893,0.3844500094988153,1.0,0.08534850640113797,0.04267425320056899,0.04267425320056899,0.06401137980085349,0.04267425320056899,0.43,0.13,1.2375533428165006,3.37126600284495,1.7496443812233284,0.5120910384068279,0.05120910384068278,35.20625889046942,65.46230440967283,0.8961593172119487,0.9388335704125178,4.352773826458037
Jeremy Doku,Manchester City,Premier League,"FW,MF",22.0,1516,3,6,1.3,4.8,1.3,1.72,0.53,213,69,286,32,3.8,79.1,22,4,2,796,1027,0.17810026385224276,0.3562005277044855,0.07717678100263853,0.28496042216358836,0.07717678100263853,12.645118733509236,4.096306068601583,16.978891820580476,1.8997361477572559,0.2255936675461741,1.3060686015831136,0.23746701846965698,0.11873350923482849,47.25593667546174,60.96965699208444,0.29402351516211006,2.496331406810118,-0.37713436316191595,2.193299070775029,-0.3567068363565725,7.296831107534286,0.39688024202848415,4.223354881368903,1.4861507774017093,1.9108993647416292,0.6277467743361672,-0.9890652542782894,-1.163600618421836,1.654185379096781,0.42854832641507745,0.5464938542214344,0.3158761031455207,-0.07043308086320398,1.0,0.17810026385224276,0.3562005277044855,0.07717678100263853,0.28496042216358836,0.07717678100263853,1.72,0.53,12.645118733509236,4.096306068601583,16.978891820580476,1.8997361477572559,0.2255936675461741,47.25593667546174,60.96965699208444,1.3060686015831136,0.23746701846965698,0.11873350923482849
Nicolás Domínguez,Nott'ham Forest,Premier League,"MF,FW",26.0,1963,0,1,1.5,1.3,1.5,0.96,0.41,16,83,33,13,1.6,86.7,45,29,54,471,1218,0.0,0.04584819154355578,0.06877228731533368,0.059602649006622516,0.06877228731533368,0.7335710646968925,3.80539989811513,1.5129903209373408,0.5960264900662252,0.07335710646968925,2.06316861946001,1.3295975547631178,2.4758023433520124,21.594498217014774,55.843097300050935,-0.7900177606680123,-0.4552449965423122,-0.4347132670205105,-0.4425384216077721,-0.4190592779492897,-0.6614711396479229,0.24079489994467426,-0.589117077708562,-0.4419678901135739,-0.17698725805648655,1.9623180607768482,1.284741383187706,0.19628229247975948,-0.8939446332809641,0.09652451801173598,-0.2414688011917225,0.015339063023396484,0.8639213750155387,1.0,0.0,0.04584819154355578,0.06877228731533368,0.059602649006622516,0.06877228731533368,0.96,0.41,0.7335710646968925,3.80539989811513,1.5129903209373408,0.5960264900662252,0.07335710646968925,21.594498217014774,55.843097300050935,2.06316861946001,1.3295975547631178,2.4758023433520124
Patrick Dorgu,Manchester Utd,Premier League,DF,19.0,842,0,0,0.4,0.7,0.4,1.07,0.21,41,34,83,12,1.3,81.0,24,4,23,354,602,0.0,0.0,0.04275534441805225,0.07482185273159145,0.04275534441805225,4.382422802850357,3.634204275534442,8.871733966745843,1.2826603325415677,0.13895486935866982,2.5653206650831355,0.4275534441805226,2.4584323040380047,37.83847980997625,64.34679334916865,-0.7900177606680123,-0.891279865718134,-0.6129544686338699,-0.26453103708084025,-0.6120774385642701,1.7763871298876566,0.14894010267765725,1.7006781502197965,0.5735277930044024,0.7226697668586722,2.8474820889000663,-0.5933069066173524,0.18626085429225106,0.7190505651199998,0.6472699920418198,-0.12742157475034444,-0.4855560038468103,0.16315553310648212,1.0,0.0,0.0,0.04275534441805225,0.07482185273159145,0.04275534441805225,1.07,0.21,4.382422802850357,3.634204275534442,8.871733966745843,1.2826603325415677,0.13895486935866982,37.83847980997625,64.34679334916865,2.5653206650831355,0.4275534441805226,2.4584323040380047
Niklas Dorsch,Heidenheim,Bundesliga,MF,26.0,1335,2,2,1.0,1.1,1.0,0.61,0.2,13,57,21,13,2.0,83.4,16,17,17,459,798,0.1348314606741573,0.1348314606741573,0.06741573033707865,0.07415730337078652,0.06741573033707865,0.8764044943820225,3.842696629213483,1.4157303370786518,0.8764044943820225,0.1348314606741573,1.0786516853932584,1.146067415730337,1.146067415730337,30.9438202247191,53.79775280898876,-0.047645517555609654,0.3166637143685483,-0.456980465473139,-0.2830275766152074,-0.44294974449894964,-0.48342280698181306,0.24053553034460615,-0.6956220256648556,-0.038722889002577546,0.2863285169661024,0.4363757844405289,0.6877130355673826,-0.6571707371720196,0.0703864244288182,-0.14027756434405947,-0.6086497304755011,-0.5080665452210017,0.7415489686531571,0.92,0.12404494382022473,0.12404494382022473,0.06202247191011236,0.0682247191011236,0.06202247191011236,0.5612,0.18400000000000002,0.8062921348314608,3.5352808988764046,1.3024719101123596,0.8062921348314608,0.12404494382022473,28.468314606741576,49.493932584269665,1.172447484123107,1.245725451880801,1.245725451880801
Abdoulaye Doucouré,Everton,Premier League,MF,31.0,2564,3,2,4.1,2.4,4.1,1.09,0.32,42,82,96,28,1.4,80.3,28,10,20,604,1161,0.10530421216848675,0.07020280811232449,0.1439157566302652,0.08424336973478938,0.1439157566302652,1.4742589703588145,2.878315132605304,3.369734789391576,0.982839313572543,0.049141965678627136,0.982839313572543,0.3510140405616225,0.702028081123245,21.201248049921997,40.752730109204364,-0.14906355857812714,-0.22362272984283119,0.08009211641635519,-0.154334759383092,0.13842567663051508,-0.16660528443049683,-0.25663127194887875,-0.01136021757245027,0.13010812499989216,-0.5090918994732787,0.05797723724745815,-0.7526613044597543,-0.8270757325757213,-0.9329935959789932,-0.8808095004910899,-0.10668571539736661,-0.21006371706819651,0.07709657006501872,1.0,0.10530421216848675,0.07020280811232449,0.1439157566302652,0.08424336973478938,0.1439157566302652,1.09,0.32,1.4742589703588145,2.878315132605304,3.369734789391576,0.982839313572543,0.049141965678627136,21.201248049921997,40.752730109204364,0.982839313572543,0.3510140405616225,0.702028081123245
Flynn Downes,Southampton,Premier League,MF,25.0,2151,1,0,0.6,1.1,0.6,0.42,0.13,29,66,29,15,1.4,90.4,25,32,51,641,1339,0.04184100418410042,0.0,0.02510460251046025,0.04602510460251046,0.02510460251046025,1.213389121338912,2.7615062761506275,1.213389121338912,0.6276150627615062,0.05857740585774058,1.0460251046025104,1.3389121338912133,2.1338912133891212,26.820083682008367,56.02510460251046,-0.5353444964252624,-0.891279865718134,-0.7338791083733539,-0.60134457279353,-0.7430272488453681,-0.3408967504431725,-0.3193049178452823,-0.6823429638301488,-0.3952500366907458,-0.3796871809820004,0.16935742537122467,1.3041342589867349,-0.0009792791610771204,-0.3750543467073351,0.1083122979948185,-0.8013370037221235,-0.685914030594893,1.318804465377558,1.0,0.04184100418410042,0.0,0.02510460251046025,0.04602510460251046,0.02510460251046025,0.42,0.13,1.213389121338912,2.7615062761506275,1.213389121338912,0.6276150627615062,0.05857740585774058,26.820083682008367,56.02510460251046,1.0460251046025104,1.3389121338912133,2.1338912133891212
Radu Drăgușin,Tottenham,Premier League,DF,22.0,1252,0,0,0.1,0.4,0.1,0.36,0.07,7,37,2,4,0.2,85.2,6,15,49,623,961,0.0,0.0,0.007188498402555911,0.028753993610223644,0.007188498402555911,0.5031948881789137,2.659744408945687,0.1437699680511182,0.2875399361022364,0.014376996805111822,0.43130990415335463,1.0782747603833864,3.522364217252396,44.784345047923324,69.08146964856229,-0.7900177606680123,-0.891279865718134,-0.8566217356309398,-0.8033515470853204,-0.8759457655960636,-0.8153892781011335,-0.3739051204714759,-1.0151727172207587,-0.8982034329482119,-0.9858848126850929,-0.9142262973694395,0.761489428392459,0.8000837542437421,1.408761225861166,0.9539133066460735,-0.8635445817810569,-0.836182550655955,0.6795093113552607,1.0,0.0,0.0,0.007188498402555911,0.028753993610223644,0.007188498402555911,0.36,0.07,0.5031948881789137,2.659744408945687,0.1437699680511182,0.2875399361022364,0.014376996805111822,44.784345047923324,69.08146964856229,0.43130990415335463,1.0782747603833864,3.522364217252396
Patrick Drewes,Bochum,Bundesliga,GK,31.0,1890,0,0,0.0,0.0,0.0,0.0,0.0,0,0,0,0,0.0,65.7,0,0,11,479,913,0.0,0.0,0.0,0.0,0.0,0.0,0.0,0.0,0.0,0.0,0.0,0.0,0.5238095238095238,22.80952380952381,43.47619047619048,-0.7696298623010193,-0.9032492487568731,-0.8866591058814253,-1.1517915871101994,-0.9185057926831566,-1.248229898570237,-1.7898263274496862,-1.1459891842034466,-1.336044939666624,-1.2806681483244808,-1.7830654199419607,-1.442729475193211,-0.9813504082015334,-0.6961704112823075,-0.755172912710621,-1.2292930147301913,-0.9884044908532337,-1.3904590673298571,0.92,0.0,0.0,0.0,0.0,0.0,0.0,0.0,0.0,0.0,0.0,0.0,0.0,20.984761904761907,39.998095238095246,0.0,0.0,0.5693581780538303
Martin Dúbravka,Newcastle Utd,Premier League,GK,35.0,900,0,0,0.0,0.0,0.0,0.0,0.0,0,0,0,0,0.0,79.6,0,0,3,202,350,0.0,0.0,0.0,0.0,0.0,0.0,0.0,0.0,0.0,0.0,0.0,0.0,0.30000000000000004,20.2,35.0,-0.7900177606680123,-0.891279865718134,-0.9058698966514711,-1.1396650158946402,-0.9292768100897674,-1.1515821155650607,-1.8009876578806308,-1.0599091291149787,-1.3234600191706214,-1.1830617529230112,-1.6745139740950574,-1.4834695995757803,-1.059021066249791,-1.0324155442057934,-1.253387501005303,-1.2367900501346574,-1.0114958240605274,-0.008962392976444666,1.0,0.0,0.0,0.0,0.0,0.0,0.0,0.0,0.0,0.0,0.0,0.0,0.0,20.2,35.0,0.0,0.0,0.30000000000000004
Marvin Ducksch,Werder Bremen,Bundesliga,FW,30.0,2418,8,8,10.1,8.5,8.5,2.61,1.0,26,86,166,61,9.1,61.7,7,8,26,538,1105,0.2977667493796526,0.2977667493796526,0.3759305210918114,0.31637717121588094,0.31637717121588094,0.967741935483871,3.2009925558312657,6.1786600496277915,2.270471464019851,0.3387096774193548,0.26054590570719605,0.2977667493796526,0.967741935483871,20.024813895781637,41.12903225806451,0.8248268791962873,1.7908513397831392,1.5093590694474122,2.5546147626499036,1.3132445202904948,-0.40371586443413615,-0.09852102298345546,0.8195444327908646,2.0248833925795626,2.6557791197240403,-1.2469643535918167,-0.8892062422120612,-0.7500735292025561,-0.9585948805780152,-0.8950021966572814,1.4262462834743028,1.413285237307926,-1.8722687929757358,0.92,0.27394540942928036,0.27394540942928036,0.3458560794044665,0.2910669975186105,0.2910669975186105,2.4012,0.92,0.8903225806451613,2.9449131513647644,5.684367245657568,2.088833746898263,0.3116129032258064,18.42282878411911,37.83870967741935,0.28320207142086523,0.32365951019527456,1.0518934081346423
Lewis Dunk,Brighton,Premier League,DF,32.0,2083,0,0,0.8,0.5,0.8,0.52,0.13,20,142,3,6,1.0,91.0,10,13,79,1341,2127,0.0,0.0,0.03456553048487759,0.021603456553048486,0.03456553048487759,0.8641382621219396,6.13538166106577,0.12962073931829093,0.25924147863658187,0.04320691310609697,0.4320691310609698,0.5616898703792607,3.4133461353816608,57.94047047527605,91.90110417666827,-0.7900177606680123,-0.891279865718134,-0.6690626087102131,-0.8869859094680509,-0.6728371837580642,-0.574237032916632,1.4909437019142227,-1.0195754845939295,-0.9400553773436002,-0.5904896713630653,-0.9128879769271318,-0.31403598974345304,0.7371870647752692,2.7151384230057225,2.4318365958585266,-0.6976577069572343,-0.685914030594893,1.3925692908416683,1.0,0.0,0.0,0.03456553048487759,0.021603456553048486,0.03456553048487759,0.52,0.13,0.8641382621219396,6.13538166106577,0.12962073931829093,0.25924147863658187,0.04320691310609697,57.94047047527605,91.90110417666827,0.4320691310609698,0.5616898703792607,3.4133461353816608
Jáder Durán,Aston Villa,Premier League,FW,20.0,638,7,0,4.9,0.2,4.9,4.37,2.12,7,13,44,4,0.3,70.6,7,0,13,133,263,0.987460815047022,0.0,0.6912225705329154,0.02821316614420063,0.6912225705329154,0.987460815047022,1.8338557993730407,6.206896551724138,0.5642633228840125,0.04231974921630094,0.987460815047022,0.0,1.8338557993730407,18.761755485893417,37.10031347962382,5.220351110339959,-0.891279865718134,3.829672708814903,-0.8096771922666868,4.198862559188824,-0.4918431931436862,-0.8170346214123005,0.8714697568010003,-0.4889439596871471,-0.6026569037587318,0.06612374764562044,-1.4834695995757803,-0.1740811530987426,-1.1752303757853644,-1.117359809485542,3.2939952184909944,4.297991884763666,-1.1154347749381124,1.0,0.987460815047022,0.0,0.6912225705329154,0.02821316614420063,0.6912225705329154,4.37,2.12,0.987460815047022,1.8338557993730407,6.206896551724138,0.5642633228840125,0.04231974921630094,18.761755485893417,37.10031347962382,0.987460815047022,0.0,1.8338557993730407
Ederson,Manchester City,Premier League,GK,30.0,2320,0,4,0.0,1.5,0.0,0.0,0.0,0,2,0,4,0.2,87.9,0,1,11,654,975,0.0,0.15517241379310345,0.0,0.05818965517241379,0.0,0.0,0.07758620689655173,0.0,0.15517241379310345,0.007758620689655173,0.0,0.03879310344827586,0.4267241379310345,25.370689655172413,37.82327586206897,-0.7900177606680123,0.5844726311648631,-0.9058698966514711,-0.45906512966198665,-0.9292768100897674,-1.1515821155650607,-1.7593588755685092,-1.0599091291149787,-1.093968102812666,-1.0766541972428931,-1.6745139740950574,-1.4027026828224403,-0.9859090777169255,-0.5189763028175556,-1.070536844773982,-1.2367900501346574,-1.0114958240605274,1.0114510259437612,1.0,0.0,0.15517241379310345,0.0,0.05818965517241379,0.0,0.0,0.0,0.0,0.07758620689655173,0.0,0.15517241379310345,0.007758620689655173,25.370689655172413,37.82327586206897,0.0,0.03879310344827586,0.4267241379310345
Johannes Eggestein,St. Pauli,Bundesliga,FW,26.0,1853,3,4,4.7,2.1,3.1,1.65,0.49,25,43,138,24,1.3,73.9,3,0,8,384,713,0.1457096600107933,0.19427954668105774,0.22827846735024285,0.10199676200755532,0.15056664867781977,1.214247166756611,2.088505126821371,6.7026443604964925,1.1656772800863464,0.06314085267134377,0.1457096600107933,0.0,0.38855909336211547,18.650836481381543,34.63032919589854,0.010604163793250953,0.85453143745191,0.5682888861540807,0.04311588648186756,0.14360360041470666,-0.1885994995597488,-0.6863249172501865,0.9862324799592911,0.38948117197254933,-0.5468519819424497,-1.4832522108367303,-1.442729475193211,-1.0518122546775934,-1.088075259133387,-1.2821550476015071,0.4494961967783969,0.1884234759457346,-0.40274912975580507,0.92,0.13405288720992983,0.17873718294657312,0.21001618996222343,0.0938370210469509,0.1385213167835942,1.518,0.45080000000000003,1.1171073934160822,1.9214247166756613,6.166432811656773,1.0724230976794387,0.05808958445763627,17.15876956287102,31.859902860226658,0.15838006522912315,0.0,0.42234684061099503
Maximilian Eggestein,Freiburg,Bundesliga,MF,27.0,2845,2,0,2.0,1.5,2.0,1.14,0.32,34,141,41,19,2.5,83.5,32,39,54,813,1757,0.0632688927943761,0.0,0.0632688927943761,0.04745166959578208,0.0632688927943761,1.0755711775043937,4.460456942003515,1.29701230228471,0.6010544815465729,0.07908611599297012,1.0123022847100176,1.233743409490334,1.7082601054481545,25.718804920913886,55.5817223198594,-0.4308428323413982,-0.9032492487568731,-0.48341061031371896,-0.595888110191771,-0.47220187400061436,-0.30961711265166025,0.566940942318196,-0.7333881895995503,-0.44631737943697586,-0.36153785475553146,0.29985479647324054,0.8506953014582996,-0.3642834253770051,-0.4220066472503839,-0.03399960772344275,-0.06940228677880313,-0.21986377784166253,0.7535942117943034,0.92,0.05820738137082601,0.0,0.05820738137082601,0.043655536028119515,0.05820738137082601,1.0488,0.2944,0.9895254833040422,4.103620386643234,1.1932513181019333,0.5529701230228471,0.07275922671353252,23.661300527240776,51.13518453427065,1.1003285703369756,1.3410254450981889,1.8568044624436462
Hugo Ekitike,Eint Frankfurt,Bundesliga,FW,22.0,2563,15,8,21.6,6.8,19.3,4.0,1.55,93,53,215,44,5.4,75.5,12,7,24,633,1054,0.5267264923917284,0.28092079594225516,0.758486149044089,0.2387826765509169,0.6777214202106906,3.265704252828716,1.8611002731174406,7.5497463909481075,1.5450643776824033,0.18962153726102224,0.42138119391338275,0.24580569644947328,0.8427623878267655,22.22785797893094,37.01131486539212,2.0508415585976985,1.6384344122223504,3.947602803916993,1.6455835369537657,3.862196259400411,1.601634276709956,-0.8064785972798937,1.2557096003224821,0.951079441497459,0.9230928661272972,-0.916028546790198,-0.985797450152295,-0.81518452123808,-0.7509852220270485,-1.1403105316751931,2.840499013169417,2.734214587796564,-0.21002523949745425,0.92,0.48458837300039015,0.25844713226687477,0.6978072571205619,0.21968006242684354,0.6235037065938354,3.68,1.4260000000000002,3.004447912602419,1.7122122512680455,6.945766679672259,1.421459227467811,0.17445181428014048,20.449629340616465,34.050409676160754,0.4580230368623725,0.267180104836384,0.916046073724745
Anthony Elanga,Nott'ham Forest,Premier League,"FW,MF",22.0,2501,6,11,4.5,5.7,4.5,1.58,0.86,102,63,229,50,5.1,65.3,14,6,25,600,1115,0.21591363454618154,0.39584166333466614,0.16193522590963613,0.20511795281887246,0.16193522590963613,3.670531787285086,2.267093162734906,8.240703718512595,1.7992802878848462,0.1835265893642543,0.5037984806077569,0.21591363454618154,0.8996401439424231,21.59136345461815,40.12395041983207,0.5241818188269621,2.8733346605167807,0.20354289499056274,1.2594427797979122,0.2721110534749159,1.3007609538068114,-0.584581655733549,1.504322614461194,1.3375817938564512,1.3339598360557068,-0.7864477074252835,-1.0339392192453147,-0.7130657964524673,-0.894255908978055,-0.9215326832205293,0.4013428387505898,1.1423529634813618,-1.7670240665377606,1.0,0.21591363454618154,0.39584166333466614,0.16193522590963613,0.20511795281887246,0.16193522590963613,1.58,0.86,3.670531787285086,2.267093162734906,8.240703718512595,1.7992802878848462,0.1835265893642543,21.59136345461815,40.12395041983207,0.5037984806077569,0.21591363454618154,0.8996401439424231
Nico Elvedi,Gladbach,Bundesliga,DF,27.0,2135,1,1,2.0,0.4,2.0,0.51,0.13,20,55,5,5,0.3,92.0,23,30,163,953,1827,0.04215456674473068,0.04215456674473068,0.08430913348946135,0.01686182669789227,0.08430913348946135,0.8430913348946136,2.3185011709601873,0.2107728337236534,0.2107728337236534,0.012646370023419205,0.9695550351288057,1.2646370023419204,6.871194379391101,40.17330210772833,77.01639344262296,-0.54390407770263,-0.5218478890911968,-0.3493092370804302,-0.9542527403551107,-0.32378230385325846,-0.5124940187139617,-0.5648021324659489,-1.0789388712058978,-1.0240426089808914,-1.1336934025519096,0.21189775864598867,0.908123880805185,2.3254668473070716,0.9401509457064537,1.242946569821088,-0.7103945311729913,-0.6761848261922829,1.777439878791796,0.92,0.038782201405152227,0.038782201405152227,0.07756440281030445,0.01551288056206089,0.07756440281030445,0.4692,0.11960000000000001,0.7756440281030446,2.1330210772833724,0.19391100702576114,0.19391100702576114,0.011634660421545668,36.95943793911007,70.85508196721312,1.053864168618267,1.3746054373281744,7.4686895428164135
Julio Enciso,Ipswich Town,Premier League,"MF,FW",20.0,869,2,3,1.7,1.4,1.7,3.31,1.14,23,28,44,13,1.1,69.0,9,1,6,205,406,0.20713463751438435,0.3107019562715765,0.1760644418872267,0.14499424626006904,0.1760644418872267,2.38204833141542,2.899884925201381,4.556962025316456,1.3463751438434983,0.11392405063291139,0.9321058688147296,0.10356731875719218,0.621403912543153,21.231300345224398,42.04833141542002,0.47074677646928376,2.063621566475669,0.30034167890777597,0.5562217738895244,0.37693487115763424,0.43990382025792957,-0.24505802669799356,0.3580652428233351,0.6677586797234916,0.3793783051647956,-0.03145268883532181,-1.2678433085887273,-0.8735908905001527,-0.9300094625787988,-0.7968993334973188,2.1949946727831704,1.8436060570996513,-1.3121409761757414,1.0,0.20713463751438435,0.3107019562715765,0.1760644418872267,0.14499424626006904,0.1760644418872267,3.31,1.14,2.38204833141542,2.899884925201381,4.556962025316456,1.3463751438434983,0.11392405063291139,21.231300345224398,42.04833141542002,0.9321058688147296,0.10356731875719218,0.621403912543153
Christian Eriksen,Manchester Utd,Premier League,MF,32.0,1061,1,2,1.4,3.2,0.6,1.19,0.08,13,55,29,31,2.6,78.8,9,7,8,473,850,0.08482563619227144,0.1696512723845429,0.11875589066918,0.27144203581526866,0.05089538171536286,1.1027332704995287,4.665409990574929,2.459943449575872,2.629594721960415,0.22054665409990576,0.7634307257304429,0.5937794533459001,0.6786050895381716,40.12252591894439,72.10179076343073,-0.2737103229807784,0.7221724400163397,-0.09227727990512757,2.0351848461168083,-0.5516869832879737,-0.41482775679801076,0.7022322398699461,-0.2944568939333866,2.5655735869707916,1.8416808288982471,-0.3287832889954249,-0.24722574653690807,-0.8405893497928709,0.9458518198252109,1.1495256820794446,-0.0030064186324776877,-0.8111377973124447,-0.10731549359525921,1.0,0.08482563619227144,0.1696512723845429,0.11875589066918,0.27144203581526866,0.05089538171536286,1.19,0.08,1.1027332704995287,4.665409990574929,2.459943449575872,2.629594721960415,0.22054665409990576,40.12252591894439,72.10179076343073,0.7634307257304429,0.5937794533459001,0.6786050895381716
Patrick Erras,Holstein Kiel,Bundesliga,DF,29.0,832,1,0,0.9,0.1,0.9,0.87,0.11,3,25,1,3,0.2,92.0,5,9,64,282,622,0.10817307692307693,0.0,0.09735576923076923,0.010817307692307692,0.09735576923076923,0.3245192307692308,2.7043269230769234,0.10817307692307693,0.3245192307692308,0.021634615384615384,0.5408653846153847,0.9735576923076923,6.923076923076923,30.504807692307693,67.28365384615385,-0.1903936241789508,-0.9032492487568731,-0.26615563658989155,-1.0250651935338428,-0.23175027358060293,-0.9650334856808472,-0.3609437573610283,-1.1115775452010987,-0.855666351194961,-1.029232986285667,-0.6701770455990279,0.36703203263968875,2.3524962609354403,0.029014922764068876,0.663129666936638,-0.3441132486620266,-0.7242186207555061,1.777439878791796,0.92,0.09951923076923078,0.0,0.0895673076923077,0.009951923076923077,0.0895673076923077,0.8004,0.1012,0.29855769230769236,2.4879807692307696,0.09951923076923078,0.29855769230769236,0.019903846153846154,28.06442307692308,61.90096153846155,0.5878971571906355,1.0582148829431437,7.525083612040134
Samuel Essende,Augsburg,Bundesliga,FW,26.0,1636,7,2,4.2,1.3,4.2,2.42,0.72,33,21,118,11,1.4,64.8,6,0,11,347,564,0.3850855745721271,0.1100244498777506,0.2310513447432763,0.07151589242053791,0.2310513447432763,1.815403422982885,1.1552567237163813,6.491442542787286,0.6051344743276283,0.07701711491442542,0.33007334963325186,0.0,0.6051344743276283,19.08924205378973,31.02689486552567,1.292394496392701,0.0922176251871596,0.5859620046132334,-0.3139721048841165,0.7113491964176064,0.3360082253684508,-1.1794244627898076,0.9190457000841373,-0.4402778570071581,-0.38558356170220087,-1.1039042017610414,-1.442729475193211,-0.9389822903395495,-1.0467609559423254,-1.4968255535238353,1.2329311621490715,0.7408121134228013,-1.4988662556001804,0.92,0.35427872860635695,0.10122249388753056,0.2125672371638142,0.06579462102689487,0.2125672371638142,2.2264,0.6624,1.6701711491442544,1.062836185819071,5.972127139364304,0.5567237163814182,0.07085574572127139,17.56210268948655,28.54474327628362,0.3587753800361433,0.0,0.657754863399596
Pervis Estupiñán,Brighton,Premier League,DF,26.0,2402,1,1,1.2,2.1,1.2,1.05,0.34,59,132,112,26,2.5,83.1,43,37,65,1023,1915,0.03746877601998335,0.03746877601998335,0.044962531223980015,0.07868442964196504,0.044962531223980015,2.2106577851790177,4.945878434637802,4.196502914238135,0.9741881765195671,0.09367194004995837,1.611157368859284,1.3863447127393838,2.435470441298918,38.330557868442966,71.7527060782681,-0.56195689830908,-0.5349366316664528,-0.5978331059884984,-0.21935342951509862,-0.5957024501924293,0.3253949581702421,0.8527172328904222,0.24590240740773142,0.11731354397591007,0.10162563871871172,1.1655392707148484,1.4028884912263493,0.17301327989417561,0.7679129416871588,1.1269170646857787,-0.14815743410332227,-0.1599742103811758,0.42133242223087053,1.0,0.03746877601998335,0.03746877601998335,0.044962531223980015,0.07868442964196504,0.044962531223980015,1.05,0.34,2.2106577851790177,4.945878434637802,4.196502914238135,0.9741881765195671,0.09367194004995837,38.330557868442966,71.7527060782681,1.611157368859284,1.3863447127393838,2.435470441298918
Evanilson,Bournemouth,Premier League,FW,24.0,2319,10,1,12.5,1.9,11.7,2.79,1.2,29,28,99,26,1.8,71.3,10,1,21,333,558,0.3880983182406209,0.0388098318240621,0.4851228978007762,0.07373868046571798,0.4540750323415265,1.125485122897801,1.0866752910737387,3.8421733505821476,1.0090556274256146,0.06985769728331177,0.3880983182406209,0.0388098318240621,0.815006468305304,12.923673997412678,21.65588615782665,1.5722167860596938,-0.5221826478690015,2.4176907759285764,-0.27720007453671675,2.439478999145123,-0.3996268674507089,-1.217933389015727,0.13564688241257106,0.16888068746067167,-0.22498078586787476,-0.9903971340343464,-1.4026678544840387,-0.7618941919239187,-1.7549403043458158,-2.117624682234478,1.6558623296057473,1.9938745771607134,-1.029375811896649,1.0,0.3880983182406209,0.0388098318240621,0.4851228978007762,0.07373868046571798,0.4540750323415265,2.79,1.2,1.125485122897801,1.0866752910737387,3.8421733505821476,1.0090556274256146,0.06985769728331177,12.923673997412678,21.65588615782665,0.3880983182406209,0.0388098318240621,0.815006468305304
Eberechi Eze,Crystal Palace,Premier League,"MF,FW",26.0,2588,8,8,10.5,6.2,8.9,3.48,0.94,69,97,153,58,4.7,74.2,22,11,10,840,1414,0.2782071097372488,0.2782071097372488,0.3651468315301391,0.21561051004636786,0.30950540958268935,2.399536321483771,3.3732612055641424,5.320710973724884,2.017001545595054,0.1634466769706337,0.7650695517774343,0.38253477588871715,0.34775888717156106,29.21174652241113,49.173106646058734,0.9033429545905816,1.7545824161741017,1.5957387771348617,1.3821661957412403,1.3669255182890692,0.451587836015517,0.008931424715941915,0.5957184050444491,1.6595801919119215,1.0585688250059018,-0.325894463035654,-0.6870353972785471,-1.0314671426781834,-0.13756696372265925,-0.33546024993987694,2.371249477283482,1.3427109902294445,-0.6728458221534442,1.0,0.2782071097372488,0.2782071097372488,0.3651468315301391,0.21561051004636786,0.30950540958268935,3.48,0.94,2.399536321483771,3.3732612055641424,5.320710973724884,2.017001545595054,0.1634466769706337,29.21174652241113,49.173106646058734,0.7650695517774343,0.38253477588871715,0.34775888717156106
Łukasz Fabiański,West Ham,Premier League,GK,39.0,1160,0,0,0.0,0.0,0.0,0.0,0.0,0,0,0,0,0.0,67.1,0,0,5,285,530,0.0,0.0,0.0,0.0,0.0,0.0,0.0,0.0,0.0,0.0,0.0,0.0,0.3879310344827586,22.112068965517242,41.12068965517241,-0.7900177606680123,-0.891279865718134,-0.9058698966514711,-1.1396650158946402,-0.9292768100897674,-1.1515821155650607,-1.8009876578806308,-1.0599091291149787,-1.3234600191706214,-1.1830617529230112,-1.6745139740950574,-1.4834695995757803,-1.008290298696374,-0.8425508830855679,-0.8569784447480882,-1.2367900501346574,-1.0114958240605274,-1.5457295901454275,1.0,0.0,0.0,0.0,0.0,0.0,0.0,0.0,0.0,0.0,0.0,0.0,0.0,22.112068965517242,41.12068965517241,0.0,0.0,0.3879310344827586
Wout Faes,Leicester City,Premier League,DF,26.0,2815,1,0,1.5,0.1,1.5,0.38,0.03,12,86,1,4,0.4,88.0,26,26,185,1107,1906,0.03197158081705151,0.0,0.047957371225577264,0.0031971580817051507,0.047957371225577264,0.3836589698046181,2.74955595026643,0.03197158081705151,0.12788632326820604,0.012788632326820603,0.8312611012433393,0.8312611012433393,5.91474245115453,35.39253996447602,60.93783303730018,-0.5954166269606748,-0.891279865718134,-0.5773155577649434,-1.1022703033769432,-0.5734839093466918,-0.8952532046258045,-0.32571685025815916,-1.0499606410702962,-1.1343228092415072,-1.007668836988465,-0.20921590110676186,0.24720905710680438,2.180338004610156,0.4761735830333569,0.4264872345131642,-0.842808722428079,-0.9363615640299964,1.0237451635211126,1.0,0.03197158081705151,0.0,0.047957371225577264,0.0031971580817051507,0.047957371225577264,0.38,0.03,0.3836589698046181,2.74955595026643,0.03197158081705151,0.12788632326820604,0.012788632326820603,35.39253996447602,60.93783303730018,0.8312611012433393,0.8312611012433393,5.91474245115453
Bruno Fernandes,Manchester Utd,Premier League,MF,29.0,3018,8,10,9.9,8.5,7.6,2.77,0.78,77,325,129,91,8.0,76.1,50,26,35,1542,2649,0.23856858846918488,0.2982107355864811,0.2952286282306163,0.25347912524850896,0.22664015904572563,2.2962226640159047,9.691848906560637,3.8469184890656063,2.713717693836978,0.23856858846918488,1.4910536779324055,0.7753479125248509,1.043737574552684,45.984095427435385,78.99602385685886,0.6620755233244466,1.9448249990669497,1.1167315155992907,1.825086421372408,0.7521531255182197,0.3825622706354716,3.399161756191559,0.13712341101286707,2.6899870800251664,2.088847182502747,0.9538275635139372,0.13079826608408576,-0.6299304927416125,1.5278940622509343,1.5960336065375293,1.6351264702527695,0.9419949367332793,-0.43925720818375985,1.0,0.23856858846918488,0.2982107355864811,0.2952286282306163,0.25347912524850896,0.22664015904572563,2.77,0.78,2.2962226640159047,9.691848906560637,3.8469184890656063,2.713717693836978,0.23856858846918488,45.984095427435385,78.99602385685886,1.4910536779324055,0.7753479125248509,1.043737574552684
Mateus Fernandes,Southampton,Premier League,MF,20.0,2909,2,4,4.0,3.0,4.0,1.3,0.43,76,145,108,34,3.6,79.9,48,28,35,897,1760,0.061876933654176694,0.12375386730835339,0.12375386730835339,0.09281540048126503,0.12375386730835339,2.3513234788587143,4.48607768992781,3.3413544173255416,1.0519078721210038,0.11137848057751805,1.4850464077002405,0.8662770711584736,1.082846338948092,27.751804743898248,54.451701615675496,-0.41339198453452647,0.28566953021467906,-0.05803630988344027,-0.05407427264283127,-0.011154187798709577,0.41937603747563107,0.6060117181588548,-0.02019124140634232,0.23225692499537431,0.3444664441212386,0.943238301629861,0.3201120134517114,-0.6073671549222012,-0.28253629068290476,0.006410187569002113,0.11104080780890038,0.06542856971041722,0.02792001975561232,1.0,0.061876933654176694,0.12375386730835339,0.12375386730835339,0.09281540048126503,0.12375386730835339,1.3,0.43,2.3513234788587143,4.48607768992781,3.3413544173255416,1.0519078721210038,0.11137848057751805,27.751804743898248,54.451701615675496,1.4850464077002405,0.8662770711584736,1.082846338948092
Enzo Fernández,Chelsea,Premier League,MF,23.0,2947,6,7,6.1,6.8,6.1,1.62,0.61,60,212,126,77,6.2,79.9,33,13,23,1211,2210,0.18323719036308111,0.2137767220902613,0.1862911435357991,0.20766881574482526,0.1862911435357991,1.832371903630811,6.474380726162198,3.8479809976247026,2.351543942992874,0.18934509670851715,1.007804546996946,0.39701391245334233,0.7024092297251442,36.9833729216152,67.4923651170682,0.32529039960240885,1.1418233366384893,0.3704044682823623,1.289278272241621,0.4528061658427563,0.07265589647091858,1.6728332264753103,0.13745402818685132,2.1543509698169214,1.4137592190871953,0.10198447922445551,-0.6568899561143832,-0.8268558334099717,0.6341401447804689,0.8509942790343248,0.4428145574565454,0.5162341298936034,0.02792001975561232,1.0,0.18323719036308111,0.2137767220902613,0.1862911435357991,0.20766881574482526,0.1862911435357991,1.62,0.61,1.832371903630811,6.474380726162198,3.8479809976247026,2.351543942992874,0.18934509670851715,36.9833729216152,67.4923651170682,1.007804546996946,0.39701391245334233,0.7024092297251442
Kilian Fischer,Wolfsburg,Bundesliga,DF,23.0,2297,1,0,0.3,0.5,0.3,0.24,0.04,51,110,89,12,1.0,78.6,44,19,98,704,1529,0.0391815411406182,0.0,0.011754462342185459,0.0195907705703091,0.011754462342185459,1.998258598171528,4.309969525468001,3.4871571615150194,0.4701784936874184,0.0391815411406182,1.7239878101872008,0.7444492816717457,3.8397910317805835,27.583804962995213,59.90857640400522,-0.5598237891109622,-0.9032492487568731,-0.8117412584789356,-0.9222827506810992,-0.8355888587267897,0.49557944575171586,0.48742805329935945,-0.03666700534152153,-0.6400501889336271,-0.8253045113712965,1.764223879835669,-0.058861148592210706,0.7461870137437836,-0.24625345878919658,0.2237678080628082,-0.9851054930562149,-0.8923369017267874,0.16337729787810118,0.92,0.03604701784936874,0.0,0.010814105354810623,0.01802350892468437,0.010814105354810623,0.2208,0.0368,1.8383979103178059,3.9651719634305613,3.208184588593818,0.4325642141924249,0.03604701784936874,25.377100565955597,55.1158902916848,1.8738997936817399,0.8091840018171149,4.1736859041093295
Mark Flekken,Brentford,Premier League,GK,31.0,3275,0,2,0.0,0.5,0.0,0.0,0.0,0,0,0,3,0.1,73.0,4,0,26,1122,1824,0.0,0.0549618320610687,0.0,0.013740458015267175,0.0,0.0,0.0,0.0,0.08244274809160305,0.0027480916030534356,0.1099236641221374,0.0,0.7145038167938932,30.83358778625954,50.12519083969466,-0.7900177606680123,-0.36857058437942364,-0.9058698966514711,-0.9789533888147667,-0.9292768100897674,-1.1515821155650607,-1.8009876578806308,-1.0599091291149787,-1.2015314895636466,-1.1453723591553968,-1.4807470181132818,-1.4834695995757803,-0.8198780048327408,0.023478661463813437,-0.2737981141448221,-1.2367900501346574,-1.0114958240605274,-0.8203754730816669,1.0,0.0,0.0549618320610687,0.0,0.013740458015267175,0.0,0.0,0.0,0.0,0.0,0.0,0.08244274809160305,0.0027480916030534356,30.83358778625954,50.12519083969466,0.1099236641221374,0.0,0.7145038167938932
Phil Foden,Manchester City,Premier League,"MF,FW",24.0,1777,7,2,5.2,4.8,5.2,2.73,0.81,50,103,128,43,5.3,84.1,5,9,7,722,1139,0.3545301069217782,0.10129431626336523,0.26336522228474957,0.24310635903207653,0.26336522228474957,2.5323579065841306,5.216657287563309,6.482836240855375,2.1778277996623525,0.2684299380979178,0.25323579065841306,0.4558244231851435,0.3545301069217782,36.567248171074844,57.6871131119865,1.3678974558221877,0.07207010410982136,0.8984363920827225,1.7037641092551739,1.0246141976300374,0.5403281364842879,0.998003287900065,0.9573329712001913,1.8974338435009652,2.49838817572845,-1.2281248485742953,-0.5344469649051323,-1.0275605677445208,0.5928197812528331,0.21595298259905993,1.5936547515468138,1.0171291967638103,0.5442737980043891,1.0,0.3545301069217782,0.10129431626336523,0.26336522228474957,0.24310635903207653,0.26336522228474957,2.73,0.81,2.5323579065841306,5.216657287563309,6.482836240855375,2.1778277996623525,0.2684299380979178,36.567248171074844,57.6871131119865,0.25323579065841306,0.4558244231851435,0.3545301069217782
Wesley Fofana,Chelsea,Premier League,DF,23.0,1172,0,0,0.4,0.4,0.4,0.23,0.0,19,32,4,6,0.2,90.2,12,14,55,557,933,0.0,0.0,0.030716723549488054,0.030716723549488054,0.030716723549488054,1.4590443686006824,2.4573378839590445,0.30716723549488056,0.4607508532423208,0.015358361774744027,0.9215017064846416,1.075085324232082,4.223549488054608,42.77303754266212,71.6467576791809,-0.7900177606680123,-0.891279865718134,-0.6954306557036724,-0.7803949963133532,-0.7013912547787873,-0.1767704118117817,-0.48250608840455883,-0.9643289453409797,-0.6420335098483646,-0.9724256358770441,-0.05014508115909591,0.7548490490150789,1.2046242807392145,1.2090423743020215,1.1200552717734993,-0.9983276675754126,-1.0114958240605274,1.2942161902228537,1.0,0.0,0.0,0.030716723549488054,0.030716723549488054,0.030716723549488054,0.23,0.0,1.4590443686006824,2.4573378839590445,0.30716723549488056,0.4607508532423208,0.015358361774744027,42.77303754266212,71.6467576791809,0.9215017064846416,1.075085324232082,4.223549488054608
Jonas Föhrenbach,Heidenheim,Bundesliga,DF,28.0,1832,0,1,0.3,1.3,0.3,0.39,0.05,36,59,50,14,2.1,72.5,24,16,57,521,1112,0.0,0.04912663755458515,0.014737991266375546,0.06386462882096071,0.014737991266375546,1.7685589519650655,2.8984716157205237,2.4563318777292578,0.6877729257641921,0.10316593886462883,1.1790393013100435,0.7860262008733624,2.800218340611354,25.594978165938862,54.62882096069869,-0.7696298623010193,-0.4587667690154873,-0.792725538477758,-0.4036078136812301,-0.8145428028917948,0.2951287183990127,-0.2583637160847948,-0.3645895212680404,-0.31794999816045055,-0.08168475554550962,0.642934040634423,0.01842683195571915,0.20459752583192284,-0.4336757874716224,-0.09076762348576616,-0.8324882920099795,-0.8683200044451758,-0.5713825337318633,0.92,0.0,0.04519650655021834,0.013558951965065503,0.058755458515283854,0.013558951965065503,0.3588,0.046000000000000006,1.6270742358078603,2.666593886462882,2.2598253275109172,0.6327510917030568,0.09491266375545852,23.547379912663754,50.2585152838428,1.2815644579456995,0.854376305297133,3.043715587621037
Fraser Forster,Tottenham,Premier League,GK,36.0,630,0,0,0.0,0.0,0.0,0.0,0.0,0,0,0,0,0.0,84.8,0,0,7,113,228,0.0,0.0,0.0,0.0,0.0,0.0,0.0,0.0,0.0,0.0,0.0,0.0,1.0,16.142857142857142,32.57142857142857,-0.7900177606680123,-0.891279865718134,-0.9058698966514711,-1.1396650158946402,-0.9292768100897674,-1.1515821155650607,-1.8009876578806308,-1.0599091291149787,-1.3234600191706214,-1.1830617529230112,-1.6745139740950574,-1.4834695995757803,-0.6551643676872954,-1.4352817941056197,-1.410674957532311,-1.2367900501346574,-1.0114958240605274,0.6303327610458526,1.0,0.0,0.0,0.0,0.0,0.0,0.0,0.0,0.0,0.0,0.0,0.0,0.0,16.142857142857142,32.57142857142857,0.0,0.0,1.0
Marco Friedl,Werder Bremen,Bundesliga,DF,26.0,2161,0,0,0.5,0.2,0.5,0.17,0.12,4,69,1,3,0.4,90.2,42,34,130,1069,1769,0.0,0.0,0.02082369273484498,0.008329477093937991,0.02082369273484498,0.16658954187875985,2.8736695974086066,0.04164738546968996,0.12494215640906987,0.016658954187875982,1.7491901897269784,1.4160111059694587,5.414160111059695,44.521055067098565,73.67422489588154,-0.7696298623010193,-0.9032492487568731,-0.7539379154730351,-1.054210504782084,-0.7716137694703115,-1.10285311897809,-0.2714683342308125,-1.1327404643284102,-1.1510958486863263,-1.0870595830155563,1.8160804711306389,1.1895155519843854,1.5663910751567809,1.3498728910197182,1.0438406761020722,-1.056326853544458,-0.7002017234738945,1.5606255022511508,0.92,0.0,0.0,0.019157797316057382,0.007663118926422952,0.019157797316057382,0.1564,0.1104,0.15326237852845906,2.643776029615918,0.038315594632114765,0.11494678389634429,0.015326237852845905,40.95937066173068,67.78028690421101,1.901293684485846,1.539142506488542,5.884956642456189
Marvin Friedrich,Gladbach,Bundesliga,DF,28.0,989,0,1,0.4,0.6,0.4,0.64,0.18,11,36,3,3,0.5,88.4,9,5,57,502,822,0.0,0.0910010111223458,0.03640040444893832,0.05460060667340748,0.03640040444893832,1.0010111223458038,3.276036400404449,0.2730030333670374,0.2730030333670374,0.0455005055611729,0.8190091001011123,0.455005055611729,5.18705763397371,45.68250758341759,74.80283114256825,-0.7696298623010193,-0.079900509741485,-0.6546587075214405,-0.5121372324760524,-0.6617343773845048,-0.37468302605129755,-0.0588701802587669,-1.0591424188345286,-0.9319246306591179,-0.7518661897393116,-0.0978666035456251,-0.5969135137748465,1.4480767761055267,1.4593254263459539,1.1110761108985951,-0.5781262902662541,-0.5561003397842249,1.3438111257105056,0.92,0.0,0.08372093023255815,0.03348837209302326,0.05023255813953488,0.03348837209302326,0.5888,0.1656,0.9209302325581395,3.0139534883720933,0.25116279069767444,0.25116279069767444,0.041860465116279076,42.027906976744184,68.8186046511628,0.8902272827186003,0.49457071262144453,5.638106123884468
Jeremie Frimpong,Leverkusen,Bundesliga,"DF,MF",23.0,2314,5,5,4.1,4.2,4.1,1.32,0.62,100,55,272,30,4.7,76.1,25,8,22,673,1205,0.1944684528954192,0.1944684528954192,0.15946413137424373,0.16335350043215213,0.15946413137424373,3.8893690579083837,2.139152981849611,10.579083837510804,1.166810717372515,0.18280034572169404,0.9723422644770959,0.3111495246326707,0.8556611927398443,26.17545375972342,46.866897147796024,0.2716937118510139,0.8562406019047925,0.12969613969971353,0.7619193450990487,0.2063671674448713,2.1458844132127086,-0.6595641596492198,2.21939178070031,0.3911589739393549,0.843817715194483,0.21763278112398549,-0.864328793538751,-0.8084645898596478,-0.37897314182573644,-0.553175415353022,0.1137383544766794,0.5006431406066854,-0.13775378065057312,0.92,0.17891097666378566,0.17891097666378566,0.14670700086430424,0.15028522039757997,0.14670700086430424,1.2144000000000001,0.5704,3.578219533275713,1.9680207433016423,9.73275713050994,1.0734658599827138,0.16817631806395852,24.08141745894555,43.11754537597234,1.0568937657359738,0.3382060050355116,0.9300665138476568
Chris Führich,Stuttgart,Bundesliga,"MF,FW",26.0,1981,2,3,2.9,3.7,2.9,1.64,0.55,114,95,202,32,6.0,80.5,10,6,19,782,1220,0.09086320040383644,0.13629480060575466,0.13175164058556282,0.16809692074709742,0.13175164058556282,5.179202423018677,4.316002019182231,9.17718324078748,1.453811206461383,0.2725896012115093,0.4543160020191822,0.2725896012115093,0.8632004038364463,35.527511357900046,55.426552246340236,-0.28308311811367864,0.3299035572293239,-0.04693126320566543,0.8174892305851852,0.010881002140244114,3.2714762043630996,0.4906154361001877,1.7734240905520111,0.815999404851221,1.8873387393528465,-0.8482616567382051,-0.9360084337942634,-0.8045368631006121,0.5023426246435816,-0.043243688545339505,0.4393217167086479,0.33252485963540435,0.3922369175598943,0.92,0.08359414437152952,0.1253912165572943,0.1212115093387178,0.15464916708732965,0.1212115093387178,1.5088,0.5060000000000001,4.7648662291771835,3.9707218576476526,8.443008581524483,1.3375063099444724,0.2507824331145886,32.685310449268044,50.99242806663302,0.493821741325198,0.2962930447951188,0.9382613085178763
Niclas Füllkrug,West Ham,Premier League,FW,31.0,790,3,2,2.2,1.9,2.2,1.82,0.8,7,14,31,14,0.4,67.2,3,1,16,123,277,0.34177215189873417,0.22784810126582278,0.25063291139240507,0.21645569620253166,0.25063291139240507,0.7974683544303798,1.5949367088607596,3.5316455696202533,1.5949367088607596,0.04556962025316456,0.34177215189873417,0.11392405063291139,1.8227848101265822,14.012658227848101,31.556962025316455,1.2902437256085262,1.2756478512239882,0.811207757968163,1.39205169171172,0.9301539361565339,-0.6187803022677988,-0.9452263607301803,0.039021009137214444,1.035368285673174,-0.5580857296878884,-1.0720581694998212,-1.2462806794900219,-0.1804684290514506,-1.6468063271694433,-1.4763773127904278,0.6501731509863236,0.9920844434203,-1.5334354525680745,1.0,0.34177215189873417,0.22784810126582278,0.25063291139240507,0.21645569620253166,0.25063291139240507,1.82,0.8,0.7974683544303798,1.5949367088607596,3.5316455696202533,1.5949367088607596,0.04556962025316456,14.012658227848101,31.556962025316455,0.34177215189873417,0.11392405063291139,1.8227848101265822
Cody Gakpo,Liverpool,Premier League,FW,25.0,1935,10,4,7.1,4.4,7.1,2.65,1.02,59,52,278,38,3.8,75.7,16,12,19,605,888,0.46511627906976744,0.18604651162790697,0.3302325581395349,0.2046511627906977,0.3302325581395349,2.744186046511628,2.4186046511627906,12.930232558139535,1.767441860465116,0.17674418604651163,0.7441860465116279,0.5581395348837209,0.883720930232558,28.13953488372093,41.30232558139535,2.041001316263022,0.8780978049632888,1.3565422632643211,1.2539830938944823,1.5206990075507079,0.6818540245446019,-0.5032883560371275,2.9635473510541743,1.2904944183122404,1.2409408591594673,-0.36270667520034805,-0.32142775853547606,-0.7222501980132915,-0.24403545575950697,-0.8452147171041627,1.5107113141349024,1.5430690169775274,-0.4884337584931662,1.0,0.46511627906976744,0.18604651162790697,0.3302325581395349,0.2046511627906977,0.3302325581395349,2.65,1.02,2.744186046511628,2.4186046511627906,12.930232558139535,1.767441860465116,0.17674418604651163,28.13953488372093,41.30232558139535,0.7441860465116279,0.5581395348837209,0.883720930232558
Idrissa Gana Gueye,Everton,Premier League,MF,34.0,3063,0,3,1.1,1.7,1.1,0.79,0.15,27,145,27,19,2.0,86.5,80,48,36,861,1801,0.0,0.0881488736532811,0.03232125367286974,0.04995102840352596,0.03232125367286974,0.79333986287953,4.260528893241919,0.79333986287953,0.5582761998041136,0.058765915768854066,2.3506366307541624,1.4103819784524976,1.0577864838393731,25.298726738491677,52.91870714985309,-0.7900177606680123,-0.05294837875227867,-0.6844380737410057,-0.5554260451031316,-0.6894873406913707,-0.6215386158388073,0.4849937932779927,-0.8130482626977061,-0.4977986028256429,-0.37710181437298346,2.4690497271149696,1.4529338772939406,-0.6218251411374321,-0.5261220779099905,-0.09287484788948577,-0.4177236056920338,-0.6358245239078723,0.8393330998608346,1.0,0.0,0.0881488736532811,0.03232125367286974,0.04995102840352596,0.03232125367286974,0.79,0.15,0.79333986287953,4.260528893241919,0.79333986287953,0.5582761998041136,0.058765915768854066,25.298726738491677,52.91870714985309,2.3506366307541624,1.4103819784524976,1.0577864838393731
Aleix García,Leverkusen,Bundesliga,MF,27.0,1455,3,4,1.0,4.9,1.0,0.93,0.31,27,120,47,32,3.8,87.2,7,11,24,787,1503,0.18556701030927836,0.24742268041237114,0.061855670103092786,0.3030927835051547,0.061855670103092786,1.6701030927835052,7.422680412371134,2.907216494845361,1.9793814432989691,0.23505154639175257,0.4329896907216495,0.6804123711340206,1.4845360824742269,48.68041237113402,92.96907216494846,0.22402900392075586,1.3353539206897767,-0.49241787911505946,2.3989861540038215,-0.4821708618749667,0.20920978508319885,2.1320880587400484,-0.22115569173072883,1.5939893190892875,1.4510755228161132,-0.8921428230796596,-0.17790035570587234,-0.4808376404552717,1.7418408758127615,2.1933092788824777,-0.28306636824353243,-0.24388067512327416,1.1992682080167416,0.92,0.1707216494845361,0.22762886597938145,0.05690721649484536,0.2788453608247423,0.05690721649484536,0.8556,0.2852,1.536494845360825,6.828865979381444,2.6746391752577323,1.8210309278350516,0.2162474226804124,44.7859793814433,85.53154639175258,0.47064096817570594,0.7395786642761094,1.6136261766024205
Alejandro Garnacho,Manchester Utd,Premier League,"MF,FW",20.0,2199,6,2,7.3,4.5,7.3,3.44,1.19,141,56,290,37,2.8,78.9,18,13,11,840,1159,0.24556616643929058,0.08185538881309685,0.2987721691678035,0.18417462482946792,0.2987721691678035,5.770804911323329,2.291950886766712,11.869031377899045,1.5143246930422918,0.11459754433833559,0.7366984993178717,0.5320600272851297,0.45020463847203274,34.37926330150068,47.43519781718963,0.704667618284662,-0.11280196831737165,1.1410081954960813,1.0144846922359954,1.2872962424552774,2.7039882075156907,-0.5712442749813933,2.633336989701161,0.9161473137269336,0.3886151040529907,-0.37590528206166945,-0.37572507511887343,-0.9723622813896647,0.3755572173549341,-0.4480166508563806,2.329777758577526,1.968829823817203,-0.0950213560179063,1.0,0.24556616643929058,0.08185538881309685,0.2987721691678035,0.18417462482946792,0.2987721691678035,3.44,1.19,5.770804911323329,2.291950886766712,11.869031377899045,1.5143246930422918,0.11459754433833559,34.37926330150068,47.43519781718963,0.7366984993178717,0.5320600272851297,0.45020463847203274
James Garner,Everton,Premier League,"MF,DF",23.0,1594,0,1,0.7,1.4,0.7,0.68,0.23,15,50,30,13,1.4,76.1,31,23,37,478,977,0.0,0.05646173149309912,0.039523212045169384,0.07904642409033877,0.039523212045169384,0.8469259723964868,2.8230865746549565,1.6938519447929736,0.7340025094102886,0.07904642409033877,1.7503136762860727,1.2986198243412799,2.0890840652446676,26.988707653701383,55.16311166875784,-0.7900177606680123,-0.3543059333516734,-0.6350976989200185,-0.215119457348568,-0.6360564374782114,-0.5857368487096606,-0.28626408567043193,-0.5328389814528389,-0.23790854530676692,-0.09895967999633971,1.4108358072803795,1.2202460076753043,-0.026830231906248118,-0.3583103203047204,0.0524849607795586,-0.5317708321334118,-0.4354664971597896,-0.43925720818375985,1.0,0.0,0.05646173149309912,0.039523212045169384,0.07904642409033877,0.039523212045169384,0.68,0.23,0.8469259723964868,2.8230865746549565,1.6938519447929736,0.7340025094102886,0.07904642409033877,26.988707653701383,55.16311166875784,1.7503136762860727,1.2986198243412799,2.0890840652446676
Lutsharel Geertruida,RB Leipzig,Bundesliga,DF,24.0,1557,1,0,1.1,1.0,1.1,0.46,0.06,21,93,34,10,1.6,86.7,24,16,59,642,1266,0.057803468208092484,0.0,0.06358381502890174,0.057803468208092484,0.06358381502890174,1.2138728323699421,5.375722543352602,1.9653179190751444,0.5780346820809248,0.09248554913294797,1.3872832369942196,0.9248554913294798,3.4104046242774566,37.10982658959537,73.17919075144508,-0.46010863550746695,-0.9032492487568731,-0.48140343250983336,-0.47461522580301524,-0.4699803869294584,-0.18892616789085045,1.050538932490712,-0.5207891558807674,-0.4803930758078711,-0.20581109082265495,1.071418209971935,0.2764987551836934,0.522488212754334,0.6514562658480084,1.0143495794170925,-0.7612669315217364,-0.8443031071635642,1.139041992311007,0.92,0.05317919075144509,0.0,0.05849710982658961,0.05317919075144509,0.05849710982658961,0.4232,0.0552,1.1167630057803468,4.945664739884394,1.808092485549133,0.5317919075144508,0.08508670520231214,34.141040462427746,67.32485549132947,1.5079165619502386,1.0052777079668258,3.70696154812767
Dennis Geiger,Hoffenheim,Bundesliga,"MF,FW",26.0,734,0,0,0.2,0.5,0.2,0.61,0.12,12,37,21,11,0.7,87.3,11,7,6,259,441,0.0,0.0,0.02452316076294278,0.061307901907356945,0.02452316076294278,1.4713896457765667,4.536784741144414,2.5749318801089918,1.3487738419618527,0.08583106267029973,1.3487738419618527,0.8583106267029973,0.7356948228882834,31.757493188010898,54.07356948228883,-0.7696298623010193,-0.9032492487568731,-0.7303591099835881,-0.4335602556692691,-0.7455174209322257,0.03579961382198163,0.6072701868614441,-0.32686090539006935,0.6605149339449374,-0.2831488133694058,0.9921810111170359,0.15279747328072307,-0.8709638507256443,0.14706503806766974,-0.12384609942181322,-0.6086497304755011,-0.7002017234738945,1.211313451157888,0.92,0.0,0.0,0.02256130790190736,0.05640326975476839,0.02256130790190736,0.5612,0.1104,1.3536784741144414,4.173841961852861,2.3689373297002727,1.2408719346049044,0.07896457765667576,29.21689373297003,49.74768392370573,1.4660585238715789,0.9329463333728231,0.7996682857481341
Valentin Gendrey,Hoffenheim,Bundesliga,DF,24.0,1414,1,1,1.1,1.8,1.1,0.64,0.32,24,49,86,16,2.7,69.9,12,15,53,363,874,0.06364922206506365,0.06364922206506365,0.07001414427157002,0.11456859971711458,0.07001414427157002,1.5275813295615275,3.118811881188119,5.473833097595474,1.0183875530410185,0.17185289957567185,0.7637906647807637,0.9547383309759547,3.373408769448373,23.104667609618105,55.62942008486563,-0.42880627664503557,-0.3273709581725599,-0.4404193014687177,0.19039686423316302,-0.4246203211424862,0.0848361015653902,-0.14194274562862816,0.595327360277446,0.17145146998325272,0.7165876791295175,-0.2114844398231717,0.3320484297065681,0.5032143647185517,-0.6683567583328769,-0.031158067568556266,-0.5781262902662541,-0.21986377784166253,-0.8845588554016839,0.92,0.05855728429985856,0.05855728429985856,0.06441301272984441,0.10540311173974543,0.06441301272984441,0.5888,0.2944,1.4053748231966054,2.8693069306930696,5.035926449787836,0.936916548797737,0.1581046676096181,21.256294200848657,51.17906647807638,0.8302072443269171,1.0377590554086464,3.6667486624438834
Yannick Gerhardt,Wolfsburg,Bundesliga,"MF,DF",30.0,1518,1,1,1.2,0.2,1.2,0.89,0.24,27,57,63,4,1.1,76.9,16,17,47,438,854,0.05928853754940712,0.05928853754940712,0.07114624505928854,0.011857707509881424,0.07114624505928854,1.6007905138339922,3.3794466403162056,3.7351778656126484,0.23715415019762848,0.06521739130434782,0.9486166007905139,1.007905138339921,2.7865612648221343,25.968379446640316,50.63241106719368,-0.4521565091273954,-0.36682507030745354,-0.43320378181418234,-1.012876752517935,-0.41663439005397374,0.14872315789600096,-0.004231412986326335,0.04223246925311255,-0.9849909338621239,-0.5227186743524052,0.16881469063157284,0.43088103328201466,0.1974825556659233,-0.398487334829266,-0.3288492020733091,-0.32376428852252853,-0.41199895609455534,-0.04139183552139597,0.92,0.05454545454545455,0.05454545454545455,0.06545454545454546,0.01090909090909091,0.06545454545454546,0.8188000000000001,0.2208,1.4727272727272729,3.1090909090909093,3.4363636363636365,0.2181818181818182,0.06,23.89090909090909,46.581818181818186,1.0311050008592542,1.0955490634129574,3.028870940024059
Max Geschwill,Holstein Kiel,Bundesliga,DF,23.0,1282,1,2,0.9,0.8,0.9,0.63,0.14,6,58,16,10,0.9,74.3,21,30,53,379,827,0.07020280811232449,0.14040561622464898,0.06318252730109206,0.056162246489859596,0.06318252730109206,0.421216848673947,4.071762870514821,1.1232449297971918,0.702028081123245,0.06318252730109206,1.4742589703588145,2.1060842433697347,3.720748829953198,26.60686427457098,58.05772230889236,-0.3937136765618922,0.3670969335929221,-0.48396106652841736,-0.49384238613966225,-0.4728111032187847,-0.8806489071131821,0.36156703611344243,-0.7886664553428753,-0.296848409223505,-0.5463676438991156,1.2503800834152499,2.4723032198587194,0.6841692196296645,-0.33831803629795076,0.11350527833185102,-0.588300770336003,-0.6521679289106713,-0.35456815719121826,0.92,0.06458658346333854,0.12917316692667707,0.058127925117004695,0.05166926677067083,0.058127925117004695,0.5796,0.12880000000000003,0.3875195007800312,3.7460218408736354,1.0333853354134166,0.6458658346333854,0.058127925117004695,24.478315132605303,53.41310452418097,1.6024554025639286,2.289222003662755,4.0442922064708675
Dimitris Giannoulis,Augsburg,Bundesliga,DF,28.0,2650,1,4,1.1,4.2,1.1,0.44,0.14,60,104,164,42,5.4,74.7,32,47,75,845,1802,0.033962264150943396,0.13584905660377358,0.03735849056603774,0.14264150943396228,0.03735849056603774,2.0377358490566038,3.5320754716981133,5.569811320754717,1.4264150943396225,0.18339622641509434,1.0867924528301887,1.5962264150943397,2.547169811320755,28.69811320754717,61.2,-0.5877715415019397,0.3258706046562873,-0.6485522819419655,0.5192752419962913,-0.654975959944097,0.5300298412333262,0.07641293329946676,0.62585961526536,0.7754455503401417,0.8507429762188805,0.45312628409624583,1.524520587796211,0.07276602952625923,-0.1412436880172693,0.30070290144733125,-0.7816158916612345,-0.6521679289106713,-0.30638718462662967,0.92,0.031245283018867927,0.12498113207547171,0.03436981132075472,0.1312301886792453,0.03436981132075472,0.4048,0.12880000000000003,1.8747169811320756,3.2495094339622645,5.1242264150943395,1.3123018867924527,0.1687245283018868,26.4022641509434,56.304,1.1812961443806398,1.7350287120590648,2.7686628383921246
Morgan Gibbs-White,Nott'ham Forest,Premier League,MF,24.0,2803,7,8,6.3,5.0,6.3,1.96,0.67,69,164,137,51,4.7,78.3,22,23,29,923,1627,0.22475918658580094,0.2568676418123439,0.20228326792722082,0.16054227613271493,0.20228326792722082,2.2154834106314665,5.2657866571530505,4.398858366036389,1.6375312165536926,0.15090973956475207,0.7063860149839458,0.7384944702104888,0.9311452015697468,29.636104174099177,52.24045665358545,0.5780219609527819,1.5516354341523997,0.47996597514853506,0.7380751863407694,0.5714507908682711,0.32861903844511975,1.0243635897319363,0.3088686649885147,1.0983633436079454,0.8866278423962992,-0.42933834276372085,0.054069707580205566,-0.6948893270790499,-0.0954290894176232,-0.13680202836729924,0.7953241664571681,0.6665026499546656,-0.16878618148201852,1.0,0.22475918658580094,0.2568676418123439,0.20228326792722082,0.16054227613271493,0.20228326792722082,1.96,0.67,2.2154834106314665,5.2657866571530505,4.398858366036389,1.6375312165536926,0.15090973956475207,29.636104174099177,52.24045665358545,0.7063860149839458,0.7384944702104888,0.9311452015697468
Armin Gigovic,Holstein Kiel,Bundesliga,MF,22.0,1895,5,1,1.9,2.1,1.9,1.23,0.47,37,50,45,16,1.7,77.7,13,21,33,476,935,0.23746701846965698,0.047493403693931395,0.09023746701846966,0.09973614775725595,0.09023746701846966,1.7572559366754616,2.37467018469657,2.1372031662269126,0.7598944591029023,0.08073878627968338,0.6174142480211081,0.9973614775725594,1.567282321899736,22.60686015831135,44.40633245382586,0.5019388715184027,-0.4735437591071534,-0.3115246091027349,0.016632449072439246,-0.28196335668355715,0.28526497819088315,-0.535124165640965,-0.46610962523357985,-0.21119009890413043,-0.34233069928042303,-0.5126695722487514,0.41128125860077475,-0.43772906919539195,-0.7152689539536662,-0.699760761242907,0.022168033848938142,0.14038968138251137,0.054970109607779455,0.92,0.21846965699208443,0.04369393139841689,0.08301846965699208,0.09175725593667548,0.08301846965699208,1.1316,0.4324,1.6166754617414247,2.1846965699208445,1.9662269129287597,0.6991029023746702,0.07427968337730871,20.798311345646443,40.853825857519794,0.6711024435012044,1.084088562578869,1.7035677411953651
Benedikt Gimber,Heidenheim,Bundesliga,DF,27.0,2671,0,0,0.7,0.3,0.7,0.47,0.03,7,46,8,3,0.5,82.5,46,31,131,865,1643,0.0,0.0,0.02358667165855485,0.010108573567952077,0.02358667165855485,0.23586671658554847,1.5499812804193185,0.26956196181205544,0.10108573567952077,0.016847622613253465,1.5499812804193185,1.0445526020217148,4.414077124672407,29.14638712092849,55.36128790715088,-0.7696298623010193,-0.9032492487568731,-0.7363278855663584,-1.0333681208553938,-0.7521234912873717,-1.0423973878167356,-0.9708642350133986,-1.0602370804222312,-1.1864099768779968,-1.0848668989644161,1.406186834857943,0.49900557243881016,1.0453746642142545,-0.09899941573681555,-0.04713173739761746,-0.7510924514519874,-0.9163537990083989,0.6331417803828338,0.92,0.0,0.0,0.021699737925870464,0.009299887682515912,0.021699737925870464,0.4324,0.0276,0.2169973792587046,1.425982777985773,0.247997004867091,0.09299887682515912,0.015499812804193188,26.81467615125421,50.932384874578815,1.6847622613253461,1.1353832630670813,4.797909918122182
Matthias Ginter,Freiburg,Bundesliga,DF,30.0,2561,2,1,2.8,0.7,2.8,0.84,0.14,11,113,16,9,1.5,82.6,17,19,146,991,1816,0.07028504490433425,0.035142522452167126,0.09839906286606794,0.024599765716516984,0.09839906286606794,0.38656774697383833,3.971105037094885,0.562280359234674,0.3162827020695041,0.05271378367825068,0.5974228816868411,0.6677079265911753,5.130808278016399,34.82623975009762,63.8188207731355,-0.39327332179530977,-0.5852906767591305,-0.2595061352269254,-0.8636016159314801,-0.2243907953725102,-0.9108859481909978,0.30838255516578056,-0.9671185327394667,-0.8678587011561709,-0.6680342509710265,-0.5538039465560615,-0.20151684489157196,1.4187723704135797,0.4362564486287905,0.45671617343908893,-0.37463668887127366,-0.6521679289106713,0.64518702352398,0.92,0.06466224131198751,0.03233112065599376,0.0905271378367825,0.022631784459195625,0.0905271378367825,0.7728,0.12880000000000003,0.3556423272159313,3.6534166341272942,0.5172979304959001,0.2909800859039438,0.048496680983990625,32.04014057008981,58.713315111284665,0.6493726974856968,0.7257694854251905,5.576965519583043
Jamie Gittens,Dortmund,Bundesliga,"FW,MF",19.0,1776,8,3,3.6,2.5,3.6,2.64,1.22,113,42,180,21,4.1,76.5,19,10,4,627,873,0.40540540540540543,0.15202702702702703,0.18243243243243246,0.12668918918918917,0.18243243243243246,5.726351351351352,2.1283783783783785,9.121621621621623,1.0641891891891893,0.20777027027027026,0.9628378378378378,0.5067567567567567,0.20270270270270271,31.773648648648646,44.23986486486486,1.4012014445348406,0.4722438304428208,0.2760861338720795,0.33239140072100204,0.3683874323018089,3.7489536513938866,-0.6652571263420722,1.7557490235620887,0.23925061171792833,1.1340154799041247,0.1980764068162688,-0.500711473118028,-1.148638449033628,0.1485874904291049,-0.7096778787107394,1.4567697236835502,1.9416569775033812,-0.08957280808598453,0.92,0.372972972972973,0.13986486486486488,0.16783783783783787,0.11655405405405404,0.16783783783783787,2.4288000000000003,1.1224,5.268243243243244,1.9581081081081084,8.391891891891893,0.9790540540540542,0.19114864864864864,29.231756756756756,40.700675675675676,1.046562867215041,0.5508225616921268,0.22032902467685075
Serge Gnabry,Bayern Munich,Bundesliga,"FW,MF",29.0,1242,7,5,7.5,5.1,6.8,3.48,1.23,44,48,149,24,4.3,83.4,11,6,9,468,758,0.5072463768115942,0.3623188405797101,0.5434782608695652,0.36956521739130427,0.49275362318840576,3.1884057971014492,3.4782608695652173,10.797101449275363,1.7391304347826086,0.3115942028985507,0.7971014492753623,0.43478260869565216,0.6521739130434783,33.91304347826087,54.92753623188406,1.9465310481844291,2.3748985084340233,2.5772357307433467,3.177720757682035,2.5574183662671093,1.5341786583419403,0.04797896462956131,2.288746777022833,1.2383511028997112,2.340646005097658,-0.1429439381405889,-0.6345053342823292,-0.9144760044951945,0.3501989940203365,-0.07297200061244632,2.3114260495424674,1.965673874784993,0.7415489686531571,0.92,0.46666666666666673,0.3333333333333333,0.5,0.33999999999999997,0.4533333333333333,3.2016,1.1316,2.9333333333333336,3.2,9.933333333333335,1.6,0.2866666666666667,31.2,50.53333333333334,0.8664146187775676,0.47258979206049145,0.7088846880907372
João Gomes,Wolves,Premier League,MF,23.0,2974,3,1,2.9,1.2,2.9,1.06,0.21,59,165,76,23,1.9,85.0,71,25,33,1059,1998,0.09078681909885676,0.03026227303295225,0.08776059179556153,0.0363147276395427,0.08776059179556153,1.7854741089441828,4.993275050437122,2.299932750504371,0.6960322797579018,0.05749831876260928,2.14862138533961,0.7565568258238063,0.9986550100874244,32.04774714189644,60.4640215198386,-0.23742644454209924,-0.6034733935620686,-0.30462503103834193,-0.7149194244865013,-0.27818617005029256,0.04132270323527445,0.8781478278423305,-0.34424687885290445,-0.2940645369194022,-0.39448659246914497,2.1129491597030605,0.09167538081888235,-0.6559403436668563,0.1440422806435172,0.3958006310318034,-0.13778950442683335,-0.4855560038468103,0.6549210362005566,1.0,0.09078681909885676,0.03026227303295225,0.08776059179556153,0.0363147276395427,0.08776059179556153,1.06,0.21,1.7854741089441828,4.993275050437122,2.299932750504371,0.6960322797579018,0.05749831876260928,32.04774714189644,60.4640215198386,2.14862138533961,0.7565568258238063,0.9986550100874244
Rodrigo Gomes,Wolves,Premier League,"DF,FW",21.0,810,2,0,0.7,0.9,0.7,0.78,0.33,23,27,81,12,0.7,68.6,15,7,20,217,417,0.2222222222222222,0.0,0.07777777777777778,0.1,0.07777777777777778,2.555555555555556,3.0,9.0,1.3333333333333335,0.07777777777777778,1.6666666666666665,0.7777777777777777,2.2222222222222223,24.11111111111111,46.333333333333336,0.562580242754593,-0.891279865718134,-0.37301695444908184,0.029958492297771845,-0.35224807682702636,0.5558268699042956,-0.19134140847859304,1.7405902554631907,0.6484705213866256,-0.1163588490680023,1.263387789054552,0.1358572252072361,0.04998224885039551,-0.6440499574479014,-0.5193793705459339,-0.42809153536852274,-0.18501896372468615,-1.3613175264851496,1.0,0.2222222222222222,0.0,0.07777777777777778,0.1,0.07777777777777778,0.78,0.33,2.555555555555556,3.0,9.0,1.3333333333333335,0.07777777777777778,24.11111111111111,46.333333333333336,1.6666666666666665,0.7777777777777777,2.2222222222222223
Toti Gomes,Wolves,Premier League,DF,25.0,2614,0,1,0.7,0.9,0.7,0.24,0.07,27,86,18,9,0.6,85.9,43,25,152,1205,2027,0.0,0.03442999234889059,0.02410099464422341,0.03098699311400153,0.02410099464422341,0.9296097934200459,2.9609793420045905,0.6197398622800305,0.30986993114001526,0.020657995409334353,1.4804896710022952,0.8607498087222647,5.2333588370313695,41.48814078041316,69.78959449120123,-0.7900177606680123,-0.5638366950248906,-0.7407547921434622,-0.7772338599513142,-0.7504729562478316,-0.5304944186784831,-0.21227789374242992,-0.8670667843467803,-0.865178533559096,-0.8997424768963774,0.9352059547623998,0.30860429931240885,1.787221809103926,1.0814546707523855,0.9997753118117125,-0.9879597378989237,-0.836182550655955,0.765568274396724,1.0,0.0,0.03442999234889059,0.02410099464422341,0.03098699311400153,0.02410099464422341,0.24,0.07,0.9296097934200459,2.9609793420045905,0.6197398622800305,0.30986993114001526,0.020657995409334353,41.48814078041316,69.78959449120123,1.4804896710022952,0.8607498087222647,5.2333588370313695
Nicolás González,Manchester City,Premier League,MF,22.0,760,1,0,0.5,0.1,0.5,1.07,0.24,9,50,11,1,0.5,92.0,6,8,21,425,713,0.11842105263157894,0.0,0.05921052631578947,0.011842105263157895,0.05921052631578947,1.0657894736842106,5.921052631578947,1.3026315789473684,0.11842105263157894,0.05921052631578947,0.7105263157894737,0.9473684210526315,2.486842105263158,50.328947368421055,84.43421052631578,-0.0692254035809661,-0.891279865718134,-0.5002205703507802,-1.0011569688718545,-0.489997417286365,-0.4395105192222914,1.375945729097075,-0.6545736918734016,-1.1483214514237605,-0.37100409115369054,-0.4220400645418029,0.488943525347894,0.20265155219168982,1.9593292543229113,1.948240068037865,-0.12742157475034444,-0.41042174381627927,1.515510666615187,1.0,0.11842105263157894,0.0,0.05921052631578947,0.011842105263157895,0.05921052631578947,1.07,0.24,1.0657894736842106,5.921052631578947,1.3026315789473684,0.11842105263157894,0.05921052631578947,50.328947368421055,84.43421052631578,0.7105263157894737,0.9473684210526315,2.486842105263158
Anthony Gordon,Newcastle Utd,Premier League,"FW,MF",23.0,2434,6,5,8.0,5.0,6.5,2.11,0.59,121,98,214,51,5.1,73.3,18,7,9,818,1267,0.2218570254724733,0.18488085456039444,0.29580936729663104,0.18488085456039444,0.24034511092851277,4.474116680361545,3.623664749383731,7.9129005751848815,1.8857847165160229,0.1885784716516023,0.6655710764174199,0.2588331963845522,0.33278553820870993,30.246507806080526,46.848808545603944,0.5603574029790422,0.8670119341835473,1.120710139427577,1.022744921190756,0.8538293529741674,1.8376493278605335,0.14328513309800167,1.4023212254442996,1.465517337389905,1.4032451468451783,-0.5012845107501847,-0.9445810506545628,-1.0401058387904136,-0.034817217763013414,-0.4859944002350313,0.9508431116045016,0.4661446232065826,-0.7834930603496116,1.0,0.2218570254724733,0.18488085456039444,0.29580936729663104,0.18488085456039444,0.24034511092851277,2.11,0.59,4.474116680361545,3.623664749383731,7.9129005751848815,1.8857847165160229,0.1885784716516023,30.246507806080526,46.848808545603944,0.6655710764174199,0.2588331963845522,0.33278553820870993
Leon Goretzka,Bayern Munich,Bundesliga,"MF,DF",29.0,1325,4,1,2.8,1.7,2.8,2.17,0.75,35,127,28,12,2.4,89.9,11,20,25,794,1373,0.27169811320754716,0.06792452830188679,0.19018867924528302,0.11547169811320754,0.19018867924528302,2.3773584905660377,8.626415094339624,1.9018867924528304,0.8150943396226416,0.1630188679245283,0.7471698113207548,1.3584905660377358,1.6981132075471697,53.93207547169811,93.26037735849057,0.6852367040916174,-0.28868932205029285,0.325521088719461,0.20097679835695947,0.4231006285338739,0.82640646453392,2.768104174764592,-0.5409676429214149,-0.1294789453770435,0.6139195179362847,-0.24568362341569355,1.0825897273509777,-0.3695696870158208,2.2367451727681904,2.210663454799711,0.978569160405346,0.8128628052676362,1.5244897728277103,0.92,0.24996226415094341,0.062490566037735853,0.1749735849056604,0.10623396226415094,0.1749735849056604,1.9964,0.6900000000000001,2.187169811320755,7.936301886792454,1.7497358490566042,0.7498867924528303,0.14997735849056604,49.61750943396227,85.79954716981133,0.81214109926169,1.4766201804757997,1.8457752255947495
Mario Götze,Eint Frankfurt,Bundesliga,"MF,FW",32.0,1542,3,2,2.9,3.1,2.9,0.47,0.29,29,88,96,34,1.9,77.5,28,7,8,617,986,0.17509727626459143,0.11673151750972763,0.16926070038910507,0.18093385214007784,0.16926070038910507,1.6926070038910506,5.136186770428015,5.603112840466926,1.9844357976653697,0.11089494163424124,1.634241245136187,0.40856031128404674,0.4669260700389105,36.011673151750976,57.548638132295714,0.16796653870590855,0.15290107924081667,0.19213522378179174,0.9678758208803232,0.2754729625341957,0.2288481494615813,0.9239756505428212,0.636453377661349,1.6014711672694766,0.008140879402355857,1.5795607238573857,-0.6832503700181994,-1.0109851618459702,0.5479688858126838,0.08317716694491611,-0.7510924514519874,-0.29191446968649737,0.030879623325485172,0.92,0.1610894941634241,0.10739299610894942,0.15571984435797667,0.16645914396887163,0.15571984435797667,0.4324,0.2668,1.5571984435797666,4.725291828793774,5.154863813229571,1.8256809338521403,0.10202334630350195,33.1307392996109,52.94474708171206,1.7763491794958552,0.4440872948739638,0.5075283369988157
Jeffrey Gouweleeuw,Augsburg,Bundesliga,DF,33.0,2944,1,4,1.7,2.2,0.9,0.52,0.12,24,142,19,14,3.0,82.6,28,35,183,1169,2061,0.030570652173913044,0.12228260869565218,0.051970108695652176,0.0672554347826087,0.02751358695652174,0.733695652173913,4.341032608695652,0.5808423913043478,0.42798913043478265,0.09171195652173912,0.8559782608695653,1.0699728260869565,5.594429347826087,35.73709239130435,63.00611413043478,-0.6059326645708695,0.20312561929505463,-0.5554241621291814,-0.36388400965720047,-0.7244227111976522,-0.6079597476898779,0.503840824188281,-0.9612136443430145,-0.702502163566315,-0.21480170055124959,-0.02179860141662375,0.5462596215796619,1.6603065121973246,0.5220930450353636,0.4083000986172267,-0.7002200511032423,-0.7002017234738945,0.64518702352398,0.92,0.028125,0.1125,0.0478125,0.061875000000000006,0.0253125,0.47840000000000005,0.1104,0.6749999999999999,3.9937500000000004,0.5343749999999999,0.39375000000000004,0.08437499999999999,32.878125000000004,57.965625,0.9304111531190926,1.1630139413988658,6.080901465028355
Kamil Grabara,Wolfsburg,Bundesliga,GK,25.0,2585,0,0,0.0,0.0,0.0,0.0,0.0,0,2,0,2,0.1,69.4,0,0,16,708,1224,0.0,0.0,0.0,0.0,0.0,0.0,0.06963249516441006,0.0,0.06963249516441006,0.0034816247582205033,0.0,0.0,0.5570599613152805,24.649903288201163,42.61508704061895,-0.7696298623010193,-0.9032492487568731,-0.8866591058814253,-1.1517915871101994,-0.9185057926831566,-1.248229898570237,-1.7530346741169585,-1.1459891842034466,-1.23296950817509,-1.2402050816288728,-1.7830654199419607,-1.442729475193211,-0.964027822128852,-0.5227374064255829,-0.8064721714781499,-1.2292930147301913,-0.9884044908532337,-0.9447850711074188,0.92,0.0,0.0,0.0,0.0,0.0,0.0,0.0,0.0,0.06406189555125726,0.0,0.06406189555125726,0.003203094777562863,22.67791102514507,39.205880077369436,0.0,0.0,0.6054999579513918
Ryan Gravenberch,Liverpool,Premier League,MF,22.0,3160,0,4,1.1,3.1,1.1,0.57,0.14,70,181,55,26,3.5,89.2,35,60,59,1396,2343,0.0,0.11392405063291139,0.03132911392405063,0.08829113924050634,0.03132911392405063,1.9936708860759493,5.155063291139241,1.5664556962025316,0.7405063291139241,0.09968354430379747,0.9968354430379747,1.7088607594936709,1.680379746835443,39.75949367088608,66.73101265822784,-0.7900177606680123,0.1921839927529271,-0.6912351898240169,-0.10699109568678263,-0.6968479668089798,0.1804224176780941,0.9649551061235039,-0.5724804387611834,-0.2282897347788592,0.18407329790381982,0.08264878930771538,2.0743642017105945,-0.2626273415076546,0.9098034366359262,0.8016849647754373,-0.6458180585747898,-0.6608692772513827,1.1712748144493352,1.0,0.0,0.11392405063291139,0.03132911392405063,0.08829113924050634,0.03132911392405063,0.57,0.14,1.9936708860759493,5.155063291139241,1.5664556962025316,0.7405063291139241,0.09968354430379747,39.75949367088608,66.73101265822784,0.9968354430379747,1.7088607594936709,1.680379746835443
Archie Gray,Tottenham,Premier League,"DF,MF",18.0,1751,0,0,0.0,0.1,0.0,0.05,0.05,7,40,17,3,0.2,87.4,8,19,50,878,1286,0.0,0.0,0.0,0.005139920045688178,0.0,0.35979440319817246,2.055968018275271,0.8737864077669902,0.15419760137064534,0.010279840091376356,0.41119360365505425,0.9765848086807539,2.5699600228440893,45.128498001142205,66.09937178754997,-0.7900177606680123,-0.891279865718134,-0.9058698966514711,-1.079547302737977,-0.9292768100897674,-0.9111975167616131,-0.697860588044854,-0.7880159849811758,-1.0954097996030359,-1.0420762993662587,-0.9496861261906422,0.5497717999029361,0.2506054490282963,1.442934932466331,0.7607764764276733,-1.1849504017522128,-0.8862720573429758,0.949980338057002,1.0,0.0,0.0,0.0,0.005139920045688178,0.0,0.05,0.05,0.35979440319817246,2.055968018275271,0.8737864077669902,0.15419760137064534,0.010279840091376356,45.128498001142205,66.09937178754997,0.41119360365505425,0.9765848086807539,2.5699600228440893
Jack Grealish,Manchester City,Premier League,"FW,MF",28.0,721,1,1,1.1,1.8,1.1,1.87,0.62,69,52,118,24,1.7,87.6,5,2,6,376,521,0.12482662968099861,0.12482662968099861,0.13730929264909847,0.22468793342579751,0.13730929264909847,8.613037447988905,6.490984743411928,14.729542302357837,2.9958391123439667,0.21220527045769763,0.6241331484049931,0.24965325936199723,0.7489597780859917,46.93481276005548,65.03467406380028,-0.030236635305799904,0.29587193482574714,0.03483145366025626,1.4883378735252037,0.08941271108539063,4.602930831301147,1.6817420911723218,3.5234324434262696,3.107229960999614,1.7272808240699493,-0.5743288478115697,-0.9636936027165597,-0.7999990465852778,1.6222984103337499,0.6918208776882155,0.702012799368768,0.5412788832371137,0.9745686132117043,1.0,0.12482662968099861,0.12482662968099861,0.13730929264909847,0.22468793342579751,0.13730929264909847,1.87,0.62,8.613037447988905,6.490984743411928,14.729542302357837,2.9958391123439667,0.21220527045769763,46.93481276005548,65.03467406380028,0.6241331484049931,0.24965325936199723,0.7489597780859917
Jacob Greaves,Ipswich Town,Premier League,DF,23.0,2205,1,0,1.3,0.3,1.3,0.41,0.16,11,69,11,5,0.2,85.8,21,21,148,619,1404,0.04081632653061225,0.0,0.05306122448979592,0.012244897959183673,0.05306122448979592,0.4489795918367347,2.8163265306122454,0.4489795918367347,0.20408163265306123,0.00816326530612245,0.8571428571428572,0.8571428571428572,6.040816326530613,25.26530612244898,57.306122448979586,-0.5415813926924318,-0.891279865718134,-0.5423492305425525,-0.9964458108098551,-0.5356187238405504,-0.85161141536725,-0.28989117885014615,-0.9202016768230972,-1.021633916024104,-1.0711045968332726,-0.16359306733240095,0.30109465630754423,2.253074831873534,-0.5294406788882033,0.19127796104527942,-0.8117049333986124,-0.610779770564362,0.7532741368193712,1.0,0.04081632653061225,0.0,0.05306122448979592,0.012244897959183673,0.05306122448979592,0.41,0.16,0.4489795918367347,2.8163265306122454,0.4489795918367347,0.20408163265306123,0.00816326530612245,25.26530612244898,57.306122448979586,0.8571428571428572,0.8571428571428572,6.040816326530613
Michael Gregoritsch,Freiburg,Bundesliga,FW,30.0,639,2,1,1.8,0.4,1.8,2.25,0.85,6,19,36,5,0.7,63.3,2,1,10,94,220,0.28169014084507044,0.14084507042253522,0.2535211267605634,0.05633802816901409,0.2535211267605634,0.8450704225352113,2.676056338028169,5.070422535211268,0.7042253521126761,0.09859154929577464,0.28169014084507044,0.14084507042253522,1.4084507042253522,13.239436619718312,30.985915492957744,0.7387411865802357,0.3710729779821235,0.7291746545272008,-0.49178307721643666,0.8698528673898469,-0.5107669391837827,-0.37588105871970173,0.4669958101601186,-0.2935958379232136,-0.13484781677984076,-1.2034578284218858,-1.1809103872925026,-0.520476081704668,-1.5980327702679993,-1.4992668530828106,1.0599650009633383,1.0530317780837521,-1.679544902717385,0.92,0.25915492957746483,0.12957746478873242,0.23323943661971833,0.05183098591549297,0.23323943661971833,2.0700000000000003,0.782,0.7774647887323944,2.4619718309859158,4.664788732394367,0.6478873239436621,0.09070422535211267,12.180281690140847,28.507042253521124,0.3061849357011635,0.15309246785058175,1.5309246785058175
Vincenzo Grifo,Freiburg,Bundesliga,"FW,MF",31.0,2432,8,11,7.9,6.9,5.6,2.33,0.96,58,128,147,66,8.0,76.7,22,9,23,939,1768,0.29605263157894735,0.40707236842105265,0.29235197368421056,0.25534539473684215,0.20723684210526314,2.1463815789473686,4.7368421052631575,5.4399671052631575,2.442434210526316,0.29605263157894735,0.8141447368421053,0.33305921052631576,0.8511513157894737,34.749177631578945,65.42763157894737,0.8156482630856942,2.7798144567317813,0.9766656396226835,1.8396182823106362,0.5433597567515188,0.6248411129964274,0.7129743005792889,0.5845540298356702,2.279436015672734,2.1600235427329673,-0.10787555119417787,-0.8236005383030084,-0.810814114783537,0.4289942970289888,0.5525592492254058,1.1413608415213305,1.3172176481814797,-0.06548232180369025,0.92,0.2723684210526316,0.37450657894736844,0.2689638157894737,0.23491776315789478,0.19065789473684208,2.1436,0.8832,1.9746710526315792,4.3578947368421055,5.004769736842105,2.2470394736842105,0.2723684210526316,31.96924342105263,60.193421052631585,0.8849399313501144,0.3620208810068649,0.9251644736842105
Florian Grillitsch,Hoffenheim,Bundesliga,MF,28.0,601,0,0,0.2,0.2,0.2,0.9,0.15,4,44,4,5,0.8,86.6,9,8,18,270,488,0.0,0.0,0.029950083194675542,0.029950083194675542,0.029950083194675542,0.5990016638935108,6.589018302828619,0.5990016638935108,0.7487520798668885,0.11980033277870217,1.3477537437603995,1.1980033277870217,2.695507487520799,40.432612312811976,73.07820299500831,-0.7696298623010193,-0.9032492487568731,-0.6957702589779103,-0.8009218385061109,-0.7072354684482427,-0.7255024098869931,1.6916068256821333,-0.9554368803768024,-0.2276839146848616,0.11163837291540521,0.9900820499681491,0.7842575087475879,0.15004598000366098,0.964587725500364,1.0083333485721147,-0.3135898084527795,-0.6281510316290597,1.126996749169859,0.92,0.0,0.0,0.0275540765391015,0.0275540765391015,0.0275540765391015,0.8280000000000001,0.138,0.55108153078203,6.06189683860233,0.55108153078203,0.6888519134775375,0.110216306156406,37.19800332778702,67.23194675540765,1.464949721478695,1.3021775302032843,2.92989944295739
Álex Grimaldo,Leverkusen,Bundesliga,DF,28.0,2636,2,7,2.5,8.1,2.5,1.5,0.44,86,160,252,73,8.6,81.2,14,16,43,1310,2365,0.06828528072837634,0.23899848254931716,0.08535660091047041,0.2765553869499241,0.08535660091047041,2.936267071320182,5.462822458270106,8.603945371775417,2.492412746585736,0.29362670713201816,0.4779969650986343,0.5462822458270107,1.468133535660091,44.72685887708649,80.747344461305,-0.40398149347130685,1.2591344083764848,-0.34263313381668487,2.088096544869244,-0.3163933834210964,1.314146142788084,1.0965598293060366,1.5910676745933008,2.3534181293033964,2.131829710970129,-0.7995355425256876,-0.42723692788788453,-0.489382927384199,1.369267354819554,1.4652137375618761,0.2968789957321617,0.06833898953767664,0.4765536195479234,0.92,0.06282245827010623,0.2198786039453718,0.07852807283763279,0.2544309559939302,0.07852807283763279,1.3800000000000001,0.4048,2.7013657056145677,5.025796661608498,7.915629742033384,2.2930197268588772,0.27013657056145673,41.14871016691958,74.2875569044006,0.5195619185854721,0.5937850498119681,1.5957973213696641
Pascal Groß,Dortmund,Bundesliga,"MF,DF",33.0,2327,0,9,2.4,5.1,2.4,1.04,0.27,41,178,122,57,6.4,80.7,28,9,30,1149,2178,0.0,0.3480876665234207,0.09282337773957886,0.19724967769660506,0.09282337773957886,1.5857327030511388,6.8844005156854315,4.718521701761925,2.204555221314998,0.24752900730554364,1.0829394069617533,0.3480876665234207,1.1602922217447358,44.43919209282338,84.2372152986678,-0.7696298623010193,2.2461392884051246,-0.2950431351602609,1.1590181817905125,-0.26372213201182054,0.13558274094886583,1.8476776364497527,0.35505035395482587,1.927309046822438,1.5960872251698777,0.4451982301390841,-0.795663908146811,-0.6497599947867815,1.3421583181397503,1.6731188274217292,-0.1711470874762932,-0.3399482642497205,0.4163274038421886,0.92,0.0,0.32024065320154704,0.08539750752041254,0.18146970348087665,0.08539750752041254,0.9568000000000001,0.24840000000000004,1.4588740868070478,6.333648474430597,4.341039965620971,2.028190803609798,0.22772668672110016,40.884056725397514,77.49823807477439,1.177108051045384,0.3783561592645877,1.2611871975486257
Brajan Gruda,Brighton,Premier League,"MF,FW",20.0,687,1,4,1.2,2.1,1.2,1.44,0.66,22,26,57,23,1.9,74.5,8,2,5,202,344,0.13100436681222707,0.5240174672489083,0.1572052401746725,0.27510917030567683,0.1572052401746725,2.8820960698689957,3.4061135371179043,7.467248908296943,3.013100436681223,0.24890829694323144,1.0480349344978166,0.26200873362445415,0.6550218340611353,26.46288209606987,45.06550218340612,0.007365341786361992,4.092338464367097,0.17113792164905367,2.0780765131936545,0.23701956905638424,0.7739939948750334,0.02655830213915026,1.2636493122380876,3.1327585604729387,2.230653716057772,0.17290023504705518,-0.9379696086944148,-0.8541954293618877,-0.41052375669667285,-0.6014909916132483,0.25619182327974493,0.6414578966111552,-0.635963409421389,1.0,0.13100436681222707,0.5240174672489083,0.1572052401746725,0.27510917030567683,0.1572052401746725,1.44,0.66,2.8820960698689957,3.4061135371179043,7.467248908296943,3.013100436681223,0.24890829694323144,26.46288209606987,45.06550218340612,1.0480349344978166,0.26200873362445415,0.6550218340611353
Marco Grüll,Werder Bremen,Bundesliga,"FW,MF",26.0,1181,6,1,4.0,1.8,4.0,1.91,0.76,24,38,93,11,1.5,76.8,9,3,10,317,495,0.4572396274343776,0.07620660457239627,0.30482641828958507,0.1371718882303133,0.30482641828958507,1.8289585097375105,2.8958509737510583,7.087214225232853,0.838272650296359,0.1143099068585944,0.6858594411515665,0.2286198137171888,0.7620660457239627,24.157493649449616,37.72226926333615,1.6787590460015764,-0.21375568153738222,1.0561723418579894,0.4551978034059006,1.23176456913197,0.34783726839993817,-0.2597483821178318,1.108570493565948,-0.09516860839576351,0.04782923619897087,-0.37183626717652807,-1.0177445543586152,-0.8572251509766913,-0.569140924970829,-1.097956231221338,0.7140326785918715,0.8368797025492478,-0.05343707866254396,0.92,0.4206604572396274,0.07011007620660457,0.2804403048264183,0.12619813717188824,0.2804403048264183,1.7572,0.6992,1.6826418289585097,2.6641828958509737,6.520237087214225,0.7712108382726504,0.10516511430990685,22.224894157493647,34.70448772226926,0.7454993925560505,0.24849979751868348,0.8283326583956117
Gonçalo Guedes,Wolves,Premier League,"MF,FW",27.0,995,2,4,3.2,1.3,3.2,2.44,0.72,41,40,79,14,0.9,74.2,5,5,4,304,484,0.18090452261306533,0.36180904522613067,0.2894472361809045,0.11758793969849246,0.2894472361809045,3.708542713567839,3.6180904522613067,7.1457286432160805,1.2663316582914574,0.0814070351758794,0.45226130653266333,0.45226130653266333,0.36180904522613067,27.49748743718593,43.778894472361806,0.3110921717664704,2.5496706797778996,1.0771233929229622,0.2356711696180452,1.2181151161371166,1.3261566830994496,0.14029425094594744,1.1636029450727137,0.5493785344239499,-0.0665844852843874,-0.8772944001750629,-0.5418653439589508,-1.0233610706121838,-0.30778949552370416,-0.6848186846089757,1.2929847909286356,0.7917264166722171,-0.6728458221534442,1.0,0.18090452261306533,0.36180904522613067,0.2894472361809045,0.11758793969849246,0.2894472361809045,2.44,0.72,3.708542713567839,3.6180904522613067,7.1457286432160805,1.2663316582914574,0.0814070351758794,27.49748743718593,43.778894472361806,0.45226130653266333,0.45226130653266333,0.36180904522613067
Marc Guéhi,Crystal Palace,Premier League,DF,24.0,3059,3,2,2.0,1.8,2.0,0.44,0.21,22,134,10,16,2.0,83.5,34,28,163,1142,2131,0.08826413860738803,0.058842759071592025,0.058842759071592025,0.05295848316443282,0.058842759071592025,0.6472703497875123,3.942464857796666,0.2942137953579601,0.4707420725727362,0.058842759071592025,1.0003269042170644,0.8237986270022883,4.79568486433475,33.599215429879045,62.69695979078131,-0.2527812212242511,-0.3316613968118651,-0.5027401313837035,-0.5202501472213131,-0.49272586071992636,-0.7191300763782857,0.31433693270328295,-0.9683596232444927,-0.6272570169470756,-0.37604792756219557,0.08880333128012503,0.23167224818393656,1.534711001018228,0.2981000087113482,0.5404178232982002,-0.7806011443691456,-0.4855560038468103,0.4705089725402787,1.0,0.08826413860738803,0.058842759071592025,0.058842759071592025,0.05295848316443282,0.058842759071592025,0.44,0.21,0.6472703497875123,3.942464857796666,0.2942137953579601,0.4707420725727362,0.058842759071592025,33.599215429879045,62.69695979078131,1.0003269042170644,0.8237986270022883,4.79568486433475
Raphaël Guerreiro,Bayern Munich,Bundesliga,"DF,MF",30.0,1572,4,4,2.9,2.9,2.9,1.2,0.63,39,85,126,27,4.7,88.7,12,10,19,820,1487,0.22900763358778628,0.22900763358778628,0.16603053435114504,0.16603053435114504,0.16603053435114504,2.232824427480916,4.866412213740458,7.213740458015267,1.5458015267175573,0.2690839694656489,0.6870229007633587,0.5725190839694656,1.0877862595419847,46.94656488549619,85.13358778625954,0.4566412575909934,1.1687403260172207,0.17154754573478373,0.7932812018276685,0.2526871084269942,0.7002767183582855,0.7814351320075624,1.1488205739989155,0.9521706267938163,1.8465966660412207,-0.36944232459338083,-0.3784648621617065,-0.6875336562858909,1.578447193758907,1.7265191998898082,-0.008355406360308945,0.5246600378882971,1.3799468551339462,0.92,0.21068702290076338,0.21068702290076338,0.15274809160305344,0.15274809160305344,0.15274809160305344,1.104,0.5796,2.0541984732824425,4.477099236641221,6.636641221374046,1.4221374045801527,0.24755725190839697,43.190839694656496,78.32290076335877,0.7467640225688681,0.6223033521407234,1.1823763690673745
Morgan Guilavogui,St. Pauli,Bundesliga,"FW,MF",26.0,1807,6,2,7.1,1.9,7.1,2.04,0.75,42,41,135,27,2.4,65.9,17,13,33,384,832,0.29883785279468733,0.0996126175982291,0.3536247924737133,0.09463198671831766,0.3536247924737133,2.091864969562811,2.0420586607636966,6.723851687880465,1.3447703375760929,0.11953514111787493,0.8467072495849475,0.6474820143884893,1.6436081903707802,19.12562257885999,41.438848920863315,0.8305623351009539,-0.001985382806437271,1.3671920247826266,-0.04316356848538319,1.5759922719067743,0.5772664032203603,-0.7108657910719487,0.9929788804029137,0.6545886355828567,0.10855634409140982,-0.0408746986684201,-0.239115107074128,-0.39796533899085196,-1.0433325413928787,-0.8765452209922624,0.8463009194986089,0.8128628052676362,-1.3663685810475628,0.92,0.27493082457111234,0.09164360819037078,0.32533480907581624,0.08706142778085225,0.32533480907581624,1.8768,0.6900000000000001,1.9245157719977863,1.878693967902601,6.185943552850028,1.2371887105700055,0.10997232982844495,17.59557277255119,38.12374100719425,0.9203339669401602,0.7037847982483579,1.7865306417073696
Bruno Guimarães,Newcastle Utd,Premier League,MF,26.0,3271,5,6,4.3,6.1,4.3,1.24,0.36,64,271,96,52,5.4,82.4,47,29,44,1400,2213,0.1375726077652094,0.16508712931825129,0.1183124426780801,0.1678385814735555,0.1183124426780801,1.7609293793946805,7.456435340874351,2.6413940690920206,1.430755120758178,0.1485784163864262,1.2931825129929686,0.7979211250382147,1.210638948333843,38.52033017425864,60.88963619688169,0.04734419498187323,0.6787655910696463,-0.09531532719218748,0.8234144888367391,-0.05152379530436885,0.024923962974030166,2.1997534022351037,-0.2379955219015753,0.7925522698406706,0.8546543240572959,0.6050319369027138,0.17779550564119406,-0.5336387244547498,0.7867569557805258,0.42336574574290314,0.048833229749966886,-0.1098847036941552,0.3352734591894089,1.0,0.1375726077652094,0.16508712931825129,0.1183124426780801,0.1678385814735555,0.1183124426780801,1.24,0.36,1.7609293793946805,7.456435340874351,2.6413940690920206,1.430755120758178,0.1485784163864262,38.52033017425864,60.88963619688169,1.2931825129929686,0.7979211250382147,1.210638948333843
Serhou Guirassy,Dortmund,Bundesliga,FW,28.0,2598,21,4,22.7,3.9,19.6,2.98,1.14,25,43,128,25,3.1,72.7,6,4,38,528,965,0.7274826789838338,0.13856812933025403,0.7863741339491916,0.13510392609699767,0.6789838337182449,0.8660508083140878,1.4896073903002311,4.434180138568129,0.8660508083140878,0.10739030023094688,0.20785219399538105,0.13856812933025403,1.3163972286374133,18.290993071593533,33.429561200923786,3.125834168672337,0.35047192581775155,4.125348730243638,0.4309713146471576,3.8711014270196764,-0.49245810127753703,-1.0027639282581262,0.26459661533235773,-0.05404921985515515,-0.03258968425498912,-1.3553873010258777,-1.185143028436394,-0.5684334733596043,-1.12198605011997,-1.3536894365603582,1.8027020460550167,1.7495217992504883,-0.547292047449569,0.92,0.6692840646651271,0.12748267898383372,0.7234642032332563,0.12429561200923786,0.6246651270207854,2.7416,1.0488,0.7967667436489608,1.3704387990762128,4.079445727482679,0.7967667436489608,0.09879907621247114,16.82771362586605,30.755196304849886,0.22592629782106635,0.1506175318807109,1.4308665528667535
Péter Gulácsi,RB Leipzig,Bundesliga,GK,34.0,2631,0,0,0.0,0.0,0.0,0.0,0.0,0,0,0,0,0.0,82.1,1,0,16,518,994,0.0,0.0,0.0,0.0,0.0,0.0,0.0,0.0,0.0,0.0,0.03420752565564424,0.0,0.5473204104903079,17.719498289623715,34.00228050171037,-0.7696298623010193,-0.9032492487568731,-0.8866591058814253,-1.1517915871101994,-0.9185057926831566,-1.248229898570237,-1.7898263274496862,-1.1459891842034466,-1.336044939666624,-1.2806681483244808,-1.7126797774141522,-1.442729475193211,-0.9691018668672297,-1.1758423653230698,-1.3195703349535817,-1.2292930147301913,-0.9884044908532337,0.5849608078182451,0.92,0.0,0.0,0.0,0.0,0.0,0.0,0.0,0.0,0.0,0.0,0.0,0.0,16.30193842645382,31.282098061573546,0.03718209310396113,0.0,0.5949134896633781
İlkay Gündoğan,Manchester City,Premier League,MF,33.0,2223,1,6,3.2,3.5,3.2,1.09,0.28,64,127,96,44,4.4,89.5,13,13,23,1118,1892,0.04048582995951417,0.242914979757085,0.12955465587044535,0.14170040485829957,0.12955465587044535,2.591093117408907,5.141700404858299,3.88663967611336,1.7813765182186234,0.17813765182186236,0.5263157894736842,0.5263157894736842,0.9311740890688259,45.26315789473684,76.59919028340082,-0.5435930232023555,1.4189399674590273,-0.018295302352523128,0.5176962305318542,0.03188151946297653,0.5795701034638939,0.9577852661957359,0.14948331766641698,1.3111030512095059,1.260051896160757,-0.7467555225741281,-0.3876845301737391,-0.6948726607790386,1.4563063931850164,1.4408016656308071,-0.10668571539736661,-0.3102427304422378,1.2081572271813905,1.0,0.04048582995951417,0.242914979757085,0.12955465587044535,0.14170040485829957,0.12955465587044535,1.09,0.28,2.591093117408907,5.141700404858299,3.88663967611336,1.7813765182186234,0.17813765182186236,45.26315789473684,76.59919028340082,0.5263157894736842,0.5263157894736842,0.9311740890688259
Christian Günter,Freiburg,Bundesliga,DF,31.0,2314,2,2,0.8,2.5,0.6,0.82,0.23,19,52,109,28,4.2,74.5,21,8,50,559,1304,0.07778738115816768,0.07778738115816768,0.031114952463267075,0.0972342264477096,0.0233362143474503,0.7389801210025929,2.0224719101123596,4.239412273120138,1.0890233362143475,0.16335350043215213,0.8167675021607607,0.3111495246326707,1.9446845289541919,21.741573033707866,50.71737251512532,-0.353100432640206,-0.19945330849220688,-0.688345887231447,-0.012677936985646955,-0.7538902375424695,-0.6033481793314771,-0.721214823347427,0.20263774658519093,0.2760120463656232,0.6178085807775722,-0.10247893104656573,-0.864328793538751,-0.24111264228104215,-0.7968115639547674,-0.323787720348043,-0.3949856490107717,-0.43601585337616694,-0.33047767090892394,0.92,0.07156439066551426,0.07156439066551426,0.02862575626620571,0.08945548833189283,0.021469317199654277,0.7544,0.2116,0.6798617113223855,1.860674157303371,3.900259291270527,1.0019014693171997,0.15028522039757997,20.002247191011236,46.6599827139153,0.887790763218218,0.3382060050355116,2.1137875314719476
Malo Gusto,Chelsea,Premier League,DF,21.0,1862,0,1,1.7,1.4,1.7,1.06,0.19,50,119,85,22,1.9,86.5,29,24,49,882,1595,0.0,0.048335123523093444,0.08216970998925886,0.06766917293233082,0.08216970998925886,2.4167561761546725,5.75187969924812,4.108485499462943,1.0633727175080558,0.09183673469387754,1.40171858216971,1.1600429645542427,2.3684210526315788,42.63157894736842,77.09452201933405,-0.7900177606680123,-0.4315932662594132,-0.34292797443826717,-0.34819046147872235,-0.31966459150545373,0.46309270607387193,1.2851762037548546,0.2185143278621663,0.24921283406649544,0.07645625308654726,0.7963529223025198,0.9317301452287189,0.13432993025442536,1.1949958159705254,1.472882035170473,-0.13778950442683335,-0.535645510533831,0.8393330998608346,1.0,0.0,0.048335123523093444,0.08216970998925886,0.06766917293233082,0.08216970998925886,1.06,0.19,2.4167561761546725,5.75187969924812,4.108485499462943,1.0633727175080558,0.09183673469387754,42.63157894736842,77.09452201933405,1.40171858216971,1.1600429645542427,2.3684210526315788
Joško Gvardiol,Manchester City,Premier League,DF,22.0,3277,5,0,4.6,2.1,4.3,1.1,0.33,91,264,121,26,2.9,90.2,39,44,122,1997,3103,0.137320720170888,0.0,0.12633506255721696,0.05767470247177296,0.11809581934696368,2.4992371071101616,7.250534025022887,3.3231614281354895,0.7140677448886177,0.07964601769911504,1.0711016173329264,1.2084223375038143,3.350625572169667,54.84589563625267,85.2212389380531,0.04581103302462598,-0.891279865718134,-0.040352627962294454,-0.4650881375047535,-0.053130910986002165,0.5181995818908074,2.089277308632686,-0.025852291965273225,-0.2673910235410918,-0.09073640257843828,0.21356082394982434,1.0324555948645486,0.7010011796455892,2.4078532707866396,1.9992122962541345,-0.0963177857208777,-0.18501896372468615,1.2942161902228537,1.0,0.137320720170888,0.0,0.12633506255721696,0.05767470247177296,0.11809581934696368,1.1,0.33,2.4992371071101616,7.250534025022887,3.3231614281354895,0.7140677448886177,0.07964601769911504,54.84589563625267,85.2212389380531,1.0711016173329264,1.2084223375038143,3.350625572169667
Erling Haaland,Manchester City,Premier League,FW,24.0,2736,22,3,22.0,3.0,18.8,3.42,1.81,24,20,124,29,2.0,66.9,6,5,23,310,639,0.7236842105263157,0.09868421052631579,0.7236842105263157,0.09868421052631579,0.618421052631579,0.7894736842105263,0.6578947368421052,4.078947368421052,0.9539473684210525,0.06578947368421052,0.19736842105263158,0.1644736842105263,0.756578947368421,10.197368421052632,21.019736842105264,3.614824421530603,0.04724694151008782,4.0520663136903075,0.01456870929524006,3.658752403634659,-0.6241216738296761,-1.4479950593275523,0.20932304810612137,0.08737844323464555,-0.28077546206821047,-1.3266045547747092,-1.1410367653876425,-0.7956032572250054,-2.0256570481980725,-2.158825161933801,2.3090418992245483,3.5216045311148445,-1.5703178653001297,1.0,0.7236842105263157,0.09868421052631579,0.7236842105263157,0.09868421052631579,0.618421052631579,3.42,1.81,0.7894736842105263,0.6578947368421052,4.078947368421052,0.9539473684210525,0.06578947368421052,10.197368421052632,21.019736842105264,0.19736842105263158,0.1644736842105263,0.756578947368421
Janik Haberer,Union Berlin,Bundesliga,"MF,DF",30.0,1696,0,0,0.7,0.8,0.7,0.8,0.16,13,59,22,7,1.9,77.0,29,17,37,444,911,0.0,0.0,0.03714622641509434,0.04245283018867924,0.03714622641509434,0.6898584905660378,3.130896226415094,1.1674528301886793,0.3714622641509434,0.1008254716981132,1.5389150943396226,0.9021226415094339,1.963443396226415,23.561320754716984,48.343160377358494,-0.7696298623010193,-0.9032492487568731,-0.6499051616234397,-0.6544502689237438,-0.6564732885392053,-0.6462148824909056,-0.13555775196591197,-0.7746031934611282,-0.7861776245606954,-0.10888541203038753,1.3834169734715152,0.23424030774628926,-0.2313397755964208,-0.625322847093717,-0.4652287108179866,-0.41533460915026965,-0.604134134347448,-0.02934659238024968,0.92,0.0,0.0,0.034174528301886796,0.03905660377358491,0.034174528301886796,0.7360000000000001,0.1472,0.6346698113207547,2.8804245283018868,1.074056603773585,0.341745283018868,0.09275943396226416,21.676415094339628,44.47570754716982,1.672733798195242,0.9805680885972107,2.1341776045939294
Robin Hack,Gladbach,Bundesliga,"FW,MF",25.0,2172,4,7,5.4,3.6,5.4,2.44,0.99,51,95,141,32,3.8,76.2,17,9,28,684,1186,0.16574585635359115,0.2900552486187845,0.22375690607734808,0.14917127071823205,0.22375690607734808,2.113259668508287,3.93646408839779,5.842541436464089,1.3259668508287292,0.1574585635359116,0.7044198895027625,0.3729281767955801,1.160220994475138,28.342541436464085,49.14364640883978,0.11789232944402844,1.7210800883534083,0.5394704147002213,0.5957723817659647,0.6598936324365248,0.595936797519784,0.2900793509998075,0.7126195610283272,0.6267542530082613,0.5492982612103092,-0.33364615965591654,-0.7494874979754519,-0.6497971022837314,-0.17475192988567267,-0.41754066502416676,1.2532801222885697,1.3892683400263146,-0.1257085375094251,0.92,0.15248618784530388,0.2668508287292818,0.20585635359116025,0.1372375690607735,0.20585635359116025,2.2448,0.9108,1.9441988950276243,3.6215469613259668,5.375138121546962,1.219889502762431,0.14486187845303866,26.07513812154696,45.2121546961326,0.7656737929377853,0.40535671390823924,1.261109776603411
Amadou Haidara,RB Leipzig,Bundesliga,MF,26.0,1320,0,1,1.4,0.9,1.4,1.23,0.07,7,65,24,5,1.2,80.2,17,18,56,505,1100,0.0,0.06818181818181818,0.09545454545454544,0.06136363636363637,0.09545454545454544,0.4772727272727273,4.431818181818182,1.6363636363636362,0.34090909090909094,0.08181818181818182,1.1590909090909092,1.2272727272727273,3.8181818181818183,34.43181818181818,75.0,-0.7696298623010193,-0.2863614435400407,-0.2782732127578745,-0.43290731809523175,-0.2451616608223364,-0.8317309317349326,0.5518091086228777,-0.6254349360224779,-0.8314048063226549,-0.329786080977695,0.6018880901650756,0.8386668498325051,0.7349291930771304,0.3990870938519337,1.1228222215520451,0.022168033848938142,-0.8202862098819526,0.35610118813645375,0.92,0.0,0.06272727272727273,0.08781818181818181,0.056454545454545466,0.08781818181818181,1.1316,0.06440000000000001,0.43909090909090914,4.077272727272727,1.5054545454545454,0.31363636363636366,0.07527272727272727,31.677272727272726,69.0,1.2598814229249011,1.33399209486166,4.150197628458498
Lewis Hall,Newcastle Utd,Premier League,DF,19.0,2189,0,4,0.4,4.3,0.4,0.45,0.04,41,123,80,34,3.7,81.7,41,18,75,950,1820,0.0,0.16445865692096848,0.01644586569209685,0.1767930561900411,0.01644586569209685,1.6857012334399268,5.0571037003197805,3.289173138419369,1.397898583828232,0.15212425765189586,1.6857012334399268,0.7400639561443582,3.083599817268159,39.058931018730014,74.82868889904066,-0.7900177606680123,0.6727885640527903,-0.7931998233801965,0.9281481301559006,-0.8072659051905126,-0.025337207081192435,0.9123950101383362,-0.036428312457813174,0.7439591633688403,0.9032846563006798,1.2969408014249222,0.05733736416084974,0.5469438370660444,0.8402389528521962,1.3261343940622843,-0.7702332146926567,-0.9113168106864862,0.2492144961479455,1.0,0.0,0.16445865692096848,0.01644586569209685,0.1767930561900411,0.01644586569209685,0.45,0.04,1.6857012334399268,5.0571037003197805,3.289173138419369,1.397898583828232,0.15212425765189586,39.058931018730014,74.82868889904066,1.6857012334399268,0.7400639561443582,3.083599817268159
Andreas Hanche-Olsen,Mainz 05,Bundesliga,DF,27.0,1284,1,1,0.8,0.3,0.8,0.84,0.14,2,34,5,3,0.6,82.6,13,12,85,394,812,0.07009345794392523,0.07009345794392523,0.056074766355140186,0.02102803738317757,0.056074766355140186,0.14018691588785046,2.383177570093458,0.35046728971962615,0.2102803738317757,0.04205607476635514,0.911214953271028,0.8411214953271028,5.957943925233645,27.61682242990654,56.915887850467286,-0.39429921579201543,-0.2690655237676062,-0.5292628535792058,-0.9054449528683101,-0.5229498273710592,-1.125893753438372,-0.5306291267435195,-1.0344997618905445,-1.0247715863890356,-0.7918969922116469,0.09185680075790813,0.12084433012036386,1.8496878565699104,-0.24314197087839648,0.04548178785123104,-0.37463668887127366,-0.6521679289106713,0.64518702352398,0.92,0.06448598130841121,0.06448598130841121,0.05158878504672897,0.019345794392523364,0.05158878504672897,0.7728,0.12880000000000003,0.12897196261682242,2.1925233644859814,0.32242990654205606,0.19345794392523366,0.03869158878504673,25.40747663551402,52.36261682242991,0.9904510361641607,0.9142624949207638,6.476026005688744
Phil Harres,Holstein Kiel,Bundesliga,FW,22.0,1544,8,1,5.9,1.3,5.9,2.16,0.99,12,16,71,10,1.1,56.6,10,5,20,240,481,0.46632124352331605,0.05829015544041451,0.34391191709844565,0.07577720207253887,0.34391191709844565,0.6994818652849741,0.9326424870466321,4.13860103626943,0.582901554404145,0.06411917098445596,0.582901554404145,0.2914507772020725,1.16580310880829,13.989637305699482,28.037564766839377,1.7273885320904883,-0.3758581199445552,1.3052863676780746,-0.2640502186374847,1.5074768585622491,-0.6378169049848169,-1.297046929184914,0.17056803026979353,-0.4731887531199412,-0.5354820722301732,-0.5836831304946551,-0.900947100942717,-0.6468889704437569,-1.5273356337683044,-1.674911497603584,0.9683946803355972,1.3892683400263146,-2.4865761931742316,0.92,0.4290155440414508,0.05362694300518135,0.31639896373057,0.06971502590673576,0.31639896373057,1.9872000000000003,0.9108,0.6435233160621763,0.8580310880829016,3.8075129533678753,0.5362694300518135,0.05898963730569949,12.870466321243525,25.794559585492227,0.6335886460914619,0.31679432304573096,1.2671772921829239
Jack Harrison,Everton,Premier League,FW,27.0,2076,1,0,3.5,3.7,3.5,1.26,0.3,73,51,127,33,3.1,62.8,22,10,35,524,948,0.04335260115606936,0.0,0.15173410404624277,0.16040462427745666,0.15173410404624277,3.1647398843930636,2.2109826589595376,5.505780346820809,1.4306358381502888,0.13439306358381503,0.9537572254335259,0.4335260115606936,1.517341040462428,22.716763005780347,41.09826589595376,-0.5261438727170705,-0.891279865718134,0.13365535186475064,0.7364651778822058,0.19642953370315225,0.9628330078077095,-0.6146876763849093,0.6533058123177165,0.7923758570775803,0.6601057337133274,0.006713046435643865,-0.5808720713110932,-0.35669058964152023,-0.7825059625798284,-0.8584307290053195,0.06956908910294472,-0.26015322375521727,-2.0743775059715572,1.0,0.04335260115606936,0.0,0.15173410404624277,0.16040462427745666,0.15173410404624277,1.26,0.3,3.1647398843930636,2.2109826589595376,5.505780346820809,1.4306358381502888,0.13439306358381503,22.716763005780347,41.09826589595376,0.9537572254335259,0.4335260115606936,1.517341040462428
Taylor Harwood-Bellis,Southampton,Premier League,DF,22.0,2825,1,0,1.8,1.0,1.8,0.64,0.25,29,125,9,14,0.7,87.4,20,30,141,1433,2475,0.03185840707964602,0.0,0.05734513274336283,0.03185840707964602,0.05734513274336283,0.9238938053097345,3.982300884955752,0.2867256637168142,0.44601769911504424,0.02230088495575221,0.6371681415929203,0.9557522123893805,4.4920353982300885,45.65309734513274,78.8495575221239,-0.5961054805313202,-0.891279865718134,-0.5130003190377752,-0.7670415973554646,-0.5038366618737995,-0.5343133649890672,0.3357109032725166,-0.9706896796947893,-0.6638230772850999,-0.8772106548265308,-0.551351530129897,0.5063985087542981,1.3595240425878095,1.495026608272445,1.586547652372761,-0.5732425508393675,-0.3853769904727689,0.949980338057002,1.0,0.03185840707964602,0.0,0.05734513274336283,0.03185840707964602,0.05734513274336283,0.64,0.25,0.9238938053097345,3.982300884955752,0.2867256637168142,0.44601769911504424,0.02230088495575221,45.65309734513274,78.8495575221239,0.6371681415929203,0.9557522123893805,4.4920353982300885
Kai Havertz,Arsenal,Premier League,"FW,MF",25.0,1875,9,3,9.5,2.4,9.5,2.54,1.01,35,61,113,17,1.7,78.4,9,6,33,418,785,0.43199999999999994,0.14400000000000002,0.45599999999999996,0.1152,0.45599999999999996,1.6800000000000002,2.928,5.424,0.8160000000000001,0.08159999999999999,0.43199999999999994,0.28800000000000003,1.584,20.064,37.68,1.839432757985532,0.4782184513892874,2.2181707816322507,0.20774126554301833,2.4537602203535025,-0.02914629555216211,-0.22997291846424198,0.6278584999907982,-0.11663852834958623,-0.06393802064998484,-0.9130098370866787,-0.8838560095989832,-0.31823249345801324,-1.0459200748362383,-1.0798161666260877,1.3966640876935248,1.518024263634017,-0.15649204390466562,1.0,0.43199999999999994,0.14400000000000002,0.45599999999999996,0.1152,0.45599999999999996,2.54,1.01,1.6800000000000002,2.928,5.424,0.8160000000000001,0.08159999999999999,20.064,37.68,0.43199999999999994,0.28800000000000003,1.584
Jan Paul van Hecke,Brighton,Premier League,DF,24.0,2958,1,1,1.3,1.5,1.3,0.52,0.15,55,228,5,15,1.4,88.2,29,24,142,1715,2589,0.030425963488843813,0.030425963488843813,0.03955375253549696,0.04563894523326572,0.03955375253549696,1.6734279918864097,6.9371196754563895,0.15212981744421905,0.4563894523326572,0.04259634888438134,0.8823529411764706,0.7302231237322515,4.320486815415822,52.18052738336714,78.77281947261663,-0.6048243220655258,-0.6019166310351934,-0.6348884670469527,-0.605861183555304,-0.6358298593867507,-0.033537163002227206,1.9211152312031887,-1.0125714113229205,-0.6484837945883994,-0.59886340801256,-0.11915421713349945,0.03684883342826887,1.26055112216146,2.143187482459375,1.5815776801150614,-0.6976577069572343,-0.6358245239078723,1.0483334386758165,1.0,0.030425963488843813,0.030425963488843813,0.03955375253549696,0.04563894523326572,0.03955375253549696,0.52,0.15,1.6734279918864097,6.9371196754563895,0.15212981744421905,0.4563894523326572,0.04259634888438134,52.18052738336714,78.77281947261663,0.8823529411764706,0.7302231237322515,4.320486815415822
Hwang Hee-chan,Wolves,Premier League,"MF,FW",28.0,661,2,0,0.8,0.1,0.8,0.68,0.41,15,12,42,3,0.3,81.4,4,2,11,159,271,0.2723146747352496,0.0,0.10892586989409986,0.013615733736762482,0.10892586989409986,2.042360060514372,1.6338880484114977,5.718608169440242,0.4084720121028744,0.04084720121028744,0.5446293494704992,0.2723146747352496,1.497730711043873,21.649016641452345,36.89863842662633,0.8674775234050743,-0.891279865718134,-0.159622421943997,-0.980412193296581,-0.12116222363146562,0.2129524613903216,-0.9243270681911699,0.7195307219029202,-0.7193511924492257,-0.6228525339111954,-0.7144734584516147,-0.9165127255432567,-0.3680045366368068,-0.8885310617166936,-1.1304213796570994,-0.5317708321334118,0.015339063023396484,0.21233208341589024,1.0,0.2723146747352496,0.0,0.10892586989409986,0.013615733736762482,0.10892586989409986,0.68,0.41,2.042360060514372,1.6338880484114977,5.718608169440242,0.4084720121028744,0.04084720121028744,21.649016641452345,36.89863842662633,0.5446293494704992,0.2723146747352496,1.497730711043873
Dean Henderson,Crystal Palace,Premier League,GK,27.0,3420,0,0,0.0,0.2,0.0,0.03,0.0,0,0,0,3,0.1,61.3,1,0,22,751,1308,0.0,0.0,0.0,0.005263157894736842,0.0,0.0,0.0,0.0,0.07894736842105263,0.002631578947368421,0.026315789473684213,0.0,0.5789473684210527,19.763157894736842,34.42105263157895,-0.7900177606680123,-0.891279865718134,-0.9058698966514711,-1.0781058838845132,-0.9292768100897674,-1.1515821155650607,-1.8009876578806308,-1.0599091291149787,-1.2067009740060475,-1.146970301288819,-1.628126051519011,-1.4834695995757803,-0.8980856901309018,-1.0757931000233987,-1.2908832723755181,-1.2056862611051906,-1.0114958240605274,-2.258789569631835,1.0,0.0,0.0,0.0,0.005263157894736842,0.0,0.03,0.0,0.0,0.0,0.0,0.07894736842105263,0.002631578947368421,19.763157894736842,34.42105263157895,0.026315789473684213,0.0,0.5789473684210527
Ramon Hendriks,Stuttgart,Bundesliga,DF,23.0,1154,0,1,0.6,1.0,0.6,0.39,0.08,8,36,22,6,1.5,83.7,9,19,63,418,839,0.0,0.0779896013864818,0.04679376083188908,0.0779896013864818,0.04679376083188908,0.6239168110918544,2.8076256499133447,1.7157712305025996,0.46793760831889086,0.11698440207972272,0.7019064124783362,1.4818024263431542,4.913344887348353,32.599653379549395,65.43327556325823,-0.7696298623010193,-0.19762368299758476,-0.5884159594628487,-0.23813162649036781,-0.5884187956332868,-0.703759845366373,-0.30636391014308395,-0.6001740712927255,-0.6433673216277617,0.07891193063756136,-0.3388179074497807,1.3118160587777574,1.305479776839369,0.22642822065119092,0.5528954831778935,-0.8324882920099795,-0.7962693126003408,0.7776846980765977,0.92,0.0,0.07175043327556326,0.043050259965337956,0.07175043327556326,0.043050259965337956,0.3588,0.0736,0.574003466204506,2.5830155979202774,1.5785095320623916,0.4305025996533796,0.1076256499133449,29.991681109185443,60.198613518197575,0.7629417526938437,1.6106548112425587,5.340592268856906
Benjamin Henrichs,RB Leipzig,Bundesliga,DF,27.0,935,0,2,0.5,1.4,0.4,1.06,0.1,9,29,55,11,2.0,75.6,16,15,33,290,606,0.0,0.1925133689839572,0.0481283422459893,0.13475935828877006,0.038502673796791446,0.8663101604278075,2.7914438502673797,5.294117647058823,1.0588235294117647,0.1925133689839572,1.5401069518716577,1.4438502673796794,3.176470588235294,27.9144385026738,58.331550802139034,-0.7696298623010193,0.8385516130318301,-0.5799099160712315,0.42693465072659204,-0.6469047983191282,-0.49223177389439055,-0.3149138717876911,0.5381569128526287,0.23130794507229185,0.9567014219032502,1.3858693478127169,1.2412662013076319,0.400614854728036,-0.21509533680552634,0.1298182996864347,-0.15079812733679512,-0.7482355180371177,-0.19797999635630795,0.92,0.0,0.17711229946524065,0.04427807486631016,0.12397860962566846,0.03542245989304813,0.9752000000000001,0.09200000000000001,0.797005347593583,2.5681283422459895,4.870588235294118,0.9741176470588235,0.17711229946524065,25.6812834224599,53.665026737967914,1.6740292955126712,1.5694024645431297,3.4526854219948846
Mads Hermansen,Leicester City,Premier League,GK,24.0,2385,0,0,0.0,0.0,0.0,0.0,0.0,0,1,0,0,0.0,61.0,1,0,13,734,1147,0.0,0.0,0.0,0.0,0.0,0.0,0.03773584905660377,0.0,0.0,0.0,0.03773584905660377,0.0,0.49056603773584906,27.698113207547173,43.28301886792453,-0.7900177606680123,-0.891279865718134,-0.9058698966514711,-1.1396650158946402,-0.9292768100897674,-1.1515821155650607,-1.7807405352466428,-1.0599091291149787,-1.3234600191706214,-1.1830617529230112,-1.6079954436086512,-1.4834695995757803,-0.9490762507381684,-0.2878677538979689,-0.7169342780225121,-1.2367900501346574,-1.0114958240605274,-2.2956719823638903,1.0,0.0,0.0,0.0,0.0,0.0,0.0,0.0,0.0,0.03773584905660377,0.0,0.0,0.0,27.698113207547173,43.28301886792453,0.03773584905660377,0.0,0.49056603773584906
Son Heung-min,Tottenham,Premier League,FW,32.0,2110,7,9,7.2,8.2,5.7,2.35,1.02,96,111,265,50,5.1,78.9,9,5,17,761,1134,0.2985781990521327,0.3838862559241706,0.3071090047393365,0.3497630331753554,0.24312796208530807,4.0947867298578196,4.734597156398104,11.303317535545023,2.132701421800948,0.21753554502369668,0.3838862559241706,0.2132701421800948,0.7251184834123223,32.459715639810426,48.3696682464455,1.027335480897431,2.759633894343119,1.1981235758768527,2.951245643091141,0.8744751611181375,1.5842127064027347,0.739354527194623,2.4573057377722956,1.8306942814837426,1.8003842158143224,-0.9978219092179437,-1.0394429482304035,-0.8137539988086545,0.18494993651747185,-0.3874952779668809,1.1996734238402356,1.5430690169775274,-0.0950213560179063,1.0,0.2985781990521327,0.3838862559241706,0.3071090047393365,0.3497630331753554,0.24312796208530807,2.35,1.02,4.0947867298578196,4.734597156398104,11.303317535545023,2.132701421800948,0.21753554502369668,32.459715639810426,48.3696682464455,0.3838862559241706,0.2132701421800948,0.7251184834123223
Piero Hincapié,Leverkusen,Bundesliga,DF,22.0,2670,2,2,2.9,3.2,2.9,0.74,0.1,52,152,72,16,3.5,87.9,40,32,114,1366,2456,0.06741573033707865,0.06741573033707865,0.09775280898876404,0.10786516853932585,0.09775280898876404,1.752808988764045,5.123595505617978,2.4269662921348316,0.5393258426966292,0.11797752808988765,1.348314606741573,1.0786516853932584,3.842696629213483,46.04494382022472,82.78651685393258,-0.40863768992831445,-0.2932927671941624,-0.26362507728941015,0.11186515542797074,-0.22894952281605657,0.2813842846066108,0.917322816276037,-0.37393119813729064,-0.5376929084887494,0.09045393380477967,0.9912360855361513,0.5623928878755831,0.7477007520702418,1.493480559212138,1.5866951158954476,-0.47638148956876386,-0.7482355180371177,1.2835849100047707,0.92,0.06202247191011236,0.06202247191011236,0.08993258426966293,0.09923595505617978,0.08993258426966293,0.6808000000000001,0.09200000000000001,1.6125842696629216,4.71370786516854,2.232808988764045,0.4961797752808989,0.10853932584269664,42.361348314606744,76.16359550561798,1.4655593551538837,1.172447484123107,4.176844162188568
Jack Hinshelwood,Brighton,Premier League,"MF,DF",19.0,1842,5,2,2.7,1.5,2.7,0.88,0.49,19,68,54,17,1.5,83.2,19,16,37,590,1199,0.24429967426710097,0.09771986970684039,0.13192182410423453,0.0732899022801303,0.13192182410423453,0.9283387622149837,3.3224755700325734,2.6384364820846904,0.8306188925081434,0.0732899022801303,0.9283387622149837,0.7817589576547231,1.8078175895765471,28.827361563517915,58.58306188925081,0.6969588717591189,0.03807566977821595,-0.0020779123202896922,-0.28244908969498966,0.04944340058621733,-0.5313436156742665,-0.01831754453635439,-0.23891582418978247,-0.09501794789513775,-0.1779089468241777,-0.03809312230814139,0.1441460083959814,-0.18910358944858477,-0.17573562880542185,0.2739794843920422,-0.3244122386036337,0.21569708977147925,0.43362655980822346,1.0,0.24429967426710097,0.09771986970684039,0.13192182410423453,0.0732899022801303,0.13192182410423453,0.88,0.49,0.9283387622149837,3.3224755700325734,2.6384364820846904,0.8306188925081434,0.0732899022801303,28.827361563517915,58.58306188925081,0.9283387622149837,0.7817589576547231,1.8078175895765471
George Hirst,Ipswich Town,Premier League,FW,25.0,661,3,1,2.1,0.3,2.1,1.91,0.95,9,13,31,4,0.3,56.6,3,2,10,101,188,0.4084720121028744,0.1361573373676248,0.2859304084720121,0.04084720121028744,0.2859304084720121,1.2254160363086233,1.7700453857791227,4.2208774583963695,0.5446293494704992,0.04084720121028744,0.4084720121028744,0.2723146747352496,1.361573373676248,13.751891074130105,25.597579425113466,1.6962251654416176,0.4036315536345714,1.0530297244556484,-0.6619065481004628,1.1920239793632748,-0.3328613693918313,-0.8512720190503814,0.2534869513982325,-0.5179815835420939,-0.6228525339111954,-0.9544835873624754,-0.9165127255432567,-0.44655889771444807,-1.672699989042963,-1.8623392493551711,0.7434845180747235,1.3677557435729548,-2.836614035767372,1.0,0.4084720121028744,0.1361573373676248,0.2859304084720121,0.04084720121028744,0.2859304084720121,1.91,0.95,1.2254160363086233,1.7700453857791227,4.2208774583963695,0.5446293494704992,0.04084720121028744,13.751891074130105,25.597579425113466,0.4084720121028744,0.2723146747352496,1.361573373676248
Adam Hložek,Hoffenheim,Bundesliga,"FW,MF",22.0,1871,8,4,5.6,3.5,5.6,2.84,1.15,54,68,102,20,3.2,68.5,10,4,20,429,761,0.3848209513629075,0.19241047568145375,0.26937466595403525,0.16835916622127206,0.26937466595403525,2.597541421699626,3.270978086584714,4.906467129877071,0.9620523784072689,0.15392838054516303,0.48102618920363444,0.19241047568145375,0.9620523784072689,20.636023516835916,36.606092998396576,1.2909775139365474,0.8376206665530547,0.8302182408274729,0.820561475927481,0.9816850230437972,1.0185522924674424,-0.06154283658200259,0.41483889291853876,0.0880597658684679,0.5082708559837427,-0.793302589954446,-1.0850546549504476,-0.7530376358299594,-0.9009959329669678,-1.1644511639785222,1.6602593250785302,1.7735386965320998,-1.0531922593777423,0.92,0.3540352752538749,0.17701763762693745,0.24782469267771245,0.1548904329235703,0.24782469267771245,2.6128,1.058,2.389738107963656,3.009299839657937,4.513949759486906,0.8850881881346874,0.14161411010155,18.985141635489043,33.67760555852485,0.5228545534822113,0.2091418213928845,1.0457091069644227
Nicolas Höfler,Freiburg,Bundesliga,MF,34.0,794,0,0,0.2,0.1,0.2,0.45,0.0,1,30,3,3,0.4,86.4,23,14,28,199,482,0.0,0.0,0.022670025188916875,0.011335012594458438,0.022670025188916875,0.11335012594458438,3.400503778337532,0.34005037783375314,0.34005037783375314,0.04534005037783375,2.607052896725441,1.5869017632241813,3.1738035264483626,22.556675062972293,54.63476070528967,-0.7696298623010193,-0.9032492487568731,-0.7421701927970267,-1.0190002024055034,-0.7585895900821701,-1.1493132673678976,0.006894526425019164,-1.0378135532842276,-0.8326759401597934,-0.7537309825403677,3.5812247391075003,1.5071868476779917,0.3992253870749478,-0.7199982785220584,-0.0904137699506405,-0.7714414115914855,-0.9884044908532337,1.1029062628875663,0.92,0.0,0.0,0.020856423173803526,0.010428211586901763,0.020856423173803526,0.41400000000000003,0.0,0.10428211586901763,3.128463476070529,0.3128463476070529,0.3128463476070529,0.04171284634760705,20.75214105793451,50.2639798488665,2.8337531486146097,1.7248932208958492,3.4497864417916984
Philipp Hofmann,Bochum,Bundesliga,FW,31.0,2277,3,3,5.5,3.3,5.5,2.13,0.75,8,53,112,26,2.6,63.5,12,4,33,486,938,0.11857707509881424,0.11857707509881424,0.21739130434782608,0.13043478260869565,0.21739130434782608,0.31620553359683795,2.0948616600790513,4.426877470355731,1.0276679841897234,0.10276679841897232,0.47430830039525695,0.15810276679841898,1.3043478260869565,19.209486166007903,37.07509881422925,-0.13468315595377162,0.16959910814196597,0.4988988287684835,0.3762715934047073,0.6149901597949019,-0.9722885540830788,-0.6829663219928667,0.2622735161895124,0.1851890854862105,-0.0863235226715133,-0.8071253646551939,-1.148829787589254,-0.5747108888904086,-1.0354294354923612,-1.1365106753960936,0.9378712401263499,0.8128628052676362,-1.6554544164350908,0.92,0.1090909090909091,0.1090909090909091,0.2,0.12,0.2,1.9596,0.6900000000000001,0.29090909090909095,1.9272727272727272,4.072727272727273,0.9454545454545455,0.09454545454545454,17.672727272727272,34.10909090909091,0.5155525004296271,0.17185083347654234,1.4177693761814745
Lucas Höler,Freiburg,Bundesliga,"FW,MF",30.0,1867,6,4,7.7,2.9,6.9,1.64,0.82,21,47,122,22,1.7,65.5,24,7,36,395,854,0.289234065345474,0.192822710230316,0.3711837171933583,0.1397964649169791,0.33261917514729517,1.0123192287091591,2.2656668452062134,5.881092662024638,1.0605249062667381,0.0819496518478843,1.156936261381896,0.337439742903053,1.7354043920728441,19.041242635243705,41.167648634172465,0.7791367690355451,0.8413504360555933,1.4791049991410594,0.4859451157341115,1.4278169378196943,-0.36481484304382833,-0.5927181534647504,0.7248833413960715,0.2338264553316474,-0.32825815049990165,0.5974546720644321,-0.8154574986640907,-0.3501419801296662,-1.051284307504469,-0.8927016699275149,0.4393217167086479,0.9809810862389172,-1.4145495536121513,0.92,0.2660953401178361,0.17739689341189072,0.34148901981788965,0.1286127477236208,0.30600964113551155,1.5088,0.7544,0.9313336904124264,2.0844134975897166,5.410605249062668,0.9756829137653991,0.07539367970005356,17.517943224424208,37.87423674343867,1.2575394145455392,0.3667823292424489,1.8863091218183088
Benedict Hollerbach,Union Berlin,Bundesliga,"FW,MF",23.0,2540,9,1,7.0,1.6,7.0,2.69,0.85,103,68,214,26,2.3,65.4,22,2,13,710,1112,0.3188976377952756,0.03543307086614173,0.24803149606299213,0.05669291338582678,0.24803149606299213,3.6496062992125986,2.409448818897638,7.5826771653543314,0.9212598425196851,0.08149606299212597,0.7795275590551181,0.07086614173228346,0.46062992125984253,25.15748031496063,39.40157480314961,0.9379768113438816,-0.5826618854158421,0.69418612821914,-0.48762554329584606,0.8311285656953528,1.9366519648115381,-0.5167482127199868,1.266185422524901,0.027675483669204363,-0.33352971116409985,-0.1791040967944775,-1.3109953041943507,-1.0142652864799073,-0.47490454914421254,-0.9979135117547062,1.507642124032295,1.0530317780837521,-1.4265947967532977,0.92,0.29338582677165354,0.0325984251968504,0.22818897637795277,0.05215748031496064,0.22818897637795277,2.4748,0.782,3.3576377952755907,2.216692913385827,6.976062992125986,0.8475590551181102,0.0749763779527559,23.14488188976378,36.24944881889764,0.8473125641903456,0.07702841492639506,0.5006846970215679
Lewis Holtby,Holstein Kiel,Bundesliga,MF,33.0,1238,0,1,0.5,1.5,0.5,0.51,0.0,14,47,34,21,1.8,76.5,20,21,26,372,847,0.0,0.07269789983844911,0.036348949919224556,0.10904684975767366,0.036348949919224556,1.0177705977382876,3.4168012924071083,2.47172859450727,1.5266558966074315,0.1308562197092084,1.4539579967689822,1.5266558966074315,1.890145395799677,27.04361873990307,61.57512116316639,-0.7696298623010193,-0.2455013465870679,-0.6549866563882661,0.12570872939458932,-0.6620973418245475,-0.3600576268051293,0.015505627986400207,-0.3596915718460867,0.9238297770207469,0.24012869605890846,1.2086086590671503,1.3951948709615571,-0.2695260677655926,-0.29715932952864094,0.32305031852118943,-0.7103945311729913,-0.9884044908532337,-0.08957280808598453,0.92,0.0,0.06688206785137318,0.03344103392568659,0.10032310177705978,0.03344103392568659,0.4692,0.0,0.9363489499192247,3.1434571890145397,2.2739903069466885,1.404523424878837,0.12038772213247174,24.880129240710826,56.649111470113084,1.5803891269228065,1.6594085832689471,2.0545058649996486
Gerrit Holtmann,Bochum,Bundesliga,"DF,FW",29.0,1136,2,1,2.0,2.9,2.0,2.46,0.63,50,33,97,20,2.8,65.7,19,16,15,336,571,0.15845070422535212,0.07922535211267606,0.15845070422535212,0.22975352112676056,0.15845070422535212,3.9612676056338025,2.61443661971831,7.684859154929577,1.5845070422535212,0.22183098591549294,1.505281690140845,1.267605633802817,1.1883802816901408,26.619718309859156,45.237676056338024,0.07882885269468665,-0.18644299621618748,0.1232369943739661,1.539805617300301,0.19921836986247068,2.2086277235537666,-0.40843900898651053,1.2986911978788318,1.0094655392560494,1.2974275976509593,1.3142126472434403,0.9136423159131625,-0.6351268689539357,-0.3371067024451278,-0.6502344107160445,1.2736290824280676,0.5246600378882971,-1.3904590673298571,0.92,0.14577464788732397,0.07288732394366199,0.14577464788732397,0.21137323943661973,0.14577464788732397,2.2632,0.5796,3.6443661971830985,2.4052816901408454,7.070070422535212,1.4577464788732395,0.2040845070422535,24.490140845070425,41.61866197183098,1.6361757501530922,1.3778322106552359,1.2917176974892834
Franck Honorat,Gladbach,Bundesliga,FW,27.0,1439,4,7,4.5,5.3,4.5,1.94,0.56,63,45,124,50,4.9,67.5,7,5,28,373,762,0.2501737317581654,0.43780403057678946,0.2814454482279361,0.3314801945795691,0.2814454482279361,3.9402362751911046,2.8144544822793605,7.7553856845031275,3.1271716469770676,0.30646282140375264,0.43780403057678946,0.3127171646977067,1.7512161223071578,23.328700486448923,47.6580958999305,0.5699797280188165,3.0578649417945734,0.9071521743498329,2.7315489626764675,1.066833303541043,2.190274428047841,-0.30275576666805054,1.3211268495659816,3.2930375899653375,2.2810096438917635,-0.8822368039345612,-0.8614146830856623,-0.34190449279150714,-0.6472444304322259,-0.5060406486738557,0.7445561188011186,0.35654175691701595,-1.173644690789212,0.92,0.23015983321751216,0.40277970813064634,0.25892981236970125,0.3049617790132036,0.25892981236970125,1.7848,0.5152000000000001,3.6250173731758166,2.5892981236970116,7.1349548297428775,2.8769979152189022,0.28194579569145245,21.46240444753301,43.84544822793606,0.47587394627911894,0.33990996162794207,1.9034957851164758
Mathias Honsak,Heidenheim,Bundesliga,"FW,DF",27.0,1181,5,1,3.3,1.6,3.3,2.21,0.76,37,29,58,14,1.9,70.1,8,10,31,338,646,0.3810330228619814,0.07620660457239627,0.25148179508890767,0.12193056731583404,0.25148179508890767,2.819644369178662,2.2099915325994917,4.419983065198983,1.0668924640135478,0.14479254868755292,0.6096528365791701,0.7620660457239627,2.3624047417442844,25.757832345469943,49.229466553768,1.2706942279511437,-0.21375568153738222,0.7161768385035918,0.2766434266818896,0.8554672558143229,1.212373650508783,-0.6221352639069553,0.2600802922548854,0.24325220922356203,0.40209520540522475,-0.5286395063726874,-0.026113072411225267,-0.023491615817783678,-0.4183287951600962,-0.41242802740100176,1.0192670806843422,0.8368797025492478,-0.8604683691193914,0.92,0.3505503810330229,0.07011007620660457,0.23136325148179507,0.11217612193056732,0.23136325148179507,2.0332,0.6992,2.5940728196443694,2.0331922099915323,4.0663844199830645,0.981541066892464,0.1332091447925487,23.69720575783235,45.291109229466564,0.6626661267164893,0.8283326583956117,2.567831241026396
Timo Horn,Bochum,Bundesliga,GK,31.0,1170,0,0,0.0,0.0,0.0,0.0,0.0,0,1,0,1,0.1,56.9,0,0,9,285,535,0.0,0.0,0.0,0.0,0.0,0.0,0.07692307692307693,0.0,0.07692307692307693,0.007692307692307693,0.0,0.0,0.6923076923076923,21.923076923076923,41.15384615384615,-0.7696298623010193,-0.9032492487568731,-0.8866591058814253,-1.1517915871101994,-0.9185057926831566,-1.248229898570237,-1.7491825565671644,-1.1459891842034466,-1.222177422399267,-1.1912689795995692,-1.7830654199419607,-1.442729475193211,-0.8935673819964385,-0.7797070671424678,-0.8935239370102415,-1.2292930147301913,-0.9884044908532337,-2.450440463750791,0.92,0.0,0.0,0.0,0.0,0.0,0.0,0.0,0.0,0.07076923076923078,0.0,0.07076923076923078,0.007076923076923078,20.16923076923077,37.861538461538466,0.0,0.0,0.7525083612040133
Lukáš Hrádecký,Leverkusen,Bundesliga,GK,34.0,2610,0,0,0.0,0.0,0.0,0.0,0.0,0,0,0,0,0.0,75.3,0,0,8,538,962,0.0,0.0,0.0,0.0,0.0,0.0,0.0,0.0,0.0,0.0,0.0,0.0,0.27586206896551724,18.551724137931036,33.172413793103445,-0.7696298623010193,-0.9032492487568731,-0.8866591058814253,-1.1517915871101994,-0.9185057926831566,-1.248229898570237,-1.7898263274496862,-1.1459891842034466,-1.336044939666624,-1.2806681483244808,-1.7830654199419607,-1.442729475193211,-1.1105243815453125,-1.0974153717254742,-1.3690087012041225,-1.2292930147301913,-0.9884044908532337,-0.2341157257797485,0.92,0.0,0.0,0.0,0.0,0.0,0.0,0.0,0.0,0.0,0.0,0.0,0.0,17.067586206896554,30.51862068965517,0.0,0.0,0.2998500749625187
Callum Hudson-Odoi,Nott'ham Forest,Premier League,"FW,MF",23.0,2194,5,2,2.5,2.7,2.5,1.52,0.7,130,71,189,44,2.6,82.0,14,13,12,641,1035,0.20510483135824975,0.0820419325432999,0.10255241567912488,0.11075660893345489,0.10255241567912488,5.332725615314494,2.912488605287147,7.7529626253418416,1.804922515952598,0.10665451230628989,0.5742935278030994,0.5332725615314494,0.4922515952597995,26.29443938012762,42.4567000911577,0.4583919735757322,-0.1110278618966771,-0.2032867426211038,0.15577031906778524,-0.16844650350228824,2.411300175464292,-0.2382955379050882,1.3525538776547297,1.345926355239143,0.27967839261589283,-0.6621831933561765,-0.3732005889646874,-0.9481037883140828,-0.4272497847622421,-0.7704511633605793,0.3391352606916563,0.7416369099851964,0.2860969088800007,1.0,0.20510483135824975,0.0820419325432999,0.10255241567912488,0.11075660893345489,0.10255241567912488,1.52,0.7,5.332725615314494,2.912488605287147,7.7529626253418416,1.804922515952598,0.10665451230628989,26.29443938012762,42.4567000911577,0.5742935278030994,0.5332725615314494,0.4922515952597995
Will Hughes,Crystal Palace,Premier League,MF,29.0,2108,0,3,1.1,3.1,1.1,0.94,0.04,20,87,27,33,2.6,76.0,36,22,28,532,1203,0.0,0.12808349146110057,0.04696394686907022,0.1323529411764706,0.04696394686907022,0.8538899430740038,3.714421252371917,1.152751423149905,1.4089184060721063,0.1110056925996205,1.537001897533207,0.9392789373814042,1.1954459203036054,22.713472485768502,51.361480075901326,-0.7900177606680123,0.32684600931811597,-0.5841214746520614,0.40836609788943445,-0.5808540658927612,-0.5810841045799199,0.1919804213125945,-0.7012113901035434,0.760256906394496,0.3393537495970814,1.0348223767412053,0.4721012880382992,-0.5424041617996915,-0.7828327046996082,-0.19372931847054886,-0.2622046605447003,-0.9113168106864862,-0.451551345761111,1.0,0.0,0.12808349146110057,0.04696394686907022,0.1323529411764706,0.04696394686907022,0.94,0.04,0.8538899430740038,3.714421252371917,1.152751423149905,1.4089184060721063,0.1110056925996205,22.713472485768502,51.361480075901326,1.537001897533207,0.9392789373814042,1.1954459203036054
Dean Huijsen,Bournemouth,Premier League,DF,19.0,2427,3,2,1.9,2.0,1.9,0.67,0.11,41,132,10,15,1.6,83.4,26,51,198,1118,2021,0.11124845488257107,0.07416563658838071,0.07045735475896167,0.07416563658838071,0.07045735475896167,1.5203955500618045,4.8949320148331275,0.3708281829419036,0.5562422744128553,0.059332509270704575,0.9641532756489493,1.8912237330037085,7.342398022249691,41.45859085290482,74.94437577255871,-0.11288278985694296,-0.18593462616960643,-0.4231689265829109,-0.2722062953563866,-0.40655786224624607,-0.13578067153078488,0.8253819950374036,-0.9445197848801962,-0.5008066725228206,-0.3693311252250351,0.025038590990254326,2.454042386520307,3.0040069555056506,1.0785204214791222,1.3336269033931385,-0.5421387618099007,-0.7360035372819137,0.45821483496292753,1.0,0.11124845488257107,0.07416563658838071,0.07045735475896167,0.07416563658838071,0.07045735475896167,0.67,0.11,1.5203955500618045,4.8949320148331275,0.3708281829419036,0.5562422744128553,0.059332509270704575,41.45859085290482,74.94437577255871,0.9641532756489493,1.8912237330037085,7.342398022249691
Omari Hutchinson,Ipswich Town,Premier League,"MF,FW",20.0,2583,3,2,2.9,3.5,2.9,1.57,0.63,97,75,159,31,2.5,78.0,13,11,15,779,1259,0.10452961672473868,0.06968641114982578,0.10104529616724739,0.12195121951219512,0.10104529616724739,3.3797909407665503,2.613240418118467,5.54006968641115,1.0801393728222997,0.08710801393728224,0.4529616724738676,0.3832752613240418,0.5226480836236934,27.142857142857142,43.86759581881533,-0.15377828170615965,-0.22853387408659065,-0.21361196775737654,0.28670511604732557,-0.17962773402418541,1.1065121797155753,-0.3988567786105629,0.6639755094755322,0.27400984382436083,0.011603022424808679,-0.8760598363749545,-0.685493712798684,-0.9305668948304606,-0.3430035813490484,-0.6790739043607773,0.3909749090741009,0.5663236365806241,-0.20566859421407377,1.0,0.10452961672473868,0.06968641114982578,0.10104529616724739,0.12195121951219512,0.10104529616724739,1.57,0.63,3.3797909407665503,2.613240418118467,5.54006968641115,1.0801393728222997,0.08710801393728224,27.142857142857142,43.86759581881533,0.4529616724738676,0.3832752613240418,0.5226480836236934
Oscar Højlund,Eint Frankfurt,Bundesliga,MF,19.0,722,1,0,1.0,1.1,1.0,0.75,0.25,17,49,9,6,0.3,88.0,12,5,11,291,497,0.12465373961218837,0.0,0.12465373961218837,0.1371191135734072,0.12465373961218837,2.119113573407202,6.10803324099723,1.1218836565096955,0.7479224376731303,0.037396121883656507,1.4958448753462605,0.6232686980609418,1.371191135734072,36.27423822714681,61.95290858725762,-0.10214433582240301,-0.9032492487568731,-0.09217020706554956,0.45457954032860143,-0.039188168963050954,0.6010452925228036,1.4374692192192557,-0.7890994988162172,-0.22891201554356705,-0.8460544610330135,1.2947953915372192,-0.2841256166852297,-0.5398873174849318,0.5727123968787052,0.34555657506017406,-0.46620700949901484,-0.38798205881294373,1.2956301531459171,0.92,0.11468144044321331,0.0,0.11468144044321331,0.12614958448753463,0.11468144044321331,0.6900000000000001,0.23,1.9495844875346262,5.619390581717452,1.0321329639889198,0.6880886426592798,0.034404432132963986,33.37229916897507,56.99667590027701,1.6259183427676744,0.6774659761531975,1.4904251475370347
Rasmus Højlund,Manchester Utd,Premier League,FW,21.0,2004,4,0,5.3,1.8,5.3,1.44,0.58,28,18,101,16,1.1,74.7,1,2,6,308,515,0.17964071856287422,0.0,0.2380239520958084,0.08083832335329341,0.2380239520958084,1.2574850299401197,0.8083832335329341,4.5359281437125745,0.7185628742514969,0.04940119760479043,0.044910179640718556,0.08982035928143711,0.2694610778443114,13.832335329341317,23.12874251497006,0.3033997870089439,-0.891279865718134,0.7248242014914268,-0.19416098232592394,0.8366088128764056,-0.3114355436991188,-1.3672506445687045,0.351520201435895,-0.2607429613852789,-0.5055365979937175,-1.595348956525158,-1.296464363180821,-1.0766401352204389,-1.664712033833087,-2.022234516839593,0.25619182327974493,0.44109986986307226,-0.6113751342666849,1.0,0.17964071856287422,0.0,0.2380239520958084,0.08083832335329341,0.2380239520958084,1.44,0.58,1.2574850299401197,0.8083832335329341,4.5359281437125745,0.7185628742514969,0.04940119760479043,13.832335329341317,23.12874251497006,0.044910179640718556,0.08982035928143711,0.2694610778443114
Igor,Brighton,Premier League,DF,26.0,961,0,0,0.0,0.2,0.0,0.09,0.0,9,49,1,2,0.3,91.9,5,4,39,530,816,0.0,0.0,0.0,0.018730489073881373,0.0,0.8428720083246618,4.588969823100936,0.09365244536940688,0.18730489073881376,0.028095733610822057,0.46826222684703434,0.3746097814776275,3.652445369406868,49.63579604578564,76.42039542143601,-0.7900177606680123,-0.891279865718134,-0.9058698966514711,-0.9205888124871123,-0.9292768100897674,-0.5884453692377927,0.6612183635772207,-1.0307676162681716,-1.0464458433379176,-0.7977357448410026,-0.8490889209728987,-0.7035351693250037,0.8751325323213288,1.890500700881269,1.4292219407161137,-1.143478683046257,-1.0114958240605274,1.5032165290378359,1.0,0.0,0.0,0.0,0.018730489073881373,0.0,0.09,0.0,0.8428720083246618,4.588969823100936,0.09365244536940688,0.18730489073881376,0.028095733610822057,49.63579604578564,76.42039542143601,0.46826222684703434,0.3746097814776275,3.652445369406868
Andrej Ilic,Union Berlin,Bundesliga,FW,24.0,937,7,0,4.9,0.3,4.1,2.59,1.06,5,13,59,6,0.2,57.6,2,5,6,151,302,0.6723585912486659,0.0,0.4706510138740662,0.028815368196371396,0.3938100320170757,0.48025613660619,1.248665955176094,5.667022411953042,0.576307363927428,0.0192102454642476,0.192102454642476,0.48025613660619,0.576307363927428,14.503735325506938,29.007470651013875,2.8306602666455403,-0.9032492487568731,2.113066429050064,-0.8142151961106414,1.8594622219766686,-0.8291274163148614,-1.1300699185669147,0.6567840659003352,-0.48294998639357484,-1.0574087515088,-1.3877940741774697,-0.5499738873140619,-0.9540004416359861,-1.4788882535409515,-1.6171304565845188,1.4058973233348049,1.557386620997596,-2.3661237617627617,0.92,0.6185699039487726,0.0,0.4329989327641409,0.026510138740661684,0.36230522945570964,2.3828,0.9752000000000001,0.4418356456776948,1.1487726787620065,5.213660618996799,0.5302027748132337,0.01767342582710779,13.343436499466383,26.686872998932767,0.20880701591573478,0.522017539789337,0.6264210477472043
Jackson Irvine,St. Pauli,Bundesliga,MF,31.0,2610,0,6,3.2,3.9,3.0,1.41,0.41,19,117,58,32,2.5,70.6,28,36,63,464,1286,0.0,0.20689655172413793,0.11034482758620691,0.13448275862068967,0.10344827586206896,0.6551724137931034,4.0344827586206895,2.0,1.103448275862069,0.08620689655172413,0.9655172413793103,1.2413793103448276,2.1724137931034484,16.0,44.3448275862069,-0.7696298623010193,0.9686861601769632,-0.1833690093970577,0.4236942438344805,-0.18877323598670112,-0.6764841904022331,0.3418693798715444,-0.5097562142044848,0.2973649632030507,-0.278780912614266,0.2035895661647792,0.8648897960971685,-0.12247180398196914,-1.3378838131171755,-0.7034248438479819,0.20530867510442044,-0.00371170230715822,-0.8002421534136565,0.92,0.0,0.1903448275862069,0.10151724137931036,0.12372413793103451,0.09517241379310346,1.2972,0.3772,0.6027586206896551,3.7117241379310344,1.84,1.0151724137931035,0.0793103448275862,14.72,40.79724137931035,1.0494752623688155,1.3493253373313343,2.361319340329835
Alexander Isak,Newcastle Utd,Premier League,FW,24.0,2756,23,6,20.3,4.3,17.2,3.1,1.34,83,88,217,41,3.6,75.3,5,3,17,615,1025,0.751088534107402,0.19593613933236573,0.6629172714078374,0.1404208998548621,0.5616835994194485,2.7104499274310596,2.873730043541364,7.086357039187228,1.3388969521044993,0.11756168359941946,0.1632801161103048,0.09796806966618286,0.5551523947750363,20.08345428156749,33.47242380261248,3.7816260716547623,0.9721521695332555,3.6357540555742625,0.5027308392231515,3.237820593920448,0.659314364732548,-0.2590913957538604,1.1451284850122447,0.6566988237147853,0.42926753778878957,-1.386693409490415,-1.2795008983409302,-0.9118139179867043,-1.0439883032088744,-1.3523216200151835,1.9772681495769036,2.3445011239698585,-0.5376103088025744,1.0,0.751088534107402,0.19593613933236573,0.6629172714078374,0.1404208998548621,0.5616835994194485,3.1,1.34,2.7104499274310596,2.873730043541364,7.086357039187228,1.3388969521044993,0.11756168359941946,20.08345428156749,33.47242380261248,0.1632801161103048,0.09796806966618286,0.5551523947750363
Ko Itakura,Gladbach,Bundesliga,DF,27.0,2790,3,0,1.6,0.8,1.6,0.68,0.23,23,69,5,7,1.5,89.0,29,28,171,1326,2170,0.0967741935483871,0.0,0.05161290322580645,0.025806451612903226,0.05161290322580645,0.7419354838709677,2.225806451612903,0.16129032258064516,0.22580645161290322,0.04838709677419355,0.9354838709677419,0.9032258064516129,5.516129032258064,42.774193548387096,70.0,-0.2514314213143946,-0.9032492487568731,-0.5577008349451889,-0.8494651083846694,-0.5544241729980434,-0.600769139065893,-0.6137791506231678,-1.0946800737196594,-1.0017886793011563,-0.7183185386032634,0.14179269447712717,0.2362909981829432,1.6195141480153383,1.1852527973005436,0.8249529026735256,-0.537428369987258,-0.43601585337616694,1.4160825845573868,0.92,0.08903225806451613,0.0,0.04748387096774194,0.02374193548387097,0.04748387096774194,0.6256,0.2116,0.6825806451612904,2.047741935483871,0.14838709677419354,0.20774193548387096,0.044516129032258066,39.35225806451613,64.4,1.0168302945301542,0.9817671809256662,5.99579242636746
Marko Ivezić,Holstein Kiel,Bundesliga,DF,22.0,1657,0,0,0.6,0.2,0.6,0.38,0.0,3,40,9,4,0.3,86.0,19,27,103,596,1176,0.0,0.0,0.032589016294508145,0.010863005431502716,0.032589016294508145,0.16294508147254072,2.172601086300543,0.4888352444176222,0.21726010863005432,0.016294508147254073,1.031985515992758,1.4665057332528666,5.594447797223899,32.37175618587809,63.87447193723597,-0.7696298623010193,-0.9032492487568731,-0.678950843378687,-1.0245298376165015,-0.6886202196019559,-1.1060335102033256,-0.6418912174303615,-0.9904826345054505,-1.0144396404443963,-1.0912951355155254,0.3403551499570228,1.2833807985249046,1.6603161238387212,0.20495172868050512,0.46003152830816957,-0.8426627720797286,-0.9884044908532337,1.0547252903229778,0.92,0.0,0.0,0.029981894990947496,0.0099939649969825,0.029981894990947496,0.3496,0.0,0.14990947495473747,1.9987929993964997,0.44972842486421244,0.19987929993964998,0.014990947495473748,29.782015691007846,58.764514182257095,1.12172338694865,1.5940279709270289,6.080921518721629
Alex Iwobi,Fulham,Premier League,"FW,MF",28.0,2981,9,6,4.7,7.0,4.7,2.05,0.88,144,213,246,59,7.0,75.1,25,14,29,1312,1861,0.2717208990271721,0.1811472660181147,0.14189869171418987,0.21133847702113384,0.14189869171418987,4.347534384434754,6.430727943643073,7.4270379067427035,1.7812814491781281,0.21133847702113384,0.7547802750754781,0.4226769540422677,0.8755451190875546,39.610868835961085,56.18584367661858,0.8638633941375552,0.8315039951181052,0.06627327245021856,1.3321994932003598,0.12346119131496502,1.7530775998083288,1.6494113805893529,1.251136991670763,1.3109624490511953,1.7153929673807695,-0.34403179353418084,-0.6034597182780659,-0.7269671352948507,0.8950452849029159,0.11872263216639548,0.8886355335455681,1.1924424701683827,-0.5621985839572785,1.0,0.2717208990271721,0.1811472660181147,0.14189869171418987,0.21133847702113384,0.14189869171418987,2.05,0.88,4.347534384434754,6.430727943643073,7.4270379067427035,1.7812814491781281,0.21133847702113384,39.610868835961085,56.18584367661858,0.7547802750754781,0.4226769540422677,0.8755451190875546
Nicolas Jackson,Chelsea,Premier League,FW,23.0,2220,10,5,12.3,4.3,12.3,3.08,1.38,47,38,129,28,1.9,75.9,13,3,15,417,687,0.40540540540540543,0.20270270270270271,0.4986486486486487,0.17432432432432432,0.4986486486486487,1.9054054054054053,1.5405405405405403,5.22972972972973,1.135135135135135,0.07702702702702702,0.5270270270270271,0.12162162162162163,0.6081081081081081,16.905405405405403,27.85135135135135,1.6775596780083624,1.0365049275074028,2.5103552405186735,0.89927326190024,2.7701680222761853,0.12145078840709723,-0.9744125568363412,0.5674080808426063,0.3553457113037914,-0.126655209143823,-0.7455017949369376,-1.2302544011058492,-0.8812617471913953,-1.3595622619822703,-1.7163727565851992,1.9565322902239257,2.4446801373438993,-0.4638454833384622,1.0,0.40540540540540543,0.20270270270270271,0.4986486486486487,0.17432432432432432,0.4986486486486487,3.08,1.38,1.9054054054054053,1.5405405405405403,5.22972972972973,1.135135135135135,0.07702702702702702,16.905405405405403,27.85135135135135,0.5270270270270271,0.12162162162162163,0.6081081081081081
Lee Jae-sung,Mainz 05,Bundesliga,MF,31.0,2650,7,6,5.3,5.0,5.3,1.36,0.51,28,105,165,34,4.7,77.5,21,35,38,699,1385,0.2377358490566038,0.2037735849056604,0.18,0.16981132075471697,0.18,0.9509433962264152,3.5660377358490565,5.60377358490566,1.1547169811320754,0.15962264150943395,0.7132075471698113,1.1886792452830188,1.290566037735849,23.739622641509435,47.0377358490566,0.503378383292538,0.9404305313628676,0.2605828640086992,0.8375736856356224,0.35122885596867587,-0.418375353328574,0.0943575415759008,0.6366635713596821,0.3732568855769483,0.574448941555852,-0.31556461416688775,0.7669248270329542,-0.5818908309560191,-0.608520099423295,-0.5429978938365061,0.15443627475567553,0.23645727050895785,0.030879623325485172,0.92,0.21871698113207552,0.18747169811320757,0.1656,0.15622641509433963,0.1656,1.2512,0.4692,0.8748679245283021,3.280754716981132,5.155471698113208,1.0623396226415094,0.14685283018867923,21.84045283018868,43.27471698113207,0.7752255947497948,1.2920426579163247,1.4027891714520098
Kristijan Jakić,Augsburg,Bundesliga,MF,27.0,2306,0,1,0.8,1.2,0.8,0.7,0.16,24,106,49,16,1.8,82.9,23,28,50,703,1361,0.0,0.03902862098872507,0.031222896790980052,0.04683434518647008,0.031222896790980052,0.9366869037294016,4.137033824804857,1.9124024284475283,0.6244579358196011,0.07025151777970512,0.8976582827406765,1.092801387684302,1.9514310494362532,27.437120555073722,53.11795316565481,-0.7696298623010193,-0.5501304704020514,-0.6876578968805364,-0.6031201588940922,-0.6982569377565594,-0.43081648825290086,0.3960541863622637,-0.5376224457612476,-0.411673767400828,-0.4642126004725138,0.06396250125720303,0.5886959891257268,-0.23759788607004842,-0.2600766501071833,-0.18077585569080834,-0.51707940984776,-0.604134134347448,0.6813227529474223,0.92,0.0,0.03590633130962707,0.02872506504770165,0.04308759757155248,0.02872506504770165,0.644,0.1472,0.8617519514310494,3.806071118820469,1.7594102341717262,0.5745013009540331,0.06463139635732872,25.242150910667824,48.86851691240243,0.9757155247181266,1.1878275953090238,2.1211207059089707
Reece James,Chelsea,Premier League,"DF,MF",24.0,1063,1,1,0.4,0.7,0.4,0.93,0.25,7,64,12,11,1.2,84.0,9,13,23,486,952,0.08466603951081844,0.08466603951081844,0.03386641580432737,0.059266227657572904,0.03386641580432737,0.5926622765757291,5.41862652869238,1.0159924741298214,0.9313264346190029,0.10159924741298212,0.7619943555973658,1.1006585136406397,1.947318908748824,41.14769520225776,80.60206961429915,-0.2746817386678663,-0.08607154192496531,-0.6738522198962311,-0.44647328479283444,-0.6780238742247922,-0.755614634375186,1.1063696317260603,-0.7437662070553546,0.05392326056950644,0.2103466902258513,-0.33131523760332643,0.8080922153637662,-0.10861995772568656,1.04764909914798,1.700049839818496,-0.2725725902211891,-0.3853769904727689,0.531979660427038,1.0,0.08466603951081844,0.08466603951081844,0.03386641580432737,0.059266227657572904,0.03386641580432737,0.93,0.25,0.5926622765757291,5.41862652869238,1.0159924741298214,0.9313264346190029,0.10159924741298212,41.14769520225776,80.60206961429915,0.7619943555973658,1.1006585136406397,1.947318908748824
Vitaly Janelt,Brentford,Premier League,MF,26.0,2254,1,3,0.8,2.2,0.8,0.56,0.16,17,80,38,14,2.4,82.5,22,27,53,651,1289,0.03992901508429459,0.11978704525288375,0.031943212067435674,0.0878438331854481,0.031943212067435674,0.6787932564330079,3.194321206743567,1.5173025732031942,0.5590062111801242,0.09582963620230701,0.878438331854481,1.078083407275954,2.1162377994676134,25.993788819875775,51.46850044365572,-0.5469821833005966,0.24794344598391332,-0.6870280240775402,-0.11222289246031195,-0.6922920090032824,-0.6980691004438649,-0.08707860794057279,-0.5877752488400433,-0.4967189540301608,0.13121790552174564,-0.12605465971096858,0.7610910328240534,-0.01116420696778765,-0.45710378990916467,-0.18679809905380088,-0.6561859882512786,-0.610779770564362,0.34756759676676,1.0,0.03992901508429459,0.11978704525288375,0.031943212067435674,0.0878438331854481,0.031943212067435674,0.56,0.16,0.6787932564330079,3.194321206743567,1.5173025732031942,0.5590062111801242,0.09582963620230701,25.993788819875775,51.46850044365572,0.878438331854481,1.078083407275954,2.1162377994676134
Finn Jeltsch,Stuttgart,Bundesliga,DF,18.0,780,0,0,0.1,0.1,0.1,0.23,0.0,8,31,5,2,0.3,91.1,13,13,27,476,727,0.0,0.0,0.011538461538461539,0.011538461538461539,0.011538461538461539,0.9230769230769231,3.5769230769230766,0.5769230769230769,0.23076923076923078,0.03461538461538462,1.5,1.5,3.1153846153846154,54.92307692307693,83.88461538461539,-0.7696298623010193,-0.9032492487568731,-0.8131179539653918,-1.016616767295419,-0.8371125459747057,-0.44269343524041765,0.10010901858757834,-0.9624604428575921,-0.9944423878645526,-0.8783718890623791,1.3033450049024389,1.3456438109493307,0.3687907013659588,2.3301348032880465,1.6521130881746455,-0.995279973125964,-0.9884044908532337,1.6690326905214725,0.92,0.0,0.0,0.010615384615384617,0.010615384615384617,0.010615384615384617,0.2116,0.0,0.8492307692307693,3.2907692307692304,0.5307692307692308,0.21230769230769234,0.03184615384615385,50.52923076923077,77.17384615384616,1.6304347826086956,1.6304347826086956,3.3862876254180603
Fredrik Jensen,Augsburg,Bundesliga,MF,26.0,763,0,0,0.7,0.7,0.7,1.3,0.0,16,20,58,11,0.6,69.5,7,4,17,190,318,0.0,0.0,0.08256880733944953,0.08256880733944953,0.08256880733944953,1.8872870249017037,2.3591087811271296,6.841415465268676,1.2975098296199215,0.07077326343381389,0.8256880733944955,0.47182175622542594,2.0052424639580604,22.411533420707734,37.50982961992136,-0.7696298623010193,-0.9032492487568731,-0.36040132152815724,-0.18448553705947868,-0.3360587061456188,0.39873849303463577,-0.5433463292176933,1.0303778560289127,0.5846299584079322,-0.4581489288633031,-0.0841239016789883,-0.5656526879399868,-0.2095635824737315,-0.7336760832571303,-1.1106120815986897,0.09338939433718135,-0.9884044908532337,-0.9327398279662725,0.92,0.0,0.0,0.07596330275229357,0.07596330275229357,0.07596330275229357,1.1960000000000002,0.0,1.7363040629095676,2.1703800786369594,6.294102228047182,1.193709043250328,0.06511140235910878,20.618610747051115,34.50904325032766,0.8974870362983646,0.5128497350276369,2.179611373867457
Mathias Jensen,Brentford,Premier League,MF,28.0,862,0,2,0.2,1.7,0.2,0.63,0.1,6,61,27,16,1.7,74.7,10,8,13,300,573,0.0,0.2088167053364269,0.02088167053364269,0.17749419953596288,0.02088167053364269,0.6264501160092807,6.368909512761022,2.819025522041763,1.6705336426914152,0.17749419953596288,1.0440835266821344,0.8352668213457076,1.357308584686775,31.32250580046404,59.82598607888632,-0.7900177606680123,1.0946515686023726,-0.7628102734549397,0.9363488675559285,-0.774356931421282,-0.733040419338839,1.6162427787849485,-0.182722546938522,1.1471722126180404,1.2512271078796855,0.16593492625388573,0.2555489328395242,-0.4490194171449542,0.07202725189470288,0.35447799563354987,-0.5836104805158564,-0.7610482906254241,-0.6113751342666849,1.0,0.0,0.2088167053364269,0.02088167053364269,0.17749419953596288,0.02088167053364269,0.63,0.1,0.6264501160092807,6.368909512761022,2.819025522041763,1.6705336426914152,0.17749419953596288,31.32250580046404,59.82598607888632,1.0440835266821344,0.8352668213457076,1.357308584686775
Moritz Jenz,Mainz 05,Bundesliga,DF,25.0,1600,0,0,1.6,0.3,1.6,0.56,0.23,1,47,3,3,0.4,84.3,20,30,128,510,1098,0.0,0.0,0.09,0.016875,0.09,0.05625,2.64375,0.16874999999999998,0.16874999999999998,0.0225,1.125,1.6875,7.2,28.687499999999996,61.7625,-0.7696298623010193,-0.9032492487568731,-0.313038120936363,-0.9540984131310832,-0.2836384683572403,-1.1991425203360762,-0.39295072693101446,-1.0923070273597841,-1.0862480736613593,-1.0191755798041147,0.5317423986913391,1.6941904717171485,2.496765756176857,-0.14224385156908048,0.3342131998211647,-0.6595221308242462,-0.43601585337616694,0.8499561569234788,0.92,0.0,0.0,0.0828,0.015525000000000002,0.0828,0.5152000000000001,0.2116,0.051750000000000004,2.43225,0.15525,0.15525,0.0207,26.3925,56.82150000000001,1.2228260869565217,1.8342391304347825,7.826086956521739
Gabriel Jesus,Arsenal,Premier League,FW,27.0,608,3,0,3.0,0.7,3.0,2.96,1.04,15,19,57,8,0.5,76.8,6,4,8,179,299,0.444078947368421,0.0,0.444078947368421,0.10361842105263157,0.444078947368421,2.2203947368421053,2.8125,8.4375,1.1842105263157894,0.07401315789473684,0.888157894736842,0.5921052631578947,1.1842105263157894,26.496710526315788,44.25986842105263,1.9129535784084108,-0.891279865718134,2.1365000506037113,0.07228039555473392,2.365318635935751,0.3319003768157086,-0.2919442990662204,1.5655590439270552,0.42792565829798584,-0.16798967571136042,-0.10892158715348928,-0.25071139649848395,-0.5488862891182177,-0.4071646605758208,-0.6536682032373686,1.8321171341060587,1.5931585236645482,-0.3531982451422965,1.0,0.444078947368421,0.0,0.444078947368421,0.10361842105263157,0.444078947368421,2.96,1.04,2.2203947368421053,2.8125,8.4375,1.1842105263157894,0.07401315789473684,26.496710526315788,44.25986842105263,0.888157894736842,0.5921052631578947,1.1842105263157894
Raúl Jiménez,Fulham,Premier League,FW,33.0,2494,12,3,12.0,3.3,9.6,3.36,1.08,35,62,125,24,2.1,71.2,24,10,23,549,999,0.4330392943063352,0.1082598235765838,0.4330392943063352,0.11908580593424217,0.34643143544506816,1.2630312750601442,2.2373696872493984,4.510825982357658,0.8660785886126704,0.07578187650360865,0.8660785886126704,0.36086607858861264,0.8299919807538091,19.811547714514834,36.05052125100241,1.845758621302261,0.13831489954907322,2.0608677584105197,0.2531905652326506,1.6408775202178705,-0.30773000549120966,-0.6005297493450293,0.3437092472774477,-0.04257490461459097,-0.14373213930325526,-0.1478416865882836,-0.7321494437307561,-0.7532484782328895,-1.0709880867631518,-1.1853500475238812,2.2468343211656148,1.6933375370385897,-1.041669949474,1.0,0.4330392943063352,0.1082598235765838,0.4330392943063352,0.11908580593424217,0.34643143544506816,3.36,1.08,1.2630312750601442,2.2373696872493984,4.510825982357658,0.8660785886126704,0.07578187650360865,19.811547714514834,36.05052125100241,0.8660785886126704,0.36086607858861264,0.8299919807538091
João Pedro,Brighton,Premier League,"FW,MF",22.0,1948,10,6,8.9,5.0,5.0,1.94,0.69,66,78,128,30,3.1,72.9,12,9,12,616,940,0.46201232032854206,0.27720739219712526,0.41119096509240244,0.23100616016427103,0.23100616016427103,3.049281314168378,3.603696098562628,5.913757700205339,1.3860369609856262,0.14322381930184805,0.5544147843942505,0.41581108829568786,0.5544147843942505,28.459958932238195,43.42915811088296,2.022108478480628,1.7450746975020046,1.9111855890752993,1.5622373387592885,0.784544229594965,0.885693225100768,0.13257097846473267,0.7802547375482951,0.7264164411109107,0.7812173550118137,-0.6972242705422099,-0.6177543933079459,-0.9122394735484324,-0.2122179823923559,-0.7074695080951007,0.7745883071041902,0.716592156641686,-0.832669610659018,1.0,0.46201232032854206,0.27720739219712526,0.41119096509240244,0.23100616016427103,0.23100616016427103,1.94,0.69,3.049281314168378,3.603696098562628,5.913757700205339,1.3860369609856262,0.14322381930184805,28.459958932238195,43.42915811088296,0.5544147843942505,0.41581108829568786,0.5544147843942505
Joelinton,Newcastle Utd,Premier League,"MF,FW",27.0,2393,4,3,3.9,2.5,3.9,1.69,0.49,40,116,110,23,2.3,82.7,35,23,47,729,1360,0.15043877977434184,0.11282908483075636,0.14667781027998328,0.09402423735896365,0.14667781027998328,1.5043877977434184,4.362724613455913,4.1370664437944,0.8650229837024656,0.08650229837024655,1.316339323025491,0.8650229837024656,1.7676556623485165,27.4174676138738,51.149185123276226,0.1256566085524727,0.1817704245352779,0.09901485316486676,-0.039935432345569136,0.15891718929952214,-0.1464757159355772,0.5398267791937909,0.22740776308560065,-0.04413608928548732,0.0032957838699452873,0.6458513967167946,0.31750101386267715,-0.21227453707461288,-0.3157353054866561,-0.2074786909366351,0.5153900651919676,0.21569708977147925,0.3721558719214641,1.0,0.15043877977434184,0.11282908483075636,0.14667781027998328,0.09402423735896365,0.14667781027998328,1.69,0.49,1.5043877977434184,4.362724613455913,4.1370664437944,0.8650229837024656,0.08650229837024655,27.4174676138738,51.149185123276226,1.316339323025491,0.8650229837024656,1.7676556623485165
Ben Johnson,Ipswich Town,Premier League,"DF,FW",24.0,1354,1,2,1.1,1.3,1.1,0.47,0.2,16,27,33,12,0.9,71.6,22,13,54,259,626,0.06646971935007386,0.1329394387001477,0.07311669128508125,0.08641063515509602,0.07311669128508125,1.0635155096011817,1.7946824224519942,2.193500738552437,0.7976366322008863,0.05982274741506647,1.4623338257016247,0.8641063515509602,3.5893648449039883,17.21565731166913,41.61004431314623,-0.38543711710364364,0.373028034122543,-0.40494990139685105,-0.12898591354226047,-0.38682840184213885,-0.44102979228194283,-0.8380530478247588,-0.37736496596077196,-0.14379699269250465,-0.3626076308399752,0.9032019008102129,0.3155925933937455,0.8387389717937237,-1.3287548621933556,-0.8252851831924163,-0.7494973553396789,-0.5106007571903206,-0.9924933991645937,1.0,0.06646971935007386,0.1329394387001477,0.07311669128508125,0.08641063515509602,0.07311669128508125,0.47,0.2,1.0635155096011817,1.7946824224519942,2.193500738552437,0.7976366322008863,0.05982274741506647,17.21565731166913,41.61004431314623,1.4623338257016247,0.8641063515509602,3.5893648449039883
Brennan Johnson,Tottenham,Premier League,FW,23.0,2177,11,3,10.4,2.3,10.4,2.23,0.83,60,71,197,19,2.0,70.4,26,4,14,544,853,0.45475424896646766,0.12402388608176389,0.4299494717501149,0.09508497932935232,0.4299494717501149,2.4804777216352782,2.9352319706017456,8.144235186035829,0.7854846118511714,0.08268259072117592,1.074873679375287,0.16536518144235185,0.5787781350482315,22.48966467615985,35.26412494258153,1.977930840731945,0.2882375181019922,2.0396994878966797,-0.02752874489863979,2.26049289199392,0.5056661258084034,-0.2260926136792801,1.4743048293687115,-0.16176919773531173,-0.049090557801865276,0.22020999258480106,-1.1391806756111518,-0.8981833273183791,-0.8050563769069082,-1.2362813373013068,1.0752582677223685,1.067218703450831,-1.1400230500928146,1.0,0.45475424896646766,0.12402388608176389,0.4299494717501149,0.09508497932935232,0.4299494717501149,2.23,0.83,2.4804777216352782,2.9352319706017456,8.144235186035829,0.7854846118511714,0.08268259072117592,22.48966467615985,35.26412494258153,1.074873679375287,0.16536518144235185,0.5787781350482315
Sam Johnstone,Wolves,Premier League,GK,31.0,630,0,0,0.0,0.0,0.0,0.0,0.0,0,0,0,1,0.0,66.2,0,0,7,196,306,0.0,0.0,0.0,0.0,0.0,0.0,0.0,0.0,0.14285714285714285,0.0,0.0,0.0,1.0,28.0,43.714285714285715,-0.7900177606680123,-0.891279865718134,-0.9058698966514711,-1.1396650158946402,-0.9292768100897674,-1.1515821155650607,-1.8009876578806308,-1.0599091291149787,-1.112181746968059,-1.1830617529230112,-1.6745139740950574,-1.4834695995757803,-0.6551643676872954,-0.2578909933420428,-0.6890030981730991,-1.2367900501346574,-1.0114958240605274,-1.6563768283415932,1.0,0.0,0.0,0.0,0.0,0.0,0.0,0.0,0.0,0.0,0.0,0.14285714285714285,0.0,28.0,43.714285714285715,0.0,0.0,1.0
Curtis Jones,Liverpool,Premier League,"MF,DF",23.0,1712,3,3,4.3,1.1,4.3,1.79,0.68,30,117,79,22,1.6,93.1,22,7,10,789,1288,0.15771028037383178,0.15771028037383178,0.22605140186915887,0.05782710280373832,0.22605140186915887,1.5771028037383177,6.150700934579439,4.15303738317757,1.1565420560747663,0.08411214953271029,1.1565420560747663,0.36799065420560745,0.5257009345794392,41.47780373831776,67.71028037383178,0.1699159859198764,0.6086087701325756,0.6428006621693915,-0.46330562739552344,0.7477851708465869,-0.09789361630395362,1.4991632389658367,0.23237738596490087,0.3870054321889064,-0.02948451377406956,0.364170193324181,-0.7173161369155915,-0.9288055886759022,1.0804282229464626,0.8651076528768782,0.6190693619568568,0.6915474032981759,1.6507461799660568,1.0,0.15771028037383178,0.15771028037383178,0.22605140186915887,0.05782710280373832,0.22605140186915887,1.79,0.68,1.5771028037383177,6.150700934579439,4.15303738317757,1.1565420560747663,0.08411214953271029,41.47780373831776,67.71028037383178,1.1565420560747663,0.36799065420560745,0.5257009345794392
Jorginho,Arsenal,Premier League,MF,32.0,704,0,0,0.1,0.4,0.1,0.26,0.0,12,48,6,3,0.6,86.7,4,7,2,302,522,0.0,0.0,0.012784090909090912,0.051136363636363646,0.012784090909090912,1.534090909090909,6.136363636363636,0.7670454545454545,0.38352272727272724,0.07670454545454546,0.5113636363636364,0.8948863636363636,0.2556818181818182,38.60795454545455,66.73295454545455,-0.7900177606680123,-0.891279865718134,-0.8182865193820037,-0.5415620855689748,-0.8344323957344872,-0.12663057537471112,1.491470579532628,-0.8212302042929756,-0.7562498849904475,-0.13107796381275486,-0.7731122967650637,0.3796763209842246,-1.0845899156717673,0.7954578822863244,0.8018107319236288,-0.9672238785459458,-1.0114958240605274,0.8639213750155387,1.0,0.0,0.0,0.012784090909090912,0.051136363636363646,0.012784090909090912,0.26,0.0,1.534090909090909,6.136363636363636,0.7670454545454545,0.38352272727272724,0.07670454545454546,38.60795454545455,66.73295454545455,0.5113636363636364,0.8948863636363636,0.2556818181818182
Diogo Jota,Liverpool,Premier League,FW,27.0,1196,6,3,7.9,1.8,7.9,3.84,0.98,37,34,88,11,1.1,69.7,8,8,6,263,485,0.45150501672240806,0.22575250836120403,0.5944816053511707,0.1354515050167224,0.5944816053511707,2.7842809364548495,2.5585284280936453,6.622073578595319,0.8277591973244148,0.08277591973244149,0.6020066889632107,0.6020066889632107,0.45150501672240806,19.79096989966555,36.49665551839465,1.9581537680250738,1.2557179140280326,3.166903606875869,0.44460762898136924,3.481147060130348,0.7086420844682607,-0.4282124284574883,1.0006589799391932,-0.09924728809724681,-0.04781057359332525,-0.6133320663353322,-0.23009671082829486,-0.971612043579552,-1.0730314230200617,-1.156455972858372,2.7444949456370824,1.442890003603486,-1.226082013134278,1.0,0.45150501672240806,0.22575250836120403,0.5944816053511707,0.1354515050167224,0.5944816053511707,3.84,0.98,2.7842809364548495,2.5585284280936453,6.622073578595319,0.8277591973244148,0.08277591973244149,19.79096989966555,36.49665551839465,0.6020066889632107,0.6020066889632107,0.45150501672240806
Anthony Jung,Werder Bremen,Bundesliga,DF,32.0,1898,0,0,0.0,0.1,0.0,0.05,0.0,20,121,6,2,0.5,89.6,22,25,77,1044,1695,0.0,0.0,0.0,0.004741833508956797,0.0,0.9483667017913593,5.737618545837724,0.2845100105374078,0.09483667017913593,0.02370916754478398,1.0432033719704954,1.1854583772391991,3.651211801896733,49.50474183350896,80.3740779768177,-0.7696298623010193,-0.9032492487568731,-0.8866591058814253,-1.096240291295906,-0.9185057926831566,-0.4206239430943953,1.2417535691986878,-1.0554818597041211,-1.1956603293370058,-1.0051227652682466,0.36343708837975064,0.7609375054252361,0.6479422931858234,1.8195237326952787,1.4429768108629935,-1.1784206143814462,-0.9884044908532337,1.488354043404268,0.92,0.0,0.0,0.0,0.004362486828240253,0.0,0.046000000000000006,0.0,0.8724973656480506,5.278609062170706,0.26174920969441523,0.08724973656480506,0.021812434141201265,45.54436248682824,73.94415173867229,1.133916708663582,1.2885417143904339,3.968708480322536
Josip Juranović,Union Berlin,Bundesliga,"DF,MF",28.0,1159,0,1,0.3,1.8,0.3,0.47,0.16,19,52,45,27,2.7,64.5,13,7,42,307,709,0.0,0.07765314926660916,0.02329594477998274,0.13977566867989646,0.02329594477998274,1.4754098360655739,4.037963761863676,3.4943917169974115,2.096635030198447,0.2096635030198447,1.009490940465919,0.543572044866264,3.261432269197584,23.839516824849007,55.05608283002588,-0.7696298623010193,-0.2006677967411536,-0.7381808526600977,0.48570148467540386,-0.7541743023485794,0.039307891178244625,0.3437086341487846,-0.034365573980929244,1.7675571918914534,1.1560184263260402,0.29407015501803224,-0.4322749625272338,0.44487761160436773,-0.5991063080911173,-0.06531398308591556,-0.7510924514519874,-0.604134134347448,-1.535001985023621,0.92,0.0,0.07144089732528043,0.021432269197584123,0.12859361518550474,0.021432269197584123,0.4324,0.1472,1.357377049180328,3.714926660914582,3.214840379637619,1.9289042277825712,0.19289042277825713,21.932355478861087,50.65159620362381,1.0972727613759987,0.5908391792024608,3.545035075214765
David Jurásek,Hoffenheim,Bundesliga,DF,23.0,619,0,1,0.1,0.9,0.1,0.73,0.29,17,22,42,7,0.9,69.9,3,6,17,238,499,0.0,0.14539579967689822,0.014539579967689823,0.1308562197092084,0.014539579967689823,2.47172859450727,3.198707592891761,6.106623586429726,1.0177705977382876,0.1308562197092084,0.43618739903069464,0.8723747980613893,2.47172859450727,34.60420032310178,72.55250403877221,-0.7696298623010193,0.4122465555827372,-0.7939901260841615,0.38120879269554725,-0.8159424123397129,0.9087599042878814,-0.09972832661590304,0.7966284463265015,0.17053820479162307,0.24012869605890846,-0.8855631962392274,0.17894157975237063,0.033463179106526714,0.4153319787209702,0.9770154305662755,-0.4865559696385129,-0.29191446968649737,-0.8845588554016839,0.92,0.0,0.13376413570274637,0.013376413570274637,0.12038772213247174,0.013376413570274637,0.6716,0.2668,2.2739903069466885,2.9428109854604205,5.618093699515348,0.9363489499192247,0.12038772213247174,31.83586429725364,66.74830371567045,0.47411673807684196,0.9482334761536839,2.686661515768771
James Justin,Leicester City,Premier League,DF,26.0,2912,2,2,1.5,0.8,1.5,0.77,0.19,39,91,96,14,0.8,78.2,37,46,141,866,1948,0.061813186813186816,0.061813186813186816,0.04635989010989011,0.024725274725274724,0.04635989010989011,1.2053571428571428,2.8125,2.967032967032967,0.4326923076923077,0.024725274725274724,1.143543956043956,1.4217032967032965,4.357829670329671,26.76510989010989,60.20604395604395,-0.4137799918588398,-0.30341142602573135,-0.5882598472127432,-0.8504723902426702,-0.5853355272629275,-0.34626304827264315,-0.2919442990662204,-0.13666757375953817,-0.6835306370186301,-0.8439607513050531,0.34125790872531336,1.4765047671537719,1.2820956394477532,-0.380513135358546,0.37909260491697605,-0.43845946504501165,-0.535645510533831,-0.1810803190593697,1.0,0.061813186813186816,0.061813186813186816,0.04635989010989011,0.024725274725274724,0.04635989010989011,0.77,0.19,1.2053571428571428,2.8125,2.967032967032967,0.4326923076923077,0.024725274725274724,26.76510989010989,60.20604395604395,1.143543956043956,1.4217032967032965,4.357829670329671
Pavel Kadeřábek,Hoffenheim,Bundesliga,DF,32.0,1576,2,0,0.8,2.0,0.8,0.8,0.17,15,47,86,21,1.7,70.1,14,20,54,456,1016,0.11421319796954314,0.0,0.045685279187817264,0.11421319796954314,0.045685279187817264,0.8565989847715737,2.684010152284264,4.911167512690355,1.1992385786802031,0.09708121827411167,0.799492385786802,1.1421319796954315,3.083756345177665,26.040609137055835,58.02030456852792,-0.15805048397924146,-0.9032492487568731,-0.5954809409346932,0.1862332790767113,-0.5962381153603564,-0.5007063721616959,-0.3716785096642325,0.4163341621772526,0.4391612146855111,-0.15240072069853577,-0.13802433055788976,0.6803973924280137,0.35231322094498474,-0.3916805798128292,0.11127615896458525,-0.41533460915026965,-0.5801172370658365,-0.8604683691193914,0.92,0.1050761421319797,0.0,0.042030456852791886,0.1050761421319797,0.042030456852791886,0.7360000000000001,0.1564,0.7880710659898479,2.4692893401015232,4.518274111675127,1.1032994923857868,0.08931472081218274,23.957360406091368,53.37868020304569,0.8690134628117413,1.2414478040167733,3.351909070845288
Daichi Kamada,Crystal Palace,Premier League,MF,27.0,1564,0,0,1.1,1.9,1.1,1.15,0.23,25,89,56,20,1.6,80.2,29,18,14,485,937,0.0,0.0,0.0632992327365729,0.10933503836317135,0.0632992327365729,1.438618925831202,5.121483375959079,3.2225063938618925,1.1508951406649617,0.09207161125319695,1.6687979539641944,1.0358056265984654,0.8056265984654731,27.909207161125316,53.91943734015345,-0.7900177606680123,-0.891279865718134,-0.47220898004357115,0.13914329549220403,-0.4596635461720634,-0.1904169883618342,0.9469378446151754,-0.05717277658059578,0.3786539384715035,0.07967752675920632,1.2671446966800632,0.6730690472397459,-0.7673057965902902,-0.26690654241269146,-0.02806213352978441,-0.044478137338433345,-0.4354664971597896,0.06480243248766755,1.0,0.0,0.0,0.0632992327365729,0.10933503836317135,0.0632992327365729,1.15,0.23,1.438618925831202,5.121483375959079,3.2225063938618925,1.1508951406649617,0.09207161125319695,27.909207161125316,53.91943734015345,1.6687979539641944,1.0358056265984654,0.8056265984654731
Boubacar Kamara,Aston Villa,Premier League,MF,24.0,1726,1,0,0.8,0.9,0.8,0.52,0.16,19,85,7,11,0.8,88.6,21,19,51,591,1113,0.05214368482039397,0.0,0.04171494785631518,0.04692931633835457,0.04171494785631518,0.9907300115874855,4.432213209733487,0.3650057937427578,0.5735805330243336,0.04171494785631518,1.0950173812282735,0.9907300115874855,2.659327925840093,30.81691772885284,58.0359212050985,-0.4726352627617811,-0.891279865718134,-0.6200821905207409,-0.5907686997672627,-0.619796079122828,-0.48965898879863945,0.5771107986519276,-0.9463315179211943,-0.47516429126578036,-0.6109516041909753,0.2557181228989504,0.5792219939857679,0.30216520083032394,0.02182335778101898,0.23854368639149243,-0.6976577069572343,-0.610779770564362,1.097509988985223,1.0,0.05214368482039397,0.0,0.04171494785631518,0.04692931633835457,0.04171494785631518,0.52,0.16,0.9907300115874855,4.432213209733487,0.3650057937427578,0.5735805330243336,0.04171494785631518,30.81691772885284,58.0359212050985,1.0950173812282735,0.9907300115874855,2.659327925840093
Jakub Kamiński,Wolfsburg,Bundesliga,"DF,MF",22.0,1130,0,2,0.9,3.3,0.9,1.19,0.24,41,40,69,24,3.6,70.4,8,13,23,301,603,0.0,0.1592920353982301,0.07168141592920355,0.2628318584070796,0.07168141592920355,3.265486725663717,3.185840707964602,5.495575221238938,1.911504424778761,0.2867256637168142,0.6371681415929203,1.0353982300884956,1.831858407079646,23.97345132743363,48.02654867256637,-0.7696298623010193,0.5379753581213902,-0.4297928346862429,1.9273233350424044,-0.4128592511846392,1.6014444484748533,-0.10652679001426915,0.6022438882273289,1.4935124805700026,2.0516265301651404,-0.4720238235478794,0.48198836833880915,-0.2998920254720241,-0.5864846376658767,-0.48409049338906596,-0.018529886430057974,-0.41199895609455534,-0.824332639695949,0.92,0.0,0.1465486725663717,0.06594690265486726,0.24180530973451325,0.06594690265486726,1.0948,0.2208,3.0042477876106197,2.930973451327434,5.055929203539823,1.7585840707964602,0.26378761061946904,22.05557522123894,44.18442477876106,0.6925740669488264,1.125432858791843,1.9911504424778759
Kevin Kampl,RB Leipzig,Bundesliga,MF,33.0,1593,1,0,0.8,1.4,0.8,0.4,0.11,21,106,32,16,2.7,89.0,18,24,25,793,1316,0.056497175141242945,0.0,0.04519774011299435,0.0790960451977401,0.04519774011299435,1.1864406779661016,5.988700564971752,1.8079096045197742,0.9039548022598871,0.15254237288135594,1.0169491525423728,1.3559322033898304,1.4124293785310735,44.80225988700565,74.35028248587571,-0.467103465491502,-0.9032492487568731,-0.5985883036491279,-0.22516947011245936,-0.5996772556707692,-0.2128652352508366,1.374417529957945,-0.5708633356168143,0.002059218051471259,0.4921628246949504,0.3094162240203441,1.0778339473085217,-0.518403299110331,1.3763729674777156,1.0841160388729159,-0.8223138119402306,-0.7242186207555061,1.4160825845573868,0.92,0.051977401129943514,0.0,0.0415819209039548,0.0727683615819209,0.0415819209039548,0.36800000000000005,0.1012,1.0915254237288134,5.509604519774012,1.6632768361581924,0.8316384180790962,0.14033898305084747,41.218079096045194,68.40225988700566,1.1053795136330138,1.4738393515106851,1.5352493244902972
Harry Kane,Bayern Munich,Bundesliga,FW,31.0,2381,26,9,20.3,5.3,13.3,3.97,1.7,29,97,143,35,5.6,78.9,11,2,16,513,917,0.9827803443931122,0.34019319613607724,0.7673246535069298,0.2003359932801344,0.502729945401092,1.0961780764384712,3.6665266694666108,5.405291894162117,1.3229735405291896,0.2116757664846703,0.4157916841663167,0.0755984880302394,0.6047879042419152,19.391012179756405,34.66190676186476,4.492880974766005,2.17471258491636,4.00393559986606,1.1951748350414235,2.6277921550424566,-0.29163420345681246,0.14745278110025148,0.5735232735635921,0.6223233224494092,1.1794047348574594,-0.927529560892274,-1.3021982721956868,-0.9391628440582471,-1.0183228537309237,-1.2802738499882669,2.8099755729601696,3.0944680470207375,0.19951302730154344,0.92,0.9041579168416632,0.31297774044519105,0.7059386812263755,0.18430911381772366,0.4625115497690046,3.6524000000000005,1.564,1.0084838303233936,3.373204535909282,4.972868542629148,1.2171356572868546,0.19474170516589667,17.839731205375895,31.888954220915583,0.4519474827894746,0.0821722695980863,0.6573781567846904
Atakan Karazor,Stuttgart,Bundesliga,MF,27.0,2618,2,4,2.3,2.6,2.0,0.48,0.24,19,140,33,15,2.5,86.6,29,32,51,1112,2124,0.06875477463712758,0.13750954927425516,0.07906799083269671,0.08938120702826585,0.06875477463712758,0.6531703590527119,4.81283422459893,1.134453781512605,0.5156608097784569,0.08594346829640948,0.9969442322383498,1.1000763941940412,1.7532467532467533,38.22765469824293,73.01757066462949,-0.40146748635177487,0.34089422394934354,-0.3827140083361071,-0.10467724568783773,-0.433504017033106,-0.6782313125051147,0.7531261823123742,-0.7851007348342876,-0.5727237295665026,-0.2818424473299579,0.2682539609706654,0.6022196116645737,-0.3408465885390623,0.7567977402788061,1.004721246381723,-0.7409179713822384,-0.41199895609455534,1.126996749169859,0.92,0.06325439266615737,0.12650878533231474,0.07274255156608098,0.08223071046600458,0.06325439266615737,0.4416,0.2208,0.600916730328495,4.427807486631016,1.0436974789915967,0.47440794499618033,0.07906799083269672,35.169442322383496,67.17616501145913,1.0836350350416846,1.1957352110804795,1.9057029926595144
Michael Keane,Everton,Premier League,DF,31.0,1049,3,0,0.6,0.1,0.6,0.86,0.34,1,14,3,2,0.0,82.8,9,16,65,229,513,0.25738798856053385,0.0,0.05147759771210676,0.008579599618684462,0.05147759771210676,0.08579599618684461,1.2011439466158247,0.25738798856053385,0.17159199237368922,0.0,0.7721639656816015,1.3727359389895137,5.5767397521449,19.647283126787418,44.013346043851286,0.7766233967757108,-0.891279865718134,-0.5531986043862374,-1.0393160018457201,-0.5473675572425767,-1.0942603897711294,-1.1565153749932562,-0.9798185842748022,-1.0696844014630635,-1.1830617529230112,-0.31338884836511444,1.374555138159191,1.9853313558569532,-1.0872992349724333,-0.6696343293437768,-0.34514809795661155,-0.1599742103811758,0.3844500094988153,1.0,0.25738798856053385,0.0,0.05147759771210676,0.008579599618684462,0.05147759771210676,0.86,0.34,0.08579599618684461,1.2011439466158247,0.25738798856053385,0.17159199237368922,0.0,19.647283126787418,44.013346043851286,0.7721639656816015,1.3727359389895137,5.5767397521449
Caoimhín Kelleher,Liverpool,Premier League,GK,25.0,900,0,0,0.0,0.0,0.0,0.0,0.0,0,0,0,0,0.0,75.7,0,0,1,290,398,0.0,0.0,0.0,0.0,0.0,0.0,0.0,0.0,0.0,0.0,0.0,0.0,0.1,29.000000000000004,39.800000000000004,-0.7900177606680123,-0.891279865718134,-0.9058698966514711,-1.1396650158946402,-0.9292768100897674,-1.1515821155650607,-1.8009876578806308,-1.0599091291149787,-1.3234600191706214,-1.1830617529230112,-1.6745139740950574,-1.4834695995757803,-1.174408694410504,-0.15859297400053596,-0.9425134692813347,-1.2367900501346574,-1.0114958240605274,-0.4884337584931662,1.0,0.0,0.0,0.0,0.0,0.0,0.0,0.0,0.0,0.0,0.0,0.0,0.0,29.000000000000004,39.800000000000004,0.0,0.0,0.1
Aljoscha Kemlein,Union Berlin,Bundesliga,MF,19.0,922,1,0,0.9,0.6,0.9,1.07,0.29,5,42,19,10,0.7,75.5,4,6,15,260,549,0.09761388286334056,0.0,0.08785249457700652,0.05856832971800434,0.08785249457700652,0.4880694143167028,4.099783080260304,1.8546637744034709,0.9761388286334056,0.06832971800433839,0.39045553145336226,0.5856832971800434,1.4642082429501084,25.379609544468547,53.590021691973966,-0.24693512247720045,-0.9032492487568731,-0.32672538955761177,-0.4656547576815969,-0.2987871463780322,-0.8223090462130928,0.3763720469181254,-0.5559900634343442,0.10891162435515302,-0.48654754978106973,-0.9796614047980822,-0.3539937018620666,-0.4914278995989968,-0.4539716164602674,-0.15265290961107367,-0.1406236472670461,-0.29191446968649737,-0.21002523949745425,0.92,0.08980477223427333,0.0,0.080824295010846,0.053882863340564,0.080824295010846,0.9844,0.2668,0.4490238611713666,3.7718004338394797,1.7062906724511933,0.8980477223427332,0.06286334056399132,23.349240780911064,49.30281995661605,0.4244081863623503,0.6366122795435254,1.5915306988588134
Luca Kerber,Heidenheim,Bundesliga,"MF,DF",22.0,783,2,0,0.6,0.7,0.6,0.8,0.57,1,16,12,6,0.4,73.7,16,5,25,175,364,0.2298850574712644,0.0,0.06896551724137931,0.08045977011494251,0.06896551724137931,0.1149425287356322,1.8390804597701151,1.379310344827586,0.689655172413793,0.04597701149425288,1.8390804597701151,0.574712643678161,2.873563218390805,20.114942528735632,41.839080459770116,0.46133961437218884,-0.9032492487568731,-0.4471027955786956,-0.2091932267159467,-0.43201742155218625,-1.147923633979359,-0.8181131845112334,-0.7072078255834731,-0.3151637503730774,-0.7463282892790328,2.0010393154994492,-0.3743872199661833,0.24280823984447905,-0.9501013715936213,-0.8527018818146882,-0.41533460915026965,0.3805586541986273,-0.4268396160380994,0.92,0.21149425287356324,0.0,0.06344827586206897,0.07402298850574712,0.06344827586206897,0.7360000000000001,0.5244,0.10574712643678162,1.691954022988506,1.2689655172413792,0.6344827586206896,0.04229885057471265,18.505747126436784,38.49195402298851,1.999000499750125,0.6246876561719141,3.1234382808595704
Milos Kerkez,Bournemouth,Premier League,DF,20.0,3336,2,5,0.6,3.9,0.5,0.51,0.13,106,159,197,35,2.6,75.8,26,45,106,1094,2158,0.0539568345323741,0.13489208633093525,0.01618705035971223,0.1052158273381295,0.013489208633093525,2.859712230215827,4.289568345323741,5.314748201438849,0.9442446043165468,0.07014388489208633,0.7014388489208633,1.2140287769784173,2.859712230215827,29.514388489208635,58.219424460431654,-0.46159918070029343,0.3915985038743994,-0.7949729585261024,0.09096403499126086,-0.8292011690434287,0.7590389809368538,0.5005748749873908,0.5938629894758469,0.07302856058552241,-0.22105579389652585,-0.4380589155033153,1.0441281549352233,0.4177745488430757,-0.107515215850049,0.2504283523956365,-0.7080256366337232,-0.685914030594893,-0.4761396209158151,1.0,0.0539568345323741,0.13489208633093525,0.01618705035971223,0.1052158273381295,0.013489208633093525,0.51,0.13,2.859712230215827,4.289568345323741,5.314748201438849,0.9442446043165468,0.07014388489208633,29.514388489208635,58.219424460431654,0.7014388489208633,1.2140287769784173,2.859712230215827
Bilal El Khannouss,Leicester City,Premier League,"MF,FW",20.0,2182,2,3,1.3,4.6,1.3,1.24,0.29,73,128,89,42,3.1,75.1,30,6,10,732,1268,0.08249312557286893,0.12373968835930338,0.05362053162236481,0.18973418881759851,0.05362053162236481,3.010999083409716,5.279560036663612,3.6709440879926674,1.7323556370302475,0.12786434463794685,1.2373968835930338,0.24747937671860676,0.41246562786434465,30.192483959670025,52.300641613198906,-0.28790759441122477,0.285534682667024,-0.5385174361701853,1.0795106595941706,-0.5314692573035513,0.8601162327951002,1.0317536792888584,0.08236605524550292,1.2386037216542158,0.5705659749674743,0.5066963175192263,-0.9682196081887527,-0.9941353560054305,-0.04018167870878598,-0.13290412398309506,0.048833229749966886,-0.28519797709872763,-0.5621985839572785,1.0,0.08249312557286893,0.12373968835930338,0.05362053162236481,0.18973418881759851,0.05362053162236481,1.24,0.29,3.010999083409716,5.279560036663612,3.6709440879926674,1.7323556370302475,0.12786434463794685,30.192483959670025,52.300641613198906,1.2373968835930338,0.24747937671860676,0.41246562786434465
Rani Khedira,Union Berlin,Bundesliga,MF,30.0,2723,1,1,1.4,0.6,1.4,0.46,0.03,12,80,34,12,1.0,73.7,40,44,55,506,1246,0.03305178112376056,0.03305178112376056,0.04627249357326478,0.019831068674256335,0.04627249357326478,0.3966213734851267,2.6441424899008448,1.123760558207859,0.3966213734851267,0.03305178112376056,1.3220712449504224,1.4542783694454646,1.8178479618068306,16.72420124862284,41.18251928020566,-0.5926469206493259,-0.6042070515896976,-0.5917382909996453,-0.919467622096181,-0.5920958572970814,-0.9021125052188272,-0.39274334742616707,-0.7885024254453079,-0.7489351554456567,-0.8965439198700318,0.9372375619260377,1.2606511621245675,-0.30719109166063946,-1.2696368020388311,-0.8918157680864767,-0.7612669315217364,-0.9163537990083989,-0.4268396160380994,0.92,0.030407638633859715,0.030407638633859715,0.0425706940874036,0.01824458318031583,0.0425706940874036,0.4232,0.0276,0.3648916636063166,2.4326110907087775,1.0338597135512302,0.3648916636063166,0.030407638633859715,15.386265148733013,37.88791773778921,1.4370339619026329,1.5807373580928963,1.97592169761612
Max Kilman,West Ham,Premier League,DF,27.0,3348,0,1,1.6,1.2,1.6,0.35,0.05,31,113,6,16,1.2,86.7,24,38,212,1270,2374,0.0,0.026881720430107524,0.043010752688172046,0.03225806451612903,0.043010752688172046,0.8333333333333333,3.03763440860215,0.16129032258064516,0.4301075268817204,0.03225806451612903,0.6451612903225806,1.021505376344086,5.698924731182796,34.13978494623656,63.81720430107527,-0.7900177606680123,-0.6356238178710198,-0.6112046751570622,-0.7623671100261201,-0.610182579714058,-0.5948183159554881,-0.1711487135936215,-1.009720968101033,-0.6873533931844128,-0.7406504103103346,-0.5372616786823053,0.6432960458765686,2.0558245304971994,0.3517774910020455,0.61297093317981,-0.8739125114575458,-0.8862720573429758,0.8639213750155387,1.0,0.0,0.026881720430107524,0.043010752688172046,0.03225806451612903,0.043010752688172046,0.35,0.05,0.8333333333333333,3.03763440860215,0.16129032258064516,0.4301075268817204,0.03225806451612903,34.13978494623656,63.81720430107527,0.6451612903225806,1.021505376344086,5.698924731182796
Joshua Kimmich,Bayern Munich,Bundesliga,MF,29.0,2847,3,7,1.8,7.4,1.8,1.07,0.32,51,362,77,83,10.5,89.5,29,25,34,2399,3867,0.09483667017913593,0.22128556375131717,0.056902002107481565,0.23393045310853533,0.056902002107481565,1.612223393045311,11.443624868282402,2.434141201264489,2.6238145416227607,0.33192834562697576,0.916754478398314,0.7903055848261328,1.0748155953635405,75.8377239199157,122.24446786090623,-0.2618063110707127,1.0988734488910128,-0.5239904115009855,1.588739006394934,-0.5171144390524403,0.15870022573869388,4.2566305463063,-0.3716487412647734,2.547929279452818,2.5769672144627953,0.10325496615893694,0.026381845219087166,-0.6942910244141162,4.301081619531774,3.9373577140532943,-0.1406236472670461,-0.21986377784166253,1.4763088002631217,0.92,0.08724973656480506,0.2035827186512118,0.05234984193888304,0.2152160168598525,0.05234984193888304,0.9844,0.2944,1.4832455216016862,10.528134878819811,2.23940990516333,2.41390937829294,0.3053740779768177,69.77070600632246,112.46491043203373,0.9964722591286022,0.8590278095936226,1.1682778210473266
Jakub Kiwior,Arsenal,Premier League,DF,24.0,1122,1,0,0.2,0.3,0.2,0.24,0.08,5,48,1,5,0.3,91.4,8,6,58,492,846,0.08021390374331551,0.0,0.016042780748663103,0.02406417112299465,0.016042780748663103,0.40106951871657753,3.8502673796791442,0.08021390374331551,0.40106951871657753,0.02406417112299465,0.6417112299465241,0.48128342245989303,4.652406417112299,39.465240641711226,67.86096256684492,-0.3017805134432751,-0.891279865718134,-0.7959613447839041,-0.8582048133884448,-0.8102563685458865,-0.8836209285871914,0.26486849108455124,-1.0349492415518935,-0.7302990945377597,-0.8530276230060679,-0.5433432417593789,-0.4814415414594752,1.4520482000604857,0.8805846936536247,0.874866648887504,-0.9879597378989237,-0.8111377973124447,1.4417458411510764,1.0,0.08021390374331551,0.0,0.016042780748663103,0.02406417112299465,0.016042780748663103,0.24,0.08,0.40106951871657753,3.8502673796791442,0.08021390374331551,0.40106951871657753,0.02406417112299465,39.465240641711226,67.86096256684492,0.6417112299465241,0.48128342245989303,4.652406417112299
Tim Kleindienst,Gladbach,Bundesliga,FW,28.0,2737,16,7,13.6,6.2,11.9,2.4,1.18,45,63,145,29,4.0,60.9,15,12,66,545,1149,0.526123492875411,0.23017902813299235,0.4472049689440994,0.2038728534892218,0.391304347826087,1.4797223237120936,2.071611253196931,4.7679941541834125,0.9535988308366825,0.13153087321885276,0.49324077457069787,0.3945926196565583,2.1702594081110704,17.921081476068686,37.782243332115456,2.0476126667018946,1.1793387381644027,1.9636315025412443,1.2366096866357894,1.8417869217773488,0.043071246062419896,-0.6952511167260168,0.37078835662345355,0.07554616770693373,0.24796944624104986,-0.7681697742130751,-0.7092151288203099,-0.123594180776491,-1.1568456430933314,-1.094383344217805,1.2125822020095736,1.8455893883769348,-1.9686307381049122,0.92,0.4840336134453782,0.21176470588235297,0.4114285714285715,0.18756302521008406,0.36000000000000004,2.208,1.0856,1.361344537815126,1.9058823529411764,4.38655462184874,0.877310924369748,0.12100840336134455,16.48739495798319,34.75966386554622,0.5361312767072802,0.4289050213658242,2.358977617512033
Lukas Klostermann,RB Leipzig,Bundesliga,DF,28.0,1838,1,0,0.3,0.1,0.3,0.2,0.1,16,83,26,2,0.7,88.4,14,24,143,752,1472,0.04896626768226333,0.0,0.014689880304678998,0.0048966267682263335,0.014689880304678998,0.7834602829162133,4.064200217627856,1.2731229597388465,0.09793253536452666,0.03427638737758433,0.6855277475516867,1.1751904243743199,7.002176278563655,36.822633297062026,72.07834602829162,-0.507429345370899,-0.9032492487568731,-0.7930321768914804,-1.0944268648819466,-0.8148821815309396,-0.5645319209888887,0.3575711646078184,-0.7409877832791891,-1.1910775890650922,-0.8823116783260994,-0.37251876223287694,0.741850248444036,2.3937049034826345,0.6243918499077964,0.9487680058417458,-1.025803413335211,-0.7482355180371177,1.3438111257105056,0.92,0.04504896626768227,0.0,0.013514689880304678,0.004504896626768227,0.013514689880304678,0.18400000000000002,0.09200000000000001,0.7207834602829163,3.7390642002176273,1.1712731229597388,0.09009793253536454,0.03153427638737759,33.87682263329707,66.31207834602829,0.745138856034442,1.2773808960590434,7.611061172351799
Justin Kluivert,Bournemouth,Premier League,MF,25.0,2340,12,6,10.3,4.8,5.6,2.19,0.88,81,105,173,45,3.7,74.4,11,14,24,646,1086,0.46153846153846156,0.23076923076923078,0.3961538461538462,0.18461538461538463,0.2153846153846154,3.1153846153846154,4.038461538461538,6.653846153846154,1.7307692307692308,0.14230769230769233,0.4230769230769231,0.5384615384615385,0.9230769230769231,24.846153846153847,41.769230769230774,2.019224246440476,1.3034289758001696,1.8081667924782807,1.0196399223067358,0.6686489127916695,0.9298579352830341,0.36584383169903534,1.0105455440987963,1.2362575094373434,0.7686529008336811,-0.9287389111416952,-0.3623971824183071,-0.699544224672185,-0.571061669726794,-0.8149754049843222,1.0337865490164129,1.1924424701683827,-0.6482575469987402,1.0,0.46153846153846156,0.23076923076923078,0.3961538461538462,0.18461538461538463,0.2153846153846154,2.19,0.88,3.1153846153846154,4.038461538461538,6.653846153846154,1.7307692307692308,0.14230769230769233,24.846153846153847,41.769230769230774,0.4230769230769231,0.5384615384615385,0.9230769230769231
Ansgar Knauff,Eint Frankfurt,Bundesliga,"MF,DF",22.0,1597,4,5,4.9,5.2,4.9,1.69,0.51,53,58,146,27,4.5,66.7,22,12,24,435,775,0.22542266750156542,0.28177833437695676,0.2761427676894177,0.29304946775203505,0.2761427676894177,2.9868503443957417,3.268628678772699,8.227927363807138,1.5216030056355667,0.2536005009392611,1.2398246712586098,0.6762680025046963,1.3525360050093926,24.514715090795242,43.675641828428304,0.43744477794334113,1.6461931522644753,0.8733551873125669,2.281327192907011,1.0294277634827733,1.3582883695930943,-0.06278419088867745,1.4714501476019253,0.9163500950708913,1.6666494680603592,0.7680064402926088,-0.18560438688849576,-0.5496061402107812,-0.5354772220825815,-0.743290825022525,0.4901941170573931,0.23645727050895785,-1.2700066359183872,0.92,0.2073888541014402,0.25923606762680024,0.2540513462742643,0.26960551033187224,0.2540513462742643,1.5548,0.4692,2.7479023168440824,3.0071383844708834,7.569693174702568,1.3998747651847214,0.23331246086412025,22.553537883531625,40.18159048215404,1.3476355122376193,0.7350739157659743,1.4701478315319485
Magnus Knudsen,Holstein Kiel,Bundesliga,MF,23.0,1850,0,1,0.7,1.3,0.7,0.58,0.19,16,54,25,8,2.0,84.0,29,12,44,488,987,0.0,0.04864864864864865,0.03405405405405405,0.06324324324324325,0.03405405405405405,0.7783783783783784,2.627027027027027,1.2162162162162162,0.3891891891891892,0.0972972972972973,1.4108108108108108,0.5837837837837837,2.1405405405405404,23.740540540540543,48.016216216216215,-0.7696298623010193,-0.463091463412971,-0.6696133277941044,-0.4108874395848634,-0.6782857240192963,-0.5689667186813082,-0.40178662779686,-0.7590907565013753,-0.7599368523031307,-0.1498894736418166,1.1198287093711503,-0.3575247368026002,-0.13907691363929914,-0.6084335987917868,-0.4847060377361386,-0.6391731706847482,-0.5320834425026133,0.8138204275000382,0.92,0.0,0.04475675675675676,0.03132972972972973,0.05818378378378379,0.03132972972972973,0.5336,0.1748,0.7161081081081082,2.416864864864865,1.118918918918919,0.3580540540540541,0.08951351351351353,21.841297297297302,44.17491891891892,1.5334900117508812,0.6345475910693301,2.326674500587544
Gregor Kobel,Dortmund,Bundesliga,GK,26.0,2880,0,0,0.0,0.0,0.0,0.0,0.0,0,1,0,1,0.0,80.0,0,1,23,831,1312,0.0,0.0,0.0,0.0,0.0,0.0,0.03125,0.0,0.03125,0.0,0.0,0.03125,0.71875,25.968749999999996,41.0,-0.7696298623010193,-0.9032492487568731,-0.8866591058814253,-1.1517915871101994,-0.9185057926831566,-1.248229898570237,-1.7733147955286617,-1.1459891842034466,-1.2897862607767603,-1.2806681483244808,-1.7830654199419607,-1.3846383650652412,-0.8797916489438726,-0.39845241475795806,-0.9026891468218882,-1.2292930147301913,-0.9884044908532337,0.33201070185415943,0.92,0.0,0.0,0.0,0.0,0.0,0.0,0.0,0.0,0.02875,0.0,0.02875,0.0,23.89125,37.72,0.0,0.033967391304347824,0.78125
Robin Koch,Eint Frankfurt,Bundesliga,DF,28.0,2586,3,0,1.7,0.2,1.7,0.52,0.21,9,93,4,7,0.5,90.7,11,25,197,1244,2148,0.10440835266821345,0.0,0.05916473317865429,0.006960556844547564,0.05916473317865429,0.31322505800464034,3.236658932714617,0.13921113689095127,0.24361948955916474,0.01740139211136891,0.382830626450116,0.8700696055684455,6.85614849187935,43.29466357308585,74.75638051044083,-0.21055265798830358,-0.9032492487568731,-0.5095687445486311,-1.0702476122799374,-0.5011529499321676,-0.9748895093312901,-0.07967601433011968,-1.1017038266629156,-0.975420436024066,-1.0784310497008411,-0.9953504623250605,0.17465642164121006,2.317628343485368,1.2343006601827309,1.108308867267941,-0.7002200511032423,-0.48404964793939015,1.6208517179568858,0.92,0.09605568445475639,0.0,0.05443155452436195,0.006403712296983759,0.05443155452436195,0.47840000000000005,0.1932,0.2881670533642691,2.9777262180974478,0.12807424593967517,0.22412993039443158,0.016009280742459397,39.83109048723898,68.77587006960557,0.4161202461414304,0.9457278321396146,7.452335317260163
Derrick Köhn,Werder Bremen,Bundesliga,"DF,FW",25.0,1343,2,2,0.7,1.6,0.7,0.87,0.27,36,39,122,16,2.0,79.3,10,10,26,549,908,0.1340282948622487,0.1340282948622487,0.04690990320178705,0.10722263588979897,0.04690990320178705,2.4125093075204767,2.61355174981385,8.17572598659717,1.0722263588979897,0.1340282948622487,0.6701414743112435,0.6701414743112435,1.742367833209233,36.790766939687266,60.84884586746091,-0.0519462433619858,0.30939692084285714,-0.5876757183449073,0.10433778838381194,-0.587599517904198,0.857081334704272,-0.40890654683206085,1.4548440289717581,0.251147855005696,0.2769942106948258,-0.40417766498541574,-0.1969930852561111,-0.34651421407617405,0.6213888398343985,0.27978329299117183,-0.3441132486620266,-0.3399482642497205,0.2476939998661303,0.92,0.12330603127326882,0.12330603127326882,0.04315711094564409,0.09864482501861506,0.04315711094564409,0.8004,0.24840000000000004,2.2195085629188385,2.404467609828742,7.521667907669396,0.9864482501861506,0.12330603127326882,33.847505584512284,55.98093819806404,0.728414645990482,0.728414645990482,1.893878079575253
Dominik Kohr,Mainz 05,Bundesliga,"DF,MF",30.0,2295,2,0,1.6,0.6,1.6,0.51,0.2,26,101,31,11,1.7,81.1,46,42,127,835,1693,0.0784313725490196,0.0,0.06274509803921569,0.02352941176470588,0.06274509803921569,1.0196078431372548,3.96078431372549,1.2156862745098038,0.43137254901960786,0.06666666666666667,1.803921568627451,1.647058823529412,4.980392156862745,32.745098039215684,66.3921568627451,-0.3496520408478071,-0.9032492487568731,-0.48674905101776533,-0.876140974154569,-0.47589676483066595,-0.3584543279640968,0.3029294046582019,-0.7592593396942738,-0.6974937644026212,-0.5058753527085813,1.9286961367336573,1.6190137409633056,1.3404096058649344,0.24013458102878915,0.6100197470905937,-0.7103945311729913,-0.5080665452210017,0.46450837640677545,0.92,0.07215686274509804,0.0,0.057725490196078436,0.021647058823529408,0.057725490196078436,0.4692,0.18400000000000002,0.9380392156862745,3.6439215686274506,1.1184313725490196,0.39686274509803926,0.06133333333333334,30.12549019607843,61.080784313725495,1.9607843137254901,1.7902813299232738,5.4134697357203745
Marco Komenda,Holstein Kiel,Bundesliga,DF,27.0,1307,0,0,0.1,0.8,0.1,0.21,0.0,13,53,16,9,0.8,78.8,17,6,68,440,905,0.0,0.0,0.006885998469778118,0.055087987758224946,0.006885998469778118,0.8951798010711552,3.6495791889824023,1.1017597551644989,0.6197398622800305,0.055087987758224946,1.17061973986228,0.4131599081866871,4.68247895944912,30.29839326702372,62.31828615149197,-0.7696298623010193,-0.9032492487568731,-0.8427707367195996,-0.5064274894482035,-0.8699313990851522,-0.46703826332115833,0.13849825742038116,-0.7955012435766275,-0.4186578265638922,-0.6404415077237374,0.625609892484426,-0.674700107931302,1.1852048208604722,0.009562916024403635,0.3673235282985698,-1.015628933265462,-0.9884044908532337,0.18746778416039545,0.92,0.0,0.0,0.006335118592195869,0.050680948737566955,0.006335118592195869,0.1932,0.0,0.8235654169854628,3.3576128538638104,1.013618974751339,0.5701606732976281,0.050680948737566955,27.874521805661825,57.33282325937261,1.2724127607198694,0.44908685672465987,5.089651042879478
Mert Kömür,Augsburg,Bundesliga,MF,19.0,654,2,1,1.1,1.5,1.1,1.79,0.96,18,11,46,13,1.3,71.9,2,3,7,185,313,0.27522935779816515,0.13761467889908258,0.15137614678899083,0.20642201834862386,0.15137614678899083,2.4770642201834865,1.513761467889908,6.330275229357798,1.7889908256880733,0.17889908256880735,0.27522935779816515,0.41284403669724773,0.963302752293578,25.458715596330276,43.07339449541284,0.7041455203214912,0.34184540397434837,0.07814683209956634,1.2664735380166026,0.14931386596899618,0.9134161154111587,-0.9900016619174908,0.8677757208391388,1.3121583288907184,0.7984776564246074,-1.2167515805209699,-0.6752872863466397,-0.7523862245736452,-0.4465168494213568,-0.7791690255988691,0.5919389177548834,1.3172176481814797,-0.6436539925787444,0.92,0.25321100917431194,0.12660550458715597,0.13926605504587158,0.18990825688073396,0.13926605504587158,1.6468,0.8832,2.278899082568808,1.3926605504587155,5.823853211009174,1.6458715596330276,0.16458715596330276,23.422018348623855,39.627522935779815,0.2991623454327882,0.4487435181491823,1.0470682090147587
Ibrahima Konaté,Liverpool,Premier League,DF,25.0,2560,1,2,1.7,1.0,1.7,0.67,0.11,25,115,3,10,0.9,90.2,26,17,133,1290,2185,0.03515625,0.0703125,0.059765624999999996,0.03515625,0.059765624999999996,0.87890625,4.04296875,0.10546875,0.3515625,0.031640625,0.9140625,0.59765625,4.67578125,45.3515625,76.81640625,-0.5760325296577955,-0.22257951556802597,-0.49641760791671113,-0.7284692512957452,-0.4858791729788331,-0.5643702956643395,0.36826217041508413,-1.0270907769519533,-0.8035173961721286,-0.7491184399150305,-0.06325847586769341,-0.2391542883446342,1.4655340326883097,1.4650847953883157,1.454869749649871,-0.5421387618099007,-0.7360035372819137,1.2942161902228537,1.0,0.03515625,0.0703125,0.059765624999999996,0.03515625,0.059765624999999996,0.67,0.11,0.87890625,4.04296875,0.10546875,0.3515625,0.031640625,45.3515625,76.81640625,0.9140625,0.59765625,4.67578125
Ezri Konsa,Aston Villa,Premier League,DF,26.0,2936,2,0,1.3,0.4,1.3,0.34,0.15,24,90,11,6,0.6,92.9,18,24,114,1132,1915,0.061307901907356945,0.0,0.03985013623978202,0.01226158038147139,0.03985013623978202,0.7356948228882834,2.758855585831063,0.33719346049046317,0.18392370572207084,0.018392370572207082,0.5517711171662125,0.7356948228882834,3.4945504087193457,34.70027247956403,58.702316076294274,-0.4168555049553726,-0.891279865718134,-0.6328579522474638,-0.9962506892770419,-0.6336310062139079,-0.660052221631814,-0.3207271424223535,-0.9549857870497203,-1.05144643983626,-0.9308149588039306,-0.7018843713084701,0.04824086528320383,0.7840369072600177,0.40743279292706963,0.28170303229332694,-0.8842804411340346,-0.6358245239078723,1.6261579048113544,1.0,0.061307901907356945,0.0,0.03985013623978202,0.01226158038147139,0.03985013623978202,0.34,0.15,0.7356948228882834,2.758855585831063,0.33719346049046317,0.18392370572207084,0.018392370572207082,34.70027247956403,58.702316076294274,0.5517711171662125,0.7356948228882834,3.4945504087193457
Henri Koudossou,Augsburg,Bundesliga,DF,24.0,748,0,0,0.1,0.8,0.1,0.24,0.0,19,23,48,10,0.8,78.8,10,15,37,220,469,0.0,0.0,0.012032085561497326,0.0962566844919786,0.012032085561497326,2.286096256684492,2.767379679144385,5.7754010695187175,1.2032085561497325,0.0962566844919786,1.2032085561497325,1.804812834224599,4.451871657754011,26.47058823529412,56.43048128342245,-0.7696298623010193,-0.9032492487568731,-0.809971808428877,-0.024129988655348437,-0.8336304819443977,0.746765152657691,-0.32762863433650136,0.6912611034940904,0.44503788390032567,-0.16198336321061524,0.6926648673663811,1.912265120432842,1.065064602196861,-0.3511603675973331,0.016564243150270035,-0.9851054930562149,-0.9884044908532337,0.18746778416039545,0.92,0.0,0.0,0.01106951871657754,0.08855614973262033,0.01106951871657754,0.2208,0.0,2.103208556149733,2.5459893048128346,5.31336898395722,1.106951871657754,0.08855614973262033,24.35294117647059,51.91604278074866,1.3078353871192745,1.9617530806789119,4.838990932341316
Konstantinos Koulierakis,Wolfsburg,Bundesliga,DF,20.0,2468,0,2,1.0,1.0,1.0,0.8,0.11,20,104,8,10,0.8,83.0,20,33,147,1049,1886,0.0,0.07293354943273905,0.03646677471636953,0.03646677471636953,0.03646677471636953,0.7293354943273905,3.792544570502431,0.2917341977309562,0.36466774716369527,0.029173419773095628,0.7293354943273905,1.2034035656401945,5.360615883306321,38.253646677471636,68.77633711507293,-0.7696298623010193,-0.24336926262541544,-0.6542356922083855,-0.7245778129792084,-0.66126619611674,-0.6117647026653961,0.2140367361586019,-1.0531837266671311,-0.7962353967054903,-0.941617816369387,-0.2823796380078929,0.7942960947266564,1.5384959687001365,0.7592471628636785,0.7520545766594957,-0.41533460915026965,-0.7242186207555061,0.6933679960885686,0.92,0.0,0.06709886547811993,0.03354943273905996,0.03354943273905996,0.03354943273905996,0.7360000000000001,0.1012,0.6709886547811993,3.489141004862237,0.2683954619124797,0.33549432739059964,0.026839546191247978,35.19335494327391,63.2742301458671,0.7927559720949897,1.308047353956733,5.826756394898174
Mateo Kovačić,Manchester City,Premier League,MF,30.0,2198,6,2,1.9,3.6,1.9,1.84,0.49,56,164,16,33,3.2,92.6,38,24,21,1445,2123,0.2456778889899909,0.0818926296633303,0.07779799818016378,0.14740673339399454,0.07779799818016378,2.2929936305732483,6.715195632393084,0.6551410373066424,1.35122838944495,0.13102820746132848,1.5559599636032757,0.9827115559599636,0.8598726114649681,59.16742493175614,86.92902638762511,0.7053476389302274,-0.1124477927498553,-0.372878425151746,0.5844387905400344,-0.35209806285763534,0.3804048999211519,1.8020421633468602,-0.8560511211384058,0.6749363771402372,0.6139575677530469,1.0682405381811022,0.5625276364687956,-0.7360092027043554,2.8369725703564295,2.1098178732908104,0.6709090103393013,0.21569708977147925,1.5892754920792975,1.0,0.2456778889899909,0.0818926296633303,0.07779799818016378,0.14740673339399454,0.07779799818016378,1.84,0.49,2.2929936305732483,6.715195632393084,0.6551410373066424,1.35122838944495,0.13102820746132848,59.16742493175614,86.92902638762511,1.5559599636032757,0.9827115559599636,0.8598726114649681
Andrej Kramarić,Hoffenheim,Bundesliga,"MF,FW",33.0,2767,11,8,11.8,4.3,9.5,2.15,0.75,75,143,202,49,5.7,77.7,8,7,11,938,1554,0.3577882182869534,0.26020961329960246,0.3838091796169137,0.13986266714853632,0.30899891579327793,2.439465124683773,4.651246837730394,6.570292735814962,1.593783881460065,0.18539934947596676,0.26020961329960246,0.22768341163715214,0.3577882182869534,30.50957715937839,50.54571738344778,1.1462248725356885,1.4510460974989094,1.559574223483134,0.4867206848766919,1.2611977060867041,0.8806047194634827,0.6677484128303015,0.9441292463316321,1.0231978376870388,0.8740230559633207,-1.2476563111868786,-1.0194852467219904,-1.0678430552325917,0.029464386048799078,-0.3340138797790012,0.958220200265848,0.8128628052676362,0.054970109607779455,0.92,0.32916516082399716,0.23939284423563428,0.3531044452475606,0.1286736537766534,0.2842790025298157,1.978,0.6900000000000001,2.244307914709071,4.279147090711962,6.044669316949765,1.46628117094326,0.17056740151788943,28.068810986628122,46.50205999277196,0.28283653619522003,0.24748196917081752,0.3889002372684276
Frans Krätzig,Heidenheim,Bundesliga,"DF,MF",21.0,1217,1,2,0.6,1.8,0.6,0.67,0.22,25,37,57,28,1.8,75.9,18,17,15,372,676,0.07395234182415776,0.14790468364831552,0.04437140509449466,0.13311421528348397,0.04437140509449466,1.8488085456039443,2.7362366474938375,4.215283483976992,2.0706655710764177,0.13311421528348397,1.3311421528348397,1.257189811010682,1.1092851273623665,27.510271158586686,49.991783073130655,-0.373635983814938,0.4349461545072497,-0.60385500484031,0.4076615519198039,-0.6055062901395659,0.36515969006282334,-0.34408364749539716,0.1949619809956798,1.7291151800364328,0.2663708766111278,0.9559019250308836,0.8942801812286401,-0.6763333228099994,-0.25318311042076275,-0.3670138869225221,-0.5476028500570069,-0.46003275065777854,-0.16184426693286566,0.92,0.06803615447822514,0.13607230895645028,0.040821692686935085,0.12246507806080525,0.040821692686935085,0.6164000000000001,0.2024,1.7009038619556287,2.517337715694331,3.878060805258833,1.9050123253903044,0.12246507806080525,25.309449465899753,45.99244042728021,1.4468936443856952,1.3665106641420457,1.2057447036547462
Tom Krauß,Bochum,Bundesliga,MF,23.0,1077,0,0,0.4,0.7,0.4,0.92,0.17,16,84,20,12,1.0,80.0,18,11,19,430,768,0.0,0.0,0.033426183844011144,0.05849582172701949,0.033426183844011144,1.3370473537604457,7.01949860724234,1.671309192200557,1.0027855153203342,0.08356545961002786,1.5041782729805016,0.9192200557103064,1.5877437325905293,35.93314763231198,64.17827298050139,-0.7696298623010193,-0.9032492487568731,-0.6736151003307986,-0.46650419974836105,-0.6827147715778952,-0.0814361355298303,1.9190592828885171,-0.6143181786332835,0.1483561210888951,-0.30947940730176554,1.3119422484256826,0.26602295642617396,-0.4270692230565739,0.5405688267748443,0.4781301302745806,-0.29324084831328145,-0.5801172370658365,0.33201070185415943,0.92,0.0,0.0,0.030752089136490253,0.05381615598885793,0.030752089136490253,0.8464,0.1564,1.23008356545961,6.4579387186629535,1.5376044568245124,0.9225626740947075,0.07688022284122563,33.05849582172702,59.04401114206128,1.6349763836744582,0.9991522344677243,1.7258084049897056
Rasmus Kristensen,Eint Frankfurt,Bundesliga,DF,27.0,2513,5,3,2.5,3.1,2.5,0.86,0.29,51,172,162,20,4.8,77.7,33,20,97,1084,1955,0.17906884202148826,0.10744130521289295,0.08953442101074413,0.11102268205332272,0.08953442101074413,1.8265021886191803,6.159968165539197,5.80183048149622,0.716275368085953,0.17190608834062873,1.1818543573418225,0.716275368085953,3.473935535216872,38.822124950258655,70.01591723040191,0.18923315026873982,0.06884613869185605,-0.31600551958510387,0.14885590318880002,-0.28692270043692075,0.3456937241546043,1.4649100244797575,0.6996687351329766,-0.27575846769839607,0.7172058332079619,0.6487263194897589,-0.11123407393135254,0.5555861132807061,0.8128192093831662,0.8259011535891755,-0.3542877287317756,-0.29191446968649737,0.054970109607779455,0.92,0.1647433346597692,0.09884600079586152,0.0823716673298846,0.1021408674890569,0.0823716673298846,0.7912,0.2668,1.680382013529646,5.667170712296061,5.337684042976522,0.6589733386390768,0.15815360127337844,35.716354954237964,64.41464385196976,1.2846243014585026,0.7785601827021228,3.7760168861052956
Lukas Kübler,Freiburg,Bundesliga,DF,31.0,1842,5,1,2.7,0.8,2.7,0.88,0.49,24,78,49,11,1.1,77.1,21,53,61,519,1268,0.24429967426710097,0.048859934853420196,0.13192182410423453,0.03908794788273616,0.13192182410423453,1.1726384364820848,3.811074918566775,2.3941368078175898,0.5374592833876222,0.05374592833876222,1.0260586319218241,2.58957654723127,2.980456026058632,25.358306188925084,61.954397394136805,0.5385258111994176,-0.4611798117936707,-0.0458465872323112,-0.6938703734054064,0.012081490530727183,-0.22490996144115058,0.22382759803290952,-0.3843747982926372,-0.5404559346552851,-0.6560387772660601,0.3281599521014398,3.3710745692873982,0.29849652548150085,-0.4559791942496531,0.34564526903838316,-0.33393876859227756,0.1884234759457346,-0.017301349239103394,0.92,0.22475570032573292,0.04495114006514658,0.12136807817589577,0.035960912052117266,0.12136807817589577,0.8096,0.45080000000000003,1.078827361563518,3.506188925081433,2.2026058631921828,0.49446254071661244,0.04944625407166124,23.32964169381108,56.99804560260586,1.1152811216541565,2.8147571165557284,3.2396261152811214
Mohammed Kudus,West Ham,Premier League,"FW,MF",23.0,2590,5,3,6.9,3.1,6.9,2.61,0.73,98,79,216,31,2.7,83.6,23,4,8,842,1274,0.17374517374517376,0.10424710424710425,0.2397683397683398,0.10772200772200773,0.2397683397683398,3.4054054054054057,2.7451737451737452,7.505791505791506,1.0772200772200773,0.09382239382239384,0.7992277992277992,0.138996138996139,0.277992277992278,29.258687258687257,44.270270270270274,0.2675154273361483,0.10015231365499916,0.7367749428240689,0.12027690991880749,0.8495503218492619,1.1236256277043284,-0.3280681169220093,1.275642481189595,0.26969235770815825,0.1036890748381056,-0.2656823177893374,-1.1940808013244304,-1.071718160468248,-0.1329058415840078,-0.6529945230699367,1.4692395954289468,0.8167711700157274,0.48280311011762983,1.0,0.17374517374517376,0.10424710424710425,0.2397683397683398,0.10772200772200773,0.2397683397683398,2.61,0.73,3.4054054054054057,2.7451737451737452,7.505791505791506,1.0772200772200773,0.09382239382239384,29.258687258687257,44.270270270270274,0.7992277992277992,0.138996138996139,0.277992277992278
Dejan Kulusevski,Tottenham,Premier League,"MF,FW",24.0,2389,7,4,4.2,6.2,4.2,1.77,0.64,120,124,210,65,3.9,73.7,23,13,10,823,1276,0.26370866471326915,0.15069066555043953,0.1582251988279615,0.23357053160318125,0.1582251988279615,4.520719966513186,4.671410632063624,7.911259941398074,2.448723315194642,0.14692339891167852,0.8664713269150272,0.4897446630389284,0.37672666387609877,31.00460443700293,48.07032231059021,0.8150953995258287,0.5418493903591174,0.17812562411186575,1.5922308299461545,0.24458658198094063,1.8687857550670288,0.7054518765587077,1.401810715009825,2.2980741987845565,0.8319561704627286,-0.1471493906577134,-0.4638253093787365,-1.0147545274430547,0.0404602761570502,-0.4068825442084474,0.598333502603879,0.5913683899241344,-0.7343165100402035,1.0,0.26370866471326915,0.15069066555043953,0.1582251988279615,0.23357053160318125,0.1582251988279615,1.77,0.64,4.520719966513186,4.671410632063624,7.911259941398074,2.448723315194642,0.14692339891167852,31.00460443700293,48.07032231059021,0.8664713269150272,0.4897446630389284,0.37672666387609877
Nediljko Labrović,Augsburg,Bundesliga,GK,24.0,1350,0,0,0.0,0.0,0.0,0.0,0.0,0,0,0,0,0.1,70.2,0,0,12,306,546,0.0,0.0,0.0,0.0,0.0,0.0,0.0,0.0,0.0,0.006666666666666666,0.0,0.0,0.8,20.4,36.4,-0.7696298623010193,-0.9032492487568731,-0.8866591058814253,-1.1517915871101994,-0.9185057926831566,-1.248229898570237,-1.7898263274496862,-1.1459891842034466,-1.336044939666624,-1.2031888687628907,-1.7830654199419607,-1.442729475193211,-0.837462578291443,-0.9232382303931072,-1.1767289201901263,-1.2292930147301913,-0.9884044908532337,-0.8484231259782433,0.92,0.0,0.0,0.0,0.0,0.0,0.0,0.0,0.0,0.0,0.0,0.0,0.0061333333333333335,18.768,33.488,0.0,0.0,0.8695652173913043
Maxence Lacroix,Crystal Palace,Premier League,DF,24.0,3116,1,1,3.4,1.0,3.4,0.87,0.14,8,65,7,8,1.0,81.7,41,54,207,1030,1934,0.02888318356867779,0.02888318356867779,0.0982028241335045,0.02888318356867779,0.0982028241335045,0.2310654685494223,1.8774069319640565,0.20218228498074456,0.2310654685494223,0.02888318356867779,1.1842105263157894,1.5596919127086009,5.978818998716302,29.749679075738126,55.86007702182285,-0.6142147467443425,-0.6165890928708496,-0.23308564815276397,-0.8018405109610166,-0.20071586592802668,-0.9972034496912897,-0.7936673156681874,-0.9969967552637361,-0.9817262284450394,-0.7869360642550498,0.41294254182703344,1.7637959109692936,2.217306208829556,-0.08415132663796922,0.0976242168794,-0.33478016828012264,-0.6608692772513827,0.2492144961479455,1.0,0.02888318356867779,0.02888318356867779,0.0982028241335045,0.02888318356867779,0.0982028241335045,0.87,0.14,0.2310654685494223,1.8774069319640565,0.20218228498074456,0.2310654685494223,0.02888318356867779,29.749679075738126,55.86007702182285,1.1842105263157894,1.5596919127086009,5.978818998716302
Konrad Laimer,Bayern Munich,Bundesliga,DF,27.0,1699,2,2,2.1,2.7,2.1,0.95,0.32,87,141,113,20,3.2,87.8,27,8,24,816,1421,0.10594467333725721,0.10594467333725721,0.11124190700412008,0.14302530900529725,0.11124190700412008,4.608593290170689,7.469099470276633,5.985874043555032,1.0594467333725721,0.16951147733961155,1.4302530900529724,0.42377869334902885,1.2713360800470865,43.22542672160094,75.27369040612125,-0.20232609524091222,0.055305080714838264,-0.1776514140717544,0.5237715119476415,-0.1337963276540664,2.773525869643531,2.156614450943265,0.7582160261819099,0.23223046001328002,0.6893759229296017,1.1598332782616458,-0.6549606833459949,-0.5919091231117221,1.2277759432213808,1.1391270165230294,-0.26271740810403443,-0.21986377784166253,1.2715396668636227,0.92,0.09746909947027664,0.09746909947027664,0.10234255444379048,0.13158328428487348,0.10234255444379048,0.874,0.2944,4.239905826957035,6.871571512654502,5.50700412007063,0.9746909947027664,0.15595055915244263,39.76739258387287,69.25179517363155,1.5546229239706222,0.4606290145098139,1.381887043529442
Stefan Lainer,Gladbach,Bundesliga,DF,31.0,757,1,0,0.3,1.0,0.3,0.48,0.12,25,25,32,9,0.4,77.4,13,12,30,288,565,0.11889035667107001,0.0,0.035667107001321,0.11889035667107001,0.035667107001321,2.9722589167767506,2.9722589167767506,3.8044914134742402,1.07001321003963,0.047556142668428,1.5455746367239103,1.42668428005284,3.5667107001321003,34.24042272126816,67.17305151915455,-0.13300562172299957,-0.9032492487568731,-0.6593324275676622,0.24102689975279348,-0.6669071172567697,1.3455549486773646,-0.21937679202859853,0.06428225146168544,0.24787178004971747,-0.7279757974227823,1.3971196941645543,1.2093560809793518,0.6039194857174753,0.38105043879045547,0.6565406589747059,-0.7409179713822384,-0.7002017234738945,0.018834380184338886,0.92,0.10937912813738442,0.0,0.03281373844121532,0.10937912813738442,0.03281373844121532,0.4416,0.1104,2.7344782034346107,2.7344782034346107,3.5001321003963013,0.9844121532364597,0.04375165125495376,31.50118890356671,61.79920739762219,1.6799724312216415,1.5507437826661306,3.876859456665326
Tariq Lamptey,Brighton,Premier League,DF,23.0,860,2,2,0.4,0.8,0.4,0.63,0.21,32,14,45,5,0.8,81.1,11,7,23,292,535,0.20930232558139533,0.20930232558139533,0.04186046511627907,0.08372093023255814,0.04186046511627907,3.3488372093023253,1.4651162790697674,4.709302325581396,0.5232558139534884,0.08372093023255814,1.1511627906976745,0.7325581395348837,2.4069767441860463,30.55813953488372,55.98837209302326,0.48394082395095306,1.0992700137984666,-0.6190852566621453,-0.16044533461727203,-0.6187164951775944,1.0858314791450359,-1.014881350033124,0.40546845583871477,-0.5495919291263529,-0.03484998930499501,0.35468794138269627,0.04171031678961898,0.1565741792572556,-0.003872804328886929,0.10593330146989656,-0.5836104805158564,-0.4855560038468103,0.17544967068383327,1.0,0.20930232558139533,0.20930232558139533,0.04186046511627907,0.08372093023255814,0.04186046511627907,0.63,0.21,3.3488372093023253,1.4651162790697674,4.709302325581396,0.5232558139534884,0.08372093023255814,30.55813953488372,55.98837209302326,1.1511627906976745,0.7325581395348837,2.4069767441860463
Hugo Larsson,Eint Frankfurt,Bundesliga,MF,20.0,2393,3,1,3.1,2.1,3.1,0.79,0.38,16,121,33,21,1.9,86.9,27,30,35,803,1478,0.11282908483075636,0.03760969494358546,0.11659005432511492,0.07898035938152947,0.11659005432511492,0.6017551190973673,4.55077308817384,1.24111993313832,0.7898035938152945,0.07145842039281237,1.0154617634768075,1.1282908483075638,1.316339323025491,30.20058503969912,55.58712912661931,-0.16546201844281505,-0.5629684702837352,-0.14356464147286155,-0.22652474692378052,-0.09607006121205738,-0.7230995672729038,0.6146611960934036,-0.7511684736106934,-0.16691627303103504,-0.4501861087278312,0.3063557619418371,0.6546678984200675,-0.5684636406302286,0.0003457002484453528,-0.03367750335406646,-0.4255090892200187,-0.07576239415199294,1.163132478593301,0.92,0.10380275804429585,0.03460091934809862,0.10726284997910573,0.07266193063100712,0.10726284997910573,0.7268000000000001,0.3496,0.5536147095695779,4.186711241119933,1.1418303384872546,0.726619306310071,0.06574174676138739,27.784538236523193,51.140158796489764,1.103762786387834,1.2264030959864822,1.4308036119842291
Roméo Lavia,Chelsea,Premier League,MF,20.0,797,0,1,0.3,0.7,0.3,0.23,0.0,3,31,7,7,0.4,91.7,13,16,10,295,493,0.0,0.11292346298619824,0.03387703889585947,0.07904642409033877,0.03387703889585947,0.33877038895859474,3.5006273525721454,0.7904642409033876,0.7904642409033876,0.04516938519447931,1.468005018820577,1.8067754077791718,1.1292346298619824,33.31242158092848,55.67126725219574,-0.7900177606680123,0.18266799901478725,-0.6737794414530833,-0.215119457348568,-0.6779450621370051,-0.9252440088229007,0.07726957166001543,-0.8139430602059802,-0.15440458577877816,-0.5635748541077702,0.9131987457682121,2.2782216800779023,-0.5806039806072864,0.26962194755122976,0.0853958722308887,-0.9983276675754126,-1.0114958240605274,1.4786282538831317,1.0,0.0,0.11292346298619824,0.03387703889585947,0.07904642409033877,0.03387703889585947,0.23,0.0,0.33877038895859474,3.5006273525721454,0.7904642409033876,0.7904642409033876,0.04516938519447931,33.31242158092848,55.67126725219574,1.468005018820577,1.8067754077791718,1.1292346298619824
Diogo Leite,Union Berlin,Bundesliga,DF,25.0,2546,1,2,1.4,1.0,1.4,0.64,0.28,20,116,16,13,2.4,78.6,32,57,162,853,1803,0.03534956794972506,0.07069913589945012,0.04948939512961508,0.03534956794972506,0.04948939512961508,0.7069913589945012,4.1005498821681075,0.565593087195601,0.4595443833464258,0.08483896307934014,1.131186174391202,2.014925373134328,5.7266300078554595,30.153181461115476,63.735271013354286,-0.5803429219563371,-0.2635855387127106,-0.5712351550082567,-0.7376660590052166,-0.569403571922637,-0.6312636363969661,0.37677720129181513,-0.966064699364777,-0.6557916255910144,-0.2946788876035404,0.5444711141119465,2.3028465808191583,1.7291795100887848,-0.00412150076633222,0.4517387914313901,-0.5781262902662541,-0.31593136696810886,0.16337729787810118,0.92,0.032521602513747055,0.06504320502749411,0.045530243519245873,0.032521602513747055,0.045530243519245873,0.5888,0.25760000000000005,0.6504320502749411,3.772505891594659,0.5203456402199529,0.42278083267871175,0.07805184603299292,27.74092694422624,58.63644933228595,1.2295501895556542,2.190136275146009,6.2245978346254995
Maxim Leitsch,Mainz 05,Bundesliga,DF,26.0,674,1,0,1.2,0.2,1.2,0.8,0.13,4,25,5,2,0.2,78.1,4,10,42,173,473,0.13353115727002968,0.0,0.1602373887240356,0.026706231454005937,0.1602373887240356,0.5341246290801187,3.3382789317507418,0.6676557863501484,0.26706231454005935,0.026706231454005937,0.5341246290801187,1.3353115727002969,5.6083086053412465,23.100890207715132,63.160237388724035,-0.05460827458950452,-0.9032492487568731,0.1346245468397537,-0.8389240516338533,0.21182178771906804,-0.7821182951598074,-0.025983154877337183,-0.933596872260173,-0.9407185444060666,-0.9702912123952627,-0.684046871035943,1.0395019368031173,1.6675372330830163,-0.6687127317449771,0.4174818166112183,-0.41533460915026965,-0.6761848261922829,0.1031510821723663,0.92,0.12284866468842731,0.0,0.14741839762611275,0.024569732937685464,0.14741839762611275,0.7360000000000001,0.11960000000000001,0.49139465875370925,3.0712166172106827,0.6142433234421366,0.24569732937685462,0.024569732937685464,21.25281899109792,58.10741839762611,0.580570249000129,1.4514256225003226,6.095987614501355
Mario Lemina,Wolves,Premier League,"MF,DF",30.0,1364,1,3,1.4,1.1,1.4,1.19,0.33,8,48,21,10,1.2,80.4,31,27,50,382,809,0.06598240469208211,0.19794721407624635,0.09237536656891496,0.07258064516129033,0.09237536656891496,0.5278592375366569,3.1671554252199416,1.3856304985337244,0.6598240469208212,0.07917888563049853,2.0454545454545454,1.781524926686217,3.2991202346041058,25.205278592375365,53.37976539589443,-0.3884032508541156,0.9912783047924343,-0.27300936412370674,-0.2907447276904701,-0.2439494289419371,-0.7989106178651555,-0.10165437405443242,-0.6287472004042635,-0.34761462703268753,-0.09714300287371436,1.9310927352249179,2.225650389741833,0.6712857859490541,-0.5354012937304761,-0.06301421542980816,-0.0030064186324776877,-0.18501896372468615,0.08939070764237163,1.0,0.06598240469208211,0.19794721407624635,0.09237536656891496,0.07258064516129033,0.09237536656891496,1.19,0.33,0.5278592375366569,3.1671554252199416,1.3856304985337244,0.6598240469208212,0.07917888563049853,25.205278592375365,53.37976539589443,2.0454545454545454,1.781524926686217,3.2991202346041058
Bernd Leno,Fulham,Premier League,GK,32.0,3420,0,1,0.0,0.1,0.0,0.0,0.0,0,0,0,2,0.1,81.8,2,0,11,955,1479,0.0,0.026315789473684213,0.0,0.002631578947368421,0.0,0.0,0.0,0.0,0.052631578947368425,0.002631578947368421,0.052631578947368425,0.0,0.2894736842105263,25.13157894736842,38.921052631578945,-0.7900177606680123,-0.6410060504572749,-0.9058698966514711,-1.1088854498895766,-0.9292768100897674,-1.1515821155650607,-1.8009876578806308,-1.0599091291149787,-1.245620655727572,-1.146970301288819,-1.5817381289429644,-1.4834695995757803,-1.0650940993108813,-0.5427195225058377,-0.9994388676342987,-1.2367900501346574,-1.0114958240605274,0.26150863372529665,1.0,0.0,0.026315789473684213,0.0,0.002631578947368421,0.0,0.0,0.0,0.0,0.0,0.0,0.052631578947368425,0.002631578947368421,25.13157894736842,38.921052631578945,0.052631578947368425,0.0,0.2894736842105263
Jefferson Lerma,Crystal Palace,Premier League,"MF,DF",29.0,2274,0,1,1.1,1.6,1.1,1.03,0.32,13,97,26,10,1.7,75.3,17,42,80,649,1406,0.0,0.0395778364116095,0.04353562005277045,0.0633245382585752,0.04353562005277045,0.5145118733509235,3.839050131926121,1.029023746701847,0.395778364116095,0.06728232189973614,0.6728232189973614,1.662269129287599,3.16622691292876,25.68601583113457,55.64643799472295,-0.7900177606680123,-0.514878613214995,-0.6076088264778758,-0.39900632996804675,-0.6062886197787344,-0.8078282129037414,0.25884989082646215,-0.7397113102977737,-0.7381244365513858,-0.2603014195844341,-0.48850086126685105,1.9773608175066566,0.5946145600164701,-0.48766503809798223,0.08378779486103907,-0.1688932934563001,-0.21006371706819651,-0.5376103088025744,1.0,0.0,0.0395778364116095,0.04353562005277045,0.0633245382585752,0.04353562005277045,1.03,0.32,0.5145118733509235,3.839050131926121,1.029023746701847,0.395778364116095,0.06728232189973614,25.68601583113457,55.64643799472295,0.6728232189973614,1.662269129287599,3.16622691292876
Jamie Leweling,Stuttgart,Bundesliga,"MF,FW",23.0,1663,2,2,1.6,3.8,1.6,1.57,0.87,55,51,164,25,3.3,70.5,6,11,17,540,801,0.10823812387251955,0.10823812387251955,0.08659049909801564,0.20565243535778713,0.08659049909801564,2.9765484064942878,2.7600721587492485,8.875526157546602,1.3529765484064944,0.17859290438965725,0.3247143716175587,0.5953096812988575,0.9200240529164162,29.224293445580276,43.349368610944076,-0.19004531615843243,0.0760555051652181,-0.3347688016648891,1.2574577570329668,-0.30768936518979156,1.3492982340852986,-0.33148970173707215,1.6774619995562272,0.6667361066774509,0.794919286713903,-1.114930872170473,-0.3360990669827012,-0.7749332660958747,-0.09165770814974059,-0.7627281812345911,0.36810035622040493,1.1010655726469754,-0.8122873965548028,0.92,0.09957907396271799,0.09957907396271799,0.07966325917017439,0.18920024052916418,0.07966325917017439,1.4444000000000001,0.8004,2.738424533974745,2.5392663860493085,8.165484064942875,1.244738424533975,0.16430547203848467,26.886349969933857,39.88141912206855,0.35295040393212895,0.6470757405422364,1.0000261444743654
Rico Lewis,Manchester City,Premier League,"DF,MF",19.0,1893,1,2,1.4,0.3,1.4,0.48,0.1,39,107,78,7,1.0,91.5,19,13,45,865,1477,0.04754358161648178,0.09508716323296355,0.06656101426307448,0.014263074484944533,0.06656101426307448,1.8541996830427894,5.08716323296355,3.7083993660855787,0.33280507131537246,0.04754358161648178,0.9033280507131538,0.618066561014263,2.13946117274168,41.12519809825674,70.22187004754358,-0.5006346696029541,0.013037565018409391,-0.4498626244021998,-0.9728407437277351,-0.43546458194098747,0.08723939735386177,0.9285234147979435,0.09402088671754764,-0.8312586560362848,-0.5310133398805561,-0.08218053035945272,-0.19666019160919937,0.002234242832139504,1.045415181279759,1.0277718211900182,-0.73912942566319,-0.7610482906254241,1.4540399787284277,1.0,0.04754358161648178,0.09508716323296355,0.06656101426307448,0.014263074484944533,0.06656101426307448,0.48,0.1,1.8541996830427894,5.08716323296355,3.7083993660855787,0.33280507131537246,0.04754358161648178,41.12519809825674,70.22187004754358,0.9033280507131538,0.618066561014263,2.13946117274168
Keane Lewis-Potter,Brentford,Premier League,"DF,FW",23.0,3093,1,3,3.1,3.2,3.1,0.81,0.41,98,98,156,26,4.9,77.1,27,21,76,868,1613,0.02909796314258002,0.08729388942774007,0.09020368574199805,0.09311348205625607,0.09020368574199805,2.851600387972842,2.851600387972842,4.539282250242483,0.7565470417070804,0.1425800193986421,0.7856450048496605,0.6110572259941804,2.2114451988360817,25.25703200775946,46.93501454898158,-0.61290744984158,-0.061079624988610866,-0.2878874764998849,-0.05058784046814596,-0.26006100055545367,0.7536193248060087,-0.2709650347826704,0.352563887355097,-0.20456635648779958,0.7723877992457246,-0.28962526712055675,-0.2112535684659418,0.043764573014599004,-0.5302622820886772,-0.48041123193736157,-0.396987746339056,0.015339063023396484,-0.31631583241024125,1.0,0.02909796314258002,0.08729388942774007,0.09020368574199805,0.09311348205625607,0.09020368574199805,0.81,0.41,2.851600387972842,2.851600387972842,4.539282250242483,0.7565470417070804,0.1425800193986421,25.25703200775946,46.93501454898158,0.7856450048496605,0.6110572259941804,2.2114451988360817
Myles Lewis-Skelly,Arsenal,Premier League,DF,17.0,1369,1,0,0.2,0.4,0.2,0.2,0.07,37,71,37,8,0.5,91.2,14,7,27,526,905,0.06574141709276844,0.0,0.01314828341855369,0.02629656683710738,0.01314828341855369,2.4324324324324325,4.66764061358656,2.4324324324324325,0.5259313367421475,0.03287070854638422,0.9203798392987583,0.46018991964937916,1.7750182615047478,34.5799853907962,59.49598246895545,-0.3898700679096813,-0.891279865718134,-0.8157914487366354,-0.8320941883203025,-0.831730473046499,0.4735662724845027,0.7034290778581133,-0.30301740355331125,-0.5456349703021676,-0.7322481496033006,-0.052122642509151565,-0.5253580377976623,-0.20802677280593485,0.39548852326006867,0.3331051721538263,-1.0294314566048794,-0.836182550655955,1.4171575659963724,1.0,0.06574141709276844,0.0,0.01314828341855369,0.02629656683710738,0.01314828341855369,0.2,0.07,2.4324324324324325,4.66764061358656,2.4324324324324325,0.5259313367421475,0.03287070854638422,34.5799853907962,59.49598246895545,0.9203798392987583,0.46018991964937916,1.7750182615047478
Philipp Lienhart,Freiburg,Bundesliga,DF,28.0,2770,1,0,0.5,0.8,0.5,0.26,0.03,44,138,9,6,1.0,86.2,13,36,124,1444,2520,0.032490974729241874,0.0,0.016245487364620937,0.025992779783393503,0.016245487364620937,1.4296028880866427,4.483754512635379,0.2924187725631769,0.19494584837545126,0.032490974729241874,0.4223826714801444,1.1696750902527075,4.028880866425992,46.91696750902527,81.87725631768953,-0.59564988030912,-0.9032492487568731,-0.7831174118480205,-0.8472822457223912,-0.8039088027326302,-0.0006662062652100095,0.579250656915647,-1.052965952127786,-1.0474709428374374,-0.903061551183158,-0.913967899588664,0.7315977082247999,0.8446977456866973,1.5756580070739328,1.5325269525726803,-0.9647565329167168,-0.9163537990083989,1.078815776605272,0.92,0.029891696750902527,0.0,0.014945848375451263,0.023913357400722025,0.014945848375451263,0.23920000000000002,0.0276,1.3152346570397113,4.125054151624549,0.26902527075812277,0.17935018050541515,0.029891696750902527,43.16361010830325,75.32707581227437,0.45911159943493957,1.2713859676659864,4.379218333071731
Matthijs de Ligt,Manchester Utd,Premier League,DF,24.0,2123,2,0,2.5,0.3,2.5,0.76,0.38,7,55,6,6,0.3,89.9,22,33,96,1078,1608,0.08478568064060292,0.0,0.10598210080075365,0.012717852096090436,0.10598210080075365,0.29674988224211024,2.33160621761658,0.25435704192180875,0.25435704192180875,0.012717852096090436,0.9326424870466321,1.3989637305699483,4.06971267074894,45.69948186528498,68.16768723504474,-0.2739535200781346,-0.891279865718134,-0.17979008509111968,-0.9909140280416249,-0.14300187242941434,-0.953318605200088,-0.5499672567909643,-0.9807617136299621,-0.9472792047920604,-1.008639570272606,-0.03050676984553499,1.4291611807519256,1.1158699533757448,1.4996324992516683,0.8947318018526028,-0.44882739472150057,-0.05979519700713447,1.2573337774907987,1.0,0.08478568064060292,0.0,0.10598210080075365,0.012717852096090436,0.10598210080075365,0.76,0.38,0.29674988224211024,2.33160621761658,0.25435704192180875,0.25435704192180875,0.012717852096090436,45.69948186528498,68.16768723504474,0.9326424870466321,1.3989637305699483,4.06971267074894
Victor Lindelöf,Manchester Utd,Premier League,DF,30.0,704,0,0,0.0,0.1,0.0,0.0,0.0,5,26,4,3,0.1,93.8,2,8,36,263,452,0.0,0.0,0.0,0.012784090909090912,0.0,0.6392045454545454,3.3238636363636367,0.5113636363636364,0.38352272727272724,0.012784090909090912,0.2556818181818182,1.0227272727272727,4.6022727272727275,33.62215909090909,57.784090909090914,-0.7900177606680123,-0.891279865718134,-0.9058698966514711,-0.9901392833132238,-0.9292768100897674,-0.7245189738190817,-0.017572779281781983,-0.90078984590031,-0.7562498849904475,-1.007731121404635,-1.2238131354300605,0.6458400239213681,1.4231241622528203,0.3003782688080749,0.22223379067688462,-1.2367900501346574,-1.0114958240605274,1.7368051430075202,1.0,0.0,0.0,0.0,0.012784090909090912,0.0,0.0,0.0,0.6392045454545454,3.3238636363636367,0.5113636363636364,0.38352272727272724,0.012784090909090912,33.62215909090909,57.784090909090914,0.2556818181818182,1.0227272727272727,4.6022727272727275
Jesper Lindstrøm,Everton,Premier League,FW,24.0,1239,0,1,2.1,2.0,2.1,2.03,0.73,30,25,81,19,2.0,69.4,25,12,17,302,625,0.0,0.07263922518159806,0.15254237288135594,0.14527845036319612,0.15254237288135594,2.179176755447942,1.8159806295399514,5.883777239709444,1.3801452784503632,0.14527845036319612,1.8159806295399514,0.8716707021791767,1.234866828087167,21.937046004842614,45.39951573849879,-0.7900177606680123,-0.20045141681406764,0.13919277449607204,0.5595458918909461,0.20242603238679502,0.30436196089580736,-0.8266255214387194,0.7709258196407255,0.717702949565996,0.8093961096909795,1.5265896419275193,0.3313415081021767,-0.5196607365542546,-0.859930316419845,-0.5798584623378076,0.8678996741925903,0.8167711700157274,-1.2629644258663333,1.0,0.0,0.07263922518159806,0.15254237288135594,0.14527845036319612,0.15254237288135594,2.03,0.73,2.179176755447942,1.8159806295399514,5.883777239709444,1.3801452784503632,0.14527845036319612,21.937046004842614,45.39951573849879,1.8159806295399514,0.8716707021791767,1.234866828087167
Valentino Livramento,Newcastle Utd,Premier League,DF,21.0,2840,0,1,0.3,2.6,0.3,0.19,0.06,83,158,119,25,2.7,85.4,36,23,108,1023,1964,0.0,0.03169014084507042,0.009507042253521126,0.0823943661971831,0.009507042253521126,2.630281690140845,5.007042253521127,3.77112676056338,0.7922535211267606,0.08556338028169015,1.1408450704225352,0.7288732394366196,3.4225352112676055,32.41901408450705,62.239436619718305,-0.7900177606680123,-0.5898937924110431,-0.8407374696116419,-0.1759611394262444,-0.8587446258931647,0.6057526378505059,0.8855346034453055,0.11353955667657815,-0.15175833354021495,-0.009581244507063155,0.33650047222988666,0.034038385620778835,0.7424885931326091,0.18090835269172756,0.5107861414658064,-1.0397993862813684,-0.8612273039994655,0.7040975865099648,1.0,0.0,0.03169014084507042,0.009507042253521126,0.0823943661971831,0.009507042253521126,0.19,0.06,2.630281690140845,5.007042253521127,3.77112676056338,0.7922535211267606,0.08556338028169015,32.41901408450705,62.239436619718305,1.1408450704225352,0.7288732394366196,3.4225352112676055
Sean Longstaff,Newcastle Utd,Premier League,MF,26.0,798,0,0,0.6,0.2,0.6,0.68,0.11,4,40,22,4,0.2,84.5,16,7,8,248,434,0.0,0.0,0.06766917293233082,0.022556390977443608,0.06766917293233082,0.45112781954887216,4.511278195488721,2.481203007518797,0.45112781954887216,0.022556390977443608,1.8045112781954886,0.7894736842105263,0.9022556390977443,27.969924812030072,48.94736842105264,-0.7900177606680123,-0.891279865718134,-0.4422706665935385,-0.8758401644226675,-0.4272432183144503,-0.8501761488591266,0.6195330179119067,-0.28784162960721266,-0.6562654753730567,-0.8737064532013652,1.5063721454052716,0.16020800452728168,-0.7115568175402754,-0.2608773999387801,-0.3500802816319306,-0.5317708321334118,-0.7360035372819137,0.5934503483137973,1.0,0.0,0.0,0.06766917293233082,0.022556390977443608,0.06766917293233082,0.68,0.11,0.45112781954887216,4.511278195488721,2.481203007518797,0.45112781954887216,0.022556390977443608,27.969924812030072,48.94736842105264,1.8045112781954886,0.7894736842105263,0.9022556390977443
Anthony Losilla,Bochum,Bundesliga,MF,38.0,1137,0,0,0.1,0.4,0.1,0.4,0.0,3,45,11,7,0.7,76.6,16,18,27,223,547,0.0,0.0,0.0079155672823219,0.0316622691292876,0.0079155672823219,0.23746701846965698,3.562005277044855,0.8707124010554089,0.554089709762533,0.055408970976253295,1.266490765171504,1.424802110817942,2.1372031662269126,17.651715039577837,43.298153034300796,-0.7696298623010193,-0.9032492487568731,-0.8362087114271541,-0.7808633216553934,-0.862668736893718,-1.0410008611700854,0.09222691526339563,-0.8690012157342415,-0.5158382849439723,-0.6367110754511078,0.8228747804543664,1.2058572873696258,-0.140815596139178,-1.182230098326298,-0.765779291020732,-0.8223138119402306,-0.9884044908532337,-0.07752756494483824,0.92,0.0,0.0,0.007282321899736149,0.029129287598944596,0.007282321899736149,0.36800000000000005,0.0,0.21846965699208443,3.2770448548812667,0.8010554089709763,0.5097625329815304,0.050976253298153036,16.239577836411613,39.834300791556736,1.3766203969255477,1.5486979465412414,2.3230469198118615
Castello Lukeba,RB Leipzig,Bundesliga,DF,21.0,1577,0,0,0.4,0.2,0.4,0.23,0.06,18,80,23,4,0.5,85.1,17,17,74,806,1445,0.0,0.0,0.022828154724159798,0.011414077362079899,0.022828154724159798,1.0272669625871909,4.56563094483196,1.3126188966391883,0.22828154724159797,0.028535193405199746,0.9701965757767914,0.9701965757767914,4.223208623969563,45.998731769181994,82.46670894102726,-0.7696298623010193,-0.9032492487568731,-0.7411623436886383,-1.0180739467100361,-0.7574741314717637,-0.3517704863040146,0.6225116272770372,-0.728423474660691,-0.9981248503760525,-0.9490352142466544,0.21321779714192504,0.36078400094210467,0.9459372949641127,1.4891256449318007,1.5676429228576338,-0.995279973125964,-0.8443031071635642,0.9463181020526543,0.92,0.0,0.0,0.021001902346227015,0.010500951173113508,0.021001902346227015,0.2116,0.0552,0.9450856055802156,4.200380469245403,1.2076093849080534,0.21001902346227014,0.026252377932783767,42.31883322764744,75.86937222574508,1.054561495409556,1.054561495409556,4.590444156488655
Saša Lukić,Fulham,Premier League,MF,27.0,2344,0,2,1.2,2.7,1.2,0.69,0.08,39,98,33,26,1.4,87.3,39,28,35,825,1493,0.0,0.07679180887372014,0.04607508532423208,0.10366894197952219,0.04607508532423208,1.4974402730375427,3.7627986348122864,1.2670648464163823,0.9982935153583617,0.05375426621160409,1.4974402730375427,1.075085324232082,1.3438566552901023,31.676621160409557,57.32508532423208,-0.7900177606680123,-0.16095866418900573,-0.590211035229773,0.0728713001922033,-0.5874484771232973,-0.1511174722393269,0.21793724537960407,-0.665640871047233,0.15296408436093498,-0.44583534326212626,0.9650854769258803,0.7548490490150789,-0.4567803482812913,0.10719020575569738,0.19250609968753368,-0.521402902456923,-0.8111377973124447,0.9376862004796491,1.0,0.0,0.07679180887372014,0.04607508532423208,0.10366894197952219,0.04607508532423208,0.69,0.08,1.4974402730375427,3.7627986348122864,1.2670648464163823,0.9982935153583617,0.05375426621160409,31.676621160409557,57.32508532423208,1.4974402730375427,1.075085324232082,1.3438566552901023
Senne Lynen,Werder Bremen,Bundesliga,MF,25.0,2733,0,1,1.1,0.6,1.1,0.79,0.1,9,91,28,8,1.1,82.9,39,65,75,849,1717,0.0,0.03293084522502744,0.03622392974753019,0.019758507135016465,0.03622392974753019,0.29637760702524696,2.996706915477497,0.9220636663007684,0.26344676180021953,0.03622392974753019,1.2843029637760703,2.140504939626784,2.469813391877058,27.958287596048297,56.54226125137212,-0.7696298623010193,-0.6053012418464381,-0.6557834807663252,-0.9203176914888413,-0.6629792442899959,-0.9895916817491919,-0.20645922687811724,-0.8526655317341119,-0.9460705665885184,-0.8596775513652378,0.8595252840960546,2.536288386481108,0.03246540990716737,-0.21096310206139213,0.023223407733755964,-0.4255090892200187,-0.7482355180371177,0.6813227529474223,0.92,0.0,0.03029637760702525,0.03332601536772778,0.018177826564215148,0.03332601536772778,0.7268000000000001,0.09200000000000001,0.27266739846322724,2.7569703622392976,0.848298572996707,0.242371020856202,0.03332601536772778,25.721624588364435,52.018880351262354,1.3959814823652938,2.3266358039421564,2.684579773779411
Ian Maatsen,Aston Villa,Premier League,DF,22.0,1139,1,2,0.9,2.7,0.9,1.5,0.4,31,50,104,19,2.4,81.5,17,15,39,505,917,0.07901668129938542,0.15803336259877085,0.07111501316944688,0.2133450395083407,0.07111501316944688,2.449517120280948,3.9508340649692713,8.217734855136083,1.5013169446883232,0.189640035118525,1.3432835820895521,1.1852502194907815,3.0816505706760315,39.90342405618964,72.45829675153644,-0.30906763653618163,0.6116814129335575,-0.41866333091016705,1.3556687197573014,-0.4016787333952507,0.4849808353505224,0.31882742034856726,1.4971754713778183,0.8969095315446282,1.4178042261239434,0.6933471484434337,0.984211439068852,0.5458192423612148,0.9240954388196299,1.1726149432994777,0.31839940133867844,-0.009705690320113742,0.22462622099324142,1.0,0.07901668129938542,0.15803336259877085,0.07111501316944688,0.2133450395083407,0.07111501316944688,1.5,0.4,2.449517120280948,3.9508340649692713,8.217734855136083,1.5013169446883232,0.189640035118525,39.90342405618964,72.45829675153644,1.3432835820895521,1.1852502194907815,3.0816505706760315
Alexis Mac Allister,Liverpool,Premier League,MF,25.0,2599,5,5,2.8,4.7,2.8,1.32,0.45,36,177,80,45,5.6,83.5,58,22,29,914,1860,0.17314351673720663,0.17314351673720663,0.0969603693728357,0.16275490573297424,0.0969603693728357,1.2466333205078877,6.129280492497115,2.770296267795306,1.5582916506348594,0.1939207387456714,2.008464794151597,0.7618314736437091,1.0042323970757985,31.650634859561368,64.40938822624086,0.26385332703140124,0.7553850980989848,-0.2415976639713091,0.7639546222946261,-0.2099335643139764,-0.318685750470017,1.4876701275463877,-0.1978854632194282,0.9811721535660607,1.47651301313334,1.865889381882079,0.10265715344094886,-0.6527225363872418,0.10460981755145973,0.6513239757503001,0.13177666716187822,0.11551807639743794,0.4705089725402787,1.0,0.17314351673720663,0.17314351673720663,0.0969603693728357,0.16275490573297424,0.0969603693728357,1.32,0.45,1.2466333205078877,6.129280492497115,2.770296267795306,1.5582916506348594,0.1939207387456714,31.650634859561368,64.40938822624086,2.008464794151597,0.7618314736437091,1.0042323970757985
Shuto Machino,Holstein Kiel,Bundesliga,"FW,MF",24.0,1953,11,2,6.5,3.0,4.9,2.26,0.97,30,59,108,27,2.6,64.2,5,7,28,449,899,0.5069124423963134,0.09216589861751152,0.2995391705069124,0.1382488479262673,0.22580645161290322,1.3824884792626728,2.71889400921659,4.976958525345623,1.2442396313364057,0.11981566820276497,0.2304147465437788,0.3225806451612903,1.2903225806451613,20.691244239631338,41.42857142857142,1.9447429238193958,-0.06936097135163108,1.0224737165163753,0.4678145489194254,0.6743512934392139,-0.041781278375807265,-0.35324696031170294,0.43726336786770276,0.5057752705104432,0.11181659955662884,-1.3089624360948946,-0.8430793061302987,-0.5820176655700814,-0.8957920627892514,-0.8771574909180153,1.070139481033087,1.3412345454630914,-1.5711377144470615,0.92,0.46635944700460835,0.08479262672811061,0.27557603686635945,0.12718894009216591,0.20774193548387096,2.0791999999999997,0.8924,1.271889400921659,2.501382488479263,4.578801843317973,1.1447004608294933,0.11023041474654378,19.03594470046083,38.114285714285714,0.25045081146062914,0.3506311360448808,1.402524544179523
James Maddison,Tottenham,Premier League,MF,27.0,1809,9,7,5.8,4.2,5.8,1.94,0.85,45,164,95,41,5.9,81.3,19,12,19,1026,1464,0.44776119402985076,0.3482587064676617,0.2885572139303483,0.208955223880597,0.2885572139303483,2.238805970149254,8.159203980099504,4.72636815920398,2.039800995024876,0.2935323383084577,0.945273631840796,0.5970149253731344,0.945273631840796,51.04477611940298,72.83582089552239,1.9353662760790282,2.4208014705698533,1.0710258803893762,1.304324404208907,1.2115120936995065,0.3442012266696123,2.576823037010484,0.41077877323397693,1.6932993898908386,2.842661359706766,-0.008241332308711637,-0.24048952085107664,-0.6867380967859981,2.030409631483121,1.197065454281572,0.7745883071041902,1.1173082101378515,0.20003794583853735,1.0,0.44776119402985076,0.3482587064676617,0.2885572139303483,0.208955223880597,0.2885572139303483,1.94,0.85,2.238805970149254,8.159203980099504,4.72636815920398,2.039800995024876,0.2935323383084577,51.04477611940298,72.83582089552239,0.945273631840796,0.5970149253731344,0.945273631840796
Noni Madueke,Chelsea,Premier League,FW,22.0,2033,7,3,9.6,4.2,9.6,3.54,1.33,154,69,226,32,3.2,77.4,18,10,11,641,980,0.3098868666994589,0.13280865715691095,0.4249877029021151,0.18593212001967535,0.4249877029021151,6.817511067388096,3.0545991146089526,10.00491883915396,1.4166256763403835,0.1416625676340384,0.7968519429414658,0.4426955238563699,0.4869650762420069,28.37678307919331,43.38416133792425,1.096167846662576,0.37178424868246346,2.0057065762357325,1.0350407691360126,2.2236818223682997,3.4033099233461104,-0.16204632179493553,2.05328743219671,0.7716555576142545,0.7598051761699433,-0.2698703372129028,-0.5617812234432222,-0.9511537827675307,-0.2204771798567532,-0.7103837431418178,2.4334570553424153,2.319456370626348,-0.27943341967818425,1.0,0.3098868666994589,0.13280865715691095,0.4249877029021151,0.18593212001967535,0.4249877029021151,3.54,1.33,6.817511067388096,3.0545991146089526,10.00491883915396,1.4166256763403835,0.1416625676340384,28.37678307919331,43.38416133792425,0.7968519429414658,0.4426955238563699,0.4869650762420069
Gabriel Magalhães,Arsenal,Premier League,DF,26.0,2363,3,1,2.6,0.9,2.6,0.84,0.19,10,126,11,13,1.2,90.2,15,16,93,1116,1873,0.11426153195090986,0.03808717731696996,0.09902666102412187,0.03427845958527296,0.09902666102412187,0.38087177316969956,4.798984341938214,0.4189589504866695,0.4951333051206094,0.04570461278036394,0.5713076597545493,0.6093948370715193,3.5421074904782057,42.50528988573847,71.33728311468472,-0.09454312073637224,-0.5290553848920069,-0.2274415692962739,-0.7387360943390525,-0.19460386876135158,-0.8971153768522641,0.7739013910993531,-0.929543097670375,-0.5911836546598368,-0.5562343407066588,-0.6674465055587968,-0.2147146482918255,0.8114744015920176,1.182455562286174,1.1000120206108026,-0.3658839573095894,-0.535645510533831,1.2942161902228537,1.0,0.11426153195090986,0.03808717731696996,0.09902666102412187,0.03427845958527296,0.09902666102412187,0.84,0.19,0.38087177316969956,4.798984341938214,0.4189589504866695,0.4951333051206094,0.04570461278036394,42.50528988573847,71.33728311468472,0.5713076597545493,0.6093948370715193,3.5421074904782057
Harry Maguire,Manchester Utd,Premier League,DF,31.0,1758,1,0,1.8,0.6,1.8,0.77,0.31,7,51,7,9,0.3,85.5,15,40,78,782,1328,0.051194539249146756,0.0,0.09215017064846416,0.030716723549488054,0.09215017064846416,0.35836177474402725,2.6109215017064846,0.35836177474402725,0.4607508532423208,0.015358361774744027,0.7679180887372014,2.04778156996587,3.993174061433447,40.034129692832764,67.98634812286689,-0.4784124185825998,-0.891279865718134,-0.2745521738080748,-0.7803949963133532,-0.245620144156827,-0.9121546795554833,-0.40010099031230445,-0.94839891471198,-0.6420335098483646,-0.9724256358770441,-0.3208732299817561,2.779994492978237,1.0717119104175739,0.9370742496550625,0.8829872974959416,-0.43845946504501165,-0.23510847041170688,0.7163917240873159,1.0,0.051194539249146756,0.0,0.09215017064846416,0.030716723549488054,0.09215017064846416,0.77,0.31,0.35836177474402725,2.6109215017064846,0.35836177474402725,0.4607508532423208,0.015358361774744027,40.034129692832764,67.98634812286689,0.7679180887372014,2.04778156996587,3.993174061433447
Arne Maier,Augsburg,Bundesliga,MF,25.0,938,0,0,1.5,1.5,1.5,1.73,0.58,19,44,56,25,2.6,76.5,7,6,14,390,699,0.0,0.0,0.1439232409381663,0.1439232409381663,0.1439232409381663,1.8230277185501067,4.221748400852879,5.3731343283582085,2.3987206823027716,0.2494669509594883,0.6716417910447761,0.5756929637526652,1.3432835820895521,37.42004264392324,67.06823027718549,-0.7696298623010193,-0.9032492487568731,0.030645241045646508,0.5342909201743724,0.09674046156937466,0.3426616774622685,0.4408147440132386,0.5632934217639133,2.2147278535851838,1.6186097968906656,-0.40109060284745346,-0.3725648877611054,-0.55442640437669,0.6806902923519038,0.6502960525848409,0.5308920373363891,0.40457555148023894,-0.08957280808598453,0.92,0.0,0.0,0.132409381663113,0.132409381663113,0.132409381663113,1.5916000000000001,0.5336,1.6771855010660983,3.8840085287846486,4.943283582089552,2.20682302771855,0.22950959488272923,34.42643923240938,61.70277185501065,0.7300454250486695,0.6257532214702882,1.460090850097339
Patrick Mainka,Heidenheim,Bundesliga,DF,29.0,3060,1,1,1.9,0.3,1.9,0.74,0.24,21,102,12,7,0.7,85.4,30,68,206,1171,2136,0.029411764705882353,0.029411764705882353,0.05588235294117647,0.008823529411764706,0.05588235294117647,0.6176470588235294,3.0,0.3529411764705882,0.2058823529411765,0.020588235294117647,0.8823529411764706,2.0,6.0588235294117645,34.44117647058823,62.8235294117647,-0.6121381792560646,-0.6371407837613767,-0.5304892132684782,-1.048422607251838,-0.5243071272520321,-0.7092312356069019,-0.20471926303133517,-1.0337127777330415,-1.031281878745168,-1.0413939026195707,0.03247012408415671,2.2751015729968445,1.9022434244793844,0.3999689968292879,0.39742282145965024,-0.47638148956876386,-0.41199895609455534,0.9824538314760966,0.92,0.027058823529411767,0.027058823529411767,0.05141176470588236,0.00811764705882353,0.05141176470588236,0.6808000000000001,0.2208,0.5682352941176471,2.7600000000000002,0.3247058823529412,0.1894117647058824,0.018941176470588236,31.685882352941174,57.79764705882353,0.959079283887468,2.1739130434782608,6.585677749360613
Kobbie Mainoo,Manchester Utd,Premier League,MF,19.0,1651,0,0,0.7,1.6,0.7,0.82,0.11,22,65,47,14,1.8,86.5,29,19,14,652,1061,0.0,0.0,0.03815869170199879,0.08721986674742581,0.03815869170199879,1.1992731677771047,3.543307086614173,2.5620835857056328,0.7631738340399759,0.09812235009085403,1.5808600847970928,1.0357359176256813,0.7631738340399759,35.54209569957601,57.83767413688674,-0.7900177606680123,-0.891279865718134,-0.6444459819428489,-0.11952095060265147,-0.6461797332013239,-0.3503278527713935,0.1001693296020909,-0.26267429522537267,-0.19476567584742424,0.16266190704116892,1.1121330041558748,0.6729239137417435,-0.7917984155699083,0.49102417130994863,0.22570413110556634,-0.38661981666256723,-0.7360035372819137,0.8393330998608346,1.0,0.0,0.0,0.03815869170199879,0.08721986674742581,0.03815869170199879,0.82,0.11,1.1992731677771047,3.543307086614173,2.5620835857056328,0.7631738340399759,0.09812235009085403,35.54209569957601,57.83767413688674,1.5808600847970928,1.0357359176256813,0.7631738340399759
Jordy Makengo,Freiburg,Bundesliga,DF,22.0,745,0,0,0.0,0.2,0.0,0.0,0.0,9,15,35,2,0.5,79.1,9,7,29,203,393,0.0,0.0,0.0,0.02416107382550336,0.0,1.087248322147651,1.8120805369127515,4.228187919463087,0.24161073825503354,0.060402684563758385,1.087248322147651,0.8456375838926173,3.5033557046979866,24.523489932885905,47.47651006711409,-0.7696298623010193,-0.9032492487568731,-0.8866591058814253,-0.8687409576993844,-0.9185057926831566,-0.29942688303746334,-0.8323791073312192,0.1990670946534189,-0.9783939458335829,-0.5786746757865853,0.4540642839721008,0.1292393572629869,0.5709132324508297,-0.5346503017389465,-0.5168584183416582,-1.2292930147301913,-0.9884044908532337,0.223603513583836,0.92,0.0,0.0,0.0,0.02222818791946309,0.0,0.0,0.0,1.000268456375839,1.6671140939597315,3.8899328859060405,0.22228187919463085,0.055570469798657714,22.561610738255034,43.67838926174497,1.1817916545083162,0.9191712868398014,3.8079953311934633
Donyell Malen,Dortmund,Bundesliga,"FW,MF",25.0,614,3,0,2.9,0.2,2.9,2.79,0.88,23,17,75,1,0.5,71.6,0,3,6,187,278,0.43973941368078173,0.0,0.42508143322475567,0.02931596091205212,0.42508143322475567,3.3713355048859937,2.4918566775244297,10.993485342019543,0.1465798045602606,0.0732899022801303,0.0,0.43973941368078173,0.8794788273615635,27.410423452768732,40.74918566775244,1.585050349999767,-0.9032492487568731,1.8226256764323867,-0.8083506768316047,2.080053231006024,1.6938149206758861,-0.4732064530956814,2.3512197306931264,-1.119066120118077,-0.4289008241539072,-1.7830654199419607,-0.6252910525455603,-0.7960562410759369,-0.26259252182134163,-0.9176311256841984,1.6093869247297854,1.125082469928587,-0.6797897220021868,0.92,0.4045602605863192,0.0,0.39107491856677523,0.02697068403908795,0.39107491856677523,2.5668,0.8096,3.1016286644951143,2.2925081433224754,10.11400651465798,0.13485342019543975,0.06742671009771987,25.217589576547233,37.48925081433225,0.0,0.4779776235660671,0.9559552471321342
Lennard Maloney,Heidenheim,Bundesliga,MF,24.0,760,0,0,0.3,0.0,0.3,0.36,0.0,1,14,0,1,0.1,71.6,11,14,38,147,378,0.0,0.0,0.035526315789473684,0.0,0.035526315789473684,0.11842105263157894,1.657894736842105,0.0,0.11842105263157894,0.011842105263157895,1.3026315789473684,1.657894736842105,4.5,17.407894736842103,44.76315789473684,-0.7696298623010193,-0.9032492487568731,-0.6602297697189007,-1.1517915871101994,-0.6679002699229265,-1.144888049656214,-0.913846107639545,-1.1459891842034466,-1.16074889334714,-1.1430404806821828,0.8972383700544915,1.6391567884380192,1.090138177573043,-1.2052071463962566,-0.6785032910343708,-0.8630117322192267,-0.9884044908532337,-0.6797897220021868,0.92,0.0,0.0,0.03268421052631579,0.0,0.03268421052631579,0.3312,0.0,0.10894736842105263,1.5252631578947367,0.0,0.10894736842105263,0.010894736842105264,16.015263157894736,41.182105263157894,1.415903890160183,1.8020594965675054,4.891304347826087
Orel Mangala,Everton,Premier League,MF,26.0,1261,1,0,1.1,0.6,1.1,1.14,0.43,6,34,19,8,0.6,89.2,8,21,24,298,621,0.07137192704203013,0.0,0.07850911974623315,0.04282315622521808,0.07850911974623315,0.4282315622521808,2.426645519429025,1.3560666137985726,0.570975416336241,0.04282315622521808,0.570975416336241,1.4988104678826328,1.7129262490087231,21.26883425852498,44.32196669310072,-0.3555988935893802,-0.891279865718134,-0.36800655519647074,-0.6387953137345271,-0.3468222940173733,-0.8654735175103397,-0.4989740382215676,-0.6379464938494337,-0.4790171231350042,-0.5957528016671663,-0.6680321646734625,1.6370412523058457,-0.24385002305414308,-0.9262824193299152,-0.6496463823634767,-0.05484606701492226,0.06542856971041722,1.1712748144493352,1.0,0.07137192704203013,0.0,0.07850911974623315,0.04282315622521808,0.07850911974623315,1.14,0.43,0.4282315622521808,2.426645519429025,1.3560666137985726,0.570975416336241,0.04282315622521808,21.26883425852498,44.32196669310072,0.570975416336241,1.4988104678826328,1.7129262490087231
Ryan Manning,Southampton,Premier League,"DF,MF",28.0,1462,0,1,0.3,3.2,0.3,0.49,0.06,14,35,74,34,2.8,77.1,17,17,47,483,968,0.0,0.06155950752393981,0.018467852257181942,0.19699042407660738,0.018467852257181942,0.8618331053351573,2.1545827633378933,4.555403556771545,2.0930232558139537,0.17236662106703146,1.0465116279069768,1.0465116279069768,2.893296853625171,29.733242134062927,59.58960328317374,-0.7900177606680123,-0.3058240188014868,-0.7793472613620627,1.1643812929932849,-0.792264906452044,-0.5757771463381975,-0.6449489698695914,0.3575802994676788,1.772012341006452,1.1809036427611397,0.1702150399756278,0.6953588523747904,0.43715079903245047,-0.08578348239034833,0.3391685638141014,-0.728761495986701,-0.8612273039994655,-0.31631583241024125,1.0,0.0,0.06155950752393981,0.018467852257181942,0.19699042407660738,0.018467852257181942,0.49,0.06,0.8618331053351573,2.1545827633378933,4.555403556771545,2.0930232558139537,0.17236662106703146,29.733242134062927,59.58960328317374,1.0465116279069768,1.0465116279069768,2.893296853625171
Omar Marmoush,Manchester City,Premier League,"FW,MF",25.0,1175,7,0,5.5,2.8,5.5,3.75,1.3,29,37,78,15,2.1,79.2,8,6,3,320,504,0.5361702127659574,0.0,0.4212765957446809,0.214468085106383,0.4212765957446809,2.221276595744681,2.8340425531914897,5.974468085106382,1.1489361702127658,0.16085106382978726,0.6127659574468085,0.4595744680851064,0.2297872340425532,24.51063829787234,38.60425531914894,2.4734846561005717,-0.891279865718134,1.9802819057942969,1.3688041250797243,2.196149337856143,0.3324895613516898,-0.28038566908381196,0.7991457814986145,0.37575672322445286,1.0229706354750074,-0.594366262026435,-0.5266394028042958,-1.0995294889019562,-0.6043776991294272,-1.0199563796664721,2.6511835785486824,2.2443221105958173,-0.058138943285851064,1.0,0.5361702127659574,0.0,0.4212765957446809,0.214468085106383,0.4212765957446809,3.75,1.3,2.221276595744681,2.8340425531914897,5.974468085106382,1.1489361702127658,0.16085106382978726,24.51063829787234,38.60425531914894,0.6127659574468085,0.4595744680851064,0.2297872340425532
Omar Marmoush,Eint Frankfurt,Bundesliga,FW,25.0,1448,15,9,8.8,6.2,7.3,4.66,2.11,73,50,125,34,4.1,69.8,8,2,2,442,671,0.9323204419889503,0.5593922651933702,0.5469613259668509,0.3853591160220995,0.4537292817679558,4.537292817679559,3.1077348066298343,7.769337016574585,2.113259668508287,0.2548342541436464,0.49723756906077343,0.12430939226519336,0.12430939226519336,27.472375690607738,41.70580110497237,4.2226824662648745,4.157957329955813,2.5994352777626,3.3627486658198915,2.2821374860317527,2.711304478328927,-0.14779552867377008,1.325564998285614,1.7921662736589745,1.6809880144752454,-0.7599459420929885,-1.2116488161206247,-1.1894792610482396,-0.25675428960320196,-0.8606418479415227,3.5120146977728526,4.079160835566814,-0.896604098542832,0.92,0.8577348066298343,0.5146408839779005,0.5032044198895028,0.35453038674033155,0.41743093922651936,4.2872,1.9412,4.174309392265194,2.859116022099448,7.147790055248619,1.9441988950276243,0.2344475138121547,25.27458563535912,38.36933701657458,0.5404756185443189,0.13511890463607973,0.13511890463607973
Gabriel Martinelli,Arsenal,Premier League,"FW,MF",23.0,2290,8,4,7.4,5.0,7.4,2.16,0.94,124,52,289,40,4.7,71.4,15,5,19,670,994,0.314410480349345,0.1572052401746725,0.29082969432314415,0.1965065502183406,0.29082969432314415,4.873362445414847,2.0436681222707427,11.358078602620088,1.5720524017467248,0.18471615720524018,0.5895196506550218,0.1965065502183406,0.7467248908296943,26.331877729257645,39.06550218340611,1.1237016852224861,0.6038056333074352,1.0865945672044999,1.1587217905969989,1.2283714913306134,2.104392034815462,-0.7044600818687621,2.47434555273258,1.0015235875999315,1.350274463531149,-0.6353434814526192,-1.0743446064147562,-0.8012884382838316,-0.4235322308462149,-0.9900835312682088,1.0026827599869463,1.3427109902294445,-1.017081674319296,1.0,0.314410480349345,0.1572052401746725,0.29082969432314415,0.1965065502183406,0.29082969432314415,2.16,0.94,4.873362445414847,2.0436681222707427,11.358078602620088,1.5720524017467248,0.18471615720524018,26.331877729257645,39.06550218340611,0.5895196506550218,0.1965065502183406,0.7467248908296943
Emiliano Martínez,Aston Villa,Premier League,GK,31.0,3194,0,0,0.0,0.5,0.0,0.0,0.0,0,4,0,2,0.1,78.7,3,0,17,889,1449,0.0,0.0,0.0,0.014088916718847839,0.0,0.0,0.11271133375078271,0.0,0.056355666875391355,0.002817783343769568,0.08453350031308704,0.0,0.47902316844082654,25.050093926111458,40.82968065122104,-0.7900177606680123,-0.891279865718134,-0.9058698966514711,-0.9748777339013448,-0.9292768100897674,-1.1515821155650607,-1.7405125326682813,-1.0599091291149787,-1.2401129236868305,-1.1444165542414404,-1.5255033023260416,-1.4834695995757803,-0.955735772288777,-0.5508108237226547,-0.8758257660660755,-1.2367900501346574,-1.0114958240605274,-0.11960963117261038,1.0,0.0,0.0,0.0,0.014088916718847839,0.0,0.0,0.0,0.0,0.11271133375078271,0.0,0.056355666875391355,0.002817783343769568,25.050093926111458,40.82968065122104,0.08453350031308704,0.0,0.47902316844082654
Lisandro Martínez,Manchester Utd,Premier League,DF,26.0,1751,2,1,1.3,1.1,1.3,0.87,0.31,23,117,7,9,1.3,89.4,24,32,57,1017,1524,0.10279840091376356,0.05139920045688178,0.06681896059394632,0.05653912050256996,0.06681896059394632,1.182181610508281,6.0137064534551685,0.35979440319817246,0.46259280411193604,0.06681896059394632,1.2335808109651627,1.644774414620217,2.9297544260422614,52.27298686464877,78.33238149628784,-0.16431565742854326,-0.4024526537294771,-0.44809544275645935,-0.47837017117134606,-0.4335508933681664,-0.3617470052108754,1.4256590213890166,-0.9479531285892951,-0.6393093604678644,-0.26665630480412045,0.49996956961818867,1.940936967967321,0.45818456308097805,2.1523685258199836,1.5530525281513785,-0.33478016828012264,-0.23510847041170688,1.1958630896040392,1.0,0.10279840091376356,0.05139920045688178,0.06681896059394632,0.05653912050256996,0.06681896059394632,0.87,0.31,1.182181610508281,6.0137064534551685,0.35979440319817246,0.46259280411193604,0.06681896059394632,52.27298686464877,78.33238149628784,1.2335808109651627,1.644774414620217,2.9297544260422614
Giorgos Masouras,Bochum,Bundesliga,"FW,MF",30.0,1055,2,1,3.9,1.1,3.9,2.56,1.28,26,19,82,10,1.1,70.4,10,4,3,220,403,0.17061611374407584,0.08530805687203792,0.33270142180094786,0.09383886255924172,0.33270142180094786,2.218009478672986,1.6208530805687202,6.995260663507109,0.8530805687203792,0.09383886255924172,0.8530805687203792,0.3412322274881517,0.2559241706161137,18.76777251184834,34.37914691943128,0.14397118057587355,-0.1314085825140116,1.2338355304083783,-0.052455137810849255,1.428397112407908,0.6873482384355373,-0.9334177713184445,1.0793185497265714,-0.07324877660683396,-0.190083028429115,-0.02776091292144895,-0.8084075901939597,-1.1209114917963017,-1.0770554844755815,-1.297118946322639,1.375373883125558,2.085758361193051,-0.824332639695949,0.92,0.15696682464454978,0.07848341232227489,0.30608530805687206,0.08633175355450239,0.30608530805687206,2.3552,1.1776,2.0405687203791474,1.4911848341232228,6.43563981042654,0.7848341232227489,0.08633175355450239,17.266350710900472,31.628815165876777,0.9272614877395425,0.370904595095817,0.2781784463218627
Erhan Mašović,Bochum,Bundesliga,DF,25.0,910,1,1,0.6,0.9,0.6,0.69,0.4,1,35,4,3,0.5,82.7,10,12,55,290,539,0.0989010989010989,0.0989010989010989,0.05934065934065934,0.08901098901098901,0.05934065934065934,0.0989010989010989,3.4615384615384617,0.3956043956043956,0.2967032967032967,0.04945054945054945,0.989010989010989,1.1868131868131868,5.43956043956044,28.68131868131868,53.30769230769231,-0.24004244458941387,-0.008422981848940393,-0.5084474674561095,-0.10901440568189483,-0.49991195246826675,-1.1619224203563276,0.039143362263795826,-1.0201409044234322,-0.8968416587782465,-0.7059592065214784,0.2519304645708304,0.7634559819745144,1.5796239649992787,-0.14282636440694824,-0.16947236189014764,-0.527253889917509,-0.027728599588769706,0.657232266665128,0.92,0.090989010989011,0.090989010989011,0.05459340659340659,0.08189010989010989,0.05459340659340659,0.6348,0.36800000000000005,0.090989010989011,3.184615384615385,0.363956043956044,0.27296703296703295,0.0454945054945055,26.386813186813185,49.043076923076924,1.075011944577162,1.2900143334925942,5.912565695174391
Pape Matar Sarr,Tottenham,Premier League,MF,21.0,1913,3,2,3.7,1.6,3.7,1.6,0.61,33,88,53,15,0.8,86.4,36,30,25,772,1253,0.1411395713538944,0.09409304756926293,0.17407213800313645,0.07527443805541036,0.17407213800313645,1.5525352848928387,4.140094093047569,2.493465760585468,0.7056978567694719,0.03763721902770518,1.693674856246733,1.4113957135389439,1.1761630946157866,36.319916361735494,58.94929430214323,0.06905520020938728,0.003583122459741791,0.28669247193979225,-0.25923749273882557,0.36215408647392094,-0.11430758247122004,0.4203746518012194,-0.28402587044982974,-0.27976965204348486,-0.666876642253124,1.3109962337266057,1.4550444652608487,-0.553529159401461,0.5682602224652845,0.2976986816303473,0.42207869810356763,0.5162341298936034,0.8270389622834834,1.0,0.1411395713538944,0.09409304756926293,0.17407213800313645,0.07527443805541036,0.17407213800313645,1.6,0.61,1.5525352848928387,4.140094093047569,2.493465760585468,0.7056978567694719,0.03763721902770518,36.319916361735494,58.94929430214323,1.693674856246733,1.4113957135389439,1.1761630946157866
Jean-Philippe Mateta,Crystal Palace,Premier League,FW,27.0,2648,14,2,13.5,3.2,11.9,2.31,0.99,45,52,122,29,2.3,65.1,12,2,23,400,739,0.4758308157099698,0.06797583081570997,0.4588368580060423,0.10876132930513595,0.4044561933534743,1.5294561933534745,1.7673716012084593,4.146525679758308,0.9856495468277946,0.07817220543806647,0.40785498489425986,0.06797583081570997,0.7817220543806647,13.595166163141993,25.117069486404834,2.1062173901651344,-0.24480218581470628,2.2376060005124945,0.1324330594807927,2.071359767337704,-0.12972710570761228,-0.8527066348190073,0.23035116136287875,0.13426431358648241,-0.11094937167469356,-0.9555712465569354,-1.3419444886484773,-0.7810972398113364,-1.6882624622855562,-1.8934596789238771,1.15820170513428,1.4679347569469963,-1.7916123416924647,1.0,0.4758308157099698,0.06797583081570997,0.4588368580060423,0.10876132930513595,0.4044561933534743,2.31,0.99,1.5294561933534745,1.7673716012084593,4.146525679758308,0.9856495468277946,0.07817220543806647,13.595166163141993,25.117069486404834,0.40785498489425986,0.06797583081570997,0.7817220543806647
Chrislain Matsima,Augsburg,Bundesliga,DF,22.0,2551,1,1,1.8,0.3,1.8,0.49,0.07,14,84,13,5,0.7,86.0,20,52,163,910,1669,0.03528028224225794,0.03528028224225794,0.06350450803606429,0.010584084672677381,0.06350450803606429,0.49392395139161116,2.9635437083496665,0.4586436691493532,0.1764014112112897,0.024696197569580552,0.7056056448451588,1.8345746765974127,5.750686005488044,32.10505684045472,58.8827910623285,-0.5807139273274556,-0.5840442691856388,-0.4819089009025495,-1.0277974364372924,-0.47053982491104784,-0.8171999995325249,-0.2239816381771483,-1.0000870723063895,-1.074921860084484,-0.9936516089842122,-0.33120634122252535,1.9675898712453346,1.7417120396076073,0.17981861379523228,0.1626578118546456,-0.7307434913124894,-0.8202862098819526,1.0547252903229778,0.92,0.03245785966287731,0.03245785966287731,0.05842414739317915,0.00973735789886319,0.05842414739317915,0.45080000000000003,0.06440000000000001,0.4544100352802823,2.7264602116816934,0.42195217561740495,0.16228929831438652,0.02272050176401411,29.536652293218346,54.172167777342224,0.7669626574403899,1.9941029093450138,6.250745658139178
Jean Mattéo Bahoya,Eint Frankfurt,Bundesliga,"MF,FW",19.0,921,2,3,1.9,1.7,1.9,0.98,0.29,24,28,93,18,2.3,74.3,18,4,10,267,475,0.19543973941368079,0.2931596091205212,0.18566775244299674,0.16612377850162866,0.18566775244299674,2.3452768729641695,2.736156351791531,9.087947882736156,1.758957654723127,0.2247557003257329,1.758957654723127,0.39087947882736157,0.9771986970684039,26.091205211726386,46.416938110749186,0.2768946764993302,1.7491673730223414,0.29670666110621674,0.7943735711351703,0.3912096429511983,0.7984099756879357,-0.3441260732570534,1.7450368521110537,1.2677008949159396,1.3314183124652779,1.8361780749895826,-0.7161175439508547,-0.7451468100732653,-0.38691252552525623,-0.5799812137306972,-0.23219396789478736,-0.29191446968649737,-0.35456815719121826,0.92,0.17980456026058633,0.2697068403908795,0.17081433224755702,0.15283387622149838,0.17081433224755702,0.9016000000000001,0.2668,2.157654723127036,2.5172638436482084,8.360912052117264,1.6182410423452769,0.20677524429967425,24.003908794788277,42.703583061889255,1.9119104942642684,0.42486899872539297,1.0621724968134825
Stephy Mavididi,Leicester City,Premier League,FW,26.0,1615,4,1,1.8,2.6,1.8,1.45,0.39,91,57,138,22,3.3,75.0,19,11,15,583,863,0.22291021671826627,0.05572755417956657,0.10030959752321982,0.14489164086687306,0.10030959752321982,5.071207430340557,3.176470588235294,7.690402476780187,1.2260061919504646,0.18390092879256964,1.0588235294117647,0.6130030959752323,0.8359133126934984,32.4891640866873,48.09287925696595,0.5667678526723101,-0.36128825693043226,-0.2186522144479474,0.5550216770900309,-0.18508583875223847,2.236575545464586,-0.09665633498435564,1.3330872490385037,0.4897392704439371,1.339093808336996,0.19191773425881223,-0.20720228344869673,-0.7498322359925245,0.18787410896502932,-0.4054216340286122,0.26655975295623385,-0.034750443663624106,-0.5744927215346296,1.0,0.22291021671826627,0.05572755417956657,0.10030959752321982,0.14489164086687306,0.10030959752321982,1.45,0.39,5.071207430340557,3.176470588235294,7.690402476780187,1.2260061919504646,0.18390092879256964,32.4891640866873,48.09287925696595,1.0588235294117647,0.6130030959752323,0.8359133126934984
Konstantinos Mavropanos,West Ham,Premier League,DF,26.0,2045,0,0,1.5,0.5,1.5,0.79,0.22,17,61,2,5,0.4,86.3,24,40,126,864,1532,0.0,0.0,0.06601466992665037,0.02200488997555012,0.06601466992665037,0.7481662591687042,2.684596577017115,0.08801955990220048,0.2200488997555012,0.017603911980440097,1.0562347188264058,1.7603911980440097,5.545232273838631,38.02444987775061,67.42298288508557,-0.7900177606680123,-0.891279865718134,-0.45360561109373243,-0.8822906497887305,-0.43951787826005706,-0.651719848531723,-0.36057072076291485,-1.0325203820775393,-0.9980191597877016,-0.9416284725534526,0.18735433154890052,2.1816501435586755,1.967153489901526,0.7375170245067998,0.8465007094121482,-0.4177236056920338,-0.46051125050329994,0.8147448247061305,1.0,0.0,0.0,0.06601466992665037,0.02200488997555012,0.06601466992665037,0.79,0.22,0.7481662591687042,2.684596577017115,0.08801955990220048,0.2200488997555012,0.017603911980440097,38.02444987775061,67.42298288508557,1.0562347188264058,1.7603911980440097,5.545232273838631
Noussair Mazraoui,Manchester Utd,Premier League,DF,26.0,2838,0,1,0.7,1.5,0.7,0.41,0.1,42,115,58,20,1.9,85.7,68,34,95,1172,2139,0.0,0.03171247357293869,0.02219873150105708,0.04756871035940804,0.02219873150105708,1.331923890063425,3.6469344608879495,1.8393234672304442,0.6342494714587739,0.060253699788583505,2.156448202959831,1.0782241014799154,3.0126849894291756,37.167019027484145,67.83298097251586,-0.7900177606680123,-0.5896813991247097,-0.753787133020768,-0.5832901969870445,-0.7645857339999788,-0.26170170857809044,0.15577046771381267,-0.48757310266841825,-0.38543809184423533,-0.35669722607671167,2.126745812474839,0.761383956979353,0.5060303681372166,0.6523758393530358,0.8730544090868497,-0.8117049333986124,-0.7610482906254241,0.74097999924202,1.0,0.0,0.03171247357293869,0.02219873150105708,0.04756871035940804,0.02219873150105708,0.41,0.1,1.331923890063425,3.6469344608879495,1.8393234672304442,0.6342494714587739,0.060253699788583505,37.167019027484145,67.83298097251586,2.156448202959831,1.0782241014799154,3.0126849894291756
Bryan Mbeumo,Brentford,Premier League,FW,24.0,3414,20,7,12.3,8.3,7.5,2.08,0.9,130,141,351,70,9.3,66.1,31,14,55,1077,1781,0.5272407732864675,0.18453427065026362,0.32425307557117755,0.218804920913884,0.19771528998242532,3.427065026362039,3.717047451669596,9.253075571177504,1.8453427065026362,0.2451669595782074,0.8172231985940246,0.36906854130052724,1.4499121265377857,28.391915641476274,46.95079086115992,2.4191339170481863,0.8637157808386815,1.3155770291006441,1.4195287761959623,0.5375612326632463,1.1380967791386303,0.19338950526249163,1.8193389200558985,1.4057057113897158,2.1793422033661263,-0.23396108847336838,-0.7150719850038744,-0.39559290187760693,-0.21897454639449282,-0.47938947240139945,0.9197393225750351,1.2425319768554033,-1.668670965918946,1.0,0.5272407732864675,0.18453427065026362,0.32425307557117755,0.218804920913884,0.19771528998242532,2.08,0.9,3.427065026362039,3.717047451669596,9.253075571177504,1.8453427065026362,0.2451669595782074,28.391915641476274,46.95079086115992,0.8172231985940246,0.36906854130052724,1.4499121265377857
Kasey McAteer,Leicester City,Premier League,FW,22.0,852,1,1,1.0,0.7,1.0,1.37,0.74,19,14,71,9,0.6,72.6,16,5,15,224,379,0.1056338028169014,0.1056338028169014,0.1056338028169014,0.07394366197183098,0.1056338028169014,2.0070422535211265,1.4788732394366197,7.5,0.9507042253521126,0.06338028169014084,1.6901408450704225,0.528169014084507,1.5845070422535212,23.661971830985916,40.03521126760563,-0.1470574421396612,0.11334037863883581,-0.18217626287559036,-0.2748025626537722,-0.14558587457196015,0.18935604969179723,-1.0075000701472319,1.2738403580334958,0.08258200358586618,-0.3138169318741609,1.3047666871270818,-0.38382613204204175,-0.3179399614429579,-0.6886485983728032,-0.9272799119756125,0.18361631554432278,0.8418159233592378,-0.8695520233910751,1.0,0.1056338028169014,0.1056338028169014,0.1056338028169014,0.07394366197183098,0.1056338028169014,1.37,0.74,2.0070422535211265,1.4788732394366197,7.5,0.9507042253521126,0.06338028169014084,23.661971830985916,40.03521126760563,1.6901408450704225,0.528169014084507,1.5845070422535212
John McGinn,Aston Villa,Premier League,"MF,FW",29.0,2223,1,4,3.1,3.5,2.8,1.26,0.2,32,103,87,31,2.7,81.9,24,14,18,581,1072,0.04048582995951417,0.16194331983805668,0.12550607287449392,0.14170040485829957,0.11336032388663966,1.2955465587044535,4.17004048582996,3.522267206477733,1.2550607287449393,0.10931174089068826,0.97165991902834,0.5668016194331983,0.728744939271255,23.522267206477736,43.40080971659919,-0.5435930232023555,0.648866689733307,-0.04603200842436533,0.5176962305318542,-0.08826327173111656,-0.28600600605058335,0.4364423514096511,0.03610277578066123,0.532709416779014,0.3161216226511193,0.03827085948204283,-0.3033933709889668,-0.8116617581076957,-0.7025209908793144,-0.709305503850079,0.06956908910294472,-0.5106007571903206,0.2738027713026496,1.0,0.04048582995951417,0.16194331983805668,0.12550607287449392,0.14170040485829957,0.11336032388663966,1.26,0.2,1.2955465587044535,4.17004048582996,3.522267206477733,1.2550607287449393,0.10931174089068826,23.522267206477736,43.40080971659919,0.97165991902834,0.5668016194331983,0.728744939271255
Dwight McNeil,Everton,Premier League,"MF,FW",24.0,1371,4,6,1.1,5.2,1.1,1.64,0.66,38,69,80,37,4.3,74.5,8,6,2,443,748,0.26258205689277897,0.3938730853391685,0.07221006564551423,0.3413566739606127,0.07221006564551423,2.4945295404814005,4.529540481400438,5.2516411378555805,2.4288840262582054,0.28227571115973743,0.5251641137855579,0.3938730853391685,0.13129102844638948,29.080962800875273,49.102844638949676,0.8082380858269698,2.854612686545053,-0.41116116319067203,2.8529228895324117,-0.393554603840833,0.5150543786710343,0.6293316245863408,0.5742261791727936,2.268732923967032,2.688279514271941,-0.7487856285949618,-0.6634291318832243,-1.156355706634813,-0.1505535282332809,-0.3400107985705042,0.463550416809523,0.6414578966111552,-0.635963409421389,1.0,0.26258205689277897,0.3938730853391685,0.07221006564551423,0.3413566739606127,0.07221006564551423,1.64,0.66,2.4945295404814005,4.529540481400438,5.2516411378555805,2.4288840262582054,0.28227571115973743,29.080962800875273,49.102844638949676,0.5251641137855579,0.3938730853391685,0.13129102844638948
Jakov Medić,Bochum,Bundesliga,DF,25.0,1603,1,0,0.9,0.2,0.9,0.79,0.17,2,27,3,3,0.5,87.4,11,22,111,498,975,0.056144728633811605,0.0,0.050530255770430445,0.011228945726762321,0.050530255770430445,0.11228945726762321,1.5159076731129133,0.1684341859014348,0.1684341859014348,0.028072364316905803,0.6175920149719276,1.2351840299438552,6.232064878353088,27.960074859638176,54.74111041796632,-0.46899071687521704,-0.9032492487568731,-0.5646011604974228,-1.020242791782029,-0.5620612562556303,-1.150238875270602,-0.9888676735639318,-1.092407493030733,-1.0867155662365409,-0.9544141638948288,-0.5123037977352833,0.8533732931836793,1.9924975204702706,-0.21079467457214054,-0.08407810665505672,-0.4255090892200187,-0.5801172370658365,1.223358694299036,0.92,0.05165315034310668,0.0,0.04648783530879601,0.010330630068621336,0.04648783530879601,0.7268000000000001,0.1564,0.10330630068621335,1.3946350592638803,0.15495945102932002,0.15495945102932002,0.02582657517155334,25.723268870867123,50.36182158452902,0.6712956684477474,1.3425913368954947,6.77398356342727
Mikel Merino,Arsenal,Premier League,"MF,FW",28.0,1586,7,2,5.9,2.0,5.9,2.16,0.74,11,69,94,17,1.2,78.2,28,15,26,388,783,0.3972257250945776,0.11349306431273644,0.3348045397225725,0.11349306431273644,0.3348045397225725,0.6242118537200505,3.9155107187894074,5.334174022698613,0.9646910466582598,0.06809583858764187,1.5889029003783104,0.8511979823455232,1.4754098360655739,22.01765447667087,44.43253467843632,1.6277724913515883,0.18808513830726103,1.3878647554699648,0.18777654447505807,1.5546182685110608,-0.7345358394388486,0.2998747231169847,0.5999076561961684,0.10326778366004744,-0.2491442402702741,1.1263104054019226,0.2887174767270165,-0.3808823007478955,-0.8519260548251535,-0.6424853999924612,1.0026827599869463,0.8418159233592378,-0.1810803190593697,1.0,0.3972257250945776,0.11349306431273644,0.3348045397225725,0.11349306431273644,0.3348045397225725,2.16,0.74,0.6242118537200505,3.9155107187894074,5.334174022698613,0.9646910466582598,0.06809583858764187,22.01765447667087,44.43253467843632,1.5889029003783104,0.8511979823455232,1.4754098360655739
Karol Mets,St. Pauli,Bundesliga,DF,31.0,900,0,0,0.1,0.2,0.1,0.3,0.0,5,54,2,3,0.4,83.4,8,12,60,343,736,0.0,0.0,0.01,0.02,0.01,0.5,5.3999999999999995,0.2,0.30000000000000004,0.04,0.8,1.2000000000000002,6.0,34.300000000000004,73.60000000000001,-0.7696298623010193,-0.9032492487568731,-0.8229234408875294,-0.9174885660979135,-0.8479649788691659,-0.8118976475999181,1.0633663885033453,-1.0823658872035504,-0.8919616223239312,-0.815792470954941,-0.13697986002494744,0.7879691537208228,1.8715979434640508,0.3866648604852008,1.0394188122660601,-0.9240586126377207,-0.9884044908532337,0.7415489686531571,0.92,0.0,0.0,0.0092,0.0184,0.0092,0.276,0.0,0.46,4.968,0.18400000000000002,0.2760000000000001,0.0368,31.556000000000004,67.71200000000002,0.8695652173913043,1.3043478260869565,6.521739130434782
Nikola Milenković,Nott'ham Forest,Premier League,DF,26.0,3330,5,2,4.0,1.1,4.0,0.78,0.22,3,51,6,9,0.5,82.3,29,27,209,547,1412,0.13513513513513514,0.05405405405405405,0.1081081081081081,0.02972972972972973,0.1081081081081081,0.08108108108108109,1.3783783783783783,0.16216216216216217,0.24324324324324326,0.013513513513513513,0.7837837837837838,0.7297297297297298,5.648648648648649,14.783783783783784,38.16216216216216,0.03250805222411258,-0.3772039208579909,-0.16522488046282202,-0.7919391080536528,-0.12722914995622778,-1.0974105026300751,-1.0614204622094243,-1.0094496807442008,-0.9637159340689614,-0.9977272715582413,-0.292906117911187,0.03582159124380689,2.0268183409130622,-1.570235086801412,-1.0485887301060675,-0.42809153536852274,-0.46051125050329994,0.32297932161205595,1.0,0.13513513513513514,0.05405405405405405,0.1081081081081081,0.02972972972972973,0.1081081081081081,0.78,0.22,0.08108108108108109,1.3783783783783783,0.16216216216216217,0.24324324324324326,0.013513513513513513,14.783783783783784,38.16216216216216,0.7837837837837838,0.7297297297297298,5.648648648648649
Enzo Millot,Stuttgart,Bundesliga,"MF,FW",22.0,1843,6,5,7.6,3.1,6.7,2.1,0.83,44,118,123,23,3.5,84.8,13,13,6,848,1397,0.29300054259359737,0.24416711882799783,0.3711340206185567,0.15138361367335867,0.3271839392295171,2.148670645686381,5.762344004340749,6.006511123168746,1.12316874660879,0.1709169831795985,0.6348345089527944,0.6348345089527944,0.29300054259359737,41.41074335322843,68.22029300054258,0.7993051896280992,1.3058986158286363,1.4787882547167697,0.6216903136610356,1.3894763413285847,0.6268387002821365,1.2548177355133971,0.764781021409279,0.32655673676559555,0.7057105599148711,-0.47682552228670744,-0.26262575126961757,-1.1015956964858933,1.0567644789626325,0.7189288803271826,0.907347799917103,1.004997983520529,0.9101823726292136,0.92,0.2695604991861096,0.224633749321758,0.3414432989690722,0.13927292457948998,0.30100922409115577,1.9320000000000002,0.7636,1.9767769940314706,5.301356483993489,5.525990233315246,1.0333152468800868,0.15724362452523064,38.09788388497016,62.76266956049918,0.6900375097312982,0.6900375097312982,0.31847885064521453
Kim Min-jae,Bayern Munich,Bundesliga,DF,27.0,2283,2,0,1.6,0.3,1.6,0.28,0.2,16,181,5,6,0.9,92.5,20,37,91,1644,2764,0.07884362680683311,0.0,0.0630749014454665,0.011826544021024966,0.0630749014454665,0.6307490144546649,7.135348226018397,0.19710906701708278,0.23653088042049936,0.035479632063074903,0.7884362680683311,1.4586070959264126,3.5873850197109065,64.80946123521682,108.96189224704337,-0.3474445358730202,-0.9032492487568731,-0.4846470270763006,-1.0132418374971526,-0.4735703047631101,-0.6977976240216088,1.9802706325992172,-1.083285540642445,-0.985913546229547,-0.8683276986208811,-0.1607734752142868,1.2686978989795628,0.6146902516761485,3.2618042542292582,3.1460633638425417,-0.9444075727772188,-0.5080665452210017,1.8376660944975307,0.92,0.07253613666228646,0.0,0.05802890932982918,0.01088042049934297,0.05802890932982918,0.25760000000000005,0.18400000000000002,0.5802890932982917,6.564520367936926,0.18134034165571616,0.21760840998685943,0.032641261498028915,59.624704336399475,100.24494086727991,0.8569959435525337,1.5854424955721875,3.8993315431640285
Tyrone Mings,Aston Villa,Premier League,DF,31.0,1120,0,0,0.8,0.2,0.8,0.72,0.08,7,40,1,3,0.2,88.2,6,7,61,484,794,0.0,0.0,0.06428571428571428,0.01607142857142857,0.06428571428571428,0.5625,3.214285714285714,0.08035714285714285,0.24107142857142858,0.01607142857142857,0.48214285714285715,0.5625,4.901785714285714,38.892857142857146,63.80357142857143,-0.7900177606680123,-0.891279865718134,-0.4654506280964351,-0.9516898092208597,-0.45234489790321614,-0.7757665508285991,-0.07636667637844767,-1.0349046703241023,-0.9669279348287977,-0.9626461018713384,-0.8246209640410632,-0.31234930665234867,1.5959246281266155,0.8237481459136531,0.6120879944216333,-0.49029911342745625,-0.8111377973124447,1.0483334386758165,1.0,0.0,0.0,0.06428571428571428,0.01607142857142857,0.06428571428571428,0.72,0.08,0.5625,3.214285714285714,0.08035714285714285,0.24107142857142858,0.01607142857142857,38.892857142857146,63.80357142857143,0.48214285714285715,0.5625,4.901785714285714
Yankuba Minteh,Brighton,Premier League,"FW,MF",20.0,1838,6,4,4.1,5.0,4.1,1.66,0.78,90,48,201,29,5.0,62.5,35,11,31,481,836,0.29379760609357997,0.19586507072905332,0.20076169749727962,0.24483133841131666,0.20076169749727962,4.4069640914037,2.3503808487486397,9.84221980413493,1.4200217627856366,0.24483133841131666,1.7138193688792167,0.5386289445048966,1.5179542981501633,23.552774755168663,40.93579978237214,0.9982374886883156,0.9714762783343978,0.4695417472581624,1.723939873586238,0.560162349839941,1.7927835711623856,-0.5398937519290887,2.002660926925348,0.7766781925490799,2.174739242423472,1.3465057932350637,-0.36204864443691215,-0.3563367778913247,-0.6994916517193408,-0.8689529156194113,0.48428627616250086,0.9419949367332793,-2.1112599187036123,1.0,0.29379760609357997,0.19586507072905332,0.20076169749727962,0.24483133841131666,0.20076169749727962,1.66,0.78,4.4069640914037,2.3503808487486397,9.84221980413493,1.4200217627856366,0.24483133841131666,23.552774755168663,40.93579978237214,1.7138193688792167,0.5386289445048966,1.5179542981501633
Tyrick Mitchell,Crystal Palace,Premier League,DF,24.0,3092,0,5,1.3,6.4,1.3,0.35,0.09,63,70,171,41,3.7,72.0,55,19,108,820,1754,0.0,0.14553686934023286,0.03783958602846054,0.18628719275549807,0.03783958602846054,1.833764553686934,2.03751617076326,4.977360931435964,1.1934023285899094,0.10769728331177232,1.6009055627425615,0.5530401034928849,3.14359637774903,23.86804657179819,51.05433376455369,-0.7900177606680123,0.4928347012161129,-0.6466321641902274,1.039193783325377,-0.6485471593201932,0.0735863490350468,-0.7077609037589363,0.4888793403638926,0.4415198550183114,0.2939797379536575,1.1474679911553762,-0.33204473201846063,0.5815581411244869,-0.6681857847738303,-0.2136217793325874,-0.8739125114575458,-0.7860930439689345,-0.9433168488551855,1.0,0.0,0.14553686934023286,0.03783958602846054,0.18628719275549807,0.03783958602846054,0.35,0.09,1.833764553686934,2.03751617076326,4.977360931435964,1.1934023285899094,0.10769728331177232,23.86804657179819,51.05433376455369,1.6009055627425615,0.5530401034928849,3.14359637774903
Kaoru Mitoma,Brighton,Premier League,"FW,MF",27.0,2603,10,4,9.2,4.6,9.2,1.97,0.93,146,89,291,37,4.0,75.8,27,14,10,830,1375,0.3457548981943911,0.13830195927775643,0.3180945063388398,0.1590472531694199,0.3180945063388398,5.04802151363811,3.0772185939300805,10.06146753745678,1.279293123319247,0.13830195927775643,0.933538225124856,0.48405685747214755,0.3457548981943911,28.69765655013446,47.541298501728775,1.3144854717029257,0.424027776528717,1.2733848782193946,0.7205890463091958,1.4306475191314314,2.2210846505677635,-0.14990986844404205,2.070883498285126,0.5685478659779473,0.7137152672681026,-0.02892781555793453,-0.475667272972443,-1.0326233203528625,-0.1886150797330624,-0.441144995112348,0.805692096133657,1.3176662368859344,-0.4761396209158151,1.0,0.3457548981943911,0.13830195927775643,0.3180945063388398,0.1590472531694199,0.3180945063388398,1.97,0.93,5.04802151363811,3.0772185939300805,10.06146753745678,1.279293123319247,0.13830195927775643,28.69765655013446,47.541298501728775,0.933538225124856,0.48405685747214755,0.3457548981943911
Maximilian Mittelstädt,Stuttgart,Bundesliga,DF,27.0,2469,1,7,0.9,4.7,0.9,0.77,0.15,62,182,155,47,7.0,83.4,54,47,96,1251,2385,0.03645200486026732,0.2551640340218712,0.032806804374240585,0.17132442284325639,0.032806804374240585,2.2600243013365735,6.634264884568651,5.650060753341434,1.713244228432564,0.2551640340218712,1.968408262454435,1.713244228432564,3.499392466585662,45.601458080194405,86.93803159173756,-0.5744396840436029,1.4053952713741644,-0.677562756569738,0.8552999051578616,-0.6870839247636246,0.724013082729381,1.7155137178011022,0.6513882826830496,1.20003232826856,1.6848206805820605,2.2671451011175185,1.7420468176062902,0.5688484916992114,1.4516875130519826,1.8340168893482682,-0.4458580493595168,-0.6281510316290597,0.7415489686531571,0.92,0.03353584447144593,0.23475091130012152,0.030182260024301338,0.15761846901579588,0.030182260024301338,0.7084,0.138,2.0792223572296478,6.103523693803159,5.19805589307412,1.5761846901579588,0.23475091130012152,41.95334143377885,79.98298906439855,2.139574198320038,1.8622219874266999,3.8036874636800673
Morato,Nott'ham Forest,Premier League,DF,23.0,907,0,0,0.2,0.0,0.2,0.2,0.1,1,19,1,0,0.0,77.0,14,10,78,164,457,0.0,0.0,0.019845644983461964,0.0,0.019845644983461964,0.09922822491730982,1.8853362734288863,0.09922822491730982,0.0,0.0,1.3891951488423373,0.992282249173098,7.739801543550166,16.273428886438808,45.34729878721059,-0.7900177606680123,-0.891279865718134,-0.7699080496885052,-1.1396650158946402,-0.7820431437036215,-1.085286095324891,-0.7894128374184902,-1.0290326199134554,-1.3234600191706214,-1.1830617529230112,0.7742773521906149,0.5824537396496778,3.2332842042335366,-1.4223162785859933,-0.5832403152901612,-1.0294314566048794,-0.7610482906254241,-0.3286099699875924,1.0,0.0,0.0,0.019845644983461964,0.0,0.019845644983461964,0.2,0.1,0.09922822491730982,1.8853362734288863,0.09922822491730982,0.0,0.0,16.273428886438808,45.34729878721059,1.3891951488423373,0.992282249173098,7.739801543550166
Álex Moreno,Nott'ham Forest,Premier League,"DF,MF",31.0,955,0,1,0.2,1.3,0.2,0.57,0.0,26,34,34,8,1.1,72.0,18,15,43,229,559,0.0,0.0942408376963351,0.01884816753926702,0.12251308900523561,0.01884816753926702,2.4502617801047117,3.2041884816753927,3.2041884816753927,0.7539267015706808,0.10366492146596859,1.6963350785340314,1.413612565445026,4.052356020942408,21.581151832460733,52.680628272251305,-0.7900177606680123,0.004988666420230852,-0.7767417341431883,0.29327687372328864,-0.7894433698675324,0.4854783549099967,-0.08178433391196219,-0.06287269900337908,-0.2084417030440104,0.23867689679249057,1.3156855167755401,1.4596599323783932,1.1058562401057859,-0.8952699028325504,-0.10829412717039921,-0.6458180585747898,-1.0114958240605274,-0.9433168488551855,1.0,0.0,0.0942408376963351,0.01884816753926702,0.12251308900523561,0.01884816753926702,0.57,0.0,2.4502617801047117,3.2041884816753927,3.2041884816753927,0.7539267015706808,0.10366492146596859,21.581151832460733,52.680628272251305,1.6963350785340314,1.413612565445026,4.052356020942408
Sam Morsy,Ipswich Town,Premier League,MF,32.0,2751,1,1,0.4,1.2,0.4,0.43,0.1,22,120,13,24,1.5,86.4,41,29,47,852,1683,0.032715376226826604,0.032715376226826604,0.013086150490730645,0.03925845147219193,0.013086150490730645,0.7197382769901853,3.925845147219193,0.4252998909487459,0.7851690294438386,0.04907306434023991,1.341330425299891,0.9487459105779716,1.5376226826608506,27.87350054525627,55.05997818974918,-0.5908893741226997,-0.5801433887308065,-0.8162171193374689,-0.6804889385235733,-0.832191433563243,-0.6707130541792576,0.3054196477708908,-0.9275700087968537,-0.16223592767562325,-0.5100368642156135,0.6899042387778018,0.49181144701263224,-0.34498933669911913,-0.2704521386458757,0.045805477357654036,-0.7909690740456345,-0.7610482906254241,0.8270389622834834,1.0,0.032715376226826604,0.032715376226826604,0.013086150490730645,0.03925845147219193,0.013086150490730645,0.43,0.1,0.7197382769901853,3.925845147219193,0.4252998909487459,0.7851690294438386,0.04907306434023991,27.87350054525627,55.05997818974918,1.341330425299891,0.9487459105779716,1.5376226826608506
Mason Mount,Manchester Utd,Premier League,MF,25.0,622,1,0,3.2,0.6,3.2,2.89,1.3,15,33,41,8,0.6,81.8,5,4,4,215,339,0.14469453376205788,0.0,0.46302250803858525,0.08681672025723472,0.46302250803858525,2.170418006430868,4.77491961414791,5.932475884244372,1.157556270096463,0.08681672025723472,0.7234726688102894,0.5787781350482315,0.5787781350482315,31.109324758842444,49.05144694533762,0.09069315795924675,-0.891279865718134,2.2662817482465374,-0.12423624672437907,2.505859792154203,0.2985100956367201,0.760989491489172,0.7860792112018208,0.38850540189194016,0.007608001954191997,-0.3992189965220758,-0.2784583656995806,-0.8981833273183791,0.05085879670051919,-0.34333959195269054,1.7595416263706365,2.2443221105958173,0.26150863372529665,1.0,0.14469453376205788,0.0,0.46302250803858525,0.08681672025723472,0.46302250803858525,2.89,1.3,2.170418006430868,4.77491961414791,5.932475884244372,1.157556270096463,0.08681672025723472,31.109324758842444,49.05144694533762,0.7234726688102894,0.5787781350482315,0.5787781350482315
Nordi Mukiele,Leverkusen,Bundesliga,DF,26.0,899,1,0,1.4,1.0,1.4,0.7,0.3,20,36,28,9,0.9,80.4,16,16,37,363,725,0.10011123470522804,0.0,0.14015572858731923,0.10011123470522804,0.14015572858731923,2.0022246941045605,3.604004449388209,2.803114571746385,0.9010011123470523,0.09010011123470522,1.6017797552836486,1.6017797552836486,3.7041156840934373,36.34037819799777,72.58064516129032,-0.23356250955623512,-0.9032492487568731,0.006632750540251112,0.021026649325046137,0.07016412284107328,0.4990405168837645,0.11441797685712035,-0.25427222958866147,-0.002313063331506565,-0.23353439229186915,1.5127677367328154,1.534843778084698,0.6755037967832647,0.5789452711411711,0.9786919059656646,-0.51707940984776,-0.26789757240488576,0.380191674418748,0.92,0.0921023359288098,0.0,0.1289432703003337,0.0921023359288098,0.1289432703003337,0.644,0.276,1.8420467185761957,3.3156840934371523,2.578865406006674,0.8289210233592881,0.08289210233592881,33.43314794215795,66.7741935483871,1.74106495139527,1.74106495139527,4.026212700101562
Florian Müller,Freiburg,Bundesliga,GK,26.0,753,0,0,0.0,0.0,0.0,0.0,0.0,0,0,0,0,0.0,63.2,0,0,3,190,337,0.0,0.0,0.0,0.0,0.0,0.0,0.0,0.0,0.0,0.0,0.0,0.0,0.35856573705179284,22.709163346613547,40.278884462151396,-0.7696298623010193,-0.9032492487568731,-0.8866591058814253,-1.1517915871101994,-0.9185057926831566,-1.248229898570237,-1.7898263274496862,-1.1459891842034466,-1.336044939666624,-1.2806681483244808,-1.7830654199419607,-1.442729475193211,-1.0674379888112935,-0.705628143697281,-0.9456487856402244,-1.2292930147301913,-0.9884044908532337,-1.6915901458585314,0.92,0.0,0.0,0.0,0.0,0.0,0.0,0.0,0.0,0.0,0.0,0.0,0.0,20.892430278884465,37.05657370517929,0.0,0.0,0.3897453663606444
Kevin Müller,Heidenheim,Bundesliga,GK,33.0,2939,0,0,0.0,0.0,0.0,0.0,0.0,0,1,0,0,0.1,75.6,2,0,13,779,1393,0.0,0.0,0.0,0.0,0.0,0.0,0.030622660768969037,0.0,0.0,0.0030622660768969035,0.061245321537938074,0.0,0.3980945899965975,23.85505273902688,42.65736645117387,-0.7696298623010193,-0.9032492487568731,-0.8866591058814253,-1.1517915871101994,-0.9185057926831566,-1.248229898570237,-1.773646262144293,-1.1459891842034466,-1.336044939666624,-1.2450788229049006,-1.657046620696868,-1.442729475193211,-1.0468445166991687,-0.5976422403212456,-0.8039534236332341,-1.2292930147301913,-0.9884044908532337,-0.19797999635630795,0.92,0.0,0.0,0.0,0.0,0.0,0.0,0.0,0.0,0.028172847907451514,0.0,0.0,0.0028172847907451514,21.94664851990473,39.244777135079964,0.06657100167167182,0.0,0.43271151086586684
Thomas Müller,Bayern Munich,Bundesliga,"MF,FW",34.0,1225,1,4,3.8,2.9,3.8,2.2,0.81,24,50,143,35,4.1,75.0,5,2,14,386,763,0.07346938775510205,0.2938775510204082,0.27918367346938777,0.21306122448979592,0.27918367346938777,1.7632653061224488,3.6734693877551017,10.50612244897959,2.571428571428571,0.3012244897959183,0.3673469387755102,0.1469387755102041,1.0285714285714285,28.35918367346939,56.05714285714286,-0.37622206628668375,1.7556630871981271,0.8927366025195843,1.3442528408165992,1.050878560327849,0.29050914158631547,0.1511210983687026,2.196181560240079,2.4703834946993144,2.2201303200298073,-1.0272098056943526,-1.1695827043057783,-0.7183829949175753,-0.17318360487183265,-0.005676969399146248,1.0090926006145933,0.956964188957306,-0.2702514552031891,0.92,0.06759183673469389,0.27036734693877557,0.2568489795918368,0.19601632653061227,0.2568489795918368,2.0240000000000005,0.7452000000000001,1.622204081632653,3.3795918367346935,9.665632653061223,2.3657142857142857,0.27712653061224485,26.090448979591837,51.57257142857143,0.3992901508429459,0.15971606033717836,1.1180124223602483
Marshall Munetsi,Wolves,Premier League,"MF,FW",28.0,1078,2,1,3.3,1.8,3.3,1.84,0.58,9,10,35,9,1.1,71.7,10,6,18,148,364,0.16697588126159554,0.08348794063079777,0.2755102040816326,0.150278293135436,0.2755102040816326,0.75139146567718,0.8348794063079777,2.922077922077922,0.75139146567718,0.09183673469387756,0.8348794063079777,0.5009276437847866,1.50278293135436,12.356215213358071,30.38961038961039,0.22631283559572635,-0.09727573938034341,0.981641254298683,0.618025228327723,1.1147170992811664,-0.6495650346555016,-1.3530341561917518,-0.15065608217401466,-0.2121911848584438,0.07645625308654745,-0.20283776620935318,-0.44054243704656487,-0.3650897180439444,-1.8112878376603776,-1.5519813355886598,0.6709090103393013,0.44109986986307226,-0.9801992615872408,1.0,0.16697588126159554,0.08348794063079777,0.2755102040816326,0.150278293135436,0.2755102040816326,1.84,0.58,0.75139146567718,0.8348794063079777,2.922077922077922,0.75139146567718,0.09183673469387756,12.356215213358071,30.38961038961039,0.8348794063079777,0.5009276437847866,1.50278293135436
Rodrigo Muniz,Fulham,Premier League,FW,23.0,964,8,1,5.8,0.7,5.8,3.64,1.77,6,27,31,7,0.2,64.8,5,5,14,157,311,0.7468879668049793,0.09336099585062241,0.5414937759336099,0.06535269709543567,0.5414937759336099,0.5601659751037344,2.520746887966805,2.894190871369294,0.6535269709543569,0.018672199170124484,0.46680497925311204,0.46680497925311204,1.3070539419087137,14.657676348547719,29.03526970954357,3.756058516395516,-0.003378985850770619,2.8038857679407405,-0.3752845074286449,3.088033487581183,-0.7773259515121529,-0.4484840665780887,-0.15933360087926046,-0.35692767434354755,-0.9269771790870427,-0.8516576711382166,-0.5115855390584096,-0.4780132373160762,-1.5827573053445907,-1.6396957829928585,2.5371363521073045,3.4214255177408033,-1.82849475442452,1.0,0.7468879668049793,0.09336099585062241,0.5414937759336099,0.06535269709543567,0.5414937759336099,3.64,1.77,0.5601659751037344,2.520746887966805,2.894190871369294,0.6535269709543569,0.018672199170124484,14.657676348547719,29.03526970954357,0.46680497925311204,0.46680497925311204,1.3070539419087137
Daniel Muñoz,Crystal Palace,Premier League,DF,28.0,3228,4,5,4.9,5.5,4.9,1.03,0.39,62,97,206,46,3.6,75.7,80,44,108,806,2010,0.11152416356877323,0.13940520446096655,0.13661710037174724,0.1533457249070632,0.13661710037174724,1.7286245353159853,2.704460966542751,5.743494423791821,1.2825278810408922,0.10037174721189591,2.2304832713754648,1.2267657992565055,3.011152416356877,22.472118959107807,56.040892193308544,-0.11120463627376803,0.4345200850131831,0.030089267625959985,0.6539026314264376,0.08427737751857906,0.003340561691971146,-0.3499125073973812,0.7272744930135928,0.5733319041349089,0.19351182985323503,2.257250467294755,1.0706465287330669,0.505146168278239,-0.8067986318581029,0.10933478799536193,-0.1688932934563001,-0.034750443663624106,-0.4884337584931662,1.0,0.11152416356877323,0.13940520446096655,0.13661710037174724,0.1533457249070632,0.13661710037174724,1.03,0.39,1.7286245353159853,2.704460966542751,5.743494423791821,1.2825278810408922,0.10037174721189591,22.472118959107807,56.040892193308544,2.2304832713754648,1.2267657992565055,3.011152416356877
Arijanet Muric,Ipswich Town,Premier League,GK,25.0,1620,0,0,0.0,0.0,0.0,0.0,0.0,0,1,0,0,0.0,71.7,0,0,10,405,689,0.0,0.0,0.0,0.0,0.0,0.0,0.05555555555555555,0.0,0.0,0.0,0.0,0.0,0.5555555555555556,22.5,38.27777777777778,-0.7900177606680123,-0.891279865718134,-0.9058698966514711,-1.1396650158946402,-0.9292768100897674,-1.1515821155650607,-1.7711793940028153,-1.0599091291149787,-1.3234600191706214,-1.1830617529230112,-1.6745139740950574,-1.4834695995757803,-0.9115813191555466,-0.8040300997203285,-1.0411008358234266,-1.2367900501346574,-1.0114958240605274,-0.9801992615872408,1.0,0.0,0.0,0.0,0.0,0.0,0.0,0.0,0.0,0.05555555555555555,0.0,0.0,0.0,22.5,38.27777777777778,0.0,0.0,0.5555555555555556
Murillo,Nott'ham Forest,Premier League,DF,22.0,3188,2,0,1.4,1.2,1.4,0.71,0.17,22,115,5,13,1.1,78.5,36,36,249,821,1918,0.05646173149309912,0.0,0.039523212045169384,0.03387703889585947,0.039523212045169384,0.6210790464240903,3.2465495608531993,0.1411543287327478,0.3670012547051443,0.031053952321204517,1.0163111668757843,1.0163111668757843,7.0294855708908415,23.17754077791719,54.146800501882055,-0.44635264687494136,-0.891279865718134,-0.6350976989200185,-0.7434312050891807,-0.6360564374782114,-0.7366289198711007,-0.05905554983890245,-1.0159866168098004,-0.780684282238694,-0.757164509987533,0.1169794473487448,0.6324817452294164,2.8234758275843896,-0.7367516424500479,-0.013336862123101118,-0.5006670431039452,-0.5857350172208516,-0.14419790632731444,1.0,0.05646173149309912,0.0,0.039523212045169384,0.03387703889585947,0.039523212045169384,0.71,0.17,0.6210790464240903,3.2465495608531993,0.1411543287327478,0.3670012547051443,0.031053952321204517,23.17754077791719,54.146800501882055,1.0163111668757843,1.0163111668757843,7.0294855708908415
Jacob Murphy,Newcastle Utd,Premier League,FW,29.0,2360,8,12,5.7,8.9,5.7,1.64,0.57,79,83,231,42,6.2,68.5,19,13,35,733,1271,0.30508474576271183,0.45762711864406774,0.21737288135593222,0.33940677966101696,0.21737288135593222,3.0127118644067794,3.165254237288136,8.809322033898304,1.6016949152542372,0.23644067796610171,0.7245762711864406,0.4957627118644068,1.3347457627118644,27.953389830508478,48.47033898305085,1.066938820302005,3.4609393623774842,0.5833444097337779,2.830116467419436,0.683399740439334,0.8612605701420891,-0.10267445406237899,1.6812576413831446,1.0453633208631898,2.0596634184812594,-0.3972736313020493,-0.4512957820839423,-0.4620367697064409,-0.2625192908537229,-0.380975295099146,0.463550416809523,0.4160551165195619,-1.3736116640625007,1.0,0.30508474576271183,0.45762711864406774,0.21737288135593222,0.33940677966101696,0.21737288135593222,1.64,0.57,3.0127118644067794,3.165254237288136,8.809322033898304,1.6016949152542372,0.23644067796610171,27.953389830508478,48.47033898305085,0.7245762711864406,0.4957627118644068,1.3347457627118644
Jamal Musiala,Bayern Munich,Bundesliga,MF,21.0,1798,12,2,9.3,4.5,9.3,3.4,1.55,71,107,156,41,5.9,82.6,21,8,5,792,1278,0.6006674082313682,0.10011123470522804,0.46551724137931044,0.22525027808676307,0.46551724137931044,3.5539488320355948,5.355951056729699,7.8086763070077865,2.052280311457175,0.2953281423804227,1.0511679644048944,0.40044493882091214,0.25027808676307006,39.6440489432703,63.97107897664071,2.4467742541676856,0.0025259491143380663,2.0803459886620006,1.487049444869103,2.3652907124508937,1.8531750888606153,1.0400922914507067,1.3380794750805975,1.7018998897633661,2.1516036075601908,0.37982508912586116,-0.6983361618737336,-1.1238529500403018,0.8902753805279858,0.4657867829134419,2.2300302089844752,2.734214587796564,0.64518702352398,0.92,0.5526140155728588,0.0921023359288098,0.4282758620689656,0.20723025583982202,0.4282758620689656,3.128,1.4260000000000002,3.2696329254727474,4.927474972191323,7.183982202447164,1.8880978865406008,0.2717018909899889,36.47252502780868,58.853392658509456,1.142573874353146,0.4352662378488175,0.2720413986555109
Phillipp Mwene,Mainz 05,Bundesliga,DF,30.0,2607,1,4,1.5,1.9,1.5,0.72,0.14,62,106,144,22,3.8,75.0,29,24,51,775,1555,0.03452243958573072,0.1380897583429229,0.05178365937859609,0.06559263521288838,0.05178365937859609,2.140391254315305,3.6593785960874565,4.971231300345224,0.7594936708860759,0.13118527042577677,1.001150747986191,0.8285385500575374,1.760644418872267,26.75489067894131,53.682393555811274,-0.5847719604530863,0.3461437744670912,-0.5566125092502042,-0.3833639577833704,-0.5532196451998906,0.619613569334925,0.1436759605634921,0.4354414431817747,-0.2117833767737309,0.24395288792774966,0.2769093170082714,0.09745369781993067,-0.33699260317382634,-0.32436837841188615,-0.14714996077812206,-0.4967304497082619,-0.6521679289106713,-0.2702514552031891,0.92,0.03176064441887227,0.12704257767548907,0.047640966628308405,0.060345224395857315,0.047640966628308405,0.6624,0.12880000000000003,1.9691599539700806,3.3666283084004602,4.573532796317606,0.6987341772151898,0.12069044879171463,24.614499424626008,49.38780207134637,1.088207334767599,0.9005853804973232,1.9137439335568118
Vitaliy Mykolenko,Everton,Premier League,DF,25.0,3082,1,2,0.5,2.6,0.5,0.41,0.03,33,110,99,24,2.2,74.6,38,44,145,697,1678,0.029201817001946784,0.05840363400389357,0.014600908500973392,0.07592472420506165,0.014600908500973392,0.963659961064244,3.2121998702141465,2.890979883192732,0.700843608046723,0.06424399740428294,1.109669046073978,1.2848799480856588,4.234263465282284,20.35366645035691,49.00064892926671,-0.6122753234888575,-0.335837654042509,-0.8058395631055512,-0.25163159306198474,-0.8209535334737433,-0.5077449378205711,-0.07748583340732633,-0.16033275314729933,-0.28694883302437213,-0.3019712853835535,0.28154521408891375,1.191639700288256,1.2108055828415618,-1.0171567700461122,-0.34662954696509507,-0.8117049333986124,-0.9363615640299964,-0.6236692718440378,1.0,0.029201817001946784,0.05840363400389357,0.014600908500973392,0.07592472420506165,0.014600908500973392,0.41,0.03,0.963659961064244,3.2121998702141465,2.890979883192732,0.700843608046723,0.06424399740428294,20.35366645035691,49.00064892926671,1.109669046073978,1.2848799480856588,4.234263465282284
Joakim Mæhle,Wolfsburg,Bundesliga,DF,27.0,2188,3,4,2.0,2.2,2.0,0.74,0.29,59,88,117,20,3.1,80.9,15,25,57,791,1464,0.12340036563071298,0.16453382084095064,0.08226691042047532,0.09049360146252286,0.08226691042047532,2.426873857404022,3.619744058500914,4.812614259597806,0.8226691042047533,0.12751371115173674,0.6170018281535649,1.0283363802559415,2.3446069469835464,32.53656307129799,60.21937842778794,-0.1088557990685317,0.5854013963733258,-0.3623254816172002,-0.09164537686265427,-0.33818831158085655,0.8696167674739975,0.12273429872236445,0.3849827477181868,-0.11826619009799648,0.2012824228147053,-0.5135181702344838,0.4688609860562465,-0.03276378950251867,0.2204827393718399,0.24228348548885306,-0.47638148956876386,-0.29191446968649737,0.44041789012448285,0.92,0.11352833638025595,0.1513711151736746,0.0756855575868373,0.08325411334552103,0.0756855575868373,0.6808000000000001,0.2668,2.2327239488117003,3.330164533820841,4.427605118829982,0.756855575868373,0.1173126142595978,29.933638025594153,55.40182815356491,0.6706541610364835,1.1177569350608059,2.548485811938637
Nathan N'Goumou,Gladbach,Bundesliga,FW,24.0,828,2,1,1.9,1.3,1.9,2.61,1.41,30,16,85,6,1.3,73.6,11,4,16,215,386,0.21739130434782608,0.10869565217391304,0.20652173913043478,0.14130434782608695,0.20652173913043478,3.2608695652173916,1.7391304347826086,9.23913043478261,0.6521739130434783,0.14130434782608695,1.1956521739130435,0.43478260869565216,1.7391304347826086,23.369565217391305,41.95652173913044,0.3944390993356013,0.08019507840039596,0.4296209320359881,0.5036101917809495,0.5383153621709991,1.597415216453581,-0.8709236814100625,1.7931305141613225,-0.37064642370424833,0.3615557119483495,0.677116802760097,-0.6345053342823292,-0.3482008118205512,-0.643393434938029,-0.8457054510364321,1.4262462834743028,2.3979780258540013,-0.43888485917924736,0.92,0.2,0.1,0.19,0.13,0.19,2.4012,1.2972,3.0000000000000004,1.6,8.500000000000002,0.6000000000000001,0.13,21.5,38.6,1.2996219281663515,0.47258979206049145,1.8903591682419658
Stanley N'Soki,Hoffenheim,Bundesliga,DF,25.0,1308,0,0,0.1,0.4,0.1,0.21,0.07,10,52,6,7,0.4,85.8,16,26,58,529,1005,0.0,0.0,0.006880733944954129,0.027522935779816515,0.006880733944954129,0.6880733944954128,3.5779816513761467,0.41284403669724773,0.481651376146789,0.027522935779816515,1.1009174311926606,1.7889908256880733,3.9908256880733943,36.39908256880734,69.15137614678899,-0.7696298623010193,-0.9032492487568731,-0.842804290518653,-0.8293562370932923,-0.8699685354716951,-0.6477726724642937,0.10066833653550303,-1.0146566903963214,-0.6230671365934934,-0.9607995629784671,0.4821899377420025,1.8828533431419305,0.8248720185091228,0.5844774320599853,0.7743971008455199,-1.015628933265462,-0.8202862098819526,1.0306348040406834,0.92,0.0,0.0,0.006330275229357799,0.025321100917431196,0.006330275229357799,0.1932,0.06440000000000001,0.6330275229357798,3.291743119266055,0.3798165137614679,0.44311926605504587,0.025321100917431196,33.487155963302754,63.61926605504588,1.1966493817311528,1.9445552453131232,4.3378540087754285
Iliman Ndiaye,Everton,Premier League,FW,24.0,2430,9,0,6.2,1.9,4.7,1.3,0.56,86,59,122,18,1.4,81.8,28,20,24,621,1084,0.33333333333333337,0.0,0.22962962962962963,0.07037037037037036,0.17407407407407408,3.185185185185185,2.185185185185185,4.518518518518518,0.6666666666666667,0.05185185185185184,1.0370370370370372,0.7407407407407408,0.8888888888888888,23.0,40.148148148148145,1.2388792444658958,-0.891279865718134,0.6673149803270114,-0.31659662124072074,0.36216845006970066,0.9764928518315281,-0.628529278686554,0.3461029075868182,-0.3374947488919979,-0.47192648368633866,0.15351378964247772,0.058746424027092785,-0.7192686055543582,-0.7543810900495752,-0.9199655071038252,0.11104080780890038,0.3910103631760518,0.26150863372529665,1.0,0.33333333333333337,0.0,0.22962962962962963,0.07037037037037036,0.17407407407407408,1.3,0.56,3.185185185185185,2.185185185185185,4.518518518518518,0.6666666666666667,0.05185185185185184,23.0,40.148148148148145,1.0370370370370372,0.7407407407407408,0.8888888888888888
Wilfred Ndidi,Leicester City,Premier League,MF,27.0,2324,0,5,2.0,1.9,2.0,0.85,0.31,18,70,75,17,1.5,80.3,51,31,80,670,1400,0.0,0.19363166953528396,0.0774526678141136,0.07358003442340791,0.0774526678141136,0.6970740103270224,2.710843373493976,2.90447504302926,0.6583476764199656,0.0580895008605852,1.9750430292598966,1.2005163511187609,3.0981067125645434,25.946643717728055,54.216867469879524,-0.7900177606680123,0.9502357284990307,-0.37524427188636744,-0.27905563594239224,-0.35466004841922366,-0.6858554260465541,-0.3464880349269822,-0.15613351016763485,-0.3497981020925487,-0.38637867683262767,1.8069754646803402,1.0159953973692375,0.5553134182671725,-0.4617852051740863,-0.008798945283091204,-0.3555160276331005,-0.23510847041170688,0.07709657006501872,1.0,0.0,0.19363166953528396,0.0774526678141136,0.07358003442340791,0.0774526678141136,0.85,0.31,0.6970740103270224,2.710843373493976,2.90447504302926,0.6583476764199656,0.0580895008605852,25.946643717728055,54.216867469879524,1.9750430292598966,1.2005163511187609,3.0981067125645434
Paul Nebel,Mainz 05,Bundesliga,MF,21.0,2345,10,4,5.8,4.1,5.8,1.69,0.69,67,91,219,35,5.6,73.1,24,13,30,894,1516,0.3837953091684435,0.15351812366737738,0.22260127931769721,0.15735607675906182,0.22260127931769721,2.571428571428571,3.4925373134328357,8.405117270788914,1.3432835820895521,0.21492537313432836,0.9211087420042645,0.4989339019189766,1.1513859275053304,34.31130063965885,58.18336886993603,1.2854854900126733,0.48573480733902236,0.5321049506991125,0.6916586208542658,0.6517417472274251,0.9957645349914019,0.05552219530600597,1.5278171779883525,0.6523878245543885,1.2171713121685683,0.11221432921622101,-0.5152534994187193,-0.654399935194303,0.38772980601167767,0.12099052944335249,0.4901941170573931,0.6687614215779665,-0.49911107488498224,0.92,0.353091684434968,0.1412366737739872,0.20479317697228144,0.14476759061833688,0.20479317697228144,1.5548,0.6348,2.3657142857142857,3.213134328358209,7.732707889125801,1.235820895522388,0.1977313432835821,31.566396588486146,53.52869936034115,1.0012051543524614,0.5423194586075832,1.2515064429405764
David Nemeth,St. Pauli,Bundesliga,DF,23.0,2137,0,1,0.2,0.1,0.2,0.21,0.04,14,65,5,3,0.3,86.4,29,18,94,697,1338,0.0,0.04211511464670099,0.008423022929340197,0.004211511464670099,0.008423022929340197,0.5896116050538137,2.737482452035564,0.21057557323350493,0.12634534394010294,0.012634534394010294,1.2213383247543286,0.7580720636406177,3.958820776789892,29.354234908750584,56.350023397285916,-0.7696298623010193,-0.522204839357613,-0.8329744091153923,-1.1024530941501953,-0.8590891034622005,-0.7336967809075308,-0.34342540296873875,-1.079001623019653,-1.149018741440876,-1.1338309549578736,0.7299688052472091,-0.03353754770891269,0.8081983181898108,-0.07941233230513367,0.011771056001890958,-1.015628933265462,-0.8923369017267874,1.1029062628875663,0.92,0.0,0.03874590547496491,0.007749181094992982,0.003874590547496491,0.007749181094992982,0.1932,0.0368,0.5424426766495086,2.518483855872719,0.19372952737482454,0.11623771642489471,0.011623771642489471,27.00589611605054,51.84202152550304,1.3275416573416614,0.8239913735224106,4.303066061728144
Pedro Neto,Chelsea,Premier League,FW,24.0,2269,4,6,3.5,6.7,3.5,2.34,0.67,126,60,253,46,4.8,78.4,9,9,6,746,1153,0.15866020273248127,0.2379903040987219,0.1388276773909211,0.2657558395769061,0.1388276773909211,4.99779638607316,2.379903040987219,10.03525782282944,1.8245923314235346,0.1903922432789775,0.35698545614808286,0.35698545614808286,0.2379903040987219,29.590127809607758,45.733803437637725,0.17569786980559748,1.3721043075532764,0.045233856508368676,1.9686777581909676,0.10067751768198284,2.1875284111370394,-0.5240536565921037,2.0627279105424776,1.375016987629842,1.4281205742118335,-1.0452410534733254,-0.7402288671783623,-1.094796824914869,-0.09999445134814434,-0.5582081780071724,1.1893054941637464,0.6665026499546656,-0.15649204390466562,1.0,0.15866020273248127,0.2379903040987219,0.1388276773909211,0.2657558395769061,0.1388276773909211,2.34,0.67,4.99779638607316,2.379903040987219,10.03525782282944,1.8245923314235346,0.1903922432789775,29.590127809607758,45.733803437637725,0.35698545614808286,0.35698545614808286,0.2379903040987219
Luca Netz,Gladbach,Bundesliga,DF,21.0,969,0,2,0.2,1.9,0.2,0.28,0.0,16,28,55,16,1.0,81.1,14,10,36,288,666,0.0,0.18575851393188852,0.018575851393188857,0.1764705882352941,0.018575851393188857,1.4860681114551082,2.6006191950464395,5.1083591331269345,1.4860681114551082,0.09287925696594426,1.3003095975232197,0.9287925696594427,3.343653250773994,26.74922600619195,61.85758513931889,-0.7696298623010193,0.7774357933199457,-0.7682646817441575,0.9155880100570272,-0.7874702252268271,0.04860898976259877,-0.41573970813966066,0.4790640673418891,0.8637485827739594,-0.20123546093390884,0.8924606449386333,0.2838174512108396,0.48771253761372113,-0.324902203760318,0.3398777889580421,-0.9444075727772188,-0.9884044908532337,0.46450837640677545,0.92,0.0,0.17089783281733745,0.017089783281733748,0.1623529411764706,0.017089783281733748,0.25760000000000005,0.0,1.3671826625386996,2.3925696594427244,4.69969040247678,1.3671826625386996,0.08544891640866872,24.609287925696595,56.90897832817338,1.4133799973078474,1.0095571409341768,3.6344057073630367
Manuel Neuer,Bayern Munich,Bundesliga,GK,38.0,1980,0,0,0.0,0.5,0.0,0.0,0.0,0,10,0,1,0.1,86.0,0,0,9,638,956,0.0,0.0,0.0,0.022727272727272728,0.0,0.0,0.4545454545454546,0.0,0.045454545454545456,0.004545454545454545,0.0,0.0,0.40909090909090906,29.000000000000004,43.45454545454545,-0.7696298623010193,-0.9032492487568731,-0.8866591058814253,-0.8855381541416929,-0.9185057926831566,-1.248229898570237,-1.5496585904166027,-1.1459891842034466,-1.268759588554095,-1.2278413668052148,-1.7830654199419607,-1.442729475193211,-1.041115729402433,-0.11279459143242723,-0.7564623902815241,-1.2292930147301913,-0.9884044908532337,1.0547252903229778,0.92,0.0,0.0,0.0,0.020909090909090912,0.0,0.0,0.0,0.0,0.4181818181818182,0.0,0.041818181818181824,0.0041818181818181815,26.680000000000003,39.97818181818182,0.0,0.0,0.4446640316205533
Moritz Nicolas,Gladbach,Bundesliga,GK,26.0,1639,0,0,0.0,0.0,0.0,0.0,0.0,0,0,0,0,0.0,84.3,0,1,8,575,838,0.0,0.0,0.0,0.0,0.0,0.0,0.0,0.0,0.0,0.0,0.0,0.05491153142159853,0.43929225137278827,31.57413056741916,46.01586333129958,-0.7696298623010193,-0.9032492487568731,-0.8866591058814253,-1.1517915871101994,-0.9185057926831566,-1.248229898570237,-1.7898263274496862,-1.1459891842034466,-1.336044939666624,-1.2806681483244808,-1.7830654199419607,-1.3406535769817693,-1.0253816401563052,0.12978537882560767,-0.6038747880054987,-1.2292930147301913,-0.9884044908532337,0.8499561569234788,0.92,0.0,0.0,0.0,0.0,0.0,0.0,0.0,0.0,0.0,0.0,0.0,0.0,29.04820012202563,42.33459426479561,0.0,0.059686447197389705,0.47749157757911764
Justin Njinmah,Werder Bremen,Bundesliga,"FW,MF",23.0,952,3,2,3.7,1.6,3.7,2.93,0.76,33,23,103,12,1.5,61.7,2,3,1,230,349,0.28361344537815125,0.18907563025210083,0.34978991596638653,0.1512605042016807,0.34978991596638653,3.119747899159664,2.17436974789916,9.737394957983193,1.134453781512605,0.14180672268907563,0.18907563025210083,0.28361344537815125,0.09453781512605042,21.743697478991596,32.99369747899159,0.7490399384896138,0.8074480262141747,1.3427501843462326,0.6202480676045666,1.5489407409364757,1.4742633480302811,-0.6409567114321838,1.9516366728818346,0.3432617225536429,0.3673942583164818,-1.3940220890792212,-0.9155160387376883,-1.20498945418248,-0.7966113612609861,-1.379655522555518,1.7518296457062719,0.8368797025492478,-1.8722687929757358,0.92,0.2609243697478992,0.17394957983193277,0.3218067226890756,0.13915966386554623,0.3218067226890756,2.6956,0.6992,2.8701680672268908,2.0004201680672273,8.958403361344539,1.0436974789915967,0.1304621848739496,20.00420168067227,30.354201680672265,0.20551698940445742,0.30827548410668615,0.10275849470222871
Eddie Nketiah,Crystal Palace,Premier League,"FW,MF",25.0,1034,3,1,5.8,1.7,5.8,3.74,1.39,41,19,79,13,0.9,74.3,8,3,12,246,412,0.2611218568665377,0.08704061895551257,0.5048355899419729,0.14796905222437137,0.5048355899419729,3.568665377176015,1.653771760154739,6.876208897485493,1.1315280464216635,0.07833655705996131,0.6963249516441006,0.2611218568665377,1.0444874274661509,21.411992263056092,35.86073500967118,0.7993502994465578,-0.06348832974894804,2.552741767436432,0.5910158037711144,2.8160685738123563,1.2327023183529155,-0.9136584875139367,1.0797374026226942,0.3500110150063459,-0.10869533000189836,-0.4470733921988956,-0.9398160786828914,-0.6294978739958409,-0.9120671130270933,-1.1976416337756264,2.6408156488721937,2.46972489068741,-0.660551684576093,1.0,0.2611218568665377,0.08704061895551257,0.5048355899419729,0.14796905222437137,0.5048355899419729,3.74,1.39,3.568665377176015,1.653771760154739,6.876208897485493,1.1315280464216635,0.07833655705996131,21.411992263056092,35.86073500967118,0.6963249516441006,0.2611218568665377,1.0444874274661509
Christopher Nkunku,Chelsea,Premier League,FW,26.0,921,3,2,4.8,2.1,4.8,2.44,1.07,17,25,68,14,1.0,89.5,8,7,10,280,448,0.2931596091205212,0.19543973941368079,0.4690553745928339,0.2052117263843648,0.4690553745928339,1.6612377850162867,2.44299674267101,6.644951140065147,1.3680781758957654,0.09771986970684039,0.7817589576547231,0.6840390879478827,0.9771986970684039,27.36156351791531,43.77850162866449,0.9943541982445453,0.9674312052745659,2.307612714303841,1.2605395774643808,2.550617272313734,-0.041681642076270856,-0.49020080983336867,1.007777712918849,0.6998563335184103,0.15714198854210001,-0.2964753620639702,-0.0593059426004889,-0.6683193090085493,-0.3212864714884116,-0.6848441272973134,1.2929847909286356,1.6682927836950794,1.2081572271813905,1.0,0.2931596091205212,0.19543973941368079,0.4690553745928339,0.2052117263843648,0.4690553745928339,2.44,1.07,1.6612377850162867,2.44299674267101,6.644951140065147,1.3680781758957654,0.09771986970684039,27.36156351791531,43.77850162866449,0.7817589576547231,0.6840390879478827,0.9771986970684039
Felix Nmecha,Dortmund,Bundesliga,MF,23.0,1509,4,1,1.3,1.1,1.3,1.07,0.36,21,85,27,14,1.1,87.9,22,23,30,632,1083,0.23856858846918488,0.05964214711729622,0.0775347912524851,0.06560636182902585,0.0775347912524851,1.2524850894632207,5.069582504970179,1.610337972166998,0.8349900596421471,0.06560636182902585,1.312127236580517,1.371769383697813,1.7892644135188867,37.693836978131216,64.5924453280318,0.5078374673677969,-0.3636257213306181,-0.39248595781742196,-0.3832031484019062,-0.37156906529833805,-0.1552306217857407,0.8887840199769508,-0.6337141288364893,-0.10002775421976529,-0.5181981009489931,0.9167767011942937,1.1072739276409227,-0.3220823536295935,0.7064920221824073,0.5028039772860208,-0.1406236472670461,-0.1237961887152162,1.2835849100047707,0.92,0.21948310139165012,0.05487077534791253,0.0713320079522863,0.06035785288270378,0.0713320079522863,0.9844,0.3312,1.152286282306163,4.664015904572565,1.4815109343936381,0.7681908548707754,0.06035785288270378,34.67833001988072,59.425049701789256,1.4262252571527358,1.4910536779324055,1.944852623390094
Alexander Nübel,Stuttgart,Bundesliga,GK,27.0,3060,0,1,0.0,0.3,0.0,0.0,0.0,0,0,0,3,0.2,77.0,0,0,18,823,1377,0.0,0.029411764705882353,0.0,0.008823529411764706,0.0,0.0,0.0,0.0,0.08823529411764705,0.005882352941176471,0.0,0.0,0.5294117647058824,24.205882352941174,40.5,-0.7696298623010193,-0.6371407837613767,-0.8866591058814253,-1.048422607251838,-0.9185057926831566,-1.248229898570237,-1.7898263274496862,-1.1459891842034466,-1.2054321992717143,-1.2123040781230778,-1.7830654199419607,-1.442729475193211,-0.9784317909619779,-0.5645808881170746,-0.9324760787097401,-1.2292930147301913,-0.9884044908532337,-0.02934659238024968,0.92,0.0,0.027058823529411767,0.0,0.00811764705882353,0.0,0.0,0.0,0.0,0.0,0.0,0.0811764705882353,0.005411764705882354,22.269411764705882,37.260000000000005,0.0,0.0,0.5754475703324808
Matheus Nunes,Manchester City,Premier League,"DF,MF",25.0,1674,1,6,1.2,4.4,1.2,0.48,0.22,63,79,175,23,3.3,86.3,22,15,38,866,1416,0.05376344086021505,0.3225806451612903,0.06451612903225806,0.23655913978494625,0.06451612903225806,3.3870967741935485,4.247311827956989,9.408602150537636,1.2365591397849462,0.17741935483870966,1.1827956989247312,0.8064516129032258,2.043010752688172,46.55913978494624,76.12903225806451,-0.46277630822705945,2.1765927084472363,-0.4638720644098579,1.6271862938078399,-0.4506354645262034,1.1113933280093315,0.4779021934233293,1.8677335966985202,0.5053465305397286,1.2502006314467091,0.4104485674949882,0.19555590999186354,-0.05341168319325425,1.5849948279852715,1.4103516821133746,-0.73912942566319,-0.46051125050329994,0.8147448247061305,1.0,0.05376344086021505,0.3225806451612903,0.06451612903225806,0.23655913978494625,0.06451612903225806,0.48,0.22,3.3870967741935485,4.247311827956989,9.408602150537636,1.2365591397849462,0.17741935483870966,46.55913978494624,76.12903225806451,1.1827956989247312,0.8064516129032258,2.043010752688172
Darwin Núñez,Liverpool,Premier League,FW,25.0,1133,5,2,5.8,1.3,5.8,2.7,1.03,23,27,78,11,0.5,70.9,18,4,12,201,366,0.39717563989408644,0.1588702559576346,0.4607237422771403,0.1032656663724625,0.4607237422771403,1.827007943512798,2.144748455428067,6.195939982347749,0.8737864077669902,0.03971756398940865,1.4298323036187113,0.3177405119152692,0.9532215357458077,15.966460723742276,29.07325684024713,1.627467638211754,0.6196406077013511,2.250532981253994,0.06815449388922752,2.4888053849277045,0.06907214589140755,-0.6502255554837635,0.8680604383792596,-0.03117544162096941,-0.6383452278173768,0.8459101333907505,-0.8219365126640449,-0.6821526478837551,-1.4527976091426602,-1.6372355303938082,1.5625509625173473,1.5681137703210377,-1.0785523622060553,1.0,0.39717563989408644,0.1588702559576346,0.4607237422771403,0.1032656663724625,0.4607237422771403,2.7,1.03,1.827007943512798,2.144748455428067,6.195939982347749,0.8737864077669902,0.03971756398940865,15.966460723742276,29.07325684024713,1.4298323036187113,0.3177405119152692,0.9532215357458077
Antonio Nusa,RB Leipzig,Bundesliga,"MF,DF",19.0,1558,3,3,1.6,2.8,1.6,1.39,0.4,57,52,123,20,2.6,74.2,17,8,11,480,802,0.17329910141206675,0.17329910141206675,0.09242618741976893,0.1617458279845956,0.09242618741976893,3.292682926829268,3.0038510911424905,7.105263157894736,1.1553273427471118,0.15019255455712452,0.9820282413350448,0.4621309370988446,0.6354300385109114,27.727856225930683,46.328626444159184,0.15833782085217893,0.6647069185465007,-0.2975746540764833,0.7430852195360133,-0.26652394485166364,1.6251776078196667,-0.20268446577277496,1.1143121565823386,0.3741603902795616,0.46485349006563936,0.23756271442343557,-0.5836671020555858,-0.92319911401008,-0.2326784088205566,-0.5852422809259353,0.1849597149649224,-0.027728599588769706,-0.3666134003323645,0.92,0.15943517329910142,0.15943517329910142,0.08503209242618742,0.14880616174582798,0.08503209242618742,1.2788,0.36800000000000005,3.029268292682927,2.7635430038510913,6.536842105263157,1.0629011553273429,0.13817715019255455,25.50962772785623,42.62233632862645,1.0674220014511357,0.502316235977005,0.6906848244683819
Ethan Nwaneri,Arsenal,Premier League,"FW,MF",17.0,895,4,2,1.2,1.2,1.2,2.41,0.91,46,33,113,16,1.8,80.5,7,2,4,365,544,0.40223463687150834,0.20111731843575417,0.12067039106145251,0.12067039106145251,0.12067039106145251,4.625698324022347,3.3184357541899443,11.363128491620111,1.6089385474860334,0.18100558659217877,0.7039106145251397,0.20111731843575417,0.40223463687150834,36.70391061452514,54.70391061452514,1.6582601896611724,1.0214272810799403,-0.07916110204537001,0.27172424538782336,-0.03403031570607339,1.9389235341113158,-0.02048510267614203,2.4759169095144418,1.0560762755800226,1.2993849092008563,-0.43370183278717755,-1.0647450255696371,-1.0000380049274153,0.6063900912058183,0.022744610133471926,1.261881001899169,1.2675767301989138,0.10168484521972279,1.0,0.40223463687150834,0.20111731843575417,0.12067039106145251,0.12067039106145251,0.12067039106145251,2.41,0.91,4.625698324022347,3.3184357541899443,11.363128491620111,1.6089385474860334,0.18100558659217877,36.70391061452514,54.70391061452514,0.7039106145251397,0.20111731843575417,0.40223463687150834
Christian Nørgaard,Brentford,Premier League,MF,30.0,2819,5,4,4.3,1.3,4.3,1.25,0.48,14,154,42,18,1.4,81.6,49,49,70,826,1802,0.1596310748492373,0.12770485987938984,0.13728272437034408,0.04150407946080171,0.13728272437034408,0.4469670095778645,4.91663710535651,1.3409010287335934,0.5746718694572543,0.044696700957786446,1.5643845335225257,1.5643845335225257,2.2348350478893226,26.371053565094005,57.53103937566513,0.18160726839576047,0.32324506963786204,0.03464943527521091,-0.6542235456622449,0.08921560259665988,-0.8529560549018207,0.8370278342220351,-0.6426655173651272,-0.473550261534206,-0.5700576010091714,1.0830908734728273,1.7735659082353954,0.05725906904105186,-0.4196421479416163,0.2058448010039668,0.059201159426455804,0.1906523364279689,0.23692035857059257,1.0,0.1596310748492373,0.12770485987938984,0.13728272437034408,0.04150407946080171,0.13728272437034408,1.25,0.48,0.4469670095778645,4.91663710535651,1.3409010287335934,0.5746718694572543,0.044696700957786446,26.371053565094005,57.53103937566513,1.5643845335225257,1.5643845335225257,2.2348350478893226
Jake O'Brien,Everton,Premier League,DF,23.0,1571,2,0,0.8,0.6,0.8,0.34,0.17,7,50,25,6,0.3,79.6,17,4,93,391,900,0.11457670273711011,0.0,0.04583068109484405,0.03437301082113304,0.04583068109484405,0.40101845957988547,2.864417568427753,1.4322087842138764,0.3437301082113304,0.01718650541056652,0.973901973265436,0.22915340547422022,5.327816677275621,22.399745385105028,51.559516231699554,-0.0926247735436901,-0.891279865718134,-0.591885440393266,-0.7376302008571466,-0.5892616976461408,-0.8836550420419308,-0.2640879926336184,-0.6142535936951554,-0.8151010956023942,-0.9473530999842396,0.042223020539787666,-1.0063741269653435,1.8417181398387645,-0.8139851844092446,-0.1809034230163591,-0.8842804411340346,-0.5857350172208516,-0.008962392976444666,1.0,0.11457670273711011,0.0,0.04583068109484405,0.03437301082113304,0.04583068109484405,0.34,0.17,0.40101845957988547,2.864417568427753,1.4322087842138764,0.3437301082113304,0.01718650541056652,22.399745385105028,51.559516231699554,0.973901973265436,0.22915340547422022,5.327816677275621
Matt O'Riley,Brighton,Premier League,MF,23.0,938,2,2,2.8,2.4,2.0,2.01,0.58,22,38,52,21,2.0,76.5,9,13,9,275,525,0.19189765458422176,0.19189765458422176,0.2686567164179104,0.23027718550106607,0.19189765458422176,2.1108742004264394,3.6460554371002134,4.9893390191897655,2.014925373134328,0.19189765458422176,0.863539445628998,1.2473347547974414,0.863539445628998,26.385927505330493,50.373134328358205,0.37800396936643366,0.9337445440732057,0.9346882405934551,1.553711079729677,0.4944005397208335,0.2587278928276309,0.15529882859945782,0.49260652118421977,1.6565096409998445,1.4487669163506933,-0.15231753817745566,1.1134709220454755,-0.7338936662191251,-0.41816519513632916,-0.2577399491530425,0.8471638148396125,0.44109986986307226,-0.3900806578743517,1.0,0.19189765458422176,0.19189765458422176,0.2686567164179104,0.23027718550106607,0.19189765458422176,2.01,0.58,2.1108742004264394,3.6460554371002134,4.9893390191897655,2.014925373134328,0.19189765458422176,26.385927505330493,50.373134328358205,0.863539445628998,1.2473347547974414,0.863539445628998
Dara O'Shea,Ipswich Town,Premier League,DF,25.0,3122,0,2,1.3,0.5,1.3,0.63,0.06,3,80,8,3,0.7,78.2,31,33,225,897,2022,0.0,0.05765534913516976,0.037475976937860346,0.01441383728379244,0.037475976937860346,0.08648302370275465,2.3062139654067906,0.23062139654067904,0.08648302370275465,0.020179372197309416,0.8936579115951313,0.9513132607303011,6.486226777706598,25.85842408712364,58.28955797565663,-0.7900177606680123,-0.34295414618441317,-0.6491232378525712,-0.971077386590801,-0.6512447536581456,-1.0938013753108962,-0.5635914379687503,-0.988147453661342,-1.1955561324112227,-0.9063066753693413,-0.0992264816182969,0.49715664854584657,2.510049109469484,-0.4705452397601439,0.25497057919500354,-0.5836104805158564,-0.8612273039994655,-0.1810803190593697,1.0,0.0,0.05765534913516976,0.037475976937860346,0.01441383728379244,0.037475976937860346,0.63,0.06,0.08648302370275465,2.3062139654067906,0.23062139654067904,0.08648302370275465,0.020179372197309416,25.85842408712364,58.28955797565663,0.8936579115951313,0.9513132607303011,6.486226777706598
Wilson Odobert,Tottenham,Premier League,"FW,MF",19.0,850,1,0,1.6,1.0,1.6,1.38,0.42,45,27,66,6,0.8,77.4,5,4,5,265,381,0.10588235294117646,0.0,0.16941176470588235,0.10588235294117646,0.16941176470588235,4.764705882352941,2.8588235294117643,6.988235294117647,0.6352941176470589,0.08470588235294117,0.5294117647058824,0.4235294117647058,0.5294117647058824,28.058823529411764,40.34117647058824,-0.1455445943313593,-0.891279865718134,0.2547644110700355,0.09875987513261936,0.32757905261361475,2.031796785732025,-0.26708946727398325,1.1145962753810117,-0.38389311455216835,-0.02134161561537133,-0.7412981199181227,-0.6016849084334319,-0.9266646692419144,-0.25204993338077775,-0.9074639460967698,0.19398424522081148,0.04038381636690685,-0.27943341967818425,1.0,0.10588235294117646,0.0,0.16941176470588235,0.10588235294117646,0.16941176470588235,1.38,0.42,4.764705882352941,2.8588235294117643,6.988235294117647,0.6352941176470589,0.08470588235294117,28.058823529411764,40.34117647058824,0.5294117647058824,0.4235294117647058,0.5294117647058824
Tim Oermann,Bochum,Bundesliga,DF,20.0,2213,0,2,0.2,0.6,0.2,0.37,0.0,15,61,16,7,0.7,82.4,31,22,64,605,1172,0.0,0.08133755083596927,0.008133755083596927,0.024401265250790782,0.008133755083596927,0.6100316312697696,2.480795300497063,0.6507004066877542,0.28468142792589246,0.028468142792589246,1.2607320379575238,0.894713059195662,2.602801626751017,24.604609127880703,47.663804789877986,-0.7696298623010193,-0.16733248157547334,-0.8348180769663722,-0.8659270788710798,-0.8611296223870955,-0.7158769489001688,-0.4790509420517728,-0.9389906580402055,-0.9146373633360073,-0.9498144692205381,0.8110255833163238,0.2204665201561588,0.10174871316774207,-0.5270058208574179,-0.5057005480418137,-0.8528372521494776,-0.9884044908532337,0.6210965372416875,0.92,0.0,0.07483054676909173,0.007483054676909174,0.022449164030727522,0.007483054676909174,0.34040000000000004,0.0,0.561229100768188,2.282331676457298,0.5986443741527339,0.26190691369182106,0.026190691369182107,22.636240397650248,43.85070040668775,1.3703609108233954,0.9725141947778935,2.8291322029902353
Caleb Okoli,Leicester City,Premier League,DF,23.0,1125,1,0,0.6,0.0,0.6,0.32,0.16,3,32,2,0,0.2,86.3,14,15,79,468,806,0.08,0.0,0.048,0.0,0.048,0.24,2.56,0.16,0.0,0.016,1.1199999999999999,1.2000000000000002,6.32,37.44,64.48,-0.3030824794358744,-0.891279865718134,-0.5770235094637108,-1.1396650158946402,-0.5731676489904758,-0.9912341412775038,-0.4274228583908919,-1.0101224733891445,-1.3234600191706214,-0.9636257269871236,0.29975601074148,1.0149203586608744,2.4141465413876717,0.6794823092417782,0.6558971771660677,-0.9050163004870124,-0.610779770564362,0.8147448247061305,1.0,0.08,0.0,0.048,0.0,0.048,0.32,0.16,0.24,2.56,0.16,0.0,0.016,37.44,64.48,1.1199999999999999,1.2000000000000002,6.32
Finn Ole Becker,Hoffenheim,Bundesliga,MF,24.0,670,0,1,0.1,0.3,0.1,0.54,0.27,3,45,7,8,0.4,82.5,5,10,20,256,461,0.0,0.13432835820895522,0.013432835820895522,0.04029850746268657,0.013432835820895522,0.40298507462686567,6.044776119402985,0.9402985074626866,1.0746268656716418,0.05373134328358209,0.6716417910447761,1.3432835820895521,2.6865671641791042,34.38805970149254,61.92537313432836,-0.7696298623010193,0.31211180032703556,-0.8010440335015653,-0.6796884850705192,-0.823749475619587,-0.8965591291314725,1.4040461157813195,-0.8468647281591585,0.2547012717101861,-0.6562082832012185,-0.40109060284745346,1.0543212288150352,0.14538831134660055,0.39496339826699145,0.3439161817383642,-0.6798710909637442,-0.3399482642497205,0.6331417803828338,0.92,0.0,0.12358208955223882,0.012358208955223882,0.037074626865671645,0.012358208955223882,0.4968000000000001,0.24840000000000004,0.37074626865671645,5.561194029850746,0.8650746268656717,0.9886567164179105,0.049432835820895527,31.637014925373137,56.971343283582094,0.7300454250486695,1.460090850097339,2.920181700194678
Michael Olise,Bayern Munich,Bundesliga,"FW,MF",22.0,2334,12,15,9.7,12.0,9.7,3.32,1.39,119,184,381,90,12.5,81.4,23,8,16,1305,1957,0.4627249357326478,0.5784061696658098,0.37403598971722357,0.4627249357326478,0.37403598971722357,4.5886889460154245,7.095115681233934,14.691516709511568,3.4704370179948585,0.4820051413881748,0.8868894601542417,0.30848329048843187,0.6169665809768637,50.321336760925455,75.46272493573265,1.708131320822687,4.329989201668698,1.4972841477462966,4.269100929883557,1.7199745183542838,2.7561560550648223,1.9590130022800905,3.527624470737513,3.801165672266841,4.321143516636232,0.04180449706115501,-0.8692850975803489,-0.9328180801448103,1.8964777053153086,1.1503885338390036,2.148634368426483,2.3499442312907783,0.5006441058302177,0.92,0.425706940874036,0.532133676092545,0.3441131105398457,0.425706940874036,0.3441131105398457,3.0544,1.2788,4.221593830334191,6.527506426735219,13.516195372750643,3.19280205655527,0.4434447300771208,46.29562982005142,69.42570694087404,0.9640102827763497,0.3353079244439477,0.6706158488878954
Jonas Omlin,Gladbach,Bundesliga,GK,30.0,978,0,0,0.0,0.0,0.0,0.0,0.0,0,0,0,0,0.0,73.1,0,0,5,353,544,0.0,0.0,0.0,0.0,0.0,0.0,0.0,0.0,0.0,0.0,0.0,0.0,0.4601226993865031,32.484662576687114,50.061349693251536,-0.7696298623010193,-0.9032492487568731,-0.8866591058814253,-1.1517915871101994,-0.9185057926831566,-1.248229898570237,-1.7898263274496862,-1.1459891842034466,-1.336044939666624,-1.2806681483244808,-1.7830654199419607,-1.442729475193211,-1.014529535470837,0.21559175963738667,-0.36286953457210464,-1.2292930147301913,-0.9884044908532337,-0.49911107488498224,0.92,0.0,0.0,0.0,0.0,0.0,0.0,0.0,0.0,0.0,0.0,0.0,0.0,29.885889570552145,46.056441717791415,0.0,0.0,0.5001333688983729
Amadou Onana,Aston Villa,Premier League,MF,22.0,1617,3,0,2.1,0.7,2.1,0.95,0.33,29,75,16,10,0.8,87.7,30,26,41,553,998,0.16697588126159554,0.0,0.11688311688311688,0.03896103896103896,0.11688311688311688,1.614100185528757,4.174397031539888,0.8905380333951763,0.5565862708719852,0.04452690166975881,1.6697588126159555,1.4471243042671613,2.282003710575139,30.779220779220783,55.547309833024116,0.22631283559572635,-0.891279865718134,-0.10510759018776929,-0.6839675451703238,-0.062127878841492366,-0.07317505287045248,0.4387798505637627,-0.7828034386186848,-0.5002979196801194,-0.5723863560698919,1.2688384416763512,1.5294310921752867,0.08447246959519736,0.018080125347339195,0.07736771751005937,-0.2518367308682114,-0.18501896372468615,0.9868627507890573,1.0,0.16697588126159554,0.0,0.11688311688311688,0.03896103896103896,0.11688311688311688,0.95,0.33,1.614100185528757,4.174397031539888,0.8905380333951763,0.5565862708719852,0.04452690166975881,30.779220779220783,55.547309833024116,1.6697588126159555,1.4471243042671613,2.282003710575139
André Onana,Manchester Utd,Premier League,GK,28.0,3060,0,0,0.0,0.2,0.0,0.0,0.0,0,1,0,1,0.2,72.6,2,0,11,961,1371,0.0,0.0,0.0,0.005882352941176471,0.0,0.0,0.029411764705882353,0.0,0.029411764705882353,0.005882352941176471,0.058823529411764705,0.0,0.32352941176470584,28.264705882352942,40.32352941176471,-0.7900177606680123,-0.891279865718134,-0.9058698966514711,-1.0708636330597923,-0.9292768100897674,-1.1515821155650607,-1.7852068122982578,-1.0599091291149787,-1.2799615513642115,-1.1023867433877583,-1.5708233236309537,-1.4834695995757803,-1.0454460511720602,-0.23160622351634982,-0.9086068653310491,-1.2367900501346574,-1.0114958240605274,-0.8695520233910751,1.0,0.0,0.0,0.0,0.005882352941176471,0.0,0.0,0.0,0.0,0.029411764705882353,0.0,0.029411764705882353,0.005882352941176471,28.264705882352942,40.32352941176471,0.058823529411764705,0.0,0.32352941176470584
Paul Onuachu,Southampton,Premier League,FW,30.0,1050,4,1,3.6,0.5,3.6,2.91,1.29,7,13,40,8,0.3,60.8,2,1,16,214,440,0.34285714285714286,0.08571428571428572,0.3085714285714286,0.04285714285714286,0.3085714285714286,0.6000000000000001,1.1142857142857143,3.428571428571429,0.6857142857142857,0.02571428571428571,0.17142857142857143,0.08571428571428572,1.3714285714285714,18.34285714285714,37.714285714285715,1.2968477303268644,-0.07610229601133563,1.208142592412702,-0.6383977980978921,1.359996368405679,-0.7507121798461683,-1.203119050959874,0.006947779295752614,-0.309324312598323,-0.8303967112403348,-1.3723297927425262,-1.305013173987448,-0.44087305824597117,-1.2168261515543055,-1.0775956378280591,1.7802774857236143,2.219277357252307,-2.3202602575185947,1.0,0.34285714285714286,0.08571428571428572,0.3085714285714286,0.04285714285714286,0.3085714285714286,2.91,1.29,0.6000000000000001,1.1142857142857143,3.428571428571429,0.6857142857142857,0.02571428571428571,18.34285714285714,37.714285714285715,0.17142857142857143,0.08571428571428572,1.3714285714285714
Frank Onyeka,Augsburg,Bundesliga,MF,26.0,2586,0,1,1.4,1.3,1.4,0.84,0.21,46,106,71,17,2.0,83.6,45,36,36,754,1339,0.0,0.03480278422273782,0.048723897911832945,0.04524361948955916,0.048723897911832945,1.6009280742459397,3.689095127610209,2.4709976798143853,0.5916473317865429,0.06960556844547564,1.5661252900232019,1.2529002320185614,1.2529002320185614,26.241299303944317,46.60092807424594,-0.7696298623010193,-0.5883645221960769,-0.5761141024308889,-0.6217557507134973,-0.5748034515941068,0.14884320198437992,0.15937725524573398,-0.3599240878590216,-0.46024257367755467,-0.47171975382992215,1.4394048612180854,0.886306216248355,-0.6015137054346377,-0.37276801363181444,-0.5690202207092447,-0.37463668887127366,-0.48404964793939015,0.7656394549354497,0.92,0.0,0.032018561484918794,0.04482598607888631,0.04162412993039443,0.04482598607888631,0.7728,0.1932,1.4728538283062647,3.3939675174013924,2.2733178654292345,0.5443155452436196,0.06403712296983759,24.141995359628773,42.87285382830627,1.7023100978513064,1.361848078281045,1.361848078281045
Loïs Openda,RB Leipzig,Bundesliga,"FW,MF",24.0,2453,9,5,9.0,3.4,8.2,2.83,1.14,58,47,229,28,2.3,63.8,4,5,12,521,904,0.330207908683245,0.18344883815735835,0.330207908683245,0.12474520994700367,0.30085609457806767,2.128006522625357,1.7244190786791684,8.401956787607013,1.0273134936812067,0.08438646555238483,0.14675907052588666,0.18344883815735835,0.44027721157766,19.115368935996738,33.167549938850385,0.9985401136704639,0.7565385679700304,1.217942958735599,0.30961739025954016,1.203757582560428,0.608805853623048,-0.8786967062389748,1.526811776187626,0.18466434108291524,-0.29993776496232516,-1.48109293646758,-1.1017135820653012,-1.0248685023088981,-1.0442988204201689,-1.3692984597948192,1.6500848450087815,1.7495217992504883,-1.6193186870116503,0.92,0.3037912759885854,0.16877293110476968,0.3037912759885854,0.11476559315124338,0.27678760701182226,2.6036,1.0488,1.9577660008153284,1.586465552384835,7.729800244598452,0.9451284141867102,0.07763554830819404,17.586139421117,30.514145943742356,0.1595207288324855,0.1994009110406069,0.47856218649745647
Gift Orban,Hoffenheim,Bundesliga,FW,22.0,687,4,0,3.4,0.2,3.4,1.44,0.52,8,7,35,2,0.9,70.8,1,0,3,108,208,0.5240174672489083,0.0,0.4454148471615721,0.026200873362445417,0.4454148471615721,1.0480349344978166,0.9170305676855895,4.585152838427947,0.26200873362445415,0.11790393013100436,0.13100436681222707,0.0,0.3930131004366812,14.148471615720524,27.248908296943235,2.036335495006468,-0.9032492487568731,1.952222042318301,-0.844844398011135,2.2234867876780013,-0.3336470144403112,-1.30529578374102,0.3126235199426448,-0.9481992476642723,0.08959858628005758,-1.5135099243223624,-1.442729475193211,-1.0494918364604153,-1.512367464442111,-1.7218948107070045,0.23583211531366755,0.2604741677905695,-0.7761516671313622,0.92,0.48209606986899567,0.0,0.40978165938864636,0.024104803493449786,0.40978165938864636,1.3248,0.47840000000000005,0.9641921397379913,0.8436681222707424,4.218340611353712,0.24104803493449783,0.10847161572052402,13.016593886462882,25.068995633187775,0.1423960508828555,0.0,0.4271881526485665
Willi Orban,RB Leipzig,Bundesliga,DF,31.0,2222,5,0,4.0,1.0,4.0,0.89,0.28,15,106,8,8,0.7,87.4,21,21,169,1083,2101,0.20252025202520252,0.0,0.162016201620162,0.0405040504050405,0.162016201620162,0.6075607560756076,4.293429342934294,0.324032403240324,0.324032403240324,0.02835283528352835,0.8505850585058506,0.8505850585058506,6.845184518451846,43.86588658865887,85.0990099009901,0.31480881933165605,-0.9032492487568731,0.14596192912318717,-0.6772805184534552,0.22436967865062593,-0.7180331939708398,0.4786887332390433,-1.0429091350587003,-0.8563869911416634,-0.9511545606300501,-0.0328956920824,0.13843629462659235,2.31191640741344,1.2881313647640205,1.7244592616631145,-0.32376428852252853,-0.31593136696810886,1.223358694299036,0.92,0.1863186318631863,0.0,0.14905490549054906,0.037263726372637265,0.14905490549054906,0.8188000000000001,0.25760000000000005,0.5589558955895589,3.9499549954995508,0.2981098109810981,0.2981098109810981,0.026084608460846082,40.35661566156616,78.2910891089109,0.9245489766367941,0.9245489766367941,7.440417954838963
Ivan Ordets,Bochum,Bundesliga,DF,32.0,1861,0,0,0.7,0.7,0.7,0.53,0.0,2,48,4,7,1.8,80.0,8,41,139,510,1156,0.0,0.0,0.0338527673293928,0.0338527673293928,0.0338527673293928,0.09672219236969372,2.321332616872649,0.19344438473938744,0.338527673293928,0.08704997313272435,0.3868887694787749,1.9828049435787212,6.722192369693714,24.664159054271895,55.90542718968297,-0.7696298623010193,-0.9032492487568731,-0.6708962421191773,-0.7552013043650623,-0.6797056169560521,-1.1638238747393317,-0.5633060841598284,-1.0844513364872654,-0.8349299657710546,-0.2689827676975942,-0.987000399025619,2.2431374156776394,2.247840796896799,-0.5213939767824972,-0.014715257905041695,-0.6900455710334933,-0.9884044908532337,0.33201070185415943,0.92,0.0,0.0,0.031144545943041373,0.031144545943041373,0.031144545943041373,0.48760000000000003,0.0,0.08898441698011822,2.1356260075228373,0.17796883396023644,0.3114454594304138,0.0800859752821064,22.691026329930146,51.432993014508334,0.4205312711725814,2.1552227647594795,7.3067308366236015
Stefan Ortega,Manchester City,Premier League,GK,31.0,1100,0,0,0.0,0.0,0.0,0.0,0.0,0,0,0,0,0.0,81.3,0,0,11,323,492,0.0,0.0,0.0,0.0,0.0,0.0,0.0,0.0,0.0,0.0,0.0,0.0,0.9,26.427272727272726,40.25454545454545,-0.7900177606680123,-0.891279865718134,-0.9058698966514711,-1.1396650158946402,-0.9292768100897674,-1.1515821155650607,-1.8009876578806308,-1.0599091291149787,-1.3234600191706214,-1.1830617529230112,-1.6745139740950574,-1.4834695995757803,-0.7128581817676519,-0.4140596964882304,-0.9130746405195959,-1.2367900501346574,-1.0114958240605274,0.20003794583853735,1.0,0.0,0.0,0.0,0.0,0.0,0.0,0.0,0.0,0.0,0.0,0.0,0.0,26.427272727272726,40.25454545454545,0.0,0.0,0.9
Patrick Osterhage,Freiburg,Bundesliga,MF,24.0,2267,1,0,1.7,1.4,1.7,0.83,0.12,26,73,50,16,2.1,83.7,29,18,37,636,1259,0.03970004411116012,0.0,0.0674900749889722,0.05558006175562417,0.0674900749889722,1.0322011468901633,2.8981032201146895,1.985002205558006,0.6352007057785619,0.08337009263343627,1.1513012792236437,0.7146007940008822,1.4689016321129247,25.24922805469784,49.982355535950596,-0.5570473523241507,-0.9032492487568731,-0.4565066248904214,-0.500662768240592,-0.44242531127422074,-0.3474645988167778,-0.25855836491056433,-0.5145272598551166,-0.3957714843314122,-0.31174994119123184,0.5858600936130706,-0.11434696569433803,-0.4889827697347236,-0.46625845936990523,-0.3675755217382274,-0.3848111689410227,-0.7002017234738945,0.7776846980765977,0.92,0.03652404058226731,0.0,0.062090868989854435,0.05113365681517423,0.062090868989854435,0.7636,0.1104,0.9496250551389502,2.6662549625055143,1.8262020291133656,0.584384649316277,0.07670048522276136,23.229289810322015,45.98376709307455,1.251414433938743,0.7767399934792197,1.5966322088183964
Dango Ouattara,Bournemouth,Premier League,FW,22.0,2005,7,4,8.4,5.5,8.4,2.78,0.9,79,43,191,35,3.3,60.0,26,11,51,492,959,0.314214463840399,0.1795511221945137,0.3770573566084788,0.2468827930174564,0.3770573566084788,3.5461346633416455,1.9301745635910224,8.57356608478803,1.5710723192019949,0.14812967581047382,1.167082294264339,0.4937655860349128,2.28927680798005,22.084788029925186,43.04738154613466,1.1225085932986143,0.8163240209494733,1.677337384249887,1.7479341689195442,1.8680894179969374,1.2176491753421081,-0.7653549088887961,1.607898264672704,1.0000740965732664,0.8484999585158478,0.38274990394087854,-0.455453781348728,0.08866859688986987,-0.8452598259556424,-0.7321954289078154,1.6454943999292582,1.2425319768554033,-2.418613358137409,1.0,0.314214463840399,0.1795511221945137,0.3770573566084788,0.2468827930174564,0.3770573566084788,2.78,0.9,3.5461346633416455,1.9301745635910224,8.57356608478803,1.5710723192019949,0.14812967581047382,22.084788029925186,43.04738154613466,1.167082294264339,0.4937655860349128,2.28927680798005
Exequiel Palacios,Leverkusen,Bundesliga,MF,25.0,1155,1,6,1.5,2.3,1.5,1.01,0.62,15,97,40,28,2.4,90.1,15,13,15,660,1144,0.07792207792207792,0.4675324675324675,0.11688311688311688,0.17922077922077922,0.11688311688311688,1.168831168831169,7.558441558441558,3.116883116883117,2.1818181818181817,0.18701298701298702,1.168831168831169,1.012987012987013,1.168831168831169,51.42857142857142,89.14285714285714,-0.35237916955854226,3.3268385584442632,-0.14169678777095482,0.9478069128700232,-0.09400277407807056,-0.2282324287694917,2.203820042643302,-0.15445728290636324,1.8936519137347783,0.892776577039601,0.621929716300429,0.4403278089549993,-0.6453114323927016,2.0008208789467523,1.9653668663798576,-0.20167052768554028,0.5006431406066854,1.5485802591100029,0.92,0.07168831168831169,0.43012987012987014,0.10753246753246753,0.16488311688311688,0.10753246753246753,0.9292,0.5704,1.0753246753246755,6.953766233766234,2.8675324675324676,2.0072727272727273,0.17205194805194807,47.31428571428571,82.01142857142857,1.2704686617730097,1.101072840203275,1.2704686617730097
João Palhinha,Bayern Munich,Bundesliga,MF,29.0,673,0,0,0.7,0.2,0.7,1.34,0.4,3,32,7,4,0.5,92.4,14,4,9,330,631,0.0,0.0,0.09361069836552749,0.026745913818722142,0.09361069836552749,0.40118870728083206,4.279346210995542,0.9361069836552749,0.5349182763744428,0.06686478454680535,1.8722139673105498,0.5349182763744428,1.2035661218424962,44.13075780089153,84.38335809806836,-0.7696298623010193,-0.9032492487568731,-0.2900250947944363,-0.8384591667371575,-0.2581683082431248,-0.8981267551468014,0.4712476425972929,-0.848198120979564,-0.544217330734631,-0.5035728481153691,2.0692150508890883,-0.4483615871186047,-0.6272154535603903,1.3130922007056212,1.6818251186450177,0.13408731461617746,-0.027728599588769706,1.8256208513563845,0.92,0.0,0.0,0.0861218424962853,0.02460624071322437,0.0861218424962853,1.2328000000000001,0.36800000000000005,0.3690936106983655,3.936998514115899,0.861218424962853,0.4921248142644874,0.061515601783060925,40.600297176820206,77.6326894502229,2.035015181859293,0.5814329091026552,1.3082240454809742
Alex Palmer,Ipswich Town,Premier League,GK,27.0,1170,0,0,0.0,0.0,0.0,0.0,0.0,0,1,0,1,0.0,70.7,0,0,12,210,470,0.0,0.0,0.0,0.0,0.0,0.0,0.07692307692307693,0.0,0.07692307692307693,0.0,0.0,0.0,0.9230769230769231,16.153846153846153,36.15384615384615,-0.7900177606680123,-0.891279865718134,-0.9058698966514711,-1.1396650158946402,-0.9292768100897674,-1.1515821155650607,-1.7597146771267322,-1.0599091291149787,-1.209694795676934,-1.1830617529230112,-1.6745139740950574,-1.4834695995757803,-0.699544224672185,-1.4341906070798889,-1.1786581664562723,-1.2367900501346574,-1.0114958240605274,-1.1031406373607593,1.0,0.0,0.0,0.0,0.0,0.0,0.0,0.0,0.0,0.07692307692307693,0.0,0.07692307692307693,0.0,16.153846153846153,36.15384615384615,0.0,0.0,0.9230769230769231
Cole Palmer,Chelsea,Premier League,"MF,FW",22.0,3191,15,8,17.3,10.9,13.3,3.41,1.24,120,214,187,87,9.1,77.0,20,11,20,1173,1851,0.42306486994672515,0.22563459730492008,0.48793481667188976,0.30742713882795364,0.3751175180194297,3.3845189595738012,6.035725477906612,5.2742087120025065,2.4537762456910057,0.2566593544343466,0.5640864932623002,0.3102475712942651,0.5640864932623002,33.08367282983391,52.20620495142589,1.7850473821688184,1.254596532131163,2.436955137633384,2.4560750704004275,1.8536978702341393,1.109671047374476,1.4374733014302692,0.5812484544516702,2.3055472197583757,2.3369575443484534,-0.6801755522205422,-0.8375367523350283,-0.9066594958157064,0.24690764964069561,-0.13902035435558058,2.2986739695480596,2.094053590534755,-0.3286099699875924,1.0,0.42306486994672515,0.22563459730492008,0.48793481667188976,0.30742713882795364,0.3751175180194297,3.41,1.24,3.3845189595738012,6.035725477906612,5.2742087120025065,2.4537762456910057,0.2566593544343466,33.08367282983391,52.20620495142589,0.5640864932623002,0.3102475712942651,0.5640864932623002
Emerson Palmieri,West Ham,Premier League,DF,29.0,2113,2,1,2.0,1.5,2.0,0.68,0.3,47,66,83,16,2.2,79.9,31,21,59,555,1325,0.08518693800283957,0.04259346900141978,0.08518693800283957,0.06389020350212968,0.08518693800283957,2.0018930430667297,2.8111689540937057,3.535257927117842,0.6814955040227165,0.09370563180312352,1.3203975390440132,0.8944628490298154,2.513014671083767,23.63937529578798,56.43634642688121,-0.27151119049654504,-0.48619872601527636,-0.3222570466968564,-0.39239017630175976,-0.29727995532292234,0.18591577691870204,-0.2926584700831699,0.040145054131533756,-0.3155636709444848,0.10208771274504766,0.6530049807144298,0.3787945671174191,0.21775150365629084,-0.6908923895619391,0.13494654881891316,-0.5317708321334118,-0.26015322375521727,0.02792001975561232,1.0,0.08518693800283957,0.04259346900141978,0.08518693800283957,0.06389020350212968,0.08518693800283957,0.68,0.3,2.0018930430667297,2.8111689540937057,3.535257927117842,0.6814955040227165,0.09370563180312352,23.63937529578798,56.43634642688121,1.3203975390440132,0.8944628490298154,2.513014671083767
Lucas Paquetá,West Ham,Premier League,"MF,FW",26.0,2380,4,0,5.3,3.1,3.7,1.47,0.11,26,155,85,36,3.3,77.3,37,18,37,921,1796,0.1512605042016807,0.0,0.2004201680672269,0.11722689075630252,0.13991596638655462,0.9831932773109243,5.8613445378151265,3.214285714285714,1.361344537815126,0.12478991596638656,1.3991596638655461,0.680672268907563,1.3991596638655461,34.82773109243698,67.91596638655462,0.13065819124149225,-0.891279865718134,0.46720194060834713,0.23144825631411164,0.10875146937507953,-0.4946944057735985,1.3439094260351154,-0.059730777479918264,0.6898976335832063,0.5284009493605655,0.7918422119439844,-0.0663156316684344,-0.42487393333293116,0.42008918073336937,0.8784289945527898,0.2872956123092117,-0.7360035372819137,-0.2917275572555372,1.0,0.1512605042016807,0.0,0.2004201680672269,0.11722689075630252,0.13991596638655462,1.47,0.11,0.9831932773109243,5.8613445378151265,3.214285714285714,1.361344537815126,0.12478991596638656,34.82773109243698,67.91596638655462,1.3991596638655461,0.680672268907563,1.3991596638655461
Thomas Partey,Arsenal,Premier League,"MF,DF",31.0,2797,4,2,2.3,2.1,2.3,0.84,0.29,36,185,48,20,2.6,87.4,53,35,49,1256,2193,0.1287093314265284,0.0643546657132642,0.07400786557025384,0.06757239899892743,0.07400786557025384,1.1583839828387559,5.95280657847694,1.544511977118341,0.6435466571326421,0.08366106542724348,1.7053986414015017,1.1262066499821237,1.5766893099749733,40.41473006792992,70.5648909545942,-0.006603829475799122,-0.27924093243809245,-0.3988444963128169,-0.34932235215361085,-0.3802168325278457,-0.3776465943344498,1.3929832696064304,-0.5793085911823647,-0.37168803856558624,-0.035671020240724605,1.331662231172795,0.8612832214364533,-0.3224503093690434,0.9748671130628448,1.04998771542761,-0.3658839573095894,-0.28519797709872763,0.949980338057002,1.0,0.1287093314265284,0.0643546657132642,0.07400786557025384,0.06757239899892743,0.07400786557025384,0.84,0.29,1.1583839828387559,5.95280657847694,1.544511977118341,0.6435466571326421,0.08366106542724348,40.41473006792992,70.5648909545942,1.7053986414015017,1.1262066499821237,1.5766893099749733
Felix Passlack,Bochum,Bundesliga,"DF,MF",26.0,2334,1,6,1.3,3.9,1.3,1.0,0.23,43,65,118,25,3.7,66.2,23,18,63,588,1290,0.038560411311053984,0.2313624678663239,0.05012853470437019,0.15038560411311053,0.05012853470437019,1.6580976863753212,2.506426735218509,4.55012853470437,0.9640102827763496,0.14267352185089974,0.8868894601542417,0.6940874035989717,2.429305912596401,22.673521850899743,49.74293059125964,-0.5631497637073771,1.190046131413355,-0.5671615564261635,0.6099984809127713,-0.5648950293482418,0.198733093079406,-0.46550808596905874,0.301481711552546,0.09095800809267164,0.3774681045038902,0.04180449706115501,-0.15247962556427133,0.011362099723502538,-0.7089869138698737,-0.38183899077775163,-0.2118450077552893,-0.43601585337616694,-1.3302328516241222,0.92,0.03547557840616967,0.212853470437018,0.046118251928020576,0.1383547557840617,0.046118251928020576,0.92,0.2116,1.5254498714652955,2.3059125964010283,4.18611825192802,0.8868894601542416,0.13125964010282776,20.859640102827765,45.763496143958875,0.9640102827763497,0.7544428299988822,2.640549904996088
Aleksandar Pavlovic,Bayern Munich,Bundesliga,MF,20.0,1451,1,0,0.6,0.2,0.6,0.56,0.25,15,128,33,7,1.9,93.3,21,5,14,1035,1648,0.06202618883528601,0.0,0.0372157133011716,0.012405237767057204,0.0372157133011716,0.9303928325292902,7.939352170916609,2.046864231564438,0.43418332184700204,0.11784975878704342,1.3025499655410062,0.31013094417643006,0.8683666436940041,64.19710544452101,102.21915920055133,-0.43749716063488486,-0.9032492487568731,-0.6494622823341908,-1.006462352850339,-0.6559831223898763,-0.436309100761925,2.4050814102253435,-0.494847929587004,-0.6933330399976683,0.08896901277461097,0.8970704417423561,-0.8662222485613966,-0.8018453907075295,3.2040972943048223,2.7443727038548884,-0.6595221308242462,-0.38798205881294373,1.9340280396267062,0.92,0.05706409372846313,0.0,0.03423845623707787,0.011412818745692627,0.03423845623707787,0.5152000000000001,0.23,0.855961405926947,7.304203997243281,1.883115093039283,0.3994486560992419,0.10842177808407995,59.061337008959335,94.04162646450723,1.4158151799358762,0.3370988523656848,0.9438767866239174
Jordan Pefok,Union Berlin,Bundesliga,FW,28.0,908,0,1,3.2,0.9,3.2,2.28,0.69,3,12,40,14,0.4,69.1,6,4,18,158,326,0.0,0.09911894273127754,0.31718061674008813,0.08920704845814978,0.31718061674008813,0.29735682819383263,1.1894273127753305,3.9647577092511015,1.3876651982378854,0.039647577092511016,0.5947136563876653,0.39647577092511016,1.7841409691629957,15.660792951541849,32.31277533039648,-0.7696298623010193,-0.006451998882182729,1.1349126472289264,-0.10671753964350653,1.318912090403773,-0.9887371501958183,-1.1613697820855824,0.11526560213810767,0.7180849423149946,-0.8198882919009282,-0.5593784673604805,-0.7057145096929796,-0.32475153071420026,-1.3698498822699121,-1.420220685877783,1.090488441172585,0.6687614215779665,-0.9809208005308611,0.92,0.0,0.09118942731277534,0.2918061674008811,0.0820704845814978,0.2918061674008811,2.0976,0.6348,0.27356828193832605,1.0942731277533042,3.6475770925110136,1.2766519823788547,0.03647577092511014,14.407929515418502,29.72775330396476,0.646427887377897,0.43095192491859796,1.9392836621336909
Andreas Pereira,Fulham,Premier League,MF,28.0,2013,2,4,3.8,4.6,3.0,1.7,0.36,29,104,81,57,4.6,69.1,13,8,17,578,1148,0.08941877794336811,0.17883755588673622,0.16989567809239942,0.20566318926974664,0.13412816691505217,1.2965722801788377,4.649776453055142,3.6214605067064083,2.548435171385991,0.20566318926974664,0.5812220566318927,0.35767511177347244,0.760059612518629,25.842026825633383,51.3263785394933,-0.2457532883519118,0.8095377163824886,0.25807968542145077,1.2658199935025705,0.0658121274082532,-0.2853207045480802,0.6938440848587424,0.066968417585626,2.445542839644087,1.6375578054928306,-0.6499699911188895,-0.7387930099374334,-0.7935951287444847,-0.47217345534875127,-0.19600268433364668,0.5257579948684565,-0.1098847036941552,-1.2998468385983901,1.0,0.08941877794336811,0.17883755588673622,0.16989567809239942,0.20566318926974664,0.13412816691505217,1.7,0.36,1.2965722801788377,4.649776453055142,3.6214605067064083,2.548435171385991,0.20566318926974664,25.842026825633383,51.3263785394933,0.5812220566318927,0.35767511177347244,0.760059612518629
Kalvin Phillips,Ipswich Town,Premier League,MF,28.0,1237,0,0,0.4,0.2,0.4,0.8,0.15,4,51,4,5,0.5,79.1,19,19,37,310,739,0.0,0.0,0.029102667744543252,0.014551333872271626,0.029102667744543252,0.2910266774454325,3.7105901374292647,0.2910266774454325,0.36378334680679064,0.03637833468067906,1.3823767178658044,1.3823767178658044,2.691996766370251,22.55456750202102,53.76717865804365,-0.7900177606680123,-0.891279865718134,-0.7064884977906625,-0.9694691941689859,-0.7133658393343358,-0.9571423730983385,0.18992484137977175,-0.9693513478836716,-0.785443400384792,-0.6841419283921432,0.7622582239578929,1.3946271591042783,0.3210131009480015,-0.7986116548492276,-0.037923231524045344,-0.4073556760155449,-0.6358245239078723,-0.07043308086320398,1.0,0.0,0.0,0.029102667744543252,0.014551333872271626,0.029102667744543252,0.8,0.15,0.2910266774454325,3.7105901374292647,0.2910266774454325,0.36378334680679064,0.03637833468067906,22.55456750202102,53.76717865804365,1.3823767178658044,1.3823767178658044,2.691996766370251
Benedikt Pichler,Holstein Kiel,Bundesliga,FW,27.0,785,1,2,2.3,1.1,2.3,2.29,1.03,18,19,58,12,1.2,63.2,2,2,11,152,310,0.11464968152866241,0.22929936305732482,0.26369426751592356,0.1261146496815287,0.26369426751592356,2.0636942675159236,2.178343949044586,6.64968152866242,1.375796178343949,0.1375796178343949,0.22929936305732482,0.22929936305732482,1.2611464968152866,17.426751592356688,35.541401273885356,-0.15571323794743852,1.1713798031825375,0.7940138436391393,0.32566058360421396,0.9416150301825852,0.5526828315492951,-0.6388568666618389,0.9693841300606173,0.7005154965546423,0.3182673025006876,-1.3112574569084219,-1.016481329540848,-0.5972176226629549,-1.2034301209773501,-1.227878963737673,1.1006629212423344,1.485335929152761,-1.6915901458585314,0.92,0.10547770700636942,0.21095541401273885,0.2425987261146497,0.1160254777070064,0.2425987261146497,2.1068000000000002,0.9476000000000001,1.8985987261146497,2.004076433121019,6.117707006369426,1.265732484076433,0.1265732484076433,16.032611464968152,32.69808917197453,0.24923843810578783,0.24923843810578783,1.3708114095818331
Jordan Pickford,Everton,Premier League,GK,30.0,3420,0,1,0.0,0.4,0.0,0.0,0.0,0,0,0,2,0.2,66.3,0,1,30,989,1708,0.0,0.026315789473684213,0.0,0.010526315789473684,0.0,0.0,0.0,0.0,0.052631578947368425,0.005263157894736842,0.0,0.026315789473684213,0.7894736842105263,26.026315789473685,44.94736842105263,-0.7900177606680123,-0.6410060504572749,-0.9058698966514711,-1.0165467518743863,-0.9292768100897674,-1.1515821155650607,-1.8009876578806308,-1.0599091291149787,-1.245620655727572,-1.110878849654627,-1.6745139740950574,-1.4286803461056783,-0.7766250289090986,-0.4538739262529108,-0.6091419747352378,-1.2367900501346574,-1.0114958240605274,-1.644082690764242,1.0,0.0,0.026315789473684213,0.0,0.010526315789473684,0.0,0.0,0.0,0.0,0.0,0.0,0.052631578947368425,0.005263157894736842,26.026315789473685,44.94736842105263,0.0,0.026315789473684213,0.7894736842105263
Amos Pieper,Werder Bremen,Bundesliga,DF,26.0,1498,0,0,0.4,0.6,0.4,0.42,0.06,11,62,3,4,0.6,84.8,17,24,98,570,1136,0.0,0.0,0.02403204272363151,0.03604806408544726,0.02403204272363151,0.6608811748998664,3.7249666221628837,0.18024032042723634,0.24032042723631508,0.03604806408544726,1.0213618157543392,1.4419225634178907,5.887850467289719,34.2456608811749,68.25100133511349,-0.7696298623010193,-0.9032492487568731,-0.7334892834661884,-0.7294830712669608,-0.7489818075494006,-0.6715023572343016,0.17833064172129695,-1.088651767013954,-0.9803039644922373,-0.8617214430849091,0.31849575051283757,1.2376827624872033,1.8131710450796763,0.38154407057839446,0.7207582944676884,-0.8019648518007326,-0.8443031071635642,0.9101823726292136,0.92,0.0,0.0,0.02210947930574099,0.03316421895861148,0.02210947930574099,0.3864,0.0552,0.6080106809078771,3.426969292389853,0.16582109479305743,0.2210947930574099,0.03316421895861148,31.506008010680908,62.79092122830441,1.110175886689499,1.5673071341498812,6.399837464445347
Marvin Pieringer,Heidenheim,Bundesliga,"FW,MF",24.0,2206,7,4,8.9,4.0,6.6,2.33,0.69,23,59,115,30,2.3,65.8,13,8,32,467,849,0.28558476881233,0.16319129646418856,0.3631006346328196,0.16319129646418856,0.2692656391659111,0.9383499546690843,2.4070716228467814,4.691749773345422,1.2239347234814144,0.09383499546690842,0.5303717135086129,0.3263825929283771,1.3055303717135085,19.052583862194016,34.637352674524024,0.7595958180357562,0.5732546549352733,1.4275869349214099,0.7600191011133465,0.9809159392076171,-0.4293652027329207,-0.5180042494712269,0.3465337621903103,0.4757183677151691,-0.19012797135831233,-0.6917688961982472,-0.8360118064042626,-0.5740948143380881,-1.050215537127738,-1.2817366318426409,1.1413608415213305,0.6687614215779665,-1.3784138241887107,0.92,0.26273798730734366,0.15013599274705347,0.33405258386219405,0.15013599274705347,0.24772438803263824,2.1436,0.6348,0.8632819582955576,2.214505893019039,4.316409791477788,1.1260199456029014,0.08632819582955575,17.528377153218496,31.866364460562103,0.5764909929441444,0.3547636879656273,1.4190547518625092
Ethan Pinnock,Brentford,Premier League,DF,31.0,1913,2,0,1.1,1.2,1.1,0.47,0.28,3,41,9,8,0.7,85.6,19,24,142,633,1348,0.09409304756926293,0.0,0.051751176163094624,0.05645582854155776,0.051751176163094624,0.1411395713538944,1.92890747516989,0.42341871406168324,0.3763721902770517,0.032932566649242025,0.8938839519079979,1.1291165708311552,6.680606377417669,29.78044955567172,63.41871406168322,-0.21730245341641263,-0.891279865718134,-0.5513243276108252,-0.4793443735277793,-0.5453378948951573,-1.057284430738348,-0.7660347635970415,-0.928155368209576,-0.7668251567028153,-0.73139978108686,-0.0988280310780688,0.8673416522935232,2.62219411433693,-0.08109587892637579,0.5871625441542981,-0.7494973553396789,-0.3102427304422378,0.7286858616646671,1.0,0.09409304756926293,0.0,0.051751176163094624,0.05645582854155776,0.051751176163094624,0.47,0.28,0.1411395713538944,1.92890747516989,0.42341871406168324,0.3763721902770517,0.032932566649242025,29.78044955567172,63.41871406168322,0.8938839519079979,1.1291165708311552,6.680606377417669
Alassane Pléa,Gladbach,Bundesliga,"MF,FW",31.0,1902,11,4,7.4,3.1,6.6,1.94,0.57,51,116,141,25,3.3,72.1,3,2,7,601,979,0.5205047318611987,0.1892744479495268,0.3501577287066246,0.14668769716088328,0.31230283911671924,2.413249211356467,5.488958990536278,6.67192429022082,1.1829652996845426,0.15615141955835962,0.14195583596214512,0.0946372239747634,0.3312302839116719,28.438485804416402,46.32492113564669,2.0175257903242017,0.8092468666715574,1.3450944633054625,0.5666769423963125,1.2845038500881616,0.8577270225167904,1.1103695632842054,0.976459919184257,0.4150722422840574,0.5341067751607097,-1.4909761052879165,-1.2668068703892652,-1.0816790266855623,-0.1657103598041543,-0.5854630204705056,0.7445561188011186,0.3805586541986273,-0.619563506296452,0.92,0.47886435331230287,0.17413249211356466,0.32214511041009464,0.13495268138801264,0.28731861198738173,1.7848,0.5244,2.2201892744479497,5.049842271293376,6.138170347003154,1.0883280757097793,0.14365930599369087,26.16340694006309,42.618927444794956,0.1542998216979838,0.10286654779865587,0.3600329172952955
Nick Pope,Newcastle Utd,Premier League,GK,32.0,2520,0,0,0.0,0.0,0.0,0.0,0.0,0,1,0,1,0.0,73.5,0,1,32,439,872,0.0,0.0,0.0,0.0,0.0,0.0,0.03571428571428571,0.0,0.03571428571428571,0.0,0.0,0.03571428571428571,1.1428571428571428,15.678571428571427,31.142857142857142,-0.7900177606680123,-0.891279865718134,-0.9058698966514711,-1.1396650158946402,-0.9292768100897674,-1.1515821155650607,-1.7818252025306065,-1.0599091291149787,-1.270640451119981,-1.1830617529230112,-1.6745139740950574,-1.409112755580642,-0.5727446332867862,-1.4813844459427479,-1.5031969907834917,-1.2367900501346574,-1.0114958240605274,-0.7589047851949076,1.0,0.0,0.0,0.0,0.0,0.0,0.0,0.0,0.0,0.03571428571428571,0.0,0.03571428571428571,0.0,15.678571428571427,31.142857142857142,0.0,0.03571428571428571,1.1428571428571428
Finn Porath,Holstein Kiel,Bundesliga,"DF,MF",27.0,1970,2,3,1.9,2.0,1.8,1.32,0.55,42,58,69,22,1.8,66.9,26,21,67,418,999,0.09137055837563453,0.13705583756345177,0.0868020304568528,0.09137055837563453,0.08223350253807107,1.9187817258883249,2.649746192893401,3.152284263959391,1.0050761421319796,0.08223350253807107,1.1878172588832487,0.9593908629441624,3.0609137055837565,19.096446700507613,45.63959390862944,-0.28036635964359696,0.33678918203432295,-0.3334205924826343,-0.08137169416067065,-0.3384239735021163,0.4262228005848948,-0.38978252435936594,-0.14319559443350927,0.1517468849332604,-0.324959268453092,0.6609956271429447,0.3406970936086178,0.3404128184187259,-1.046082007093085,-0.626290611334612,0.1137383544766794,0.33252485963540435,-1.245916149636093,0.92,0.08406091370558377,0.12609137055837563,0.07985786802030458,0.08406091370558377,0.07565482233502539,1.2144000000000001,0.5060000000000001,1.765279187817259,2.4377664974619293,2.90010152284264,0.9246700507614213,0.07565482233502539,17.568730964467004,41.988426395939086,1.2911057161774442,1.0428161553740896,3.3270801147649527
Pedro Porro,Tottenham,Premier League,DF,24.0,2610,2,6,1.6,5.0,1.6,1.34,0.28,65,154,109,57,4.6,73.2,49,36,84,1187,2237,0.06896551724137931,0.20689655172413793,0.055172413793103454,0.17241379310344826,0.055172413793103454,2.2413793103448274,5.310344827586206,3.758620689655172,1.9655172413793103,0.1586206896551724,1.6896551724137931,1.2413793103448276,2.896551724137931,40.93103448275862,77.13793103448275,-0.3702459665023762,1.076390130125862,-0.5278855435620915,0.8769272396095181,-0.5199559352629954,0.3459205178675829,1.0482712203712519,0.10964808513414182,1.5834375880301477,0.9923816076482874,1.303910571994547,1.1010717365311034,0.4390286579746387,1.0261351188326098,1.4756934384105653,0.15251252651485603,-0.3102427304422378,-0.7957871979269628,1.0,0.06896551724137931,0.20689655172413793,0.055172413793103454,0.17241379310344826,0.055172413793103454,1.34,0.28,2.2413793103448274,5.310344827586206,3.758620689655172,1.9655172413793103,0.1586206896551724,40.93103448275862,77.13793103448275,1.6896551724137931,1.2413793103448276,2.896551724137931
Alexander Prass,Hoffenheim,Bundesliga,DF,23.0,1566,0,1,0.9,2.8,0.9,0.69,0.06,28,63,66,18,2.8,72.7,23,9,53,605,1199,0.0,0.0574712643678161,0.05172413793103448,0.16091954022988503,0.05172413793103448,1.6091954022988506,3.6206896551724137,3.793103448275862,1.0344827586206897,0.16091954022988503,1.3218390804597702,0.5172413793103449,3.0459770114942533,34.770114942528735,68.90804597701148,-0.7696298623010193,-0.3832671907196963,-0.556991873154378,0.7334051336783058,-0.5536395143349289,0.15605780570205324,0.12323392271039257,0.06065955200148096,0.19527684427369615,0.5895213583345866,0.9367598586565525,-0.4812214454888861,0.3326312014411467,0.4309673796425003,0.7599009824586758,-0.527253889917509,-0.8443031071635642,-0.547292047449569,0.92,0.0,0.05287356321839081,0.04758620689655173,0.14804597701149425,0.04758620689655173,0.6348,0.0552,1.4804597701149427,3.331034482758621,3.4896551724137934,0.9517241379310346,0.14804597701149425,31.98850574712644,63.39540229885057,1.4367816091954022,0.5622188905547226,3.3108445777111446
Leopold Querfeld,Union Berlin,Bundesliga,DF,20.0,1747,2,2,1.1,1.0,1.1,0.82,0.21,3,49,5,10,1.2,80.8,12,19,144,531,1066,0.1030337721808815,0.1030337721808815,0.05666857469948484,0.05151688609044075,0.05666857469948484,0.15455065827132228,2.5243274184315974,0.25758443045220375,0.5151688609044075,0.061820263308528904,0.6182026330852891,0.9788208357183743,7.418431597023469,27.355466514024044,54.91700057240985,-0.21791314779894613,0.028968155806628572,-0.5254781766086328,-0.5482634849033959,-0.5187610549850983,-1.1133590253452958,-0.45604991949606494,-1.0640473305973983,-0.5734519505263388,-0.5621997288065889,-0.5110473856614982,0.376815771631344,2.6105627592922964,-0.26777153361464207,-0.0735996505547504,-0.3949856490107717,-0.48404964793939015,0.4283726469833349,0.92,0.09479107040641098,0.09479107040641098,0.052135088723526055,0.04739553520320549,0.052135088723526055,0.7544,0.1932,0.1421866056096165,2.32238122495707,0.23697767601602746,0.4739553520320549,0.05687464224384659,25.16702919290212,50.523640526617065,0.6719593837883577,1.063935690998233,8.063512605460291
Aaron Ramsdale,Southampton,Premier League,GK,26.0,2700,0,0,0.0,0.0,0.0,0.0,0.0,0,0,0,0,0.1,63.3,0,2,10,786,1314,0.0,0.0,0.0,0.0,0.0,0.0,0.0,0.0,0.0,0.003333333333333333,0.0,0.06666666666666667,0.33333333333333337,26.2,43.800000000000004,-0.7900177606680123,-0.891279865718134,-0.9058698966514711,-1.1396650158946402,-0.9292768100897674,-1.1515821155650607,-1.8009876578806308,-1.0599091291149787,-1.3234600191706214,-1.137345914186368,-1.6745139740950574,-1.3446701574515219,-1.0397897948896722,-0.43662742815675454,-0.683451776178028,-1.2367900501346574,-1.0114958240605274,-2.0129068180847978,1.0,0.0,0.0,0.0,0.0,0.0,0.0,0.0,0.0,0.0,0.0,0.0,0.003333333333333333,26.2,43.800000000000004,0.0,0.06666666666666667,0.33333333333333337
Jacob Ramsey,Aston Villa,Premier League,"FW,MF",23.0,1623,1,3,1.6,2.3,1.6,1.05,0.22,61,68,114,21,2.2,84.8,15,8,8,496,762,0.05545286506469501,0.16635859519408502,0.08872458410351201,0.12754158964879853,0.08872458410351201,3.3826247689463953,3.770794824399261,6.321626617375231,1.1645101663585953,0.12199630314232904,0.8317929759704252,0.4436229205175601,0.4436229205175601,27.504621072088725,42.2550831792976,-0.452493305100449,0.6908577464669645,-0.29802075212696055,0.3520913993600073,-0.27103436813174225,1.1084055072493968,0.22222759090566443,0.9071699210508335,0.3987898522033143,0.4900872433533958,-0.20827834368767356,-0.5598503913552058,-0.9761595255096117,-0.3070811397071514,-0.7835089679967637,-0.14815743410332227,-0.46051125050329994,0.6303327610458526,1.0,0.05545286506469501,0.16635859519408502,0.08872458410351201,0.12754158964879853,0.08872458410351201,1.05,0.22,3.3826247689463953,3.770794824399261,6.321626617375231,1.1645101663585953,0.12199630314232904,27.504621072088725,42.2550831792976,0.8317929759704252,0.4436229205175601,0.4436229205175601
Marcus Rashford,Manchester Utd,Premier League,"FW,MF",26.0,978,4,1,1.7,2.1,1.7,1.47,0.83,20,21,79,15,1.4,73.8,4,4,7,293,440,0.3680981595092025,0.09202453987730062,0.15644171779141106,0.1932515337423313,0.15644171779141106,1.8404907975460123,1.932515337423313,7.269938650306749,1.3803680981595092,0.12883435582822084,0.3680981595092025,0.3680981595092025,0.6441717791411044,26.96319018404908,40.49079754601227,1.450481999602561,-0.016089223394884125,0.16590705545587633,1.120650352698058,0.23135504165255585,0.07808026394074397,-0.7640989696155144,1.2022529504522543,0.7180324883081235,0.5838694375116658,-1.0256522349945303,-0.7170923117731256,-0.860455239875067,-0.3608441544998011,-0.8977736738159482,0.2872956123092117,1.067218703450831,-0.7220223724628524,1.0,0.3680981595092025,0.09202453987730062,0.15644171779141106,0.1932515337423313,0.15644171779141106,1.47,0.83,1.8404907975460123,1.932515337423313,7.269938650306749,1.3803680981595092,0.12883435582822084,26.96319018404908,40.49079754601227,0.3680981595092025,0.3680981595092025,0.6441717791411044
David Raum,RB Leipzig,Bundesliga,DF,26.0,1783,1,5,0.5,6.5,0.5,0.45,0.2,36,71,127,48,7.4,69.4,28,9,47,593,1389,0.050476724621424565,0.2523836231071228,0.025238362310712283,0.32809871003925967,0.025238362310712283,1.8171620863712845,3.583847448121144,6.41054402692092,2.422882781828379,0.3735277621985418,1.4133482893998879,0.45429052159282113,2.3724060572069545,29.932697700504768,70.11217049915872,-0.4993412755833743,1.38023898143443,-0.7258007253584129,2.691934360511425,-0.7404723310101571,0.3375429484783697,0.10376764182181561,0.8933105485750542,2.250494471289504,3.060431138384905,1.1250498429512483,-0.5982417721550882,-0.01828119872441013,-0.024899368357155224,0.8316353327100601,-0.7714414115914855,-0.5080665452210017,-0.9447850711074188,0.92,0.0464385866517106,0.232192933258553,0.0232192933258553,0.3018508132361189,0.0232192933258553,0.41400000000000003,0.18400000000000002,1.671789119461582,3.297139652271453,5.897700504767247,2.2290521592821086,0.34364554122265845,27.538081884464386,64.50319685922602,1.536248140652052,0.49379404520958814,2.5787022360945158
David Raya,Arsenal,Premier League,GK,28.0,3420,0,0,0.0,0.0,0.0,0.0,0.0,0,14,0,1,0.1,73.6,0,2,21,921,1480,0.0,0.0,0.0,0.0,0.0,0.0,0.368421052631579,0.0,0.026315789473684213,0.002631578947368421,0.0,0.052631578947368425,0.5526315789473685,24.236842105263158,38.94736842105263,-0.7900177606680123,-0.891279865718134,-0.9058698966514711,-1.1396650158946402,-0.9292768100897674,-1.1515821155650607,-1.603311802690907,-1.0599091291149787,-1.284540337449097,-1.146970301288819,-1.6745139740950574,-1.373891092635576,-0.9132682727836271,-0.6315651187587646,-0.9977345143901979,-1.2367900501346574,-1.0114958240605274,-0.7466106476175565,1.0,0.0,0.0,0.0,0.0,0.0,0.0,0.0,0.0,0.368421052631579,0.0,0.026315789473684213,0.002631578947368421,24.236842105263158,38.94736842105263,0.0,0.052631578947368425,0.5526315789473685
Rocco Reitz,Gladbach,Bundesliga,MF,22.0,1830,2,1,1.7,2.1,1.7,1.13,0.34,18,91,30,16,2.2,77.9,24,53,59,614,1199,0.09836065573770492,0.04918032786885246,0.08360655737704918,0.10327868852459017,0.08360655737704918,0.8852459016393444,4.475409836065573,1.4754098360655739,0.7868852459016393,0.10819672131147541,1.180327868852459,2.6065573770491803,2.901639344262295,30.196721311475407,58.967213114754095,-0.24293636490477782,-0.4582809958135841,-0.3537871526537718,0.05813384926471867,-0.3287383329268409,-0.47570722472114796,0.5748415883219519,-0.676636993220606,-0.1712362384398888,-0.02321754560359471,0.6455854061651078,3.402640497447927,0.2574351483449198,-1.840835173851622e-05,0.1676871597055133,-0.07957676684855215,-0.1718299832784393,0.07906059589007373,0.92,0.09049180327868853,0.04524590163934426,0.07691803278688525,0.09501639344262296,0.07691803278688525,1.0395999999999999,0.3128,0.8144262295081969,4.117377049180328,1.357377049180328,0.7239344262295082,0.09954098360655739,27.780983606557378,54.24983606557377,1.2829650748396293,2.833214540270848,3.153955808980755
Nicolai Remberg,Holstein Kiel,Bundesliga,MF,24.0,2417,0,1,1.5,0.8,1.5,0.89,0.07,25,80,31,9,1.1,77.9,25,29,100,552,1316,0.0,0.037236243276789406,0.05585436491518412,0.02978899462143153,0.05585436491518412,0.9309060819197351,2.9788994621431524,1.1543235415804718,0.3351261894911047,0.040959867604468354,0.9309060819197351,1.079851055026893,3.7236243276789405,20.554406288787753,49.00289615225486,-0.7696298623010193,-0.566347344376973,-0.5306675968133271,-0.8028090154741924,-0.5245045570650869,-0.43586120623824104,-0.21586813357130719,-0.7787798366037147,-0.8399651064745387,-0.8046369933846336,0.13237340391678942,0.5646224147066745,0.6856672768160503,-0.9086873473043209,-0.4259257016363519,-0.32376428852252853,-0.8202862098819526,0.07906059589007373,0.92,0.0,0.034257343814646256,0.051386015721969394,0.02740587505171701,0.051386015721969394,0.8188000000000001,0.06440000000000001,0.8564335953661564,2.7405875051717,1.0619776582540341,0.30831609433181634,0.037683078196110886,18.910053785684735,45.082664460074476,1.0118544368692772,1.173751146768362,4.047417747477109
Elvis Rexhbeçaj,Augsburg,Bundesliga,MF,26.0,1785,1,1,1.4,1.1,1.4,1.46,0.25,31,94,82,16,2.0,70.0,19,16,22,463,887,0.050420168067226885,0.050420168067226885,0.07058823529411765,0.055462184873949584,0.07058823529411765,1.5630252100840336,4.739495798319328,4.1344537815126055,0.8067226890756302,0.10084033613445377,0.957983193277311,0.8067226890756302,1.1092436974789917,23.344537815126053,44.72268907563026,-0.4996441199382401,-0.4470633087645937,-0.4367602941598078,-0.5020437137147852,-0.42057063634910463,0.11576671790840647,0.7143764297826667,0.16924872016415524,-0.14187131319887877,-0.10871265915757411,0.18808745642925262,0.0568998551691643,-0.6763549066679747,-0.645751958073562,-0.68091417495099,0.2561810754531656,-0.38798205881294373,-0.8725136122605376,0.92,0.046386554621848736,0.046386554621848736,0.06494117647058824,0.05102521008403362,0.06494117647058824,1.3432,0.23,1.437983193277311,4.360336134453782,3.803697478991597,0.7421848739495798,0.09277310924369747,21.47697478991597,41.14487394957984,1.041286079649251,0.8768724881256849,1.205699671172817
Declan Rice,Arsenal,Premier League,MF,25.0,2825,4,7,3.5,6.6,3.5,1.53,0.45,90,192,94,59,5.6,83.4,25,25,51,1031,1948,0.12743362831858407,0.22300884955752212,0.11150442477876106,0.21026548672566372,0.11150442477876106,2.8672566371681416,6.116814159292036,2.9946902654867253,1.879646017699115,0.17840707964601768,0.7964601769911505,0.7964601769911505,1.6247787610619469,32.846017699115045,62.06017699115044,-0.014368640121243973,1.2296246076783148,-0.14195682906928475,1.319649546463918,-0.10203207744760767,0.7640795241535397,1.480981332050604,-0.12806154628188876,1.4564385216326476,1.2637470318488317,-0.2705609191386068,0.17475382403261852,-0.29470567086666083,0.22330896587396568,0.49917631574534127,0.3495031903681452,0.11551807639743794,0.45821483496292753,1.0,0.12743362831858407,0.22300884955752212,0.11150442477876106,0.21026548672566372,0.11150442477876106,1.53,0.45,2.8672566371681416,6.116814159292036,2.9946902654867253,1.879646017699115,0.17840707964601768,32.846017699115045,62.06017699115044,0.7964601769911505,0.7964601769911505,1.6247787610619469
Chris Richards,Crystal Palace,Premier League,DF,24.0,1922,1,0,1.4,0.1,1.4,0.56,0.28,6,39,2,2,0.6,79.8,30,19,121,517,1118,0.04682622268470344,0.0,0.06555671175858481,0.004682622268470343,0.06555671175858481,0.2809573361082206,1.826222684703434,0.09365244536940688,0.09365244536940688,0.028095733610822057,1.404786680541103,0.8896982310093652,5.665972944849115,24.209157127991674,52.35171696149844,-0.5050010117678275,-0.891279865718134,-0.45674306711563833,-1.084895965042758,-0.44291544282356526,-0.9638698667893048,-0.8211301595453633,-1.0307676162681716,-1.1849529312542695,-0.7977357448410026,0.8017611852714187,0.36887467226981385,2.0368133881536896,-0.6343141821673376,-0.12959620743151548,-0.6561859882512786,-0.3102427304422378,0.015625882178259408,1.0,0.04682622268470344,0.0,0.06555671175858481,0.004682622268470343,0.06555671175858481,0.56,0.28,0.2809573361082206,1.826222684703434,0.09365244536940688,0.09365244536940688,0.028095733610822057,24.209157127991674,52.35171696149844,1.404786680541103,0.8896982310093652,5.665972944849115
Fabian Rieder,Stuttgart,Bundesliga,"MF,FW",22.0,867,1,3,1.4,2.0,1.4,2.08,0.73,20,38,61,12,2.4,70.6,14,10,7,253,492,0.10380622837370243,0.31141868512110726,0.14532871972318337,0.20761245674740486,0.14532871972318337,2.0761245674740487,3.9446366782006925,6.332179930795848,1.245674740484429,0.2491349480968858,1.4532871972318337,1.0380622837370244,0.7266435986159169,26.262975778546714,51.0726643598616,-0.21377686331882667,1.9143697923719116,0.039603153545434054,1.2804197036747733,0.10665482329871494,0.5635303130712251,0.29439749427686557,0.8683816377655849,0.5078996306144534,1.6147512954996417,1.2072284172775265,0.48694061902308117,-0.8756792957929179,-0.3707252739856975,-0.3026216123891054,0.886998839777605,0.764829010704413,-0.8002421534136565,0.92,0.09550173010380623,0.2865051903114187,0.1337024221453287,0.19100346020761247,0.1337024221453287,1.9136000000000002,0.6716,1.910034602076125,3.629065743944637,5.825605536332181,1.1460207612456748,0.22920415224913496,24.16193771626298,46.986851211072675,1.5796599969911236,1.1283285692793743,0.7898299984955618
Lars Ritzka,St. Pauli,Bundesliga,"DF,MF",26.0,922,1,0,0.4,0.2,0.4,0.78,0.1,8,21,34,5,0.3,71.5,29,11,41,161,567,0.09761388286334056,0.0,0.039045553145336226,0.019522776572668113,0.039045553145336226,0.7809110629067245,2.049891540130152,3.318872017353579,0.4880694143167028,0.02928416485900217,2.8308026030368767,1.0737527114967462,4.002169197396963,15.715835140997832,55.347071583514094,-0.24693512247720045,-0.9032492487568731,-0.6377996764041748,-0.9230793106339985,-0.6430752832142124,-0.5667565347988064,-0.7067271402657804,-0.09020128387978991,-0.6135666576557356,-0.940330748948733,4.041613689851159,0.5532861092472203,0.8307816826027085,-1.3646628366514157,-0.04797865872534678,-0.43568356928976776,-0.7482355180371177,-0.6918349651433331,0.92,0.08980477223427333,0.0,0.03592190889370933,0.017960954446854666,0.03592190889370933,0.7176,0.09200000000000001,0.7184381778741866,1.8859002169197399,3.053362255965293,0.4490238611713666,0.026941431670282,14.458568329718007,50.91930585683297,3.07695935112704,1.1671225124964633,4.35018391021409
Andrew Robertson,Liverpool,Premier League,DF,30.0,2482,0,1,1.2,4.6,1.2,0.54,0.07,64,176,108,40,4.3,82.7,22,21,54,1107,2084,0.0,0.0362610797743755,0.0435132957292506,0.16680096696212732,0.0435132957292506,2.320709105560032,6.381950040290089,3.9161966156325545,1.45044319097502,0.15592264302981465,0.7977437550362612,0.7614826752618856,1.9580983078162773,40.14101531023368,75.56809024979856,-0.7900177606680123,-0.5464223120549034,-0.6077617696682075,0.8112783055866594,-0.6064542426145837,0.3989220677151029,1.623239657527411,0.15868044999236341,0.8216699000495904,0.9553785683196476,-0.2682983034174843,0.10193095812878479,-0.10240091126873044,0.9476877797590678,1.3740220355148378,-0.6769218476042564,-0.836182550655955,0.3721558719214641,1.0,0.0,0.0362610797743755,0.0435132957292506,0.16680096696212732,0.0435132957292506,0.54,0.07,2.320709105560032,6.381950040290089,3.9161966156325545,1.45044319097502,0.15592264302981465,40.14101531023368,75.56809024979856,0.7977437550362612,0.7614826752618856,1.9580983078162773
Antonee Robinson,Fulham,Premier League,DF,26.0,3167,0,10,0.7,4.2,0.7,0.45,0.06,118,131,274,43,4.1,76.8,61,62,133,1343,2523,0.0,0.2841806125670982,0.019892642879696873,0.11935585727818125,0.019892642879696873,3.3533312282917587,3.722766024628986,7.786548784338491,1.2219766340385223,0.11651405115251025,1.733501736659299,1.7619197979160086,3.779602147142406,38.16545626776129,71.69876855067888,-0.7900177606680123,1.8113928472346237,-0.7695860686805411,0.25634914923555163,-0.7816944690910872,1.0888340076507252,0.19645779843449632,1.3630047684992255,0.4837797642103098,0.41489951898933664,1.3812007110375015,2.1848326757006458,0.9484941272586422,0.7515186797493564,1.1234237778810108,-0.7702332146926567,-0.8612273039994655,-0.3531982451422965,1.0,0.0,0.2841806125670982,0.019892642879696873,0.11935585727818125,0.019892642879696873,0.45,0.06,3.3533312282917587,3.722766024628986,7.786548784338491,1.2219766340385223,0.11651405115251025,38.16545626776129,71.69876855067888,1.733501736659299,1.7619197979160086,3.779602147142406
Guido Rodríguez,West Ham,Premier League,MF,30.0,1149,0,1,0.2,0.2,0.2,0.63,0.08,4,33,7,4,0.2,84.4,19,13,35,327,709,0.0,0.0783289817232376,0.01566579634464752,0.01566579634464752,0.01566579634464752,0.3133159268929504,2.584856396866841,0.5483028720626633,0.3133159268929504,0.01566579634464752,1.4882506527415145,1.0182767624020888,2.7415143603133156,25.613577023498692,55.53524804177546,-0.7900177606680123,-0.14633952786596838,-0.7985440522690429,-0.9564341791020952,-0.8130531935430012,-0.9422505564429237,-0.4140861897274388,-0.8892955895845418,-0.8600820853582135,-0.9682092471111107,0.9488865559236542,0.6365740986668114,0.34958168953457913,-0.49485806821968514,0.07658653049437555,-0.5836104805158564,-0.8111377973124447,0.5811562107364461,1.0,0.0,0.0783289817232376,0.01566579634464752,0.01566579634464752,0.01566579634464752,0.63,0.08,0.3133159268929504,2.584856396866841,0.5483028720626633,0.3133159268929504,0.01566579634464752,25.613577023498692,55.53524804177546,1.4882506527415145,1.0182767624020888,2.7415143603133156
Mads Roerslev,Brentford,Premier League,DF,25.0,1101,0,2,0.2,3.0,0.2,0.41,0.16,17,51,54,14,2.1,78.7,8,4,35,352,645,0.0,0.16348773841961853,0.01634877384196185,0.24523160762942778,0.01634877384196185,1.3896457765667576,4.168937329700272,4.4141689373297,1.1444141689373297,0.17166212534059946,0.6539509536784741,0.32697547683923706,2.861035422343324,28.77384196185286,52.724795640326974,-0.7900177606680123,0.6635547359024624,-0.7938649963831604,1.7286215164573235,-0.8079862238842866,-0.22313676035781685,0.4358504543674323,0.3136328033756766,0.3690689189098494,1.1712416588550738,-0.5217677781998428,-0.8027093929717873,0.41853794884903983,-0.18105001924670822,-0.10543360888199925,-0.8117049333986124,-0.610779770564362,-0.11960963117261038,1.0,0.0,0.16348773841961853,0.01634877384196185,0.24523160762942778,0.01634877384196185,0.41,0.16,1.3896457765667576,4.168937329700272,4.4141689373297,1.1444141689373297,0.17166212534059946,28.77384196185286,52.724795640326974,0.6539509536784741,0.32697547683923706,2.861035422343324
Morgan Rogers,Aston Villa,Premier League,"FW,MF",22.0,3114,8,10,6.6,7.8,6.6,1.59,0.58,114,123,188,51,5.2,73.2,22,6,20,794,1362,0.23121387283236994,0.2890173410404624,0.1907514450867052,0.2254335260115607,0.1907514450867052,3.294797687861272,3.5549132947976876,5.433526011560693,1.4739884393063585,0.15028901734104047,0.6358381502890174,0.17341040462427745,0.5780346820809248,22.947976878612717,39.36416184971098,0.6173096417370105,1.8573920937941917,0.4009618443403505,1.4970584996836294,0.485896879249903,1.0497267800011112,0.10639662609288199,0.6308226766033765,0.8564920957517687,0.8781147912724643,-0.5536959604079231,-1.1224305882699055,-0.898612253691112,-0.7595468829632951,-0.9707407115645567,0.4117107684270787,0.44109986986307226,-0.7957871979269628,1.0,0.23121387283236994,0.2890173410404624,0.1907514450867052,0.2254335260115607,0.1907514450867052,1.59,0.58,3.294797687861272,3.5549132947976876,5.433526011560693,1.4739884393063585,0.15028901734104047,22.947976878612717,39.36416184971098,0.6358381502890174,0.17341040462427745,0.5780346820809248
Merlin Röhl,Freiburg,Bundesliga,"MF,FW",22.0,965,0,1,0.8,1.7,0.8,1.12,0.28,20,22,60,9,1.1,76.0,10,6,2,217,403,0.0,0.09326424870466321,0.07461139896373058,0.15854922279792744,0.07461139896373058,1.8652849740932642,2.051813471502591,5.595854922279793,0.8393782383419688,0.10259067357512953,0.9326424870466321,0.5595854922279793,0.18652849740932642,20.238341968911918,37.58549222797927,-0.7696298623010193,-0.05942344265716451,-0.4111183929736016,0.7056365069250186,-0.3921909124129669,0.3795380843242163,-0.7057116512671869,0.6341445142392446,-0.09353203103940079,-0.0883704265735888,0.1359462431737282,-0.4025073166322627,-1.1570647761549848,-0.9384725005073213,-1.1061045676933332,-0.08975124691830096,-0.31593136696810886,-0.1497990237917194,0.92,0.0,0.08580310880829016,0.06864248704663213,0.14586528497409323,0.06864248704663213,1.0304000000000002,0.25760000000000005,1.7160621761658033,1.8876683937823837,5.14818652849741,0.7722279792746113,0.09438341968911917,18.619274611398964,34.578652849740934,1.013741833746339,0.6082451002478035,0.20274836674926783
Cristian Romero,Tottenham,Premier League,DF,26.0,1416,1,0,1.6,0.6,1.6,1.02,0.51,12,71,3,7,0.8,89.5,29,21,57,896,1377,0.0635593220338983,0.0,0.1016949152542373,0.03813559322033898,0.1016949152542373,0.7627118644067796,4.51271186440678,0.1906779661016949,0.44491525423728817,0.05084745762711865,1.8432203389830508,1.3347457627118644,3.6228813559322033,56.949152542372886,87.52118644067797,-0.4031518062992587,-0.891279865718134,-0.20916144921977567,-0.6936221526009237,-0.17480824843872578,-0.642001688803757,0.6203022511775195,-1.0005765150349326,-0.6654535358278959,-0.48570150100811427,1.5746061961678584,1.2954599090560914,0.8580759253525643,2.6167025157307218,2.148169369773814,-0.17926122313278903,0.2657865964585,1.2081572271813905,1.0,0.0635593220338983,0.0,0.1016949152542373,0.03813559322033898,0.1016949152542373,1.02,0.51,0.7627118644067796,4.51271186440678,0.1906779661016949,0.44491525423728817,0.05084745762711865,56.949152542372886,87.52118644067797,1.8432203389830508,1.3347457627118644,3.6228813559322033
Lasse Rosenboom,Holstein Kiel,Bundesliga,DF,22.0,1734,2,2,1.9,1.1,1.9,0.62,0.26,19,34,50,14,1.2,65.1,35,19,71,284,780,0.10380622837370243,0.10380622837370243,0.0986159169550173,0.05709342560553633,0.0986159169550173,0.9861591695501731,1.7647058823529411,2.5951557093425603,0.7266435986159169,0.06228373702422145,1.8166089965397922,0.9861591695501731,3.685121107266436,14.740484429065743,40.484429065743946,-0.21377686331882667,0.03595709828605523,-0.2581240012703421,-0.48293348214433185,-0.22286108898117224,-0.38764379804054244,-0.8574104072035974,-0.3204273719210568,-0.26041060700266233,-0.5568132873684501,1.9548018765823985,0.39045711431226654,0.6656081317429798,-1.4565775785399193,-0.9334036994259708,-0.5984752504057521,-0.3639651615313321,-1.4627305261767398,0.92,0.09550173010380623,0.09550173010380623,0.09072664359861592,0.05252595155709343,0.09072664359861592,0.5704,0.23920000000000002,0.9072664359861593,1.6235294117647059,2.3875432525951554,0.6685121107266435,0.05730103806228374,13.561245674740485,37.24567474048443,1.9745749962389045,1.0719121408154055,4.005566420941778
Max Rosenfelder,Freiburg,Bundesliga,DF,21.0,1249,1,0,0.4,0.7,0.4,0.36,0.07,24,29,18,5,0.2,85.3,17,7,65,445,826,0.07205764611689351,0.0,0.028823058446757407,0.05044035228182546,0.028823058446757407,1.7293835068054442,2.089671737389912,1.2970376301040833,0.3602882305844676,0.014411529223378704,1.2249799839871898,0.5044035228182546,4.683746997598078,32.065652522017615,59.51961569255404,-0.3837815435519713,-0.9032492487568731,-0.7029534261552244,-0.5608752410824172,-0.7151855927389079,0.260941698060489,-0.6857085163656467,-0.7333801324026786,-0.8027182975416928,-1.1131789130832535,0.7374619085938982,-0.5050859362181368,1.1858654347238229,0.1761052441179143,0.20059591562471493,-0.8630117322192267,-0.8202862098819526,0.9704085883349486,0.92,0.06629303442754203,0.0,0.026517213771016818,0.046405124099279424,0.026517213771016818,0.3312,0.06440000000000001,1.5910328262610087,1.922497998398719,1.1932746196957567,0.3314651721377102,0.013258606885508409,29.500400320256208,54.75804643714972,1.3314999825947713,0.5482646987154941,5.091029345215302
Tom Rothe,Union Berlin,Bundesliga,"DF,MF",19.0,1670,3,3,1.8,1.3,1.8,1.24,0.49,25,50,91,12,1.5,68.1,28,18,57,456,1074,0.16167664670658682,0.16167664670658682,0.09700598802395209,0.07005988023952096,0.09700598802395209,1.347305389221557,2.694610778443114,4.904191616766466,0.6467065868263473,0.08083832335329341,1.5089820359281436,0.9700598802395209,3.07185628742515,24.5748502994012,57.880239520958085,0.09610286246106621,0.5595505767872325,-0.2683849903717774,-0.3310295075162643,-0.23421765867917502,-0.07248431212327024,-0.3660774671936822,0.41411501468622297,-0.378739584915909,-0.3411738901674769,1.3218265044524051,0.36052989548579806,0.3461136100480715,-0.5298102223974338,0.10293194290092245,0.03234251391868717,0.1884234759457346,-1.1013732319423308,0.92,0.14874251497005989,0.14874251497005989,0.08924550898203593,0.06445508982035929,0.08924550898203593,1.1408,0.45080000000000003,1.2395209580838324,2.479041916167665,4.511856287425149,0.5949700598802395,0.07437125748502994,22.608862275449102,53.24982035928144,1.6401978651392866,1.0544129133038271,3.338974225462119
Anthony Rouault,Stuttgart,Bundesliga,DF,23.0,1212,1,0,0.5,0.3,0.5,0.37,0.07,6,52,4,6,0.5,90.0,11,19,63,573,1014,0.07425742574257425,0.0,0.03712871287128713,0.022277227722772276,0.03712871287128713,0.44554455445544555,3.8613861386138613,0.297029702970297,0.44554455445544555,0.03712871287128713,0.8168316831683169,1.4108910891089108,4.678217821782178,42.54950495049505,75.29702970297029,-0.3720023457023716,-0.9032492487568731,-0.6500167853595349,-0.8908104993489899,-0.656596830502498,-0.8594189818640123,0.2504104881382903,-1.0514991391540958,-0.676515260444803,-0.8491622596770119,-0.10234687175936669,1.1799978731586847,1.1829848824313807,1.1640786757995432,1.1405174286141353,-0.8528372521494776,-0.8202862098819526,1.5365350159688564,0.92,0.06831683168316832,0.0,0.03415841584158416,0.020495049504950496,0.03415841584158416,0.34040000000000004,0.06440000000000001,0.40990099009900993,3.5524752475247525,0.2732673267326733,0.40990099009900993,0.03415841584158416,39.14554455445545,69.27326732673266,0.8878605251829531,1.533577270770555,5.0850193715023675
Georginio Rutter,Brighton,Premier League,"MF,FW",22.0,1656,5,3,4.6,2.5,4.6,2.72,0.65,42,67,79,19,1.7,66.8,15,10,13,361,641,0.2717391304347826,0.16304347826086957,0.24999999999999997,0.1358695652173913,0.24999999999999997,2.282608695652174,3.641304347826087,4.2934782608695645,1.032608695652174,0.0923913043478261,0.8152173913043479,0.5434782608695652,0.7065217391304348,19.619565217391305,34.83695652173913,0.863974363082456,0.6593296418763195,0.8068717032847799,0.449497359366789,0.9254584039690429,0.3734665529307252,0.15274963758923382,0.27607789613668404,0.2037144483805075,0.08406203814699167,-0.2374968073370961,-0.35195240834541164,-0.8244831698796461,-1.0900515684757548,-1.2639470808872313,1.583286821870325,0.6164131432676448,-1.5826120028774826,1.0,0.2717391304347826,0.16304347826086957,0.24999999999999997,0.1358695652173913,0.24999999999999997,2.72,0.65,2.282608695652174,3.641304347826087,4.2934782608695645,1.032608695652174,0.0923913043478261,19.619565217391305,34.83695652173913,0.8152173913043479,0.5434782608695652,0.7065217391304348
Julian Ryerson,Dortmund,Bundesliga,DF,26.0,2259,2,3,0.7,4.5,0.7,0.72,0.2,66,92,136,36,4.8,85.3,30,22,26,1002,1684,0.0796812749003984,0.1195219123505976,0.027888446215139442,0.17928286852589642,0.027888446215139442,2.6294820717131473,3.665338645418327,5.418326693227091,1.4342629482071714,0.19123505976095617,1.1952191235059761,0.8764940239043825,1.0358565737051793,39.9203187250996,67.09163346613545,-0.34295916719915037,0.17814770062721552,-0.7089102393645844,0.9485342984580988,-0.721778423480792,1.0464257639031522,0.14682506599637365,0.5776698580248163,0.7870625536052143,0.9418450502549918,0.6762257552328599,0.18659887261916405,-0.71458762971044,0.9163103906815452,0.6516902709752627,-0.4967304497082619,-0.5080665452210017,0.9704085883349486,0.92,0.07330677290836654,0.1099601593625498,0.025657370517928286,0.1649402390438247,0.025657370517928286,0.6624,0.18400000000000002,2.4191235059760956,3.372111553784861,4.984860557768924,1.3195219123505977,0.1759362549800797,36.72669322709163,61.72430278884462,1.2991512212021479,0.9527108955482417,1.1259310583751947
Frederik Rønnow,Union Berlin,Bundesliga,GK,31.0,2520,0,0,0.1,0.0,0.1,0.04,0.0,0,1,0,0,0.1,68.6,0,0,22,564,980,0.0,0.0,0.0035714285714285713,0.0,0.0035714285714285713,0.0,0.03571428571428571,0.0,0.0,0.0035714285714285713,0.0,0.0,0.7857142857142857,20.142857142857142,35.0,-0.7696298623010193,-0.9032492487568731,-0.8638963683836054,-1.1517915871101994,-0.8933126448924457,-1.248229898570237,-1.7709560052542297,-1.1459891842034466,-1.336044939666624,-1.239161391416486,-1.7830654199419607,-1.442729475193211,-0.8449050522523098,-0.9474707644484097,-1.2601323294761118,-1.1885950944511952,-0.9884044908532337,-1.041147016236596,0.92,0.0,0.0,0.003285714285714286,0.0,0.003285714285714286,0.0368,0.0,0.0,0.032857142857142856,0.0,0.0,0.003285714285714286,18.53142857142857,32.2,0.0,0.0,0.8540372670807452
José Sá,Wolves,Premier League,GK,31.0,2609,0,0,0.0,0.2,0.0,0.0,0.0,0,2,0,3,0.0,64.1,2,0,15,630,985,0.0,0.0,0.0,0.006899195093905712,0.0,0.0,0.06899195093905712,0.0,0.10348792640858566,0.0,0.06899195093905712,0.0,0.5174396320429283,21.73246454580299,33.97853583748563,-0.7900177606680123,-0.891279865718134,-0.9058698966514711,-1.0589704082002613,-0.9292768100897674,-1.1515821155650607,-1.7639701128579697,-1.0599091291149787,-1.1704067671725982,-1.1830617529230112,-1.5528990295108651,-1.4834695995757803,-0.9335718492019327,-0.880244850096475,-1.319543059851634,-1.2367900501346574,-1.0114958240605274,-1.9145537174659832,1.0,0.0,0.0,0.0,0.006899195093905712,0.0,0.0,0.0,0.0,0.06899195093905712,0.0,0.10348792640858566,0.0,21.73246454580299,33.97853583748563,0.06899195093905712,0.0,0.5174396320429283
Elias Saad,St. Pauli,Bundesliga,"FW,MF",24.0,900,3,2,2.8,0.8,2.8,2.6,0.8,29,27,76,14,1.1,76.2,13,3,1,301,427,0.30000000000000004,0.2,0.27999999999999997,0.08,0.27999999999999997,2.9,2.6999999999999997,7.6000000000000005,1.4,0.11000000000000001,1.3,0.30000000000000004,0.1,30.099999999999998,42.7,0.8367853047575173,0.906288313212502,0.8979395139476571,-0.21457950306105653,1.0566369941085827,1.2824971570576116,-0.36322996947317043,1.2716961017926083,0.7363438745992757,-0.0022600355582464535,0.8918236149231857,-0.8850548179647024,-1.2021438023739133,-0.009133195751410634,-0.8014135784031913,1.416071803404554,0.9329472916756943,-0.1257085375094251,0.92,0.2760000000000001,0.18400000000000002,0.2576,0.0736,0.2576,2.3920000000000003,0.7360000000000001,2.668,2.484,6.992000000000001,1.288,0.10120000000000001,27.692,39.284000000000006,1.4130434782608696,0.32608695652173914,0.10869565217391304
Marcel Sabitzer,Dortmund,Bundesliga,MF,30.0,1616,1,0,1.8,1.6,1.8,1.17,0.45,24,97,70,12,1.6,84.8,19,10,29,577,1028,0.055693069306930694,0.0,0.10024752475247525,0.0891089108910891,0.10024752475247525,1.3366336633663365,5.4022277227722775,3.898514851485148,0.6683168316831682,0.0891089108910891,1.058168316831683,0.556930693069307,1.6150990099009899,32.134900990099005,57.25247524752476,-0.47140922485203357,-0.9032492487568731,-0.24772484047232124,-0.10786723606536212,-0.21135159479537854,-0.08179714845156323,1.0645434482046465,0.09419265706928205,-0.3467504208338926,-0.24505401557055576,0.3942290629309449,-0.40744236400167305,-0.4128178573212965,0.18263105579981367,0.06553359959215159,-0.038878846569556036,0.09235588681928826,0.9101823726292136,0.92,0.05123762376237624,0.0,0.09222772277227724,0.08198019801980198,0.09222772277227724,1.0764,0.41400000000000003,1.2297029702970297,4.970049504950495,3.5866336633663365,0.6148514851485148,0.08198019801980198,29.564108910891086,52.67227722772278,1.1501829530779164,0.6053594489883771,1.7555424020662933
Bukayo Saka,Arsenal,Premier League,"FW,MF",22.0,1729,6,10,6.8,7.6,6.0,3.44,1.15,96,70,255,58,7.8,75.5,15,3,8,628,979,0.31231925968768076,0.5205320994794679,0.3539618276460382,0.3956043956043956,0.31231925968768076,4.997108155002892,3.6437246963562755,13.273568536726431,3.019086176980914,0.406015037593985,0.7807981492192019,0.15615962984384038,0.4164256795835743,32.689415847310585,50.960092539039906,1.110973071209912,4.059191205375783,1.5191106913438688,3.487416994536879,1.387801305796312,2.187068592562209,0.15404827256718842,3.0703820395804127,3.1416111585515427,4.385333642066616,-0.2981690185420303,-1.158346557005944,-0.9918506511290521,0.20775871216457065,-0.21972535219302028,2.329777758577526,1.8686508104431616,-0.5130220336478704,1.0,0.31231925968768076,0.5205320994794679,0.3539618276460382,0.3956043956043956,0.31231925968768076,3.44,1.15,4.997108155002892,3.6437246963562755,13.273568536726431,3.019086176980914,0.406015037593985,32.689415847310585,50.960092539039906,0.7807981492192019,0.15615962984384038,0.4164256795835743
Mohamed Salah,Liverpool,Premier League,FW,32.0,3371,29,18,25.2,14.2,18.2,3.23,1.33,154,144,488,88,9.1,70.6,11,9,5,1149,1695,0.7742509641056067,0.4805695639276179,0.6727973894986651,0.3791159893206763,0.4859092257490359,4.111539602491842,3.8445565114209432,13.028774844259864,2.3494512014239097,0.24295461287451794,0.2936814001779887,0.24028478196380895,0.13349154553544942,30.67635716404628,45.253633936517346,3.922608626219706,3.679131308253533,3.703442412640036,3.2945647185162237,2.6756549972413888,1.5954055780292469,0.26180433186033714,2.9942104190136085,2.1512559140569207,2.1490004178255036,-1.156829712062762,-0.9831986942628934,-1.155086144396644,0.007865972098204155,-0.5893065589913762,2.112051235371259,2.319456370626348,-1.1154347749381124,1.0,0.7742509641056067,0.4805695639276179,0.6727973894986651,0.3791159893206763,0.4859092257490359,3.23,1.33,4.111539602491842,3.8445565114209432,13.028774844259864,2.3494512014239097,0.24295461287451794,30.67635716404628,45.253633936517346,0.2936814001779887,0.24028478196380895,0.13349154553544942
Manolis Saliakas,St. Pauli,Bundesliga,"MF,DF",27.0,2314,2,1,1.5,2.6,1.5,1.13,0.23,28,93,80,26,2.9,71.8,22,20,62,653,1560,0.07778738115816768,0.03889369057908384,0.058340535868625754,0.10112359550561799,0.058340535868625754,1.0890233362143475,3.617113223854797,3.111495246326707,1.0112359550561798,0.11279170267934312,0.8556611927398443,0.7778738115816768,2.411408815903198,25.397579948141743,60.674157303370784,-0.353100432640206,-0.5513512786245399,-0.514821820912716,0.03288660901933521,-0.506966904831439,-0.29787789127101194,0.12134424719473891,-0.15617125334940052,0.16086511879189114,0.030184831293603137,-0.022451003003928265,0.003272228942938716,0.0020381923955031947,-0.452278128164163,0.26937642027089337,-0.07957676684855215,-0.43601585337616694,-0.6556992357198925,0.92,0.07156439066551426,0.03578219533275713,0.053673292999135695,0.09303370786516856,0.053673292999135695,1.0395999999999999,0.2116,1.0019014693171997,3.3277441659464135,2.8625756266205706,0.9303370786516855,0.10376836646499567,23.365773552290406,55.82022471910113,0.9300665138476568,0.845515012588779,2.621096539025215
William Saliba,Arsenal,Premier League,DF,23.0,3039,2,0,2.3,0.9,2.3,0.18,0.06,16,138,6,7,1.3,94.3,37,21,119,1756,2824,0.059230009871668314,0.0,0.06811451135241856,0.026653504442250744,0.06811451135241856,0.4738400789733465,4.086870681145114,0.17769002961500494,0.2073050345508391,0.0384995064165844,1.0957551826258638,0.6219151036525173,3.5241855873642645,52.00394866732478,83.63277393879567,-0.4295029917399733,-0.891279865718134,-0.43921966804100193,-0.8279193621809666,-0.42393927891481015,-0.8350017122332603,0.39181769668483046,-1.0046179270502567,-1.0168666725390654,-0.6550505848887309,0.2570186757150512,-0.18864755804148262,0.8011345721297987,2.1256535656985016,1.896334688218391,-1.0501673159578573,-0.8612273039994655,1.7982758308942794,1.0,0.059230009871668314,0.0,0.06811451135241856,0.026653504442250744,0.06811451135241856,0.18,0.06,0.4738400789733465,4.086870681145114,0.17769002961500494,0.2073050345508391,0.0384995064165844,52.00394866732478,83.63277393879567,1.0957551826258638,0.6219151036525173,3.5241855873642645
Robert Sánchez,Chelsea,Premier League,GK,26.0,2880,0,0,0.0,0.1,0.0,0.0,0.0,0,1,0,2,0.0,69.7,0,2,24,881,1323,0.0,0.0,0.0,0.003125,0.0,0.0,0.03125,0.0,0.0625,0.0,0.0,0.0625,0.75,27.531250000000004,41.34375,-0.7900177606680123,-0.891279865718134,-0.9058698966514711,-1.1031142812636272,-0.9292768100897674,-1.1515821155650607,-1.7842205094493595,-1.0599091291149787,-1.2310257750820004,-1.1830617529230112,-1.6745139740950574,-1.353345122584288,-0.7993989028881867,-0.3044369399083736,-0.8425318470992776,-1.2367900501346574,-1.0114958240605274,-1.226082013134278,1.0,0.0,0.0,0.0,0.003125,0.0,0.0,0.0,0.0,0.03125,0.0,0.0625,0.0,27.531250000000004,41.34375,0.0,0.0625,0.75
Jadon Sancho,Chelsea,Premier League,FW,24.0,1764,3,4,2.2,3.7,2.2,1.22,0.41,102,90,225,38,3.1,82.6,7,2,8,653,975,0.15306122448979592,0.20408163265306123,0.11224489795918369,0.18877551020408165,0.11224489795918369,5.204081632653061,4.591836734693878,11.479591836734695,1.9387755102040818,0.15816326530612246,0.3571428571428571,0.10204081632653061,0.40816326530612246,33.316326530612244,49.744897959183675,0.14161861924041483,1.049619109774243,-0.13688387219029702,1.0682977291624642,-0.0965385507164238,2.325351000364107,0.6627566014082027,2.5121564124388094,1.5438879607212936,0.9861081463156731,-1.044963596277284,-1.2710214738753847,-0.996617553060834,0.2700097013204559,-0.29842794351989943,0.028097370396989056,0.015339063023396484,0.35986173434411123,1.0,0.15306122448979592,0.20408163265306123,0.11224489795918369,0.18877551020408165,0.11224489795918369,1.22,0.41,5.204081632653061,4.591836734693878,11.479591836734695,1.9387755102040818,0.15816326530612246,33.316326530612244,49.744897959183675,0.3571428571428571,0.10204081632653061,0.40816326530612246
Philipp Sander,Gladbach,Bundesliga,MF,26.0,1400,1,0,1.2,0.6,1.2,1.16,0.45,16,60,29,13,1.0,80.9,17,23,44,473,921,0.06428571428571428,0.0,0.07714285714285714,0.03857142857142857,0.07714285714285714,1.0285714285714285,3.857142857142857,1.864285714285714,0.8357142857142857,0.06428571428571428,1.0928571428571427,1.4785714285714284,2.8285714285714287,30.40714285714286,59.207142857142856,-0.42539804078847576,-0.9032492487568731,-0.3949839759285148,-0.699921475157934,-0.3743338004037998,-0.35063212514558134,0.2481684696596223,-0.5529291657401286,-0.09895569849769399,-0.5335465239805778,0.4656050324446731,1.3058099068615798,0.21936872415163433,0.019811219925756803,0.18198070149432102,-0.04905332663930506,0.09235588681928826,0.44041789012448285,0.92,0.05914285714285714,0.0,0.07097142857142857,0.03548571428571429,0.07097142857142857,1.0672,0.41400000000000003,0.9462857142857143,3.548571428571429,1.715142857142857,0.7688571428571429,0.05914285714285714,27.97457142857143,54.47057142857143,1.1878881987577639,1.607142857142857,3.0745341614906834
Leroy Sané,Bayern Munich,Bundesliga,FW,28.0,1637,11,5,10.2,5.5,10.2,3.68,1.59,75,64,266,36,6.1,82.5,15,7,3,787,1184,0.6047648136835675,0.2748930971288943,0.5607819181429443,0.30238240684178375,0.5607819181429443,4.123396456933415,3.5186316432498472,14.624312767257177,1.979230299328039,0.335369578497251,0.8246792913866829,0.38485033598045204,0.1649358582773366,43.26817348808797,65.09468540012217,2.4687147017143567,1.583897675147277,2.687521741057875,2.3906639840895996,3.0372954951142437,2.3501118168233512,0.06930963081740844,3.5062457888494376,1.593765584035931,2.6169608510016835,-0.08619957854919363,-0.7273252111859614,-1.1683139619690206,1.231804297289468,0.5327243589234324,2.514915650937448,2.8302821769230104,0.6331417803828338,0.92,0.5563836285888821,0.2529016493585828,0.5159193646915088,0.27819181429444106,0.5159193646915088,3.3856,1.4628,3.793524740378742,3.2371411117898594,13.454367745876603,1.820891875381796,0.30854001221747096,39.80671960904093,59.887110568112405,0.8963905341159597,0.41831558258744783,0.17927810682319192
Kaishu Sano,Mainz 05,Bundesliga,MF,23.0,3043,0,0,0.9,1.2,0.9,0.59,0.06,53,159,46,19,2.0,80.1,36,65,56,894,1814,0.0,0.0,0.02661846861649688,0.0354912914886625,0.02661846861649688,1.5675320407492608,4.7025961222477815,1.360499507065396,0.5619454485704897,0.05915215248110418,1.064738744659875,1.9224449556358856,1.6562602694709168,26.441012159053567,53.65100230036148,-0.7696298623010193,-0.9032492487568731,-0.7170045260422678,-0.7360057463391371,-0.7307369488141704,0.11969966904620773,0.6948797840440811,-0.7131918631722763,-0.5042096097772553,-0.5932082245114907,0.40774842089402447,2.130933297056514,-0.3913739451431005,-0.3539475469990275,-0.14902005915403618,-0.6289986906149991,-0.8443031071635642,0.34405594499530573,0.92,0.0,0.0,0.02448899112717713,0.032651988169569504,0.02448899112717713,0.5428,0.0552,1.44212947748932,4.326388432467959,1.2516595465001643,0.5169898126848506,0.05441998028261585,24.325731186329282,49.358922116332565,1.1573247224563858,2.0896140822129188,1.8002829015988224
Kauã Santos,Eint Frankfurt,Bundesliga,GK,21.0,765,0,0,0.0,0.0,0.0,0.0,0.0,0,1,0,1,0.0,69.5,0,0,10,191,326,0.0,0.0,0.0,0.0,0.0,0.0,0.11764705882352941,0.0,0.11764705882352941,0.0,0.0,0.0,1.1764705882352942,22.470588235294116,38.35294117647059,-0.7696298623010193,-0.9032492487568731,-0.8866591058814253,-1.1517915871101994,-0.9185057926831566,-1.248229898570237,-1.727665266099947,-1.1459891842034466,-1.1618946191400779,-1.2806681483244808,-1.7830654199419607,-1.442729475193211,-0.6413314997933077,-0.7281108973464866,-1.0603846685811045,-1.2292930147301913,-0.9884044908532337,-0.9327398279662725,0.92,0.0,0.0,0.0,0.0,0.0,0.0,0.0,0.0,0.10823529411764707,0.0,0.10823529411764707,0.0,20.672941176470587,35.28470588235294,0.0,0.0,1.278772378516624
Pablo Sarabia,Wolves,Premier League,"MF,FW",32.0,814,3,2,2.9,1.8,2.9,1.88,0.88,15,60,62,15,1.9,69.2,8,4,7,325,552,0.3316953316953317,0.22113022113022113,0.3206388206388206,0.19901719901719903,0.3206388206388206,1.6584766584766584,6.6339066339066335,6.855036855036856,1.6584766584766584,0.2100737100737101,0.8845208845208845,0.44226044226044225,0.773955773955774,35.93366093366093,61.031941031941024,1.228909234612658,1.2117580905279062,1.290815889998954,1.1880869291565974,1.4495236364426625,-0.043526396440358425,1.7584266528364056,1.073149370195175,1.1293405610679688,1.6980470028384116,-0.11533269438912214,-0.5626870596851216,-0.7855779032006319,0.5299058234975748,0.43258217861971765,0.7123807290452567,1.1924424701683827,-1.2875527010210372,1.0,0.3316953316953317,0.22113022113022113,0.3206388206388206,0.19901719901719903,0.3206388206388206,1.88,0.88,1.6584766584766584,6.6339066339066335,6.855036855036856,1.6584766584766584,0.2100737100737101,35.93366093366093,61.031941031941024,0.8845208845208845,0.44226044226044225,0.773955773955774
Ismaila Sarr,Crystal Palace,Premier League,MF,26.0,2711,8,6,10.7,8.5,10.7,1.96,0.96,75,85,183,44,6.7,66.0,10,9,40,607,1091,0.26558465510881596,0.19918849133161193,0.3552194762080413,0.28218369605311694,0.3552194762080413,2.4898561416451495,2.821836960531169,6.075248985614164,1.4607156030984878,0.22242714865363333,0.33198081888601993,0.2987827369974179,1.3279232755440797,20.15123570638141,36.219107340464774,0.8265139734113833,1.0030833541833153,1.5277267993848398,2.160821829428839,1.7060754748805527,0.5119320035192398,-0.28693456456628336,0.8305054314818673,0.8368622624431831,1.8674713446272508,-1.0893177542128039,-0.8614064414017703,-0.4659729227686788,-1.037257741976707,-1.1744314980814348,0.7953241664571681,1.3928004969164653,-1.6809651034962974,1.0,0.26558465510881596,0.19918849133161193,0.3552194762080413,0.28218369605311694,0.3552194762080413,1.96,0.96,2.4898561416451495,2.821836960531169,6.075248985614164,1.4607156030984878,0.22242714865363333,20.15123570638141,36.219107340464774,0.33198081888601993,0.2987827369974179,1.3279232755440797
Sávio,Manchester City,Premier League,"FW,MF",20.0,1766,1,8,5.0,6.9,5.0,2.8,1.07,137,67,246,46,6.1,80.8,17,6,9,783,1095,0.05096262740656852,0.40770101925254815,0.2548131370328426,0.3516421291053228,0.2548131370328426,6.981879954699886,3.4144960362400902,12.536806342015854,2.3442808607021517,0.31087202718006796,0.8663646659116648,0.3057757644394111,0.45866364665911663,39.903737259343146,55.80407701019253,-0.4798239943111861,2.9861219380967623,0.839846343374153,2.9732239908295264,0.9611667829486579,3.5131274988308827,0.031055921563364404,2.841126253706254,2.14360924947618,3.0804708857661964,-0.1473374063876159,-0.8468470167861459,-0.9674819569331665,0.9241265392724243,0.09399735242271083,1.666230259282236,1.6682927836950794,0.13856725795177804,1.0,0.05096262740656852,0.40770101925254815,0.2548131370328426,0.3516421291053228,0.2548131370328426,2.8,1.07,6.981879954699886,3.4144960362400902,12.536806342015854,2.3442808607021517,0.31087202718006796,39.903737259343146,55.80407701019253,0.8663646659116648,0.3057757644394111,0.45866364665911663
Joe Scally,Gladbach,Bundesliga,DF,21.0,2578,0,0,0.4,1.1,0.4,0.21,0.03,52,68,69,11,1.3,83.4,32,16,86,980,1850,0.0,0.0,0.013964313421256789,0.038401861908456174,0.013964313421256789,1.8153607447633826,2.3739332816136542,2.408844065166796,0.38401861908456164,0.04538401861908456,1.117145073700543,0.5585725368502715,3.0023273855702097,34.21256788207913,64.58494957331264,-0.7696298623010193,-0.9032492487568731,-0.7976566256727268,-0.7019079742278043,-0.8200003893742479,0.335970981601285,-0.5355135224018055,-0.37969617728072486,-0.7675907320518506,-0.7532199883920123,0.5155800477466534,-0.4043903151090992,0.3098909171372579,0.37842546469335964,0.5023574262154855,-1.015628933265462,-0.9163537990083989,0.7415489686531571,0.92,0.0,0.0,0.012847168347556247,0.035329712955779684,0.012847168347556247,0.1932,0.0276,1.6701318851823121,2.184018619084562,2.2161365399534527,0.35329712955779674,0.0417532971295578,31.4755624515128,59.418153607447636,1.2142881235875467,0.6071440617937733,3.263399332141532
Oliver Scarles,West Ham,Premier League,"DF,FW",18.0,665,0,0,0.1,0.1,0.1,0.41,0.0,12,22,44,2,0.1,78.8,11,11,26,219,466,0.0,0.0,0.013533834586466167,0.013533834586466167,0.013533834586466167,1.62406015037594,2.977443609022556,5.954887218045112,0.27067669172932335,0.013533834586466167,1.488721804511278,1.488721804511278,3.518796992481203,29.639097744360903,63.067669172932334,-0.7900177606680123,-0.891279865718134,-0.8131500506398845,-0.9813701050114566,-0.8288700917347039,-0.06652063542369796,-0.20344401185755595,0.7930528697036595,-0.9231432928920824,-0.9974485730900235,0.9497170744927138,1.6160367395899933,0.7980256862164216,-0.09513183381987418,0.5644269733455316,-0.8117049333986124,-1.0114958240605274,-0.10731549359525921,1.0,0.0,0.0,0.013533834586466167,0.013533834586466167,0.013533834586466167,0.41,0.0,1.62406015037594,2.977443609022556,5.954887218045112,0.27067669172932335,0.013533834586466167,29.639097744360903,63.067669172932334,1.488721804511278,1.488721804511278,3.518796992481203
Kevin Schade,Brentford,Premier League,FW,22.0,2293,11,2,8.2,3.7,8.2,2.16,1.06,61,38,165,23,1.8,59.7,25,5,34,434,883,0.4317488006977759,0.07849978194505015,0.3218491059747056,0.1452245965983428,0.3218491059747056,2.3942433493240296,1.4914958569559529,6.476232010466639,0.9027474923680767,0.07064980375054514,0.9812472743131269,0.19624945486262538,1.3344962930658526,17.034452682075884,34.657653728739646,1.8379037854496096,-0.1447151485858721,1.2991075141692063,0.558916005597175,1.4585026717687624,0.4480515136664546,-1.0007274204980214,0.9552779552958283,0.011656493788439063,-0.21411724241238697,0.05517088427911299,-1.0748798767939465,-0.4621806982601979,-1.3467481230074763,-1.2755597021703808,1.0026827599869463,1.6432480303515689,-2.4554957708694642,1.0,0.4317488006977759,0.07849978194505015,0.3218491059747056,0.1452245965983428,0.3218491059747056,2.16,1.06,2.3942433493240296,1.4914958569559529,6.476232010466639,0.9027474923680767,0.07064980375054514,17.034452682075884,34.657653728739646,0.9812472743131269,0.19624945486262538,1.3344962930658526
András Schäfer,Union Berlin,Bundesliga,MF,25.0,1534,1,1,0.6,0.9,0.6,0.7,0.06,23,55,42,10,1.3,73.5,26,22,36,362,799,0.05867014341590612,0.05867014341590612,0.035202086049543675,0.052803129074315516,0.035202086049543675,1.349413298565841,3.2268578878748366,2.4641460234680572,0.5867014341590613,0.07627118644067796,1.5254237288135593,1.2907431551499347,2.1121251629726205,21.23859191655802,46.87744458930899,-0.45546783484498216,-0.3724201073708113,-0.6622962695274245,-0.5331949540595102,-0.6701874128946627,-0.07064481446520467,-0.08485458280152527,-0.3621037126923399,-0.4675638757630527,-0.39425266181476537,1.3556570460014965,0.9566530135343997,-0.15388056317392002,-0.8442113135956313,-0.5525470635091461,-0.51707940984776,-0.8443031071635642,-0.45093010232039366,0.92,0.05397653194263363,0.05397653194263363,0.03238591916558018,0.048578878748370274,0.03238591916558018,0.644,0.0552,1.2414602346805736,2.96870925684485,2.2670143415906128,0.5397653194263364,0.07016949152542372,19.53950456323338,43.12724902216428,1.6580692704495208,1.4029816903803636,2.2957882206224136
Fabian Schär,Newcastle Utd,Premier League,DF,32.0,2934,4,0,3.7,0.4,3.7,1.23,0.34,18,118,22,5,1.0,83.7,21,45,138,1438,2319,0.12269938650306748,0.0,0.11349693251533743,0.012269938650306749,0.11349693251533743,0.5521472392638037,3.619631901840491,0.6748466257668712,0.15337423312883436,0.03067484662576687,0.6441717791411044,1.3803680981595092,4.233128834355829,44.11042944785276,71.13496932515336,-0.04318450724448792,-0.891279865718134,-0.12830622551476806,-0.9961529289998656,-0.08724978039435641,-0.7826834017133192,0.14112131379053972,-0.8499194002100035,-1.0966275183396497,-0.7623638504385641,-0.5390059306691346,1.3904452296841747,1.2101509709843545,1.341842741570816,1.0869090823972676,0.038465300073477975,-0.1599742103811758,0.49509724769498276,1.0,0.12269938650306748,0.0,0.11349693251533743,0.012269938650306749,0.11349693251533743,1.23,0.34,0.5521472392638037,3.619631901840491,0.6748466257668712,0.15337423312883436,0.03067484662576687,44.11042944785276,71.13496932515336,0.6441717791411044,1.3803680981595092,4.233128834355829
Patrik Schick,Leverkusen,Bundesliga,FW,28.0,1684,21,0,12.7,0.6,11.9,3.63,1.71,7,21,107,11,0.9,78.0,5,4,17,312,578,1.1223277909738718,0.0,0.6787410926365796,0.03206650831353919,0.6359857482185274,0.37410926365795727,1.1223277909738718,5.71852731591449,0.5878859857482185,0.048099762470308796,0.2672209026128266,0.2137767220902613,0.9085510688836105,16.67458432304038,30.890736342042754,5.240118090471415,-0.9032492487568731,3.4393423839061583,-0.776127598551309,3.5677894326603137,-0.921758024328787,-1.1968230907611108,0.673168624908787,-0.46581041043213106,-0.7216579068320116,-1.2332298335682552,-1.0453366078094757,-0.7809103830401064,-1.274312583634539,-1.5049370428537074,2.4640432505887033,3.1184849443023497,0.09110583903122002,0.92,1.0325415676959622,0.0,0.6244418052256532,0.029501187648456054,0.5851068883610452,3.3396,1.5732,0.3441805225653207,1.0325415676959622,5.261045130641331,0.540855106888361,0.0442517814726841,15.340617577197152,28.419477434679333,0.2904575028400289,0.23236600227202314,0.9875555096560983
Keven Schlotterbeck,Augsburg,Bundesliga,DF,27.0,1297,3,1,0.8,0.6,0.8,0.83,0.28,3,59,2,7,0.5,84.5,17,15,73,424,845,0.2081727062451812,0.06939090208172706,0.055512721665381654,0.04163454124903623,0.055512721665381654,0.2081727062451812,4.094063222821896,0.13878180416345412,0.48573631457208943,0.03469545104086353,1.17964533538936,1.0408635312259058,5.065535851966076,29.421742482652274,58.63531225905937,0.34507611329858195,-0.275422029877753,-0.5328450827850106,-0.6640366474547087,-0.5269145363525991,-1.0665649675571511,0.37334985144043026,-1.1018404044810821,-0.6170202932366665,-0.8774413657179024,0.6441810205678984,0.4921479014669951,1.3847671872266307,-0.07305057836905315,0.14791454334131607,-0.3848111689410227,-0.31593136696810886,0.8740466432057731,0.92,0.19151888974556672,0.06383962991518889,0.05107170393215112,0.038303777949113334,0.05107170393215112,0.7636,0.25760000000000005,0.19151888974556672,3.766538164996145,0.12767925983037778,0.4468774094063223,0.031919814957594446,27.068003084040093,53.94448727833462,1.2822231906406085,1.1313734035064194,5.506017230397909
Nico Schlotterbeck,Dortmund,Bundesliga,DF,24.0,1982,0,4,1.3,2.1,1.3,0.77,0.18,37,195,14,18,2.1,89.2,24,22,79,1467,2297,0.0,0.18163471241170534,0.05903128153380424,0.09535822401614531,0.05903128153380424,1.6801210898082746,8.854692230070636,0.6357214934409687,0.8173562058526741,0.09535822401614531,1.089808274470232,0.9989909182643795,3.5872855701311805,66.61453077699294,104.30373360242179,-0.7696298623010193,0.7401249245755562,-0.5104193074815357,-0.03465558884274225,-0.5020943286954214,0.217952135467262,2.8887187415953965,-0.9437556972713851,-0.1261307551809826,-0.17242517376793426,0.4593316596624465,0.41431025119839116,0.6146384411126214,3.4319097342309006,2.8685588553022385,-0.4458580493595168,-0.5561003397842249,1.4401730708396812,0.92,0.0,0.16710393541876892,0.05430877901109991,0.08772956609485369,0.05430877901109991,0.7084,0.1656,1.5457114026236127,8.146316851664986,0.5848637739656912,0.7519677093844602,0.08772956609485369,61.285368314833505,95.95943491422804,1.184574211380687,1.0858596937656297,3.899223445794761
Romano Schmid,Werder Bremen,Bundesliga,MF,24.0,2834,5,4,4.3,6.2,3.5,1.49,0.41,107,279,201,68,8.8,74.5,25,11,9,1315,1988,0.1587861679604799,0.12702893436838392,0.13655610444601268,0.19689484827099507,0.11115031757233593,3.39802399435427,8.860268172194779,6.383203952011292,2.1594918842625264,0.2794636556104446,0.7939308398023994,0.34932956951305577,0.2858151023288638,41.76076217360621,63.13338038108681,0.08062516613504452,0.24606889222579287,-0.01630969329717427,1.1548613014722886,-0.1344424069595479,1.7171050180452674,2.891664896679319,0.8846132200451807,1.8606027927931266,1.9672282567273491,-0.14946780622756428,-0.7933553153999584,-1.1053391181306282,1.0897494239035266,0.4158818408968152,0.2867045156624127,-0.00371170230715822,-0.33047767090892394,0.92,0.1460832745236415,0.1168666196189132,0.12563161609033166,0.18114326040931547,0.10225829216654905,1.3708,0.3772,3.1261820748059286,8.151446718419196,5.872547635850389,1.9867325335215242,0.25710656316160907,38.419901199717714,58.08270995059987,0.8629683041330428,0.37970605381853884,0.31066858948789544
Jan Schöppner,Heidenheim,Bundesliga,MF,25.0,2681,4,3,3.9,3.4,3.9,1.38,0.44,35,107,48,25,2.1,74.7,30,43,95,704,1440,0.13427825438269303,0.10070869078701976,0.1309212980231257,0.11413651622528906,0.1309212980231257,1.1749347258485638,3.5919433047370384,1.6113390525923161,0.8392390898918314,0.07049608355091384,1.0070869078701978,1.4434912346139501,3.189108541588959,23.63297277135397,48.34017157776949,-0.05060778081267769,0.00793154522248391,-0.05222350674463207,0.18533494085995014,0.005023698130373116,-0.22290607122484055,0.10804524165993959,-0.6333956686503853,-0.09373800939053449,-0.4613702835087123,0.28912360084129934,1.2405987897257589,0.40719888944076704,-0.6185705306864903,-0.4654067651575549,0.17478523489517336,0.06833898953767664,-0.30638718462662967,0.92,0.12353599403207759,0.09265199552405819,0.12044759418127564,0.10500559492726594,0.12044759418127564,1.2696,0.4048,1.0809399477806787,3.3045878403580753,1.482431928384931,0.7720999627004849,0.06485639686684073,21.742334949645652,44.47295785154793,1.0946596824676063,1.5690122115369023,3.4664223278140858
Léo Scienza,Heidenheim,Bundesliga,"FW,MF",25.0,1153,3,3,2.0,3.7,2.0,2.97,1.17,70,30,90,34,4.1,66.3,12,5,9,368,584,0.2341717259323504,0.2341717259323504,0.15611448395490027,0.2888117953165655,0.15611448395490027,5.464006938421509,2.341717259323504,7.025151777970512,2.6539462272333045,0.3200346921075455,0.9366869037294016,0.3902862098872506,0.7025151777970512,28.725065047701648,45.58542931483088,0.4842935118123222,1.215463421372057,0.10834693912301928,2.2316822202224604,0.18273848194982914,3.5200149949475565,-0.5525354705749975,1.0888274059923864,2.592532542463009,2.438740458556701,0.144268063048471,-0.7172203807935904,-0.888249555849205,-0.13870381041128307,-0.6295174054670338,1.792527565985268,1.8215724910953233,-1.318187608482976,0.92,0.21543798785776236,0.21543798785776236,0.14362532523850827,0.26570685169124025,0.14362532523850827,2.7324,1.0764,5.026886383347788,2.154379878577624,6.463139635732872,2.44163052905464,0.29443191673894187,26.427059843885516,41.93859496964441,1.0181379388363059,0.42422414118179413,0.7636034541272295
Alex Scott,Bournemouth,Premier League,MF,20.0,755,0,0,0.7,0.9,0.7,1.79,0.72,15,52,33,12,1.0,83.6,14,10,15,247,485,0.0,0.0,0.08344370860927151,0.10728476821192053,0.08344370860927151,1.7880794701986755,6.198675496688741,3.933774834437086,1.4304635761589404,0.11920529801324503,1.6688741721854305,1.1920529801324504,1.7880794701986755,29.44370860927152,57.81456953642384,-0.7900177606680123,-0.891279865718134,-0.334199852699239,0.11516285382172226,-0.31021287109265455,0.043063388232962775,1.5249039302878178,0.16415020454170468,0.7921210905662924,0.4518093012350913,1.2672790496679955,0.9983747297983797,-0.20049126334541284,-0.11453358793509985,0.2242077518769677,0.6190693619568568,0.7917264166722171,0.48280311011762983,1.0,0.0,0.0,0.08344370860927151,0.10728476821192053,0.08344370860927151,1.79,0.72,1.7880794701986755,6.198675496688741,3.933774834437086,1.4304635761589404,0.11920529801324503,29.44370860927152,57.81456953642384,1.6688741721854305,1.1920529801324504,1.7880794701986755
Nicolas Seiwald,RB Leipzig,Bundesliga,"MF,DF",23.0,2084,0,0,0.2,1.7,0.2,0.22,0.0,17,140,30,20,2.7,82.7,31,31,76,760,1607,0.0,0.0,0.008637236084452975,0.07341650671785029,0.008637236084452975,0.7341650671785028,6.046065259117083,1.2955854126679462,0.8637236084452974,0.11660268714011518,1.338771593090211,1.338771593090211,3.2821497120921306,32.82149712092131,69.40019193857965,-0.7696298623010193,-0.9032492487568731,-0.831609107326237,-0.29170612130214485,-0.8575780264330686,-0.6075501058786941,1.404727257270599,-0.7338421067089175,-0.05749412198132818,0.0744756808597582,0.9716003143241541,1.0459338224196142,0.45567084365385624,0.2473342496091101,0.7892200189309008,-1.005454453195713,-0.9884044908532337,0.657232266665128,0.92,0.0,0.0,0.007946257197696737,0.06754318618042227,0.007946257197696737,0.2024,0.0,0.6754318618042227,5.562380038387716,1.1919385796545106,0.7946257197696737,0.10727447216890597,30.195777351247603,63.848176583493284,1.4551865142284903,1.4551865142284903,3.5675540348827504
Matz Sels,Nott'ham Forest,Premier League,GK,32.0,3420,0,0,0.0,0.4,0.0,0.0,0.0,1,2,0,2,0.3,52.0,1,0,26,528,1102,0.0,0.0,0.0,0.010526315789473684,0.0,0.026315789473684213,0.052631578947368425,0.0,0.052631578947368425,0.007894736842105263,0.026315789473684213,0.0,0.6842105263157895,13.894736842105264,29.000000000000004,-0.7900177606680123,-0.891279865718134,-0.9058698966514711,-1.0165467518743863,-0.9292768100897674,-1.1340001008405478,-1.7727482499963843,-1.0599091291149787,-1.245620655727572,-1.074787398020435,-1.628126051519011,-1.4834695995757803,-0.8373553595200003,-1.658515687211713,-1.641980040660263,-1.2367900501346574,-1.0114958240605274,-3.402144364325558,1.0,0.0,0.0,0.0,0.010526315789473684,0.0,0.0,0.0,0.026315789473684213,0.052631578947368425,0.0,0.052631578947368425,0.007894736842105263,13.894736842105264,29.000000000000004,0.026315789473684213,0.0,0.6842105263157895
Nélson Semedo,Wolves,Premier League,DF,30.0,2886,0,4,0.9,2.8,0.9,0.56,0.22,67,80,119,25,1.7,80.8,36,23,104,901,1717,0.0,0.12474012474012475,0.028066528066528068,0.08731808731808732,0.028066528066528068,2.0893970893970892,2.494802494802495,3.711018711018711,0.7796257796257796,0.05301455301455302,1.1226611226611227,0.7172557172557172,3.2432432432432434,28.0977130977131,53.54469854469854,-0.7900177606680123,0.29504923780527326,-0.7135870559101872,-0.11837213971831366,-0.7210528983243292,0.24437867929802573,-0.4624044982947365,0.09483593937012935,-0.17043410538324993,-0.45598032603045235,0.30444688091632216,0.009850801657147051,0.6390482184396213,-0.24818827627540882,-0.05233225023529507,-0.6561859882512786,-0.46051125050329994,0.13856725795177804,1.0,0.0,0.12474012474012475,0.028066528066528068,0.08731808731808732,0.028066528066528068,0.56,0.22,2.0893970893970892,2.494802494802495,3.711018711018711,0.7796257796257796,0.05301455301455302,28.0977130977131,53.54469854469854,1.1226611226611227,0.7172557172557172,3.2432432432432434
Antoine Semenyo,Bournemouth,Premier League,FW,24.0,3203,11,5,10.0,5.8,10.0,3.51,1.12,140,109,282,46,4.3,73.4,35,11,39,979,1653,0.3090852325944427,0.1404932875429285,0.280986575085857,0.16297221354979707,0.280986575085857,3.933812051201998,3.0627536684358416,7.923821417421167,1.2925382453949423,0.12082422728691851,0.9834530128004995,0.3090852325944427,1.0958476428348423,27.5085857009054,46.44708086169216,1.0912885475579341,0.4448681957744328,1.019159688041162,0.7664963056053257,1.1553459718683088,1.4766628579275205,-0.15767100613393586,1.4057194267733877,0.5881367115288016,0.47401251411547757,0.05905903007377234,-0.8399567317814501,-0.5998662068297573,-0.30668745991823126,-0.5120124637251957,2.4023532663129483,1.7935165504126311,-0.7711989227722588,1.0,0.3090852325944427,0.1404932875429285,0.280986575085857,0.16297221354979707,0.280986575085857,3.51,1.12,3.933812051201998,3.0627536684358416,7.923821417421167,1.2925382453949423,0.12082422728691851,27.5085857009054,46.44708086169216,0.9834530128004995,0.3090852325944427,1.0958476428348423
Marcos Senesi,Bournemouth,Premier League,DF,27.0,1106,0,0,0.8,0.2,0.8,0.24,0.0,12,62,7,3,0.5,76.3,21,14,58,554,889,0.0,0.0,0.0650994575045208,0.0162748643761302,0.0650994575045208,0.976491862567812,5.045207956600361,0.569620253164557,0.244122965641953,0.0406871609403255,1.7088607594936709,1.139240506329114,4.719710669077758,45.08137432188065,72.34177215189872,-0.7900177606680123,-0.891279865718134,-0.45987570064637134,-0.949310376224989,-0.4463077850907281,-0.49917173193576037,0.9060123637177325,-0.8826623326226894,-0.9624148704700404,-0.6250474464630801,1.3377650488811246,0.888419601281803,1.4908785900576118,1.4382556444515744,1.165068178281895,-0.9879597378989237,-1.0114958240605274,-0.4146689330290558,1.0,0.0,0.0,0.0650994575045208,0.0162748643761302,0.0650994575045208,0.24,0.0,0.976491862567812,5.045207956600361,0.569620253164557,0.244122965641953,0.0406871609403255,45.08137432188065,72.34177215189872,1.7088607594936709,1.139240506329114,4.719710669077758
Benjamin Šeško,RB Leipzig,Bundesliga,"FW,MF",21.0,2380,13,5,10.0,2.1,8.4,2.5,1.1,47,46,141,19,1.7,67.6,3,5,20,444,901,0.49159663865546216,0.18907563025210083,0.37815126050420167,0.07941176470588236,0.31764705882352945,1.7773109243697478,1.7394957983193278,5.331932773109243,0.7184873949579831,0.06428571428571428,0.11344537815126052,0.18907563025210083,0.7563025210084033,16.789915966386555,34.07142857142857,1.862731125736078,0.8074480262141747,1.5235130997700967,-0.2214707683849472,1.3222024108200774,0.30276625403854296,-0.8707306346356843,0.5501865278316006,-0.27248405359378847,-0.5335465239805778,-1.549639421424317,-1.091253850889529,-0.8602277927599766,-1.2634440026204938,-1.3154509172678368,1.3143270027070637,1.6534542101240424,-1.1615994476480656,0.92,0.4522689075630252,0.17394957983193277,0.34789915966386553,0.07305882352941177,0.2922352941176471,2.3000000000000003,1.0120000000000002,1.6351260504201681,1.6003361344537816,4.905378151260504,0.6610084033613445,0.05914285714285714,15.446722689075632,31.345714285714287,0.12331019364267447,0.20551698940445742,0.8220679576178297
Armindo Sieb,Mainz 05,Bundesliga,"FW,MF",21.0,762,2,2,2.8,1.1,2.8,3.43,0.83,28,18,64,8,0.6,69.7,4,1,7,184,333,0.23622047244094488,0.23622047244094488,0.3307086614173228,0.1299212598425197,0.3307086614173228,3.3070866141732282,2.1259842519685037,7.559055118110236,0.9448818897637795,0.07086614173228346,0.47244094488188976,0.11811023622047244,0.8267716535433071,21.73228346456693,39.330708661417326,0.49526397002853695,1.2339998401833336,1.221134539585995,0.37025559663102686,1.414340018488189,1.6377471944617923,-0.66652210857054,1.2586708598871177,0.06264267401114862,-0.45706950731545376,-0.8109676483374254,-1.2231725235284439,-0.8235152648844645,-0.7976869909569716,-1.002135281628575,2.2605536491937226,1.004997983520529,-0.9086493416839782,0.92,0.2173228346456693,0.2173228346456693,0.304251968503937,0.11952755905511814,0.304251968503937,3.1556,0.7636,3.04251968503937,1.9559055118110236,6.954330708661417,0.8692913385826772,0.0651968503937008,19.993700787401576,36.18425196850394,0.5135227661759671,0.1283806915439918,0.8986648408079424
Tim Siersleben,Heidenheim,Bundesliga,DF,24.0,1182,0,0,0.6,0.5,0.6,0.3,0.15,8,31,12,6,0.6,80.8,14,20,66,472,869,0.0,0.0,0.045685279187817264,0.03807106598984771,0.045685279187817264,0.6091370558375634,2.3604060913705585,0.9137055837563451,0.45685279187817257,0.045685279187817264,1.0659898477157361,1.5228426395939085,5.025380710659898,35.93908629441624,66.16751269035532,-0.7696298623010193,-0.9032492487568731,-0.5954809409346932,-0.7057832983812291,-0.5962381153603564,-0.7166576131241634,-0.5426608706738262,-0.8553243755744793,-0.6597759284848583,-0.7497187706181537,0.41032269923680065,1.388106348301755,1.3638474356769998,0.5411284722313952,0.5966368257666397,-0.9240586126377207,-0.6281510316290597,0.4283726469833349,0.92,0.0,0.0,0.042030456852791886,0.035025380710659894,0.042030456852791886,0.276,0.138,0.5604060913705583,2.1715736040609137,0.8406091370558376,0.4203045685279188,0.042030456852791886,33.06395939086294,60.8741116751269,1.1586846170823217,1.655263738689031,5.462370337673802
Kiliann Sildillia,Freiburg,Bundesliga,DF,22.0,801,2,0,0.5,0.7,0.5,0.79,0.22,11,29,34,7,0.7,73.2,10,11,38,253,576,0.2247191011235955,0.0,0.056179775280898875,0.07865168539325842,0.056179775280898875,1.2359550561797754,3.258426966292135,3.8202247191011236,0.7865168539325843,0.07865168539325842,1.1235955056179774,1.2359550561797754,4.269662921348314,28.426966292134832,64.71910112359551,0.43367737894133007,-0.9032492487568731,-0.5285935722078533,-0.2303752123427837,-0.5222090858629841,-0.16965579504810063,-0.06817445972937987,0.06928727534513211,-0.17178156086555668,-0.3665867602383072,0.5288525012897991,0.8548065658231159,0.970138737866933,-0.1667959313684017,0.5103493523973365,-0.4255090892200187,-0.46003275065777854,-0.4870658317438342,0.92,0.20674157303370788,0.0,0.05168539325842697,0.07235955056179776,0.05168539325842697,0.7268000000000001,0.2024,1.1370786516853935,2.997752808988764,3.5146067415730338,0.7235955056179776,0.07235955056179776,26.152808988764047,59.54157303370787,1.2212994626282363,1.34342940889106,4.640937957987298
Bernardo Silva,Manchester City,Premier League,"MF,FW",29.0,2670,4,4,3.9,5.1,3.9,1.08,0.37,101,134,200,53,4.5,86.8,37,23,32,1288,2054,0.1348314606741573,0.1348314606741573,0.13146067415730336,0.17191011235955056,0.13146067415730336,3.404494382022472,4.51685393258427,6.741573033707866,1.7865168539325842,0.15168539325842698,1.247191011235955,0.7752808988764045,1.0786516853932584,43.41573033707865,69.23595505617978,0.03065967961087178,0.3910219293262679,-0.005237235111959305,0.8710360712226523,0.04602215640407899,1.1230169578960698,0.6225246726797405,1.0378432188836502,1.3187053399468132,0.8972657401489564,0.5239608284416166,0.13065874422879967,-0.6097872105454419,1.2728604958326413,0.9639186194603586,-0.11705364507385552,-0.08483995035064483,0.8762155125928898,1.0,0.1348314606741573,0.1348314606741573,0.13146067415730336,0.17191011235955056,0.13146067415730336,1.08,0.37,3.404494382022472,4.51685393258427,6.741573033707866,1.7865168539325842,0.15168539325842698,43.41573033707865,69.23595505617978,1.247191011235955,0.7752808988764045,1.0786516853932584
Jota Silva,Nott'ham Forest,Premier League,"FW,MF",24.0,854,3,1,2.1,2.9,2.1,2.42,0.74,21,18,59,14,1.8,60.2,14,12,17,175,357,0.3161592505854801,0.1053864168618267,0.2213114754098361,0.30562060889929743,0.2213114754098361,2.2131147540983607,1.8969555035128804,6.217798594847775,1.4754098360655739,0.18969555035128804,1.4754098360655739,1.2646370023419204,1.791569086651054,18.442622950819672,37.622950819672134,1.1343459093067716,0.11098763801973291,0.6103275852593087,2.434945471672333,0.7126199367819667,0.32703649979150934,-0.7831785540432767,0.8748621084741547,0.8585942675115781,1.41856560375247,0.9262515211521382,1.1494940566455183,-0.19847797051726002,-1.2069196044256212,-1.0835109809375607,1.2722489315756578,0.8418159233592378,-2.3940250829827048,1.0,0.3161592505854801,0.1053864168618267,0.2213114754098361,0.30562060889929743,0.2213114754098361,2.42,0.74,2.2131147540983607,1.8969555035128804,6.217798594847775,1.4754098360655739,0.18969555035128804,18.442622950819672,37.622950819672134,1.4754098360655739,1.2646370023419204,1.791569086651054
Xavi Simons,RB Leipzig,Bundesliga,MF,21.0,2150,10,6,5.1,6.3,5.1,2.09,0.96,85,140,185,51,6.0,78.6,21,12,19,869,1557,0.41860465116279066,0.25116279069767444,0.21348837209302327,0.2637209302325581,0.21348837209302327,3.558139534883721,5.8604651162790695,7.744186046511628,2.1348837209302327,0.25116279069767444,0.8790697674418604,0.5023255813953489,0.7953488372093024,36.376744186046515,65.1767441860465,1.4718796731294965,1.369193270925598,0.47402323049988526,1.9377389457727303,0.5874585580434355,1.856832166474357,1.306661891414069,1.3175640600948593,1.824175876772074,1.6383186630656523,0.025714642990105927,-0.5089486537873363,-0.8398857093484694,0.5823723157561275,0.5376129178576882,0.8971733198473538,1.3172176481814797,0.16337729787810118,0.92,0.3851162790697674,0.2310697674418605,0.1964093023255814,0.24262325581395347,0.1964093023255814,1.9227999999999998,0.8832,3.2734883720930235,5.391627906976744,7.124651162790698,1.9640930232558143,0.2310697674418605,33.4666046511628,59.962604651162785,0.9555106167846308,0.5460060667340748,0.8645096056622852
Danel Sinani,St. Pauli,Bundesliga,"FW,MF",27.0,1250,2,2,1.7,3.0,1.7,2.52,0.86,16,60,64,24,2.5,71.4,11,1,13,297,693,0.14400000000000002,0.14400000000000002,0.1224,0.21599999999999997,0.1224,1.1520000000000001,4.32,4.6080000000000005,1.7279999999999998,0.18,0.792,0.07200000000000001,0.9359999999999999,21.384,49.896,0.001449417887078308,0.3996177958610771,-0.10653456635614064,1.3786810398224858,-0.05508623159991052,-0.24292039233462245,0.49272784531273944,0.31989157867416157,1.2218749682272863,0.8112723998384478,-0.15344071562411757,-1.3088875574583687,-0.7666102261839917,-0.8305084000748153,-0.372720054673226,1.3346759628465619,1.0770486753653636,-0.7038802082844794,0.92,0.13248000000000001,0.13248000000000001,0.112608,0.19871999999999998,0.112608,2.3184,0.7912,1.0598400000000001,3.9744000000000006,4.2393600000000005,1.5897599999999998,0.1656,19.673280000000002,45.904320000000006,0.8608695652173913,0.0782608695652174,1.017391304347826
Ibrahima Sissoko,Bochum,Bundesliga,MF,26.0,2610,2,1,1.7,1.6,1.7,0.86,0.28,35,105,69,27,2.7,75.0,44,36,61,691,1429,0.06896551724137931,0.034482758620689655,0.05862068965517241,0.055172413793103454,0.05862068965517241,1.206896551724138,3.6206896551724137,2.3793103448275863,0.9310344827586207,0.09310344827586207,1.5172413793103448,1.2413793103448276,2.103448275862069,23.82758620689655,49.27586206896552,-0.40033901929905685,-0.5912600139345671,-0.513036242124105,-0.5054384256969973,-0.5049906772218318,-0.19501412036601934,0.12323392271039257,-0.38909134058399203,0.042144665879664,-0.19862993375744867,1.338820986797202,0.8648897960971685,-0.15840098862063623,-0.6002306212804706,-0.4096640672988209,-0.3542877287317756,-0.31593136696810886,-0.2702514552031891,0.92,0.06344827586206897,0.031724137931034485,0.05393103448275862,0.05075862068965518,0.05393103448275862,0.7912,0.25760000000000005,1.110344827586207,3.331034482758621,2.1889655172413796,0.856551724137931,0.08565517241379311,21.92137931034483,45.333793103448286,1.649175412293853,1.3493253373313343,2.286356821589205
Tim Skarke,Union Berlin,Bundesliga,"FW,MF",27.0,1164,0,2,2.1,1.2,2.1,1.55,0.7,26,25,96,16,1.2,70.0,11,5,17,293,487,0.0,0.15463917525773196,0.16237113402061856,0.09278350515463918,0.16237113402061856,2.0103092783505154,1.9329896907216495,7.422680412371134,1.2371134020618557,0.09278350515463918,0.8505154639175257,0.3865979381443299,1.3144329896907216,22.65463917525773,37.654639175257735,-0.7696298623010193,0.4958777321472829,0.14822411438028502,-0.06481880921815225,0.22687340068834183,0.5060956465681579,-0.7684944560461096,1.215287817854556,0.4952264720558207,-0.20234827813740414,-0.033038890391012474,-0.7240765663935868,-0.5694567891645613,-0.710766372516458,-1.1019852168756603,0.3477513960809069,0.6927783188595781,-0.8725136122605376,0.92,0.0,0.14226804123711342,0.14938144329896907,0.08536082474226805,0.14938144329896907,1.4260000000000002,0.644,1.8494845360824743,1.7783505154639176,6.828865979381444,1.1381443298969074,0.08536082474226805,20.842268041237112,34.64226804123712,0.9244733303451367,0.4202151501568803,1.428731510533393
Ellyes Skhiri,Eint Frankfurt,Bundesliga,MF,29.0,2231,1,2,1.4,1.4,1.4,0.52,0.08,17,105,27,22,2.0,88.5,22,31,45,823,1544,0.04034065441506051,0.08068130883012102,0.05647691618108471,0.05647691618108471,0.05647691618108471,0.6857911250560287,4.235768713581353,1.0891976692066339,0.8874943971313313,0.08068130883012102,0.8874943971313313,1.250560286866876,1.815329448677723,33.2003585835948,62.28597041685343,-0.5536170652962855,-0.17326995437209605,-0.5266997249208304,-0.49015598317590986,-0.520113029771331,-0.6497643279879082,0.44822264293032515,-0.7994974502058048,-0.022306752996174586,-0.3429986959878924,0.043049219589463644,0.8819564558803561,-0.3085031694474834,0.283037256873188,0.36539835512540175,-0.7002200511032423,-0.7962693126003408,1.355856368851652,0.92,0.03711340206185567,0.07422680412371134,0.05195876288659794,0.05195876288659794,0.05195876288659794,0.47840000000000005,0.0736,0.6309278350515464,3.8969072164948453,1.002061855670103,0.8164948453608248,0.07422680412371134,30.544329896907215,57.30309278350516,0.9646678229688382,1.3593046596379086,1.973184183345351
Oliver Skipp,Leicester City,Premier League,MF,23.0,1129,0,0,0.4,0.3,0.4,0.4,0.08,16,35,19,9,0.3,83.5,4,11,11,347,612,0.0,0.0,0.03188662533215235,0.02391496899911426,0.03188662533215235,1.2754650132860939,2.7900797165633304,1.5146147032772364,0.7174490699734278,0.02391496899911426,0.31886625332152346,0.8768821966341894,0.8768821966341894,27.66164747564216,48.786536758193094,-0.7900177606680123,-0.891279865718134,-0.6874156978996374,-0.8599499165040722,-0.6927118226455967,-0.29942281908557306,-0.30397387411434235,-0.5886116241815401,-0.2623902198893747,-0.8550738930764122,-1.112435337389729,0.3421917959470181,-0.726195724260985,-0.29148872884997523,-0.360496612353184,-0.8220728630751012,-0.8111377973124447,0.4705089725402787,1.0,0.0,0.0,0.03188662533215235,0.02391496899911426,0.03188662533215235,0.4,0.08,1.2754650132860939,2.7900797165633304,1.5146147032772364,0.7174490699734278,0.02391496899911426,27.66164747564216,48.786536758193094,0.31886625332152346,0.8768821966341894,0.8768821966341894
Leo Skiri Østigård,Hoffenheim,Bundesliga,DF,24.0,927,0,0,0.3,0.1,0.3,0.49,0.0,0,51,1,3,0.3,83.9,7,9,111,344,747,0.0,0.0,0.02912621359223301,0.00970873786407767,0.02912621359223301,0.0,4.951456310679611,0.09708737864077668,0.29126213592233013,0.02912621359223301,0.6796116504854369,0.8737864077669902,10.776699029126213,33.398058252427184,72.52427184466019,-0.7696298623010193,-0.9032492487568731,-0.7010212466759035,-1.0380522565217112,-0.7130471116715331,-1.248229898570237,0.8263697982893395,-1.115104088572429,-0.9048960878776018,-0.9421664415020004,-0.3846917646726533,0.18156564294807542,4.3601300134859,0.30166800559758794,0.9753335296801567,-0.7307434913124894,-0.9884044908532337,0.801775184358892,0.92,0.0,0.0,0.026796116504854372,0.008932038834951457,0.026796116504854372,0.45080000000000003,0.0,0.0,4.555339805825242,0.08932038834951456,0.2679611650485437,0.026796116504854372,30.72621359223301,66.72233009708738,0.7387083157450401,0.9497678345293372,11.713803292528493
Robert Skov,Union Berlin,Bundesliga,"DF,MF",28.0,852,2,2,1.7,2.4,0.9,1.69,0.53,25,36,45,19,3.5,65.9,11,8,9,263,564,0.2112676056338028,0.2112676056338028,0.1795774647887324,0.2535211267605634,0.09507042253521128,2.640845070422535,3.8028169014084505,4.753521126760563,2.0070422535211265,0.36971830985915494,1.1619718309859155,0.8450704225352113,0.9507042253521126,27.781690140845072,59.57746478873239,0.36164842435992184,1.0082340913516217,0.2578898077413516,1.818246707411732,-0.24787129515578019,1.0563418495124322,0.21946431758766008,0.3661842480123956,1.6349350003020953,3.0161580949679196,0.6078158950783489,0.12818505221103793,-0.7589497191831447,-0.22760522813419418,0.20404220979999163,0.4901941170573931,0.2844910650721811,-1.3663685810475628,0.92,0.1943661971830986,0.1943661971830986,0.16521126760563382,0.23323943661971833,0.08746478873239438,1.5548,0.48760000000000003,2.4295774647887325,3.4985915492957744,4.373239436619718,1.8464788732394364,0.3401408450704226,25.559154929577467,54.8112676056338,1.2630128597672994,0.9185548071034905,1.0333741579914266
Steven Skrzybski,Holstein Kiel,Bundesliga,"MF,FW",31.0,1323,6,3,3.5,2.9,2.7,2.18,0.82,17,64,71,22,3.3,70.0,6,11,11,313,619,0.40816326530612246,0.20408163265306123,0.23809523809523808,0.19727891156462585,0.1836734693877551,1.1564625850340138,4.35374149659864,4.829931972789116,1.4965986394557822,0.22448979591836735,0.40816326530612246,0.7482993197278911,0.7482993197278911,21.292517006802722,42.10884353741497,1.415969004445289,0.9432176512118771,0.63085672730657,1.1593606609701697,0.37714180798197866,-0.2390260527885472,0.5105558068535899,0.39049179776683546,0.8793366888003241,1.3283280001780378,-0.9432258485557294,-0.051704253081285435,-0.8643972459593418,-0.8391295407620033,-0.8366310529753591,0.9887436404750952,0.9809810862389172,-0.8725136122605376,0.92,0.37551020408163266,0.18775510204081633,0.21904761904761905,0.18149659863945578,0.16897959183673472,2.0056000000000003,0.7544,1.0639455782312928,4.005442176870749,4.443537414965987,1.3768707482993197,0.20653061224489797,19.589115646258506,38.740136054421775,0.44365572315882873,0.813368825791186,0.813368825791186
William Smallbone,Southampton,Premier League,MF,24.0,690,1,0,0.6,0.7,0.6,0.91,0.13,5,27,25,10,0.9,75.8,13,2,14,193,431,0.13043478260869565,0.0,0.07826086956521738,0.09130434782608694,0.07826086956521738,0.6521739130434783,3.5217391304347827,3.2608695652173916,1.3043478260869565,0.1173913043478261,1.6956521739130437,0.2608695652173913,1.826086956521739,25.173913043478258,56.21739130434783,0.003898458732212516,-0.891279865718134,-0.36970730884534037,-0.07174789971895985,-0.34866404742787893,-0.7158539245662647,0.08859706967828312,-0.04523543905042445,0.6056024661571201,0.42693082867181603,1.3144817327615024,-0.9403413477852034,-0.17856329484956765,-0.5385158306115179,0.1207658276296283,-0.29330844957416696,-0.685914030594893,-0.4761396209158151,1.0,0.13043478260869565,0.0,0.07826086956521738,0.09130434782608694,0.07826086956521738,0.91,0.13,0.6521739130434783,3.5217391304347827,3.2608695652173916,1.3043478260869565,0.1173913043478261,25.173913043478258,56.21739130434783,1.6956521739130437,0.2608695652173913,1.826086956521739
Adam Smith,Bournemouth,Premier League,DF,33.0,1590,0,0,0.7,0.4,0.7,0.17,0.0,15,49,34,8,0.7,75.7,12,15,49,366,825,0.0,0.0,0.03962264150943396,0.022641509433962263,0.03962264150943396,0.8490566037735848,2.7735849056603774,1.9245283018867922,0.45283018867924524,0.03962264150943396,0.6792452830188679,0.8490566037735848,2.7735849056603774,20.71698113207547,46.698113207547166,-0.7900177606680123,-0.891279865718134,-0.6344165110011974,-0.8748445989454148,-0.6353187761634654,-0.5843133386043641,-0.31282414428252037,-0.46106020411084186,-0.6537477601134433,-0.6396470660534783,-0.4771804253397449,0.28425914445958805,0.3680844103416694,-0.9810803417537693,-0.4957542475899724,-1.0605352456343462,-1.0114958240605274,-0.4884337584931662,1.0,0.0,0.0,0.03962264150943396,0.022641509433962263,0.03962264150943396,0.17,0.0,0.8490566037735848,2.7735849056603774,1.9245283018867922,0.45283018867924524,0.03962264150943396,20.71698113207547,46.698113207547166,0.6792452830188679,0.8490566037735848,2.7735849056603774
Eric Smith,St. Pauli,Bundesliga,"DF,MF",27.0,2827,1,1,1.4,1.5,1.4,0.76,0.29,16,118,11,28,2.8,80.8,29,37,104,838,1956,0.0318358684117439,0.0318358684117439,0.044570215776441456,0.04775380261761585,0.044570215776441456,0.5093738945879024,3.75663247258578,0.35019455252918286,0.8914043155288291,0.08914043155288291,0.9232401839405731,1.1779271312345243,3.3109303148213654,26.678457729041387,62.270958613371064,-0.5991577893906687,-0.6152082502120485,-0.602587871738133,-0.5923485762036098,-0.6041038634096217,-0.8037173825481223,0.19506189612334623,-1.0345865240868968,-0.016518987887840973,-0.24468768584549244,0.11659999895766983,0.7469375553113674,0.4706647657011828,-0.3315712386506529,0.36450404398971564,-0.4560325294292658,-0.29191446968649737,0.4283726469833349,0.92,0.02928899893880439,0.02928899893880439,0.04100459851432614,0.04393349840820659,0.04100459851432614,0.6992,0.2668,0.4686239830208702,3.4561018747789176,0.3221789883268482,0.8200919702865228,0.08200919702865228,24.54418111071808,57.289281924301385,1.0035219390658403,1.2803555774288307,3.598837298718875
Emile Smith Rowe,Fulham,Premier League,MF,24.0,2043,6,3,4.5,1.4,4.5,1.63,0.48,53,126,127,24,2.0,90.1,18,11,16,779,1223,0.2643171806167401,0.13215859030837004,0.19823788546255508,0.06167400881057268,0.19823788546255508,2.3348017621145374,5.5506607929515415,5.594713656387666,1.0572687224669604,0.0881057268722467,0.7929515418502203,0.4845814977973568,0.7048458149779736,34.31718061674009,53.87665198237885,0.8187992478082142,0.36560184968882387,0.4522511958089925,-0.4183113104015227,0.5414383376220648,0.4083376049269578,1.1772124511451656,0.6809788877299922,0.24018534338578582,0.025286407516898226,-0.2767457343586792,-0.47457497620561895,-0.8254500744442947,0.3693925297228044,-0.03083314533606392,0.4531824871330341,0.1906523364279689,1.2819220526455009,1.0,0.2643171806167401,0.13215859030837004,0.19823788546255508,0.06167400881057268,0.19823788546255508,1.63,0.48,2.3348017621145374,5.5506607929515415,5.594713656387666,1.0572687224669604,0.0881057268722467,34.31718061674009,53.87665198237885,0.7929515418502203,0.4845814977973568,0.7048458149779736
Dominic Solanke,Tottenham,Premier League,FW,26.0,2201,9,3,10.9,2.9,10.1,2.41,0.98,31,47,88,14,1.2,70.6,11,1,23,385,655,0.3680145388459791,0.1226715129486597,0.44570649704679693,0.1185824625170377,0.412994093593821,1.267605633802817,1.9218537028623355,3.598364379827351,0.5724670604270786,0.049068605179463876,0.4497955474784189,0.0408905043162199,0.9404815992730576,15.74284416174466,26.783280327124036,1.4499730264630175,0.2753759019222181,2.147650338764181,0.24730334229808815,2.1347019442572726,-0.30467380066599237,-0.7698194563100386,0.059781674351077195,-0.47681105923123096,-0.5100980204980948,-0.881640894898843,-1.398335911766717,-0.6895028031462992,-1.4750022908409806,-1.785546828557927,1.261881001899169,1.442890003603486,-1.1154347749381124,1.0,0.3680145388459791,0.1226715129486597,0.44570649704679693,0.1185824625170377,0.412994093593821,2.41,0.98,1.267605633802817,1.9218537028623355,3.598364379827351,0.5724670604270786,0.049068605179463876,15.74284416174466,26.783280327124036,0.4497955474784189,0.0408905043162199,0.9404815992730576
Carlos Soler,West Ham,Premier League,"MF,FW",27.0,1409,1,1,1.8,1.4,1.8,1.6,0.51,17,56,37,18,1.9,85.2,11,8,21,367,794,0.063875088715401,0.063875088715401,0.11497515968772179,0.08942512420156139,0.11497515968772179,1.085876508161817,3.5770049680624556,2.363378282469837,1.1497515968772178,0.12136266855926188,0.7026259758694109,0.511000709723208,1.3413768630234209,23.442157558552168,50.71682044002839,-0.401229832075993,-0.2838019039068222,-0.11817894082557276,-0.09372774100291625,-0.07628290043035701,-0.4260900388559227,0.11824988576409835,-0.32450474849473543,0.37696269678186606,0.4813971024281583,-0.43596631809018305,-0.41957039805555846,-0.45821103502120963,-0.7104757202484687,-0.23548097265669973,0.42207869810356763,0.2657865964585,0.6795093113552607,1.0,0.063875088715401,0.063875088715401,0.11497515968772179,0.08942512420156139,0.11497515968772179,1.6,0.51,1.085876508161817,3.5770049680624556,2.363378282469837,1.1497515968772178,0.12136266855926188,23.442157558552168,50.71682044002839,0.7026259758694109,0.511000709723208,1.3413768630234209
Tomáš Souček,West Ham,Premier League,MF,29.0,2567,9,1,6.7,1.0,6.7,1.93,0.6,9,74,68,14,1.3,73.8,21,20,85,506,1280,0.3155434359174133,0.03506038176860148,0.23490455784962994,0.03506038176860148,0.23490455784962994,0.3155434359174133,2.5944682508765093,2.384105960264901,0.49084534476042074,0.04557849629918193,0.7362680171406312,0.7012076353720296,2.980132450331126,17.74055317491235,44.87728866380989,1.130597635699497,-0.5578414363483879,0.7034533363233002,-0.7295905486670706,0.813466211456727,-0.9407623207771741,-0.4089289614752846,-0.3180549875048675,-0.5975253246530529,-0.5579639969213837,-0.3766641106701811,-0.023561170532156988,0.4872495667515524,-1.2766337426127536,-0.6136807198761309,0.7642203774277013,0.491189376550093,-0.7220223724628524,1.0,0.3155434359174133,0.03506038176860148,0.23490455784962994,0.03506038176860148,0.23490455784962994,1.93,0.6,0.3155434359174133,2.5944682508765093,2.384105960264901,0.49084534476042074,0.04557849629918193,17.74055317491235,44.87728866380989,0.7362680171406312,0.7012076353720296,2.980132450331126
Boubakary Soumaré,Leicester City,Premier League,MF,25.0,2171,0,0,0.3,0.4,0.3,0.29,0.0,34,105,23,11,1.0,87.0,20,27,34,847,1441,0.0,0.0,0.012436665131275908,0.016582220175034548,0.012436665131275908,1.4094887148779363,4.3528327959465685,0.9534776600644863,0.45601105481345,0.041455550437586364,0.8291110087517273,1.119299861814832,1.4094887148779363,35.112851220635655,59.737448180561955,-0.7900177606680123,-0.891279865718134,-0.8206667217122195,-0.9457154705472111,-0.8370099270320284,-0.20987936468235663,0.5345193368758957,-0.7632187290905758,-0.6490434248068463,-0.6145091753599676,-0.21300595741998687,0.8469033462690955,-0.4189147098455776,0.44840104473789444,0.3487438011726205,-0.9361200895164791,-1.0114958240605274,0.9008037877475938,1.0,0.0,0.0,0.012436665131275908,0.016582220175034548,0.012436665131275908,0.29,0.0,1.4094887148779363,4.3528327959465685,0.9534776600644863,0.45601105481345,0.041455550437586364,35.112851220635655,59.737448180561955,0.8291110087517273,1.119299861814832,1.4094887148779363
Djed Spence,Tottenham,Premier League,DF,23.0,1792,1,2,0.6,1.8,0.6,0.5,0.15,59,105,70,11,1.4,85.4,34,21,74,794,1428,0.05022321428571428,0.10044642857142856,0.030133928571428572,0.09040178571428573,0.030133928571428572,2.963169642857143,5.2734375,3.515625,0.5524553571428571,0.0703125,1.7075892857142856,1.0546875,3.716517857142857,39.877232142857146,71.71875,-0.48432457351055974,0.06400634878202024,-0.6994233645162979,-0.08230447835462476,-0.7057149762523215,0.8281605915287992,1.0284686398963887,0.034035942985868754,-0.5064073258872756,-0.2187432795719429,1.335523769846172,0.712380949655654,0.9120983942723897,0.9214946337029486,1.1247178849039579,-0.7183935663102121,-0.6358245239078723,0.7040975865099648,1.0,0.05022321428571428,0.10044642857142856,0.030133928571428572,0.09040178571428573,0.030133928571428572,0.5,0.15,2.963169642857143,5.2734375,3.515625,0.5524553571428571,0.0703125,39.877232142857146,71.71875,1.7075892857142856,1.0546875,3.716517857142857
Anton Stach,Hoffenheim,Bundesliga,"MF,DF",25.0,2585,1,2,2.0,2.2,2.0,1.22,0.35,33,152,36,26,3.2,82.6,46,46,101,1002,1925,0.03481624758220503,0.06963249516441006,0.06963249516441006,0.07659574468085108,0.06963249516441006,1.1489361702127658,5.292069632495164,1.253384912959381,0.9052224371373307,0.1114119922630561,1.6015473887814313,1.6015473887814313,3.516441005802708,34.885880077369436,67.02127659574468,-0.583198701713955,-0.2732361710886187,-0.4428517674326344,-0.2544608683397433,-0.42731250500353085,-0.24559408782993017,1.0063393258376176,-0.747266781341428,0.0039356697233194834,0.014149985934972293,1.5122896178029301,1.5344118283864467,0.5777303233427691,0.44187681186867134,0.6474988403629182,0.011993553779189113,-0.1478130859968278,0.64518702352398,0.92,0.03203094777562863,0.06406189555125726,0.06406189555125726,0.070468085106383,0.06406189555125726,1.1224,0.322,1.0570212765957445,4.868704061895551,1.1531141199226307,0.8328046421663443,0.10249903288201162,32.09500967117988,61.65957446808511,1.7408123791102514,1.7408123791102514,3.8222184845681606
Jens Stage,Werder Bremen,Bundesliga,MF,27.0,2204,10,5,7.2,2.8,7.2,1.8,0.61,28,104,89,23,3.9,77.0,30,18,42,668,1271,0.40834845735027225,0.20417422867513613,0.294010889292196,0.11433756805807622,0.294010889292196,1.1433756805807622,4.246823956442832,3.634301270417423,0.9392014519056262,0.15925589836660617,1.2250453720508168,0.73502722323049,1.7150635208711433,27.27767695099819,51.901088929219604,1.4169606554737584,0.9440554311120444,0.9872388485670538,0.18769029345005464,1.1554709474015061,-0.25044652974518866,0.45406389078318843,0.01014196137089189,0.05423404838445615,0.5701866923822845,0.7375964515280573,-0.07637595929759164,-0.36073902842786637,-0.27510223786253,-0.25326915994572535,0.6021133978246324,0.4766262433250738,-0.02934659238024968,0.92,0.37568058076225047,0.18784029038112524,0.27049001814882034,0.10519056261343013,0.27049001814882034,1.6560000000000001,0.5612,1.0519056261343014,3.907078039927405,3.343557168784029,0.8640653357531761,0.1465154264972777,25.095462794918333,47.749001814882035,1.3315710565769747,0.7989426339461847,1.8641994792077643
Josip Stanišić,Bayern Munich,Bundesliga,DF,24.0,876,0,2,0.3,1.5,0.3,0.21,0.0,20,76,30,14,1.4,91.6,11,6,29,533,876,0.0,0.2054794520547945,0.03082191780821918,0.1541095890410959,0.03082191780821918,2.054794520547945,7.808219178082191,3.0821917808219177,1.4383561643835616,0.14383561643835616,1.1301369863013697,0.6164383561643836,2.9794520547945202,54.76027397260273,90.0,-0.7696298623010193,0.9558646847733067,-0.6902135630920204,0.6536255268543308,-0.7010854761331853,0.5449163382940864,2.335794799118624,-0.16549316879408768,0.7931216503325881,0.39097384221667214,0.5423122974065593,-0.2968226452716184,0.2979734833821582,2.314792638681553,2.016430178187604,-1.015628933265462,-0.9884044908532337,1.7292589062272075,0.92,0.0,0.18904109589041096,0.028356164383561647,0.14178082191780822,0.028356164383561647,0.1932,0.0,1.8904109589041094,7.183561643835616,2.8356164383561646,1.3232876712328767,0.13232876712328767,50.37945205479451,82.8,1.22840976771888,0.6700416914830256,3.2385348421679567
Niklas Stark,Werder Bremen,Bundesliga,DF,29.0,2106,0,1,1.1,0.1,1.1,0.51,0.13,7,62,3,1,0.3,85.6,21,36,129,882,1558,0.0,0.042735042735042736,0.047008547008547015,0.004273504273504274,0.047008547008547015,0.29914529914529914,2.6495726495726495,0.12820512820512822,0.042735042735042736,0.01282051282051282,0.8974358974358975,1.5384615384615385,5.512820512820513,37.69230769230769,66.58119658119658,-0.7696298623010193,-0.5165959235497416,-0.5870470054827698,-1.1017268390306512,-0.5869036764635422,-0.9871764150837213,-0.3898742192739346,-1.1052050194599234,-1.2727852078514257,-1.1316695337829616,0.0635049197085349,1.4171405618760629,1.6177904981319287,0.7063479059070785,0.6212815735258198,-0.7103945311729913,-0.6761848261922829,1.006544317758389,0.92,0.0,0.039316239316239315,0.043247863247863255,0.003931623931623932,0.043247863247863255,0.4692,0.11960000000000001,0.27521367521367524,2.437606837606838,0.11794871794871797,0.039316239316239315,0.011794871794871795,34.67692307692308,61.25470085470086,0.975473801560758,1.6722408026755853,5.992196209587513
Jack Stephens,Southampton,Premier League,DF,30.0,1389,1,0,0.6,0.2,0.6,0.26,0.13,14,63,2,3,0.3,92.0,20,13,53,631,1097,0.06479481641468682,0.0,0.038876889848812095,0.012958963282937367,0.038876889848812095,0.9071274298056154,4.08207343412527,0.12958963282937364,0.19438444924406048,0.019438444924406047,1.2958963282937366,0.8423326133909288,3.4341252699784017,40.88552915766739,71.07991360691145,-0.3956317337521339,-0.891279865718134,-0.6395256305706717,-0.9880939349193815,-0.6408514636270581,-0.5455152581066922,0.38924373979384835,-1.0195851638942708,-1.0359755451152992,-0.9164683088864306,0.609815690556907,0.270259852750165,0.74917534005702,1.0216165301815596,1.0833433755015753,-0.9672238785459458,-0.685914030594893,1.515510666615187,1.0,0.06479481641468682,0.0,0.038876889848812095,0.012958963282937367,0.038876889848812095,0.26,0.13,0.9071274298056154,4.08207343412527,0.12958963282937364,0.19438444924406048,0.019438444924406047,40.88552915766739,71.07991360691145,1.2958963282937366,0.8423326133909288,3.4341252699784017
Leonidas Stergiou,Stuttgart,Bundesliga,DF,22.0,852,1,2,1.1,0.9,1.1,0.32,0.11,11,39,32,4,0.7,82.4,13,14,39,339,642,0.1056338028169014,0.2112676056338028,0.11619718309859156,0.09507042253521128,0.11619718309859156,1.1619718309859155,4.119718309859155,3.380281690140845,0.4225352112676056,0.07394366197183098,1.3732394366197183,1.4788732394366197,4.119718309859155,35.80985915492958,67.8169014084507,-0.2039907189705487,1.0082340913516217,-0.14606863236080492,-0.03802722666447493,-0.09884140681636322,-0.23421832941386242,0.3869052046741057,-0.07066585462773653,-0.7105754786205779,-0.4213028996660007,1.0425215887184052,1.3063709477642247,0.8920216172063087,0.5289504125595292,0.6948972845716368,-0.9037096524982227,-0.7242186207555061,0.6210965372416875,0.92,0.0971830985915493,0.1943661971830986,0.10690140845070424,0.08746478873239438,0.10690140845070424,0.2944,0.1012,1.0690140845070424,3.7901408450704226,3.1098591549295778,0.3887323943661972,0.06802816901408451,32.94507042253522,62.39154929577465,1.492651561543172,1.6074709124311084,4.477954684629516
Angelo Stiller,Stuttgart,Bundesliga,MF,23.0,2741,1,8,1.8,7.2,1.8,0.69,0.13,39,289,69,59,8.6,87.4,27,26,50,1588,2781,0.032834731849689894,0.26267785479751915,0.05910251732944181,0.23641006931776723,0.05910251732944181,1.2805545421379059,9.489237504560379,2.2655964976286027,1.9372491791317037,0.28237869390733306,0.8865377599416272,0.8537030280919372,1.6417365924844947,52.141554177307555,91.3133892739876,-0.5938091581355465,1.4733779760113686,-0.5099652814009029,1.617788084833637,-0.5015918255957253,-0.13073540684764026,3.2239928073577206,-0.42526558995070074,1.531621866960761,2.0011065167979534,0.041080836259399324,0.1442323366938248,-0.39894039128822445,2.0680106851562754,2.0946738518806116,-0.527253889917509,-0.6761848261922829,1.223358694299036,0.92,0.030207953301714704,0.24166362641371764,0.05437431594308646,0.21749726377234585,0.05437431594308646,0.6348,0.11960000000000001,1.1781101787668735,8.73009850419555,2.0843487778183145,1.7822692448011674,0.25978839839474643,47.97022984312295,84.0083181320686,0.9636279999365512,0.9279380740129752,1.7844962961787985
Kevin Stöger,Gladbach,Bundesliga,MF,30.0,1551,3,3,3.9,5.3,2.3,1.39,0.52,40,121,95,54,4.2,75.8,21,16,26,699,1318,0.17408123791102514,0.17408123791102514,0.2263056092843327,0.30754352030947774,0.1334622823984526,2.3210831721470018,7.0212765957446805,5.512572533849129,3.133462282398453,0.24371373307543523,1.2185686653771761,0.9284332688588007,1.5087040618955514,40.56092843326886,76.47969052224371,0.16252594063430167,0.6717834454137629,0.5557147440771452,2.4511272079529944,0.022948008702792577,0.7772969918142212,1.9199987169336883,0.6076510135693202,3.3023494774524123,1.5517465203680727,0.7242699348639348,0.2831495413747065,-0.4682467714281738,0.9766799328957588,1.2109731031543924,0.1849597149649224,0.2604741677905695,-0.17388951007401368,0.92,0.16015473887814313,0.16015473887814313,0.20820116054158608,0.2829400386847195,0.12278529980657639,1.2788,0.47840000000000005,2.135396518375242,6.459574468085107,5.071566731141199,2.8827852998065766,0.22421663442940043,37.31605415860736,70.36131528046423,1.3245311580186696,1.0091665965856529,1.639895719451686
Jakub Stolarczyk,Leicester City,Premier League,GK,23.0,900,0,0,0.0,0.0,0.0,0.0,0.0,0,1,0,0,0.0,61.7,1,0,6,221,411,0.0,0.0,0.0,0.0,0.0,0.0,0.1,0.0,0.0,0.0,0.1,0.0,0.6000000000000001,22.1,41.1,-0.7900177606680123,-0.891279865718134,-0.9058698966514711,-1.1396650158946402,-0.9292768100897674,-1.1515821155650607,-1.7473327829005627,-1.0599091291149787,-1.3234600191706214,-1.1830617529230112,-1.498239868306081,-1.4834695995757803,-0.8859396240087214,-0.8437493074569309,-0.8583184190227603,-1.2367900501346574,-1.0114958240605274,-2.209613019322427,1.0,0.0,0.0,0.0,0.0,0.0,0.0,0.0,0.0,0.1,0.0,0.0,0.0,22.1,41.1,0.1,0.0,0.6000000000000001
Jørgen Strand Larsen,Wolves,Premier League,FW,24.0,2587,14,4,10.3,3.0,10.3,1.88,1.15,17,29,112,21,1.0,64.6,6,6,29,345,736,0.48705063780440666,0.13915732508697332,0.3583301120989564,0.10436799381523,0.3583301120989564,0.5914186316196366,1.0088906068805565,3.8964051024352533,0.73057595670661,0.03478933127174333,0.20873598763046,0.20873598763046,1.0088906068805565,12.002319288751448,25.604947816003094,2.174508980501749,0.43216265178034025,1.54903766135534,0.08104757479709249,1.7291530985805343,-0.7564455341645291,-1.2596686640732195,0.15252199215581755,-0.24297623825067644,-0.7059347154706078,-1.3065664784396753,-1.0488830200603207,-0.6500350374830117,-1.8464290020268468,-1.8618620324003425,0.7123807290452567,1.8686508104431616,-1.853083029579224,1.0,0.48705063780440666,0.13915732508697332,0.3583301120989564,0.10436799381523,0.3583301120989564,1.88,1.15,0.5914186316196366,1.0088906068805565,3.8964051024352533,0.73057595670661,0.03478933127174333,12.002319288751448,25.604947816003094,0.20873598763046,0.20873598763046,1.0088906068805565
Yukinari Sugawara,Southampton,Premier League,"DF,MF",24.0,1557,1,1,0.5,2.2,0.5,0.81,0.29,33,72,78,17,2.5,80.0,18,11,53,564,1066,0.057803468208092484,0.057803468208092484,0.028901734104046242,0.1271676300578035,0.028901734104046242,1.9075144508670518,4.161849710982659,4.508670520231214,0.9826589595375722,0.1445086705202312,1.0404624277456647,0.6358381502890174,3.0635838150289016,32.601156069364166,61.618497109826585,-0.4381859100667566,-0.34154547381566885,-0.707865087410286,0.3477174800725891,-0.7148565541292112,0.12285987660482804,0.43204760140543297,0.3430385394598269,0.1298413907776385,0.7988387703418688,0.15955186648388947,-0.15965989145423906,0.5353958419478074,0.19899469102697007,0.4705707312789848,-0.396987746339056,-0.28519797709872763,0.040214157332963484,1.0,0.057803468208092484,0.057803468208092484,0.028901734104046242,0.1271676300578035,0.028901734104046242,0.81,0.29,1.9075144508670518,4.161849710982659,4.508670520231214,0.9826589595375722,0.1445086705202312,32.601156069364166,61.618497109826585,1.0404624277456647,0.6358381502890174,3.0635838150289016
Niklas Süle,Dortmund,Bundesliga,DF,28.0,1053,0,0,0.6,0.1,0.6,0.77,0.17,15,47,10,3,0.4,92.8,12,4,46,668,1038,0.0,0.0,0.05128205128205128,0.008547008547008548,0.05128205128205128,1.2820512820512822,4.017094017094017,0.8547008547008547,0.25641025641025644,0.03418803418803419,1.0256410256410258,0.3418803418803419,3.931623931623932,57.0940170940171,88.71794871794872,-0.7696298623010193,-0.9032492487568731,-0.5598095418101647,-1.0516620909511027,-0.5567580295344864,-0.12942925505659908,0.3326817075264533,-0.8740947525799586,-0.9564865487754337,-0.8833385095470964,0.32730068251574873,-0.8072028002889279,0.7940294913522339,2.5347190651604503,1.9400534297572143,-0.4458580493595168,-0.5801172370658365,1.8738018239209713,0.92,0.0,0.0,0.04717948717948718,0.007863247863247864,0.04717948717948718,0.7084,0.1564,1.1794871794871797,3.695726495726496,0.7863247863247863,0.23589743589743595,0.031452991452991456,52.52649572649573,81.62051282051281,1.1148272017837235,0.37160906726124115,4.273504273504273
Kamaldeen Sulemana,Southampton,Premier League,"FW,MF",22.0,1402,1,1,1.5,1.0,1.5,1.86,0.51,63,27,87,10,0.8,79.8,17,6,9,380,587,0.06419400855920114,0.06419400855920114,0.09629101283880172,0.06419400855920114,0.09629101283880172,4.044222539229672,1.7332382310984307,5.584878744650499,0.6419400855920114,0.05135520684736091,1.0912981455064195,0.38516405135520687,0.5777460770328102,24.393723252496436,37.681883024251064,-0.3992886655281014,-0.28076884703615235,-0.2461834030954257,-0.3888368009351746,-0.2148994808517091,1.5504299333247626,-0.871020851878027,0.6779185917002906,-0.3740640741805061,-0.47873784656673873,0.24916207338806795,-0.6815612677594505,-0.8987787609509977,-0.6159871315664768,-1.0796942117634287,0.6916448696922791,0.2657865964585,0.015625882178259408,1.0,0.06419400855920114,0.06419400855920114,0.09629101283880172,0.06419400855920114,0.09629101283880172,1.86,0.51,4.044222539229672,1.7332382310984307,5.584878744650499,0.6419400855920114,0.05135520684736091,24.393723252496436,37.681883024251064,1.0912981455064195,0.38516405135520687,0.5777460770328102
Crysencio Summerville,West Ham,Premier League,"FW,MF",22.0,786,1,1,1.6,1.7,1.6,1.6,0.46,29,18,71,17,1.7,76.4,7,0,7,207,372,0.11450381679389314,0.11450381679389314,0.183206106870229,0.1946564885496183,0.183206106870229,3.3206106870229006,2.0610687022900764,8.129770992366412,1.946564885496183,0.1946564885496183,0.8015267175572519,0.0,0.8015267175572519,23.702290076335878,42.595419847328245,-0.09306840775941791,0.19769780373751278,0.3492689857445603,1.137083034403566,0.4299184612815747,1.0669728721921676,-0.6951238224135818,1.4698040554276424,1.555408040994061,1.4866036389496662,-0.2616299200612757,-1.4834695995757803,-0.7696711742589954,-0.6846450764662272,-0.7614669196354745,0.42207869810356763,0.1405628297409483,-0.40237479545170285,1.0,0.11450381679389314,0.11450381679389314,0.183206106870229,0.1946564885496183,0.183206106870229,1.6,0.46,3.3206106870229006,2.0610687022900764,8.129770992366412,1.946564885496183,0.1946564885496183,23.702290076335878,42.595419847328245,0.8015267175572519,0.0,0.8015267175572519
Mattias Svanberg,Wolfsburg,Bundesliga,MF,25.0,1219,3,1,3.6,1.7,3.6,1.55,0.52,11,36,39,13,1.6,68.7,10,15,26,235,520,0.22149302707136997,0.07383100902379,0.26579163248564397,0.12551271534044298,0.26579163248564397,0.81214109926169,2.6579163248564397,2.8794093519278094,0.9598031173092698,0.11812961443806398,0.7383100902379,1.1074651353568499,1.9196062346185396,17.350287120590647,38.39212469237079,0.4164026646494998,-0.23524932842363364,0.8073815387471425,0.3186088318758428,0.9564100133654886,-0.5395031906775124,-0.38546567972875173,-0.23000160229353858,0.08473023476857028,0.09222146490795796,-0.2639134470899181,0.6159546573156386,-0.2541777609613652,-1.2106359517621497,-1.0580503551426126,0.3477513960809069,0.2604741677905695,-1.029101773095448,0.92,0.2037735849056604,0.0679245283018868,0.24452830188679248,0.11547169811320754,0.24452830188679248,1.4260000000000002,0.47840000000000005,0.7471698113207548,2.4452830188679244,2.6490566037735848,0.8830188679245282,0.10867924528301887,15.962264150943396,35.32075471698113,0.8025109676498912,1.2037664514748367,2.0865285158897167
Daniel Svensson,Dortmund,Bundesliga,"DF,FW",22.0,781,1,3,0.8,1.2,0.8,0.69,0.23,11,41,51,10,1.3,79.3,11,5,30,303,580,0.11523687580025607,0.34571062740076824,0.09218950064020488,0.1382842509603073,0.09218950064020488,1.267605633802817,4.724711907810499,5.87708066581306,1.1523687580025608,0.14980793854033292,1.267605633802817,0.5761843790012804,3.4571062740076823,34.916773367477596,66.83738796414853,-0.1525689786677787,2.2246325805115728,-0.29908319300556113,0.4682293008108542,-0.2681935526566097,-0.14203545949055557,0.706565080020956,0.723607059263413,0.36978086318622927,0.4603835242823101,0.8251687418983772,-0.3716513883266776,0.5468185195976047,0.44478812238666265,0.6365438840743086,-0.527253889917509,-0.43601585337616694,0.2476939998661303,0.92,0.10601792573623559,0.3180537772087068,0.0848143405889885,0.1272215108834827,0.0848143405889885,0.6348,0.2116,1.1661971830985918,4.346734955185659,5.406914212548015,1.0601792573623559,0.13782330345710628,32.12343149807939,61.490396927016654,1.3778322106552359,0.6262873684796526,3.757724210877915
Sammie Szmodics,Ipswich Town,Premier League,"FW,MF",28.0,992,4,0,3.4,0.2,3.4,1.91,1.09,16,19,47,5,0.5,74.1,10,6,14,179,318,0.3629032258064516,0.0,0.3084677419354839,0.018145161290322582,0.3084677419354839,1.4516129032258065,1.7237903225806452,4.264112903225806,0.4536290322580645,0.04536290322580645,0.907258064516129,0.5443548387096774,1.2701612903225805,16.23991935483871,28.850806451612904,1.4188620433084198,-0.891279865718134,1.207432238753742,-0.9274349438435976,1.359227123386023,-0.1817354968903212,-0.876090115381476,0.2669403776912103,-0.652566312075792,-0.5609208023739348,-0.07525293367087484,-0.3501273806176208,-0.4992980151314936,-1.4256437087029443,-1.651642623971576,0.7434845180747235,1.7183822903821,-0.6851399597307971,1.0,0.3629032258064516,0.0,0.3084677419354839,0.018145161290322582,0.3084677419354839,1.91,1.09,1.4516129032258065,1.7237903225806452,4.264112903225806,0.4536290322580645,0.04536290322580645,16.23991935483871,28.850806451612904,0.907258064516129,0.5443548387096774,1.2701612903225805
Dominik Szoboszlai,Liverpool,Premier League,MF,23.0,2491,6,6,7.3,7.4,7.3,2.42,0.79,72,131,127,56,5.9,84.3,20,9,19,805,1584,0.21678040947410682,0.21678040947410682,0.2637494981934966,0.267362505018065,0.2637494981934966,2.6013649136892814,4.733038940184665,4.588518667201927,2.02328382175833,0.21316740264953835,0.7226013649136893,0.32517061421116017,0.6864712966680049,29.084704937775996,57.230028101164194,0.5294576099931404,1.1703896200919144,0.9010690534217798,1.9874696948887653,1.0274651178695076,0.586432860654946,0.738518468233383,0.36788461573218123,1.6688713510848554,1.7404762281076063,-0.40075487967451207,-0.8064671018601073,-0.8360510348762092,-0.15018194145093436,0.18634967840011757,1.2722489315756578,0.9670396900767896,0.5688620731590932,1.0,0.21678040947410682,0.21678040947410682,0.2637494981934966,0.267362505018065,0.2637494981934966,2.42,0.79,2.6013649136892814,4.733038940184665,4.588518667201927,2.02328382175833,0.21316740264953835,29.084704937775996,57.230028101164194,0.7226013649136893,0.32517061421116017,0.6864712966680049
Haris Tabakovic,Hoffenheim,Bundesliga,FW,30.0,821,3,1,3.3,1.2,3.3,3.29,1.1,4,7,45,9,0.9,62.9,1,1,16,165,334,0.3288672350791717,0.10962241169305724,0.3617539585870889,0.1315468940316687,0.3617539585870889,0.43848964677222896,0.7673568818514007,4.933008526187576,0.9866017052375152,0.09866017052375152,0.10962241169305724,0.10962241169305724,1.7539585870889158,18.087697929354444,36.61388550548112,0.9913611856316027,0.08858010920441647,1.4190038055908103,0.3893001467099501,1.6333360712334373,-0.8655755493636236,-1.3843787226654551,0.4232821486198149,0.12439958752615383,-0.13405030828389874,-1.5575055837779364,-1.2389506723082506,-0.3404757422006292,-1.1411441030105836,-1.1639869342229963,2.1181109282172366,1.6534542101240424,-1.7277258752819726,0.92,0.302557856272838,0.10085261875761266,0.3328136419001218,0.1210231425091352,0.3328136419001218,3.0268,1.0120000000000002,0.40341047503045063,0.7059683313032887,4.53836784409257,0.907673568818514,0.0907673568818514,16.64068209500609,33.68477466504263,0.11915479531854047,0.11915479531854047,1.9064767250966475
Jonathan Tah,Leverkusen,Bundesliga,DF,28.0,2970,3,0,1.1,0.4,1.1,0.73,0.21,15,169,9,4,1.9,92.9,12,36,157,1551,2626,0.09090909090909091,0.0,0.03333333333333334,0.012121212121212123,0.03333333333333334,0.4545454545454546,5.121212121212121,0.2727272727272727,0.12121212121212122,0.05757575757575757,0.36363636363636365,1.0909090909090908,4.757575757575758,47.0,79.57575757575758,-0.2828373874347961,-0.9032492487568731,-0.6742068892351059,-1.0097897561936624,-0.6833697466365208,-0.8515642158699471,0.9160635097897211,-1.0592301428399518,-1.1566173366998795,-0.6115289157471131,-1.0348447108887728,0.585178369274092,1.2243282383826102,1.5834827924387618,1.3954177800408725,-0.4865559696385129,-0.48404964793939015,1.8858470670621195,0.92,0.08363636363636365,0.0,0.030666666666666675,0.011151515151515154,0.030666666666666675,0.6716,0.1932,0.4181818181818182,4.711515151515152,0.2509090909090909,0.11151515151515153,0.052969696969696965,43.24,73.20969696969698,0.3952569169960474,1.185770750988142,5.171277997364954
Edmond Tapsoba,Leverkusen,Bundesliga,DF,25.0,2507,0,0,1.1,0.2,1.1,0.75,0.07,52,164,17,4,1.3,86.4,24,24,89,1326,2214,0.0,0.0,0.03948942959712804,0.0071798962903869175,0.03948942959712804,1.8667730355005985,5.887514958117272,0.6102911846828879,0.14359792580773834,0.046669325887514955,0.8615875548464299,0.8615875548464299,3.195053849222178,47.60271240526526,79.48145193458316,-0.7696298623010193,-0.9032492487568731,-0.6349706003211667,-1.0676780175405713,-0.6399441425999863,0.3808366626911047,1.3209541898771138,-0.9518454977059573,-1.123480128812523,-0.738282286216023,-0.010256879145815875,0.15888900587789387,0.4102962352482373,1.6402809825515432,1.3897996286202674,-0.46620700949901484,-0.8202862098819526,1.1029062628875663,0.92,0.0,0.0,0.0363302752293578,0.006605504587155964,0.0363302752293578,0.6900000000000001,0.06440000000000001,1.7174311926605508,5.416513761467891,0.5614678899082569,0.13211009174311927,0.04293577981651376,43.79449541284404,73.12293577981652,0.9365082117895976,0.9365082117895976,3.4728846187197586
James Tarkowski,Everton,Premier League,DF,31.0,2922,1,1,1.3,2.9,1.3,0.46,0.12,9,75,3,16,2.4,81.0,40,41,213,727,1706,0.030800821355236138,0.030800821355236138,0.040041067761806985,0.08932238193018481,0.040041067761806985,0.27720739219712526,2.3100616016427105,0.09240246406570843,0.4928131416837782,0.07392197125256673,1.2320328542094456,1.2628336755646818,6.560574948665297,22.392197125256672,52.54620123203285,-0.6025426780581029,-0.5983515809158965,-0.6315498868054185,-0.09492943876178754,-0.6322144965444136,-0.9663752664136218,-0.5615269935566798,-1.031156568698365,-0.5946150555149655,-0.16924027785987575,0.49724092268904835,1.1457395453857915,2.5529434049945414,-0.8147347116616614,-0.11700035132986401,-0.7598652850161678,-0.7109587839384034,0.16315553310648212,1.0,0.030800821355236138,0.030800821355236138,0.040041067761806985,0.08932238193018481,0.040041067761806985,0.46,0.12,0.27720739219712526,2.3100616016427105,0.09240246406570843,0.4928131416837782,0.07392197125256673,22.392197125256672,52.54620123203285,1.2320328542094456,1.2628336755646818,6.560574948665297
Marcus Tavernier,Bournemouth,Premier League,"FW,MF",25.0,1939,3,5,5.5,4.0,5.5,2.65,0.79,53,128,129,43,3.6,73.8,24,5,11,705,1196,0.13924703455389376,0.23207839092315627,0.2552862300154719,0.18566271273852503,0.2552862300154719,2.460030943785456,5.941206807632801,5.987622485817432,1.9958741619391438,0.1670964414646725,1.11397627643115,0.23207839092315627,0.5105724600309438,32.723053120165034,55.513151108818974,0.0575359134725062,1.3158796190475657,0.8430874875021016,1.0318897182428963,0.9646766318062847,0.49200529493787565,1.3867594270620331,0.8032389916203687,1.628333892107052,1.1086244385167632,0.2891377458852902,-1.000284331737335,-0.9375337826551053,0.21109882673506725,0.07515541327835114,1.5107113141349024,0.9670396900767896,-0.7220223724628524,1.0,0.13924703455389376,0.23207839092315627,0.2552862300154719,0.18566271273852503,0.2552862300154719,2.65,0.79,2.460030943785456,5.941206807632801,5.987622485817432,1.9958741619391438,0.1670964414646725,32.723053120165034,55.513151108818974,1.11397627643115,0.23207839092315627,0.5105724600309438
Jack Taylor,Ipswich Town,Premier League,MF,26.0,860,1,0,0.7,0.5,0.7,1.99,0.42,11,43,23,5,0.8,82.9,10,9,24,254,534,0.10465116279069767,0.0,0.07325581395348836,0.05232558139534883,0.07325581395348836,1.1511627906976745,4.5,2.4069767441860463,0.5232558139534884,0.08372093023255814,1.0465116279069768,0.9418604651162791,2.511627906976744,26.58139534883721,55.883720930232556,-0.15303846835852963,-0.891279865718134,-0.40399677667015105,-0.5276527150962851,-0.38579625899346487,-0.38247119238346494,0.6134817162224258,-0.31093836347197995,-0.5495919291263529,-0.03484998930499501,0.1702150399756278,0.4774760071797332,0.21695142655065208,-0.3987556254311567,0.09915552461544928,0.8264279554866348,0.04038381636690685,0.3967441470761682,1.0,0.10465116279069767,0.0,0.07325581395348836,0.05232558139534883,0.07325581395348836,1.99,0.42,1.1511627906976745,4.5,2.4069767441860463,0.5232558139534884,0.08372093023255814,26.58139534883721,55.883720930232556,1.0465116279069768,0.9418604651162791,2.511627906976744
Mathys Tel,Tottenham,Premier League,FW,19.0,911,2,1,3.0,2.6,2.2,2.17,0.79,28,21,72,14,1.5,69.5,6,2,8,266,414,0.19758507135016465,0.09879253567508232,0.29637760702524696,0.25686059275521406,0.21734357848518113,2.7661909989023052,2.0746432491767286,7.113062568605927,1.3830954994511526,0.14818880351262348,0.5927552140504939,0.19758507135016465,0.7903402854006586,26.278814489571896,40.90010976948408,0.4126215178965434,0.04827715754436684,1.1246031307153248,1.8646368602527188,0.6831823441743138,0.6965558976285153,-0.687840416252438,1.1534383537569004,0.7220661727356337,0.8493108802647505,-0.6296400210100153,-1.0720991344435102,-0.7761250536296455,-0.4288013054468533,-0.8712643944108264,1.013050689663435,0.9670396900767896,-1.250670288288982,1.0,0.19758507135016465,0.09879253567508232,0.29637760702524696,0.25686059275521406,0.21734357848518113,2.17,0.79,2.7661909989023052,2.0746432491767286,7.113062568605927,1.3830954994511526,0.14818880351262348,26.278814489571896,40.90010976948408,0.5927552140504939,0.19758507135016465,0.7903402854006586
Nathan Tella,Leverkusen,Bundesliga,"MF,FW",25.0,1359,2,4,3.1,1.5,3.1,1.85,0.66,38,22,130,18,1.6,74.6,11,4,10,308,529,0.13245033112582782,0.26490066225165565,0.2052980132450331,0.09933774834437085,0.2052980132450331,2.5165562913907285,1.456953642384106,8.609271523178808,1.1920529801324504,0.10596026490066225,0.728476821192053,0.26490066225165565,0.6622516556291391,20.397350993377483,35.033112582781456,-0.06039579295950202,1.493489243917796,0.4218214337283561,0.011965139772014313,0.5296831001868509,0.9478794440618308,-1.020017157091988,1.5927620111563228,0.42852453321824824,-0.049209400325700134,-0.28414644981885256,-0.9503015217905545,-0.9092257709207276,-0.9234878665055237,-1.2581596849802275,0.6529857981733775,0.5967107297331319,-0.31843242776777764,0.92,0.1218543046357616,0.2437086092715232,0.18887417218543046,0.09139072847682118,0.18887417218543046,1.7020000000000002,0.6072000000000001,2.3152317880794704,1.3403973509933778,7.920529801324504,1.0966887417218545,0.09748344370860927,18.765562913907285,32.23046357615894,0.7918226317304924,0.28793550244745175,0.7198387561186295
Kenny Tete,Fulham,Premier League,DF,28.0,1774,0,2,1.4,0.9,1.4,1.22,0.1,34,63,54,9,0.7,80.8,38,32,67,611,1205,0.0,0.10146561443066515,0.07102593010146561,0.04565952649379933,0.07102593010146561,1.7249154453213078,3.1961668545659525,2.739571589627959,0.45659526493799324,0.03551296505073281,1.927846674182638,1.6234498308906424,3.399098083427283,30.997745208568208,61.13303269447576,-0.7900177606680123,0.07369921905316047,-0.4192736360156929,-0.6056204602938207,-0.40233963540789563,0.0008624572457345855,-0.08608832790889956,-0.20744595680820793,-0.6481794084668291,-0.6960102579272066,1.7237805118029128,1.8965393630893659,0.7289668201706379,0.039779168359271526,0.4391294229334368,0.028097370396989056,-0.7610482906254241,0.13856725795177804,1.0,0.0,0.10146561443066515,0.07102593010146561,0.04565952649379933,0.07102593010146561,1.22,0.1,1.7249154453213078,3.1961668545659525,2.739571589627959,0.45659526493799324,0.03551296505073281,30.997745208568208,61.13303269447576,1.927846674182638,1.6234498308906424,3.399098083427283
Arthur Theate,Eint Frankfurt,Bundesliga,DF,24.0,2704,0,0,2.4,1.0,2.4,1.2,0.3,50,171,24,13,1.7,82.6,25,39,170,1321,2230,0.0,0.0,0.07988165680473372,0.03328402366863905,0.07988165680473372,1.6642011834319528,5.691568047337278,0.7988165680473372,0.4326923076923077,0.05658284023668639,0.8321005917159764,1.2980769230769231,5.65828402366864,43.96819526627219,74.22337278106508,-0.7696298623010193,-0.9032492487568731,-0.3775280541550387,-0.7618642222598718,-0.35501408470157414,0.20405939829842756,1.2174219123676737,-0.891872465416879,-0.6955401550377401,-0.62306849376143,-0.070929459414372,0.9702858685839887,1.6935730855539695,1.2977726923200898,1.0765555374067126,-0.008355406360308945,-0.26789757240488576,0.64518702352398,0.92,0.0,0.0,0.07349112426035502,0.03062130177514793,0.07349112426035502,1.104,0.276,1.5310650887573967,5.236242603550296,0.7349112426035503,0.3980769230769231,0.05205621301775148,40.45073964497042,68.28550295857988,0.9044571649086699,1.410953177257525,6.150308721378956
Luke Thomas,Leicester City,Premier League,DF,23.0,1110,0,0,0.4,0.5,0.4,0.41,0.0,5,37,16,9,0.5,78.4,25,21,49,371,775,0.0,0.0,0.032432432432432434,0.04054054054054054,0.032432432432432434,0.40540540540540543,3.0,1.2972972972972974,0.7297297297297298,0.04054054054054054,2.0270270270270268,1.7027027027027029,3.972972972972973,30.081081081081077,62.83783783783784,-0.7900177606680123,-0.891279865718134,-0.6836763917948764,-0.6654933233842029,-0.6886625120497055,-0.8807240508901334,-0.19134140847859304,-0.6562335421487561,-0.24422776386564155,-0.6270583088287015,1.8986097918977103,2.0615431790032566,1.0600571319989796,-0.05124376390161078,0.5495418496460883,-0.8117049333986124,-1.0114958240605274,-0.15649204390466562,1.0,0.0,0.0,0.032432432432432434,0.04054054054054054,0.032432432432432434,0.41,0.0,0.40540540540540543,3.0,1.2972972972972974,0.7297297297297298,0.04054054054054054,30.081081081081077,62.83783783783784,2.0270270270270268,1.7027027027027029,3.972972972972973
Youri Tielemans,Aston Villa,Premier League,MF,27.0,3026,3,7,3.3,7.0,2.5,1.19,0.36,39,235,48,60,5.7,82.2,58,23,47,1288,2385,0.08922670191672175,0.2081956378056841,0.0981493721083939,0.2081956378056841,0.07435558493060146,1.1599471249173827,6.989424983476537,1.427627230667548,1.7845340383344348,0.16953073364177132,1.7250495703899535,0.6840713813615334,1.3978849966953073,38.30799735624587,70.93522802379378,-0.2469223957775743,1.088744964865134,-0.23345184618079495,1.2954401069117696,-0.3776371231588587,-0.37660223322681874,1.9491795788293385,-0.6156792201270338,1.3157728589711002,1.1420101510985996,1.3663017305264153,-0.059238707983503745,-0.4256093374402721,0.7656727275106573,1.0739727524690499,-0.0030064186324776877,-0.1098847036941552,0.3106851840347048,1.0,0.08922670191672175,0.2081956378056841,0.0981493721083939,0.2081956378056841,0.07435558493060146,1.19,0.36,1.1599471249173827,6.989424983476537,1.427627230667548,1.7845340383344348,0.16953073364177132,38.30799735624587,70.93522802379378,1.7250495703899535,0.6840713813615334,1.3978849966953073
Phillip Tietz,Augsburg,Bundesliga,FW,27.0,1686,7,2,6.1,1.2,5.3,2.72,1.01,8,29,113,22,1.4,62.4,6,5,26,347,677,0.3736654804270462,0.10676156583629894,0.3256227758007117,0.06405693950177935,0.28291814946619215,0.42704626334519574,1.5480427046263345,6.03202846975089,1.1743772241992882,0.07473309608540925,0.32028469750889677,0.2669039145907473,1.387900355871886,18.523131672597867,36.138790035587185,1.2312431215797197,0.06269606902037343,1.188719309400235,-0.4013548650067933,1.0772218579261885,-0.8755617838624914,-0.9718885184081884,0.7728985100105041,0.4023595054471201,-0.4121281817087928,-1.1240454004022313,-0.9465776449187374,-0.5311822619801868,-1.1001098579640174,-1.1922902070269117,1.5381655642415424,1.4373021345895378,-1.7879520909877076,0.92,0.34377224199288253,0.09822064056939503,0.29957295373665477,0.058932384341637,0.26028469750889677,2.5024,0.9292,0.3928825622775801,1.4241992882562278,5.5494661921708195,1.0804270462633452,0.06875444839857651,17.041281138790037,33.247686832740214,0.34813554077053993,0.2901129506421166,1.5085873433390065
Jurriën Timber,Arsenal,Premier League,DF,23.0,2417,1,3,1.2,0.8,1.2,0.52,0.15,57,146,104,17,1.3,85.6,38,22,44,890,1661,0.037236243276789406,0.11170872983036824,0.044683491932147296,0.02978899462143153,0.044683491932147296,2.122465866776996,5.436491518411254,3.872569300786098,0.6330161357054199,0.04840711625982624,1.4149772445179973,0.819197352089367,1.638394704178734,33.140256516342575,61.84940008274721,-0.5633722532678654,0.17111539476031665,-0.599744794801053,-0.7912459319482037,-0.597772626195102,0.26647247706900173,1.1159550696249236,0.14510508683921908,-0.3872621311733352,-0.5191701767309641,0.819724510796543,0.22209243231932901,-0.28685011395957466,0.25252629763804696,0.4855252600558358,-0.6976577069572343,-0.6358245239078723,0.7286858616646671,1.0,0.037236243276789406,0.11170872983036824,0.044683491932147296,0.02978899462143153,0.044683491932147296,0.52,0.15,2.122465866776996,5.436491518411254,3.872569300786098,0.6330161357054199,0.04840711625982624,33.140256516342575,61.84940008274721,1.4149772445179973,0.819197352089367,1.638394704178734
Jean-Clair Todibo,West Ham,Premier League,DF,24.0,1825,0,0,0.4,0.0,0.4,0.25,0.0,9,38,5,2,0.1,87.9,28,26,83,760,1297,0.0,0.0,0.019726027397260273,0.0,0.019726027397260273,0.4438356164383562,1.873972602739726,0.24657534246575344,0.09863013698630137,0.004931506849315068,1.380821917808219,1.2821917808219176,4.093150684931507,37.47945205479452,63.961643835616435,-0.7900177606680123,-0.891279865718134,-0.7707275457523916,-1.1396650158946402,-0.7829305795010174,-0.8550481905127294,-0.7955100007199057,-0.9831831185785904,-1.1775911846636469,-1.1154273613674293,0.7595175140595779,1.1860429585400964,1.1293922377023624,0.683399820141827,0.6223256207721318,-0.9775918082224347,-1.0114958240605274,1.0114510259437612,1.0,0.0,0.0,0.019726027397260273,0.0,0.019726027397260273,0.25,0.0,0.4438356164383562,1.873972602739726,0.24657534246575344,0.09863013698630137,0.004931506849315068,37.47945205479452,63.961643835616435,1.380821917808219,1.2821917808219176,4.093150684931507
John Tolkin,Holstein Kiel,Bundesliga,"DF,MF",22.0,737,0,2,0.1,0.7,0.1,0.37,0.0,6,17,12,11,1.1,67.9,11,8,54,174,479,0.0,0.24423337856173674,0.01221166892808684,0.08548168249660787,0.01221166892808684,0.7327001356852103,2.0759837177747626,1.4654002713704206,1.3432835820895521,0.13432835820895522,1.3432835820895521,0.976933514246947,6.5943012211668925,21.2483039348711,58.49389416553596,-0.7696298623010193,1.3064981132138695,-0.8088272218997343,-0.15036076460178693,-0.8323636862617296,-0.6088284995906653,-0.6929408418956033,-0.679821200757803,0.6523878245543885,0.28048151448367487,0.9808842142470536,0.37330740044914984,2.181212938905264,-0.8432960759836189,0.13948972110233293,-0.8528372521494776,-0.9884044908532337,-1.1254637182246234,0.92,0.0,0.2246947082767978,0.011234735413839894,0.07864314789687925,0.011234735413839894,0.34040000000000004,0.0,0.6740841248303935,1.9099050203527816,1.348168249660787,1.235820895522388,0.12358208955223882,19.548439620081414,53.81438263229309,1.460090850097339,1.0618842546162466,7.167718718659666
Tiago Tomás,Wolfsburg,Bundesliga,"FW,MF",22.0,1884,6,1,5.4,2.6,5.4,2.01,0.96,31,50,125,20,1.5,69.3,19,9,19,503,782,0.28662420382165604,0.04777070063694267,0.25796178343949044,0.12420382165605097,0.25796178343949044,1.480891719745223,2.388535031847134,5.971337579617835,0.9554140127388534,0.07165605095541401,0.9076433121019107,0.42993630573248404,0.9076433121019107,24.028662420382165,37.35668789808918,0.7651616985829327,-0.4710348629361625,0.7574774751713009,0.3032749446539954,0.9011776209898518,0.044091736469242096,-0.5277984099191518,0.7535917373698869,0.07823314104258863,-0.44788926768637227,0.08450776706579688,-0.6435142020950302,-0.7813832999748485,-0.5812816749821316,-1.119735325673497,0.8157774792893615,1.3172176481814797,-0.9568303142485668,0.92,0.26369426751592356,0.04394904458598726,0.23732484076433122,0.1142675159235669,0.23732484076433122,1.8492,0.8832,1.3624203821656051,2.1974522292993632,5.493630573248408,0.8789808917197451,0.06592356687898089,22.10636942675159,34.36815286624204,0.9865688175020768,0.4673220714483522,0.9865688175020768
Sandro Tonali,Newcastle Utd,Premier League,MF,24.0,2630,4,2,4.4,2.2,4.4,1.2,0.41,37,128,53,28,2.8,83.7,32,34,33,979,1818,0.13688212927756654,0.06844106463878327,0.1505703422053232,0.0752851711026616,0.1505703422053232,1.2661596958174905,4.380228136882129,1.8136882129277565,0.9581749049429658,0.09581749049429657,1.0950570342205324,1.1634980988593155,1.129277566539924,33.50190114068441,62.21292775665399,0.04314146577480923,-0.24037762374692617,0.1256824585953053,-0.2591119564950296,0.1877956534346265,-0.30563985577804453,0.5492182728052343,-0.495549937545994,0.09363074951880691,0.13105133015312126,0.25578802085647323,0.9389237059388463,-0.5805792088001425,0.2884368925406943,0.5090692837288852,0.007361511044011227,0.015339063023396484,0.49509724769498276,1.0,0.13688212927756654,0.06844106463878327,0.1505703422053232,0.0752851711026616,0.1505703422053232,1.2,0.41,1.2661596958174905,4.380228136882129,1.8136882129277565,0.9581749049429658,0.09581749049429657,33.50190114068441,62.21292775665399,1.0950570342205324,1.1634980988593155,1.129277566539924
Pau Torres,Aston Villa,Premier League,DF,27.0,2020,0,0,0.5,0.1,0.5,0.36,0.09,40,97,8,3,0.4,88.9,15,10,75,965,1518,0.0,0.0,0.022277227722772276,0.004455445544554456,0.022277227722772276,1.7821782178217822,4.321782178217822,0.3564356435643564,0.13366336633663367,0.017821782178217824,0.6683168316831682,0.44554455445544555,3.3415841584158414,42.995049504950494,67.63366336633663,-0.7900177606680123,-0.891279865718134,-0.7532493580432904,-1.0875530774108197,-0.7640033751736358,0.039120663797985795,0.5178591667529977,-0.9489982623990116,-1.125778863495947,-0.9386404369053145,-0.4964444552083329,-0.5558495655770226,0.6957848432042212,1.2310877224273786,0.8601455199563279,-0.8635445817810569,-0.7860930439689345,1.13439240171728,1.0,0.0,0.0,0.022277227722772276,0.004455445544554456,0.022277227722772276,0.36,0.09,1.7821782178217822,4.321782178217822,0.3564356435643564,0.13366336633663367,0.017821782178217824,42.995049504950494,67.63366336633663,0.6683168316831682,0.44554455445544555,3.3415841584158414
Bazoumana Touré,Hoffenheim,Bundesliga,"FW,MF",18.0,609,0,3,1.4,1.9,1.4,2.81,0.74,24,14,56,13,1.8,66.8,10,3,2,183,291,0.0,0.4433497536945813,0.20689655172413793,0.28078817733990147,0.20689655172413793,3.5467980295566504,2.0689655172413794,8.275862068965518,1.9211822660098523,0.2660098522167488,1.477832512315271,0.4433497536945813,0.29556650246305416,27.04433497536946,43.004926108374384,-0.7696298623010193,3.1080409132442046,0.4320098250267638,2.1376843236534175,0.5409593207097543,1.8469348373768517,-0.6966490416439268,1.4866989675163953,1.5078383733653993,1.810869607581325,1.2577330281806005,-0.6185797354466468,-1.100258900219979,-0.2970918331940209,-0.7832479519612404,1.6297358848692836,0.7888459079860246,-1.257961392777241,0.92,0.0,0.4078817733990148,0.1903448275862069,0.25832512315270934,0.1903448275862069,2.5852,0.6808000000000001,3.2630541871921186,1.9034482758620692,7.613793103448277,1.7674876847290641,0.2447290640394089,24.880788177339902,39.56453201970444,1.6063396872992075,0.48190190618976225,0.32126793745984145
Adama Traoré,Fulham,Premier League,"FW,MF",28.0,1772,2,7,4.0,4.9,4.0,1.98,0.61,100,68,161,42,4.5,72.2,13,1,6,538,801,0.10158013544018057,0.3555304740406321,0.20316027088036115,0.24887133182844245,0.20316027088036115,5.07900677200903,3.4537246049661396,8.177200902934537,2.1331828442437923,0.2285553047404063,0.6602708803611739,0.05079006772009029,0.3047404063205418,27.325056433408577,40.682844243792324,-0.17173086294097498,2.489958925108598,0.4859742929129766,1.771192586322367,0.5779572239083629,2.241786414786737,0.052103961069796235,1.4845626593561572,1.8314062801972084,1.9515174832520183,-0.5106273839533948,-1.3777251036007527,-1.056286145040564,-0.32491155267186334,-0.885335688145498,0.8160600258101459,0.5162341298936034,-0.9187285737004814,1.0,0.10158013544018057,0.3555304740406321,0.20316027088036115,0.24887133182844245,0.20316027088036115,1.98,0.61,5.07900677200903,3.4537246049661396,8.177200902934537,2.1331828442437923,0.2285553047404063,27.325056433408577,40.682844243792324,0.6602708803611739,0.05079006772009029,0.3047404063205418
Omar Traoré,Heidenheim,Bundesliga,DF,26.0,2616,0,1,0.5,1.6,0.5,0.55,0.1,103,117,115,20,3.3,70.7,26,21,66,922,1712,0.0,0.034403669724770644,0.017201834862385322,0.05504587155963303,0.017201834862385322,3.5435779816513757,4.025229357798166,3.956422018348624,0.6880733944954128,0.1135321100917431,0.8944954128440367,0.7224770642201835,2.2706422018348627,31.720183486238533,58.89908256880734,-0.7696298623010193,-0.5919755855740677,-0.7770220674744944,-0.5069208870763854,-0.7971626496545028,1.8441248158753698,0.33698016953365206,0.11261388144816933,-0.3175052209907231,0.03878976622782495,0.057454558176259225,-0.09970564471171135,-0.07129743778790433,0.14354906010570076,0.16362835984231677,-0.6696966108939952,-0.7482355180371177,-0.7881969102725085,0.92,0.0,0.03165137614678899,0.015825688073394496,0.05064220183486239,0.015825688073394496,0.5060000000000001,0.09200000000000001,3.2600917431192658,3.7032110091743125,3.639908256880734,0.6330275229357798,0.10444954128440366,29.18256880733945,54.18715596330275,0.9722776226565616,0.785301156761069,2.4680893498205028
Kevin Trapp,Eint Frankfurt,Bundesliga,GK,34.0,2295,0,0,0.0,0.0,0.0,0.0,0.0,0,1,0,0,0.0,73.2,0,0,13,642,1001,0.0,0.0,0.0,0.0,0.0,0.0,0.0392156862745098,0.0,0.0,0.0,0.0,0.0,0.5098039215686274,25.176470588235293,39.25490196078431,-0.7696298623010193,-0.9032492487568731,-0.8866591058814253,-1.1517915871101994,-0.9185057926831566,-1.248229898570237,-1.7691059736664398,-1.1459891842034466,-1.336044939666624,-1.2806681483244808,-1.7830654199419607,-1.442729475193211,-0.9886469513004223,-0.47311495075147114,-1.0066513796853718,-1.2292930147301913,-0.9884044908532337,-0.4870658317438342,0.92,0.0,0.0,0.0,0.0,0.0,0.0,0.0,0.0,0.03607843137254902,0.0,0.0,0.0,23.162352941176472,36.114509803921564,0.0,0.0,0.5541346973572037
Philipp Treu,St. Pauli,Bundesliga,"MF,DF",23.0,2881,0,2,1.2,2.5,1.2,0.59,0.12,58,105,117,22,2.8,80.0,42,19,87,825,1867,0.0,0.062478306143700105,0.03748698368622006,0.07809788267962513,0.03748698368622006,1.811870878167303,3.2801110725442553,3.654980909406456,0.6872613675807012,0.08746962860118014,1.3120444290177022,0.5935439083651509,2.717806317250955,25.772301284276296,58.32349878514405,-0.7696298623010193,-0.3379650398806365,-0.6477333224957694,-0.23686309478523784,-0.6540695590173811,0.3329254989063779,-0.0567172497274351,0.01672049543714133,-0.31870724634424535,-0.26410557719358874,0.916606315777542,-0.3393814897011952,0.161663072177375,-0.4169652766231055,0.12933860992285567,-0.6289986906149991,-0.7002017234738945,0.33201070185415943,0.92,0.0,0.0574800416522041,0.03448802499132246,0.07185005206525512,0.03448802499132246,0.5428,0.1104,1.6669212079139188,3.0177021867407148,3.36258243665394,0.6322804581742452,0.08047205831308574,23.710517181534193,53.65761888233253,1.426135248932285,0.6451564221360335,2.9541373013597334
Christopher Trimmel,Union Berlin,Bundesliga,"DF,MF",37.0,1740,0,3,0.2,2.1,0.2,0.47,0.16,18,73,45,35,3.2,60.5,25,18,92,365,979,0.0,0.15517241379310345,0.010344827586206898,0.10862068965517242,0.010344827586206898,0.9310344827586207,3.7758620689655173,2.3275862068965516,1.8103448275862069,0.16551724137931037,1.293103448275862,0.9310344827586207,4.758620689655173,18.879310344827587,50.63793103448276,-0.7696298623010193,0.5007023079435041,-0.8207256593360158,0.12071619942204204,-0.8455325370135109,-0.43574915538412623,0.20522221914582464,-0.4055456415322411,1.343768182228936,0.642955344239132,0.8776332221652804,0.28798497827457353,1.2248726199680444,-1.0665444231684316,-0.32852035629398296,-0.7510924514519874,-0.604134134347448,-2.0168117106695,0.92,0.0,0.1427586206896552,0.009517241379310346,0.09993103448275863,0.009517241379310346,0.4324,0.1472,0.856551724137931,3.4737931034482763,2.1413793103448278,1.6655172413793105,0.15227586206896554,17.36896551724138,46.586896551724145,1.4055472263868065,1.0119940029985006,5.172413793103448
Kieran Trippier,Newcastle Utd,Premier League,DF,33.0,1309,0,3,0.1,1.4,0.1,0.28,0.0,26,117,58,22,1.5,82.5,21,12,49,609,1388,0.0,0.20626432391138275,0.006875477463712759,0.0962566844919786,0.006875477463712759,1.787624140565317,8.044308632543927,3.9877769289533993,1.5126050420168067,0.10313216195569137,1.4438502673796794,0.825057295645531,3.368983957219251,41.8716577540107,95.43162719633308,-0.7900177606680123,1.070377387586996,-0.858766231565371,-0.013824205869858658,-0.8782680494281042,0.04275917496487057,2.515176081921625,0.1809538525926899,0.9136040394447426,0.23137023243531668,0.8706201736602197,0.2342927857664572,0.7115928321842521,1.11953714661447,2.660492413612168,-0.946488019192968,-1.0114958240605274,0.34756759676676,1.0,0.0,0.20626432391138275,0.006875477463712759,0.0962566844919786,0.006875477463712759,0.28,0.0,1.787624140565317,8.044308632543927,3.9877769289533993,1.5126050420168067,0.10313216195569137,41.8716577540107,95.43162719633308,1.4438502673796794,0.825057295645531,3.368983957219251
Leandro Trossard,Arsenal,Premier League,FW,29.0,2546,8,7,7.2,6.1,7.2,2.55,0.74,80,101,226,41,4.1,74.5,20,9,18,828,1278,0.2827965435978005,0.2474469756480754,0.25451688923802046,0.21563236449332285,0.25451688923802046,2.8279654359780046,3.570306362922231,7.989002356637863,1.4493322859387272,0.14493322859387273,0.7069913589945012,0.31814611154752553,0.6362922230950511,29.26944226237235,45.17674783974862,0.9312774204353818,1.462041083749646,0.837816759685828,1.3824218104904114,0.9589689380800824,0.7378284219945259,0.1146557575507024,1.4260015579025638,0.820026929373047,0.8046614788705495,-0.4282712780221673,-0.8210920576238001,-0.8650012562906346,-0.13183789102006732,-0.5942861195926289,1.4070320173700135,0.8418159233592378,-0.635963409421389,1.0,0.2827965435978005,0.2474469756480754,0.25451688923802046,0.21563236449332285,0.25451688923802046,2.55,0.74,2.8279654359780046,3.570306362922231,7.989002356637863,1.4493322859387272,0.14493322859387273,29.26944226237235,45.17674783974862,0.7069913589945012,0.31814611154752553,0.6362922230950511
Kostas Tsimikas,Liverpool,Premier League,DF,28.0,837,0,1,0.4,2.1,0.4,0.43,0.22,17,76,43,16,2.3,84.1,20,11,20,368,741,0.0,0.1075268817204301,0.043010752688172046,0.22580645161290322,0.043010752688172046,1.8279569892473118,8.172043010752688,4.623655913978495,1.7204301075268815,0.24731182795698922,2.1505376344086025,1.1827956989247312,2.1505376344086025,39.56989247311828,79.67741935483872,-0.7900177606680123,0.13134432567032261,-0.6112046751570622,1.5014203251849996,-0.610182579714058,0.06970621906238895,2.5837118028561026,0.37881815328479784,1.220966484774213,2.2087585404408414,2.1163270106141168,0.9791011477900976,0.008624676032935761,0.8909764132328064,1.640164474382438,-0.7909690740456345,-0.46051125050329994,0.5442737980043891,1.0,0.0,0.1075268817204301,0.043010752688172046,0.22580645161290322,0.043010752688172046,0.43,0.22,1.8279569892473118,8.172043010752688,4.623655913978495,1.7204301075268815,0.24731182795698922,39.56989247311828,79.67741935483872,2.1505376344086025,1.1827956989247312,2.1505376344086025
Axel Tuanzebe,Ipswich Town,Premier League,DF,26.0,1710,0,1,0.2,0.3,0.2,0.21,0.0,10,61,15,5,0.3,83.8,19,23,56,402,971,0.0,0.052631578947368425,0.010526315789473684,0.015789473684210527,0.010526315789473684,0.5263157894736842,3.210526315789474,0.7894736842105263,0.2631578947368421,0.015789473684210527,1.0,1.2105263157894737,2.947368421052632,21.157894736842106,51.10526315789473,-0.7900177606680123,-0.3907322351964157,-0.8337544608646815,-0.9549876198642594,-0.851182695813607,-0.7999418210748043,-0.07838377694160784,-0.8142512883625076,-0.9342632019553753,-0.9665130431178588,0.08822708379470834,1.0368360600489148,0.46834674861438447,-0.9372984940997187,-0.2103233156156737,-1.0190635269283905,-1.0114958240605274,0.507391385272334,1.0,0.0,0.052631578947368425,0.010526315789473684,0.015789473684210527,0.010526315789473684,0.21,0.0,0.5263157894736842,3.210526315789474,0.7894736842105263,0.2631578947368421,0.015789473684210527,21.157894736842106,51.10526315789473,1.0,1.2105263157894737,2.947368421052632
Tuta,Eint Frankfurt,Bundesliga,"DF,MF",25.0,2274,2,1,1.1,0.3,1.1,0.51,0.2,11,78,12,4,0.7,87.7,27,40,135,1007,1772,0.079155672823219,0.0395778364116095,0.04353562005277045,0.011873350923482849,0.04353562005277045,0.43535620052770446,3.0870712401055407,0.47493403693931396,0.158311345646438,0.027704485488126648,1.0686015831134563,1.58311345646438,5.3430079155672825,39.854881266490764,70.13192612137203,-0.34577361769454523,-0.54516134071544,-0.6091819363829343,-1.0126934875646472,-0.6114019858412445,-0.8683099966699593,-0.15871351709834886,-0.9949048377656984,-1.1017001811744378,-0.9586896118877942,0.41569662414243985,1.500144705432163,1.5293226898020265,0.9101437195095357,0.8328122514566001,-0.7103945311729913,-0.5080665452210017,1.2594944237224766,0.92,0.07282321899736148,0.03641160949868074,0.04005277044854882,0.010923482849604222,0.04005277044854882,0.4692,0.18400000000000002,0.40052770448548813,2.8401055408970977,0.43693931398416885,0.14564643799472296,0.025488126649076518,36.6664907651715,64.52137203166227,1.1615234599059308,1.7207754961569348,5.807617299529655
Destiny Udogie,Tottenham,Premier League,DF,21.0,1924,0,1,0.3,1.5,0.3,0.23,0.05,54,121,94,16,1.2,87.2,47,22,36,758,1376,0.0,0.04677754677754678,0.014033264033264032,0.07016632016632017,0.014033264033264032,2.525987525987526,5.66008316008316,4.397089397089397,0.7484407484407485,0.05613305613305613,2.1985446985446986,1.0291060291060292,1.683991683991684,35.45738045738046,64.36590436590437,-0.7900177606680123,-0.4464064518968563,-0.8097284762808291,-0.31898324039580633,-0.8251648542070483,0.5360719797171783,1.2359228854298667,0.30831822093880473,-0.2165551419347447,-0.4132108303308902,2.2009510336355604,0.6591205413236375,-0.2605434772000335,0.48261211555189454,0.6485077251299401,-0.9983276675754126,-0.8862720573429758,0.9253920629022979,1.0,0.0,0.04677754677754678,0.014033264033264032,0.07016632016632017,0.014033264033264032,0.23,0.05,2.525987525987526,5.66008316008316,4.397089397089397,0.7484407484407485,0.05613305613305613,35.45738045738046,64.36590436590437,2.1985446985446986,1.0291060291060292,1.683991683991684
Manuel Ugarte Ribeiro,Manchester Utd,Premier League,MF,23.0,1785,1,2,1.0,1.1,1.0,0.96,0.2,16,61,20,10,0.7,87.9,49,27,17,668,1161,0.050420168067226885,0.10084033613445377,0.050420168067226885,0.055462184873949584,0.050420168067226885,0.8067226890756302,3.07563025210084,1.0084033613445378,0.5042016806722689,0.03529411764705882,2.4705882352941178,1.361344537815126,0.8571428571428572,33.680672268907564,58.537815126050425,-0.4831257766981776,0.06775256923104045,-0.5604430193534037,-0.4909662634517898,-0.5552125652375705,-0.612597328043861,-0.15076209126677712,-0.7461276854647636,-0.5777719996321667,-0.6990116957114945,2.680493345397305,1.3508383362389116,-0.7375841020878047,0.3061885114887,0.2710490586215084,-0.2414688011917225,-0.5106007571903206,1.0114510259437612,1.0,0.050420168067226885,0.10084033613445377,0.050420168067226885,0.055462184873949584,0.050420168067226885,0.96,0.2,0.8067226890756302,3.07563025210084,1.0084033613445378,0.5042016806722689,0.03529411764705882,33.680672268907564,58.537815126050425,2.4705882352941178,1.361344537815126,0.8571428571428572
Lesley Ugochukwu,Southampton,Premier League,MF,20.0,1655,1,1,0.9,1.0,0.9,0.54,0.05,29,49,20,14,0.6,85.0,24,14,23,479,879,0.054380664652567974,0.054380664652567974,0.04894259818731118,0.054380664652567974,0.04894259818731118,1.5770392749244713,2.6646525679758306,1.0876132930513596,0.7613293051359517,0.03262839879154079,1.3051359516616314,0.7613293051359517,1.2507552870090635,26.048338368580062,47.800604229607245,-0.4590194577156528,-0.37409772179539186,-0.5705658009539815,-0.5036159782069237,-0.5661745687876196,-0.0979360609564918,-0.3712716538800294,-0.7214802004650489,-0.19749363800651368,-0.735571367706322,0.6261027540269329,0.10161164281001235,-0.510494078603622,-0.45168712776685593,-0.42435094988845257,-0.6769218476042564,-0.8862720573429758,0.6549210362005566,1.0,0.054380664652567974,0.054380664652567974,0.04894259818731118,0.054380664652567974,0.04894259818731118,0.54,0.05,1.5770392749244713,2.6646525679758306,1.0876132930513596,0.7613293051359517,0.03262839879154079,26.048338368580062,47.800604229607245,1.3051359516616314,0.7613293051359517,1.2507552870090635
Lukas Ullrich,Gladbach,Bundesliga,DF,20.0,1903,1,2,0.9,1.8,0.9,0.38,0.09,31,39,71,8,1.9,76.1,16,23,74,531,1073,0.04729374671571203,0.09458749343142406,0.042564372044140826,0.08512874408828165,0.042564372044140826,1.4661061481870732,1.8444561219127695,3.3578560168155547,0.37834997372569623,0.08985811875985286,0.7566999474513925,1.0877561744613768,3.499737256962691,25.11297950604309,50.746190225959005,-0.5163852221972037,-0.047451137473406235,-0.615372250153335,-0.15449549136689195,-0.6182532483356398,0.031188893029541698,-0.8152728511651508,-0.07779983099972451,-0.7759819015045313,-0.23634680268350225,-0.22607434907983595,0.5793173639432619,0.5690281182374209,-0.47909820001814574,-0.3220709379685094,-0.8426627720797286,-0.7722524153187293,-0.13775378065057312,0.92,0.04351024697845507,0.08702049395691014,0.039159222280609564,0.07831844456121913,0.039159222280609564,0.3496,0.0828,1.3488176563321075,1.696899632159748,3.0892275354703105,0.34808197582764056,0.08266946925906464,23.10394114555964,46.686495007882286,0.8224999428819483,1.1823436678928008,3.8040622358290115
Deniz Undav,Stuttgart,Bundesliga,"FW,MF",28.0,1726,9,3,11.7,3.6,11.7,3.91,1.62,31,70,141,26,3.8,73.2,10,3,10,469,797,0.46929316338354576,0.1564310544611819,0.6100811123986094,0.1877172653534183,0.6100811123986094,1.6164542294322133,3.6500579374275786,7.3522595596755504,1.3557358053302433,0.1981460023174971,0.5214368482039398,0.1564310544611819,0.5214368482039398,24.455388180764775,41.558516801854,1.7433023225530064,0.5120900957730552,3.001733434012681,1.0473445313133394,3.385056023431107,0.16239232646706236,0.13875121326789056,1.1928857837243707,0.6708205732377815,1.0221632778108403,-0.7101533371455296,-1.151937359604765,-0.9825865085503834,-0.5410680496236728,-0.8694161429517963,2.748928692541676,2.902332868767846,-0.4870658317438342,0.92,0.43174971031286213,0.14391657010428738,0.5612746234067206,0.17269988412514484,0.5612746234067206,3.5972000000000004,1.4904000000000002,1.4871378910776363,3.3580533024333725,6.764078794901507,1.2472769409038238,0.18229432213209734,22.498957126303594,38.23383545770568,0.5667791828303693,0.17003375484911076,0.5667791828303693
Dayot Upamecano,Bayern Munich,Bundesliga,DF,25.0,1759,2,0,1.2,0.5,1.2,0.67,0.31,17,137,4,7,1.2,93.9,22,34,45,1440,2101,0.1023308698123934,0.0,0.06139852188743604,0.02558271745309835,0.06139852188743604,0.869812393405344,7.009664582148948,0.2046617396247868,0.35815804434337695,0.06139852188743604,1.1256395679363276,1.739624786810688,2.3024445707788517,73.67822626492325,107.49857873791927,-0.22167699121794834,-0.9032492487568731,-0.495331543667625,-0.8520861878619657,-0.48539562259157076,-0.4891754994973686,1.9138632886727822,-1.0808829109801303,-0.8058715647833637,-0.5671011620267223,0.5330583781220575,1.7910860471096801,-0.05472925659473825,4.09757567327141,3.058888124188836,-0.5476028500570069,-0.24388067512327416,2.006299498473589,0.92,0.09414440022740192,0.0,0.05648664013644116,0.02353610005685048,0.05648664013644116,0.6164000000000001,0.2852,0.8002274019329165,6.448891415577032,0.18828880045480384,0.3295054007959068,0.05648664013644116,67.7839681637294,98.89869243888573,1.2235212694960083,1.8908965074029216,2.5026571421509254
Jonas Urbig,Bayern Munich,Bundesliga,GK,20.0,720,0,0,0.0,0.0,0.0,0.0,0.0,0,3,0,0,0.1,81.1,0,0,9,201,310,0.0,0.0,0.0,0.0,0.0,0.0,0.375,0.0,0.0,0.0125,0.0,0.0,1.125,25.125,38.75,-0.7696298623010193,-0.9032492487568731,-0.8866591058814253,-1.1517915871101994,-0.9185057926831566,-1.248229898570237,-1.5916879443973924,-1.1459891842034466,-1.336044939666624,-1.1353944991464997,-1.7830654199419607,-1.442729475193211,-0.6681462956817247,-0.47796541712691976,-1.0367303403172219,-1.2292930147301913,-0.9884044908532337,0.46450837640677545,0.92,0.0,0.0,0.0,0.0,0.0,0.0,0.0,0.0,0.34500000000000003,0.0,0.0,0.011500000000000002,23.115000000000002,35.65,0.0,0.0,1.2228260869565217
Can Uzun,Eint Frankfurt,Bundesliga,"MF,FW",18.0,675,4,1,3.0,1.1,3.0,3.6,1.47,11,42,45,14,1.1,79.9,4,1,3,265,395,0.5333333333333333,0.13333333333333333,0.4,0.14666666666666667,0.4,1.4666666666666666,5.6,6.0,1.8666666666666667,0.14666666666666667,0.5333333333333333,0.13333333333333333,0.4,35.333333333333336,52.666666666666664,2.0862193235808233,0.30310912588937694,1.6627674938744073,0.5664305669798957,1.9031267598764712,0.03167803760936457,1.1690401927979022,0.7627097257934388,1.4271401460212425,0.4238760020304981,-0.685675046663952,-1.1948740719805406,-1.0458518491957118,0.48404374733706523,-0.20766073610534252,2.433519810379456,2.542079409543671,0.31996545871301313,0.92,0.4906666666666667,0.12266666666666667,0.36800000000000005,0.13493333333333335,0.36800000000000005,3.3120000000000003,1.3524,1.3493333333333333,5.152,5.5200000000000005,1.7173333333333334,0.13493333333333335,32.50666666666667,48.45333333333333,0.5797101449275361,0.14492753623188404,0.43478260869565216
Josha Vagnoman,Stuttgart,Bundesliga,"DF,MF",23.0,1834,1,1,1.5,2.1,1.5,0.74,0.29,24,47,96,22,2.2,80.4,14,14,57,541,1105,0.04907306434023991,0.04907306434023991,0.07360959651035986,0.10305343511450382,0.07360959651035986,1.1777535441657578,2.306434023991276,4.711014176663031,1.0796074154852782,0.1079607415485278,0.6870229007633587,0.6870229007633587,2.797164667393675,26.548527808069792,54.225736095965104,-0.5068574794670165,-0.459251482733853,-0.4175034475294115,0.055494971540891135,-0.39925770844712916,-0.22044618854200532,-0.5711780391018809,0.35266208645932046,0.2620738686549533,-0.025960076907238994,-0.36944232459338083,-0.16561193955540568,0.20300664399339283,-0.34381552678578,-0.11478094630745284,-0.47638148956876386,-0.29191446968649737,0.380191674418748,0.92,0.04514721919302072,0.04514721919302072,0.06772082878953108,0.09480916030534352,0.06772082878953108,0.6808000000000001,0.2668,1.0835332606324972,2.1219193020719738,4.334133042529989,0.993238822246456,0.09932388222464558,24.42464558342421,49.8876772082879,0.7467640225688681,0.7467640225688681,3.0403963776018204
Siebe Van Der Heyden,St. Pauli,Bundesliga,"DF,MF",26.0,872,1,0,1.7,0.0,1.7,0.31,0.21,10,28,26,2,0.2,79.3,10,17,43,265,602,0.10321100917431193,0.0,0.17545871559633028,0.0,0.17545871559633028,1.0321100917431194,2.889908256880734,2.6834862385321103,0.20642201834862386,0.020642201834862386,1.0321100917431194,1.7545871559633028,4.438073394495413,27.35091743119266,62.133027522935784,-0.2169640938175778,-0.9032492487568731,0.2316386858692695,-1.1517915871101994,0.31919426620911134,-0.347544059411322,-0.26288832961549474,-0.2923279744571331,-1.0304830240638538,-1.0407667093149706,0.34061147788675494,1.8188998274047166,1.0578760771463502,-0.26820022841043295,0.35628695599768995,-0.9138841325679716,-0.48404964793939015,0.2476939998661303,0.92,0.09495412844036698,0.0,0.16142201834862385,0.0,0.16142201834862385,0.2852,0.1932,0.9495412844036699,2.6587155963302758,2.468807339449542,0.18990825688073396,0.018990825688073396,25.162844036697248,57.16238532110092,1.1218587953729557,1.9071599521340248,4.82399282010371
Virgil van Dijk,Liverpool,Premier League,DF,33.0,3330,3,1,2.2,0.7,2.2,0.73,0.22,22,198,6,12,1.0,91.6,20,56,190,1856,3301,0.08108108108108109,0.027027027027027025,0.05945945945945946,0.018918918918918916,0.05945945945945946,0.5945945945945945,5.351351351351352,0.16216216216216217,0.32432432432432434,0.027027027027027025,0.5405405405405406,1.5135135135135136,5.135135135135135,50.16216216216216,89.21621621621622,-0.2965022729327374,-0.6342418932880625,-0.49851513774771405,-0.9183848927231028,-0.4881505970163205,-0.7543236207085008,1.0702732194311124,-1.0094496807442008,-0.8438012390350749,-0.8123927901934713,-0.7216809698303192,1.6676528702722522,1.730552809149069,1.9427678136859385,2.2579486906516792,-0.4799311837509673,-0.46051125050329994,1.4663341163057788,1.0,0.08108108108108109,0.027027027027027025,0.05945945945945946,0.018918918918918916,0.05945945945945946,0.73,0.22,0.5945945945945945,5.351351351351352,0.16216216216216217,0.32432432432432434,0.027027027027027025,50.16216216216216,89.21621621621622,0.5405405405405406,1.5135135135135136,5.135135135135135
Jamie Vardy,Leicester City,Premier League,FW,37.0,2823,9,4,11.2,3.0,9.6,1.79,0.73,29,22,120,19,2.6,66.3,13,5,24,285,586,0.2869287991498406,0.1275239107332625,0.35706695005313493,0.09564293304994687,0.30605738575983,0.9245483528161531,0.7013815090329436,3.8257173219978746,0.6057385759829969,0.08289054197662062,0.41445270988310307,0.1594048884165781,0.7651434643995749,9.086078639744953,18.682252922422954,0.9564291831773282,0.3215241699774216,1.5403837806219842,-0.021002787017731814,1.3413448334763856,-0.533876050961029,-1.4246622860756912,0.13052631597669803,-0.42760422098972545,-0.04623855798416768,-0.9439411658304361,-1.1515899558142695,-0.7906620606921709,-2.1360059223963814,-2.3102132973924645,0.6190693619568568,0.8167711700157274,-1.644082690764242,1.0,0.2869287991498406,0.1275239107332625,0.35706695005313493,0.09564293304994687,0.30605738575983,1.79,0.73,0.9245483528161531,0.7013815090329436,3.8257173219978746,0.6057385759829969,0.08289054197662062,9.086078639744953,18.682252922422954,0.41445270988310307,0.1594048884165781,0.7651434643995749
Nikola Vasilj,St. Pauli,Bundesliga,GK,28.0,2969,0,0,0.0,0.0,0.0,0.0,0.0,0,0,0,1,0.2,73.6,0,0,22,909,1493,0.0,0.0,0.0,0.0,0.0,0.0,0.0,0.0,0.030313236780060628,0.006062647356012126,0.0,0.0,0.6668912091613338,27.55473223307511,45.25766251263051,-0.7696298623010193,-0.9032492487568731,-0.8866591058814253,-1.1517915871101994,-0.9185057926831566,-1.248229898570237,-1.7898263274496862,-1.1459891842034466,-1.2911729305043447,-1.210208715917511,-1.7830654199419607,-1.442729475193211,-0.9068086879759892,-0.24899320402535574,-0.6490437402915169,-1.2292930147301913,-0.9884044908532337,-0.43888485917924736,0.92,0.0,0.0,0.0,0.0,0.0,0.0,0.0,0.0,0.0,0.0,0.027888177837655778,0.005577635567531156,25.350353654429103,41.63704951162007,0.0,0.0,0.7248817490884063
Denis Vavro,Wolfsburg,Bundesliga,DF,28.0,2461,2,0,1.4,0.2,1.4,0.91,0.22,9,96,3,7,0.5,86.9,13,37,234,1036,1901,0.0731409995936611,0.0,0.051198699715562776,0.007314099959366112,0.051198699715562776,0.329134498171475,3.5107679804957335,0.10971149939049167,0.2559934985778139,0.018285249898415276,0.4754164973587972,1.3531084924827306,8.55749695245835,37.887037789516455,69.5205201137749,-0.37798049203075446,-0.9032492487568731,-0.5603407885620075,-1.0661058012869333,-0.5573459982677633,-0.961005905651945,0.06515471502282537,-1.1110881476533208,-0.9571034661112992,-1.068158950014553,-0.8048451308811595,1.0725849072677571,3.2039852566207636,0.7246988092323152,0.7963884332483611,-0.3034153283830305,-0.46003275065777854,1.163132478593301,0.92,0.06728971962616821,0.0,0.04710280373831775,0.006728971962616823,0.04710280373831775,0.8372,0.2024,0.30280373831775703,3.229906542056075,0.10093457943925234,0.2355140186915888,0.016822429906542053,34.85607476635514,63.9588785046729,0.5167570623465186,1.4707701005247071,9.301627122237337
Miloš Veljković,Werder Bremen,Bundesliga,DF,28.0,1029,0,1,0.6,0.2,0.6,0.17,0.09,9,64,2,3,0.6,86.7,5,2,47,460,738,0.0,0.08746355685131195,0.052478134110787174,0.01749271137026239,0.052478134110787174,0.7871720116618076,5.597667638483965,0.1749271137026239,0.26239067055393583,0.052478134110787174,0.43731778425655976,0.1749271137026239,4.110787172011662,40.2332361516035,64.54810495626822,-0.7696298623010193,-0.1119062916274088,-0.5521862283624386,-0.9468618311227774,-0.5483207639216894,-0.5612928270717759,1.1678078452259542,-1.0903419856612633,-0.947633874935406,-0.6707729447784374,-0.8832373077424273,-1.1175547479462673,0.8873687339453472,0.9457989881036419,0.5001624500188131,-1.056326853544458,-0.7722524153187293,1.139041992311007,0.92,0.0,0.080466472303207,0.0482798833819242,0.0160932944606414,0.0482798833819242,0.1564,0.0828,0.724198250728863,5.149854227405248,0.160932944606414,0.24139941690962097,0.0482798833819242,37.014577259475224,59.38425655976676,0.47534541767017363,0.19013816706806944,4.468246926099632
Joël Veltman,Brighton,Premier League,DF,32.0,1697,0,0,0.5,0.5,0.5,0.32,0.05,32,85,34,6,1.3,80.2,29,19,66,548,1133,0.0,0.0,0.026517383618149676,0.026517383618149676,0.026517383618149676,1.6971125515615793,4.5079552150854445,1.803182086034178,0.3182086034177961,0.06894519740718916,1.538008249852681,1.0076605774896876,3.500294637595757,29.063052445492044,60.088391278727165,-0.7900177606680123,-0.891279865718134,-0.7242001924743791,-0.8295114633391979,-0.7325459093646136,-0.01771311647803471,0.6177500769309165,-0.49881909331263474,-0.8528460716599054,-0.2374954950230833,1.0365963152934448,0.6144712905168727,0.7873509719883245,-0.15233199104853803,0.3714727794710203,-0.9050163004870124,-0.8862720573429758,0.06480243248766755,1.0,0.0,0.0,0.026517383618149676,0.026517383618149676,0.026517383618149676,0.32,0.05,1.6971125515615793,4.5079552150854445,1.803182086034178,0.3182086034177961,0.06894519740718916,29.063052445492044,60.088391278727165,1.538008249852681,1.0076605774896876,3.500294637595757
Micky van de Ven,Tottenham,Premier League,DF,23.0,1015,0,2,0.6,1.2,0.6,0.53,0.18,8,51,1,2,0.7,90.9,6,10,39,620,895,0.0,0.1773399014778325,0.05320197044334975,0.1064039408866995,0.05320197044334975,0.70935960591133,4.522167487684729,0.08866995073891625,0.1773399014778325,0.06206896551724137,0.5320197044334976,0.8866995073891626,3.458128078817734,54.97536945812808,79.35960591133005,-0.7900177606680123,0.7952944164338624,-0.5413849847438551,0.10486049035935464,-0.5345745379353801,-0.6776472161929714,0.6253756540258889,-1.0323180021733218,-1.061183543332958,-0.3318013074820682,-0.7367009974837535,0.3626313547862795,0.7630234759628477,2.4207097648554425,1.619581152190851,-0.6872897772807454,-0.5606902638773413,1.3802751532643172,1.0,0.0,0.1773399014778325,0.05320197044334975,0.1064039408866995,0.05320197044334975,0.53,0.18,0.70935960591133,4.522167487684729,0.08866995073891625,0.1773399014778325,0.06206896551724137,54.97536945812808,79.35960591133005,0.5320197044334976,0.8866995073891626,3.458128078817734
Bart Verbruggen,Brighton,Premier League,GK,21.0,3240,0,1,0.0,0.0,0.0,0.0,0.0,0,2,0,1,0.0,76.9,0,0,29,955,1406,0.0,0.027777777777777776,0.0,0.0,0.0,0.0,0.05555555555555555,0.0,0.027777777777777776,0.0,0.0,0.0,0.8055555555555556,26.527777777777775,39.05555555555556,-0.7900177606680123,-0.6271019496094494,-0.9058698966514711,-1.1396650158946402,-0.9292768100897674,-1.1515821155650607,-1.7711793940028153,-1.0599091291149787,-1.282378132909012,-1.1830617529230112,-1.6745139740950574,-1.4834695995757803,-0.7673467839546553,-0.40407974403926095,-0.990727728831117,-1.2367900501346574,-1.0114958240605274,-0.34090410756494355,1.0,0.0,0.027777777777777776,0.0,0.0,0.0,0.0,0.0,0.0,0.05555555555555555,0.0,0.027777777777777776,0.0,26.527777777777775,39.05555555555556,0.0,0.0,0.8055555555555556
Arthur Vermeeren,RB Leipzig,Bundesliga,MF,19.0,1572,0,2,0.4,0.9,0.4,0.23,0.06,14,77,20,12,1.3,86.1,19,23,25,536,1109,0.0,0.11450381679389314,0.022900763358778626,0.05152671755725191,0.022900763358778626,0.8015267175572519,4.408396946564886,1.1450381679389312,0.6870229007633587,0.07442748091603053,1.0877862595419847,1.3167938931297711,1.4312977099236641,30.68702290076336,63.49236641221374,-0.7696298623010193,0.1327455386301738,-0.7406995677274655,-0.5481483077846541,-0.7569619442541703,-0.5487659848010237,0.53943405347041,-0.7817336670284685,-0.31906024346198414,-0.4156800081807762,0.4551711476932909,1.0050791347792496,-0.5085734045551258,0.04618645260299783,0.43726802581255164,-0.995279973125964,-0.8443031071635642,1.066770533464124,0.92,0.0,0.10534351145038169,0.021068702290076336,0.04740458015267176,0.021068702290076336,0.2116,0.0552,0.7374045801526717,4.055725190839695,1.0534351145038168,0.6320610687022901,0.0684732824427481,28.232061068702293,58.41297709923664,1.1823763690673745,1.4312977099236641,1.5557583803518087
Yorbe Vertessen,Union Berlin,Bundesliga,"MF,FW",23.0,718,1,0,1.3,1.6,1.3,3.38,0.63,18,16,42,15,1.8,66.2,3,3,6,194,342,0.12534818941504178,0.0,0.16295264623955433,0.20055710306406685,0.16295264623955433,2.256267409470752,2.0055710306406684,5.264623955431754,1.8802228412256268,0.22562674094707522,0.3760445682451254,0.3760445682451254,0.7520891364902508,24.317548746518103,42.86908077994429,-0.09842575350218792,-0.9032492487568731,0.15193042117787972,1.1977651695589608,0.23097543520499267,0.7207345765604494,-0.7301447244959139,0.5287744833425669,1.4472070492499745,1.3415414524368503,-1.0093135028500497,-0.7436943895307352,-0.8624228530794195,-0.5540577115635744,-0.7913407830517005,2.2096812488449777,0.5246600378882971,-1.3302328516241222,0.92,0.11532033426183844,0.0,0.14991643454039,0.1845125348189415,0.14991643454039,3.1096,0.5796,2.075766016713092,1.845125348189415,4.843454038997215,1.7298050139275767,0.2075766016713092,22.372144846796655,39.43955431754875,0.40874409591861455,0.40874409591861455,0.8174881918372291
Jannik Vestergaard,Leicester City,Premier League,DF,31.0,1391,0,0,0.1,0.1,0.1,0.19,0.13,3,32,2,3,0.1,90.7,10,16,74,672,1092,0.0,0.0,0.006470165348670022,0.006470165348670022,0.006470165348670022,0.19410496046010065,2.070452911574407,0.12940330697340044,0.19410496046010065,0.006470165348670022,0.6470165348670022,1.0352264557872035,4.787922358015816,43.479511143062545,70.65420560747663,-0.7900177606680123,-0.891279865718134,-0.8615430112469384,-1.0639884409576759,-0.8812750360379218,-1.0218973771944628,-0.6900887366542063,-1.0196431422770467,-1.0363888944669244,-1.0943250422192463,-0.5339913629514276,0.6718632184572788,1.5302325150546063,1.279193803538847,1.0557722167262737,-1.0397993862813684,-0.685914030594893,1.3556868781096132,1.0,0.0,0.0,0.006470165348670022,0.006470165348670022,0.006470165348670022,0.19,0.13,0.19410496046010065,2.070452911574407,0.12940330697340044,0.19410496046010065,0.006470165348670022,43.479511143062545,70.65420560747663,0.6470165348670022,1.0352264557872035,4.787922358015816
Guglielmo Vicario,Tottenham,Premier League,GK,27.0,2160,0,0,0.0,0.0,0.0,0.0,0.0,0,1,0,0,0.0,87.4,0,1,14,661,928,0.0,0.0,0.0,0.0,0.0,0.0,0.04166666666666667,0.0,0.0,0.0,0.0,0.04166666666666667,0.5833333333333334,27.541666666666668,38.666666666666664,-0.7900177606680123,-0.891279865718134,-0.9058698966514711,-1.1396650158946402,-0.9292768100897674,-1.1515821155650607,-1.7786314599722692,-1.0599091291149787,-1.3234600191706214,-1.1830617529230112,-1.6745139740950574,-1.396719948248119,-0.8955552596887808,-0.30340258554023314,-1.015914282327272,-1.2367900501346574,-1.0114958240605274,0.949980338057002,1.0,0.0,0.0,0.0,0.0,0.0,0.0,0.0,0.0,0.04166666666666667,0.0,0.0,0.0,27.541666666666668,38.666666666666664,0.0,0.04166666666666667,0.5833333333333334
Kevin Vogt,Union Berlin,Bundesliga,DF,32.0,1367,1,0,0.8,0.0,0.0,0.0,0.0,11,70,2,2,0.3,88.1,8,9,75,560,1030,0.06583760058522312,0.0,0.0526700804681785,0.0,0.0,0.7242136064374542,4.608632040965618,0.13167520117044623,0.13167520117044623,0.019751280175566936,0.5267008046817849,0.592538405267008,4.937820043891734,36.86905632772494,67.8127286027798,-0.417088128491538,-0.9032492487568731,-0.5509628454892893,-1.1517915871101994,-0.9185057926831566,-0.6162343924098631,0.6452320743634351,-1.1041011320455048,-1.1411290725081633,-1.0511209045611747,-0.699322183712764,-0.3412506350198588,1.3182306769077266,0.6287666464080331,0.6946486944150357,-1.2292930147301913,-0.9884044908532337,1.3076753962870633,0.92,0.06057059253840527,0.0,0.04845647403072422,0.0,0.0,0.0,0.0,0.6662765179224579,4.239941477688369,0.12114118507681054,0.12114118507681054,0.018171177761521582,33.91953182150695,62.38771031455742,0.572500874654114,0.6440634839858782,5.36719569988232
Hauke Wahl,St. Pauli,Bundesliga,DF,30.0,2970,0,0,0.9,0.5,0.9,0.33,0.12,30,142,10,9,1.6,86.6,27,31,170,1040,2096,0.0,0.0,0.02727272727272727,0.015151515151515152,0.02727272727272727,0.9090909090909092,4.303030303030303,0.30303030303030304,0.2727272727272727,0.04848484848484849,0.8181818181818181,0.9393939393939394,5.151515151515151,31.515151515151516,63.515151515151516,-0.7696298623010193,-0.9032492487568731,-0.7128345649889822,-0.9742892984645283,-0.7261217550086365,-0.45489853316965734,0.4837615831301707,-1.049590249355119,-0.9323328329914489,-0.7171824787856447,-0.09956882457228826,0.30352450198696684,1.4295600960913595,0.12422733257650972,0.438625422431082,-0.8935351724284736,-0.7002017234738945,1.126996749169859,0.92,0.0,0.0,0.02509090909090909,0.01393939393939394,0.02509090909090909,0.30360000000000004,0.1104,0.8363636363636364,3.9587878787878785,0.2787878787878788,0.2509090909090909,0.044606060606060614,28.993939393939396,58.4339393939394,0.8893280632411066,1.0210803689064558,5.599472990777338
Kyle Walker,Manchester City,Premier League,DF,34.0,970,0,0,0.1,0.4,0.1,0.46,0.19,12,64,11,7,1.3,87.7,10,3,13,499,892,0.0,0.0,0.009278350515463918,0.03711340206185567,0.009278350515463918,1.1134020618556701,5.938144329896907,1.0206185567010309,0.6494845360824743,0.12061855670103093,0.9278350515463918,0.27835051546391754,1.2061855670103092,46.298969072164944,82.76288659793813,-0.7900177606680123,-0.891279865718134,-0.842304229024971,-0.7055779406892089,-0.8604412763721209,-0.4076997606227863,1.385116258461547,-0.7423267246782791,-0.36290622493010677,0.47119179311428533,-0.038981033784965424,-0.903946155654907,-0.5362080499958387,1.5591603915154206,1.8399960663854695,-0.7598652850161678,-0.535645510533831,0.9868627507890573,1.0,0.0,0.0,0.009278350515463918,0.03711340206185567,0.009278350515463918,0.46,0.19,1.1134020618556701,5.938144329896907,1.0206185567010309,0.6494845360824743,0.12061855670103093,46.298969072164944,82.76288659793813,0.9278350515463918,0.27835051546391754,1.2061855670103092
Kyle Walker-Peters,Southampton,Premier League,DF,27.0,2918,0,2,0.8,2.8,0.8,0.62,0.19,114,139,144,24,2.3,88.2,29,19,90,1271,2022,0.0,0.061686086360520906,0.024674434544208364,0.08636052090472926,0.024674434544208364,3.5161069225496915,4.287183002056203,4.441398217957505,0.7402330363262508,0.07093899931459903,0.8944482522275531,0.5860178204249487,2.7758738862234407,39.20150788211104,62.36463331048664,-0.7900177606680123,-0.3046202028037143,-0.7368261746563921,-0.1295720615955045,-0.7462186395452377,1.1975871444736845,0.4992950220393478,0.3221056460024181,-0.22869392057475446,-0.21015099708149484,-0.09783331573580847,-0.2633854013279282,0.3694050105320586,0.8543965529898564,0.5188945581361504,-0.5939784101923453,-0.535645510533831,1.0483334386758165,1.0,0.0,0.061686086360520906,0.024674434544208364,0.08636052090472926,0.024674434544208364,0.62,0.19,3.5161069225496915,4.287183002056203,4.441398217957505,0.7402330363262508,0.07093899931459903,39.20150788211104,62.36463331048664,0.8944482522275531,0.5860178204249487,2.7758738862234407
Christian Walton,Ipswich Town,Premier League,GK,28.0,630,0,0,0.0,0.0,0.0,0.0,0.0,0,0,0,1,0.0,69.4,0,0,2,143,272,0.0,0.0,0.0,0.0,0.0,0.0,0.0,0.0,0.14285714285714285,0.0,0.0,0.0,0.2857142857142857,20.428571428571427,38.85714285714286,-0.7900177606680123,-0.891279865718134,-0.9058698966514711,-1.1396650158946402,-0.9292768100897674,-1.1515821155650607,-1.8009876578806308,-1.0599091291149787,-1.112181746968059,-1.1830617529230112,-1.6745139740950574,-1.4834695995757803,-1.0672630396898422,-1.009718854070592,-1.0035780112271142,-1.2367900501346574,-1.0114958240605274,-1.2629644258663333,1.0,0.0,0.0,0.0,0.0,0.0,0.0,0.0,0.0,0.0,0.0,0.14285714285714285,0.0,20.428571428571427,38.85714285714286,0.0,0.0,0.2857142857142857
Aaron Wan-Bissaka,West Ham,Premier League,DF,26.0,3154,2,5,1.2,3.5,1.2,0.46,0.14,110,149,167,33,2.8,81.1,49,66,125,1092,2256,0.05707038681039949,0.14267596702599875,0.03424223208623969,0.09987317691819911,0.03424223208623969,3.138871274571972,4.251743817374762,4.765377298668358,0.9416613823715916,0.07989854153455928,1.3982244768547876,1.8833227647431832,3.5668991756499686,31.160431198478122,64.37539632213063,-0.44264795002365265,0.4656263615997772,-0.6712775151763727,0.028475139719214455,-0.6752357154564744,0.9455497612141792,0.4802801718045652,0.42291711446318964,0.06920810990080128,-0.08727310089694013,0.7901937194033152,2.4375926367182714,0.8257776703424018,0.055933564931938275,0.6491224756926492,-0.7598652850161678,-0.6608692772513827,0.17544967068383327,1.0,0.05707038681039949,0.14267596702599875,0.03424223208623969,0.09987317691819911,0.03424223208623969,0.46,0.14,3.138871274571972,4.251743817374762,4.765377298668358,0.9416613823715916,0.07989854153455928,31.160431198478122,64.37539632213063,1.3982244768547876,1.8833227647431832,3.5668991756499686
Paul Wanner,Heidenheim,Bundesliga,"MF,FW",18.0,1771,3,2,3.7,1.3,2.9,1.22,0.25,28,64,65,20,1.8,73.1,27,4,20,496,935,0.15245623941276115,0.10163749294184077,0.18802936194240544,0.0660643704121965,0.14737436476566912,1.4229249011857708,3.2523997741389046,3.303218520609825,1.0163749294184077,0.09147374364765669,1.3721061547148505,0.20327498588368154,1.0163749294184077,25.20609824957651,47.515527950310556,0.0467301887168705,0.01633505715641747,0.3117585362962882,-0.37783750866758425,0.12108496990586497,-0.006493848378025537,-0.07135904134961056,-0.09518091924186378,0.1684722280669485,-0.21757018483117999,1.0401897399947575,-1.0648584482738377,-0.7247370438327816,-0.47032291009202115,-0.5145339722832957,0.011993553779189113,-0.38798205881294373,-0.49911107488498224,0.92,0.14025974025974028,0.09350649350649351,0.17298701298701302,0.06077922077922078,0.13558441558441559,1.1224,0.23,1.309090909090909,2.9922077922077923,3.038961038961039,0.9350649350649352,0.08415584415584415,23.18961038961039,43.714285714285715,1.491419733385707,0.2209510716126973,1.1047553580634866
James Ward-Prowse,West Ham,Premier League,MF,29.0,1039,1,1,1.6,1.9,1.6,1.13,0.43,11,54,9,20,1.8,88.2,14,8,15,427,849,0.08662175168431184,0.08662175168431184,0.13859480269489896,0.16458132820019247,0.13859480269489896,0.9528392685274302,4.677574590952839,0.7795957651588065,1.7324350336862366,0.15591915303176132,1.2127045235803657,0.6929740134744947,1.2993262752646775,36.987487969201155,73.54186717998076,-0.2627779229527523,-0.0674719271308979,0.0436384397905701,0.7853168888301184,0.09894983408528074,-0.5149744216900152,0.7087591409945383,-0.8173249668319803,1.2387211451722882,0.9553307038631884,0.46317008070870086,-0.04070350242275573,-0.4824716229424362,0.6345487608552502,1.242792840746843,-0.06521399669141117,0.06542856971041722,1.0483334386758165,1.0,0.08662175168431184,0.08662175168431184,0.13859480269489896,0.16458132820019247,0.13859480269489896,1.13,0.43,0.9528392685274302,4.677574590952839,0.7795957651588065,1.7324350336862366,0.15591915303176132,36.987487969201155,73.54186717998076,1.2127045235803657,0.6929740134744947,1.2993262752646775
Ollie Watkins,Aston Villa,Premier League,FW,28.0,2598,16,8,15.3,3.3,13.8,2.84,1.25,55,31,165,24,2.1,72.4,7,8,15,409,695,0.5542725173210161,0.27713625866050806,0.5300230946882217,0.11431870669745957,0.4780600461893765,1.905311778290993,1.073903002309469,5.71593533487298,0.8314087759815242,0.07274826789838337,0.24249422632794457,0.27713625866050806,0.5196304849884527,14.168591224018476,24.07621247113164,2.5836677905939127,1.7443981887611215,2.725300516146401,0.19743345190038022,2.6174223983183045,0.12138823458153722,-1.2247863445842895,0.7186990250628428,-0.09384975138665694,-0.18533732783922688,-1.247059445045576,-0.9064742281585393,-0.9323078625767678,-1.631322489499739,-1.9608712240876591,1.7077019779881917,2.119098343878265,-0.8941402985457774,1.0,0.5542725173210161,0.27713625866050806,0.5300230946882217,0.11431870669745957,0.4780600461893765,2.84,1.25,1.905311778290993,1.073903002309469,5.71593533487298,0.8314087759815242,0.07274826789838337,14.168591224018476,24.07621247113164,0.24249422632794457,0.27713625866050806,0.5196304849884527
Adam Webster,Brighton,Premier League,DF,29.0,887,0,0,0.2,0.5,0.2,0.51,0.1,8,63,2,3,0.3,87.7,6,20,41,476,824,0.0,0.0,0.020293122886133035,0.050732807215332576,0.020293122886133035,0.8117249154453212,6.392333709131905,0.2029312288613303,0.30439684329199546,0.03043968432919955,0.6087936865839909,2.029312288613303,4.160090191657272,48.297632468996625,83.6076662908681,-0.7900177606680123,-0.891279865718134,-0.7668423936126773,-0.5462821763381741,-0.7787233316092326,-0.6092552577717454,1.6288110020628317,-0.9967637089441068,-0.8732729453680933,-0.7655890429266072,-0.6013683469693828,2.741541603755653,1.1680121922590332,1.757623708151174,1.8947085807729014,-0.7080256366337232,-0.7610482906254241,0.9868627507890573,1.0,0.0,0.0,0.020293122886133035,0.050732807215332576,0.020293122886133035,0.51,0.1,0.8117249154453212,6.392333709131905,0.2029312288613303,0.30439684329199546,0.03043968432919955,48.297632468996625,83.6076662908681,0.6087936865839909,2.029312288613303,4.160090191657272
Julian Weigl,Gladbach,Bundesliga,MF,28.0,2881,0,2,0.7,1.1,0.7,0.59,0.19,11,122,9,11,1.9,88.3,25,48,86,1061,2075,0.0,0.062478306143700105,0.021867407150295035,0.034363068379035064,0.021867407150295035,0.3436306837903506,3.8111766747657065,0.28115237764665046,0.3436306837903506,0.05935439083651509,0.7809788267962512,1.4994793474488024,2.6865671641791042,33.14474140923291,64.82124262408885,-0.7696298623010193,-0.3379650398806365,-0.7472857322397927,-0.7492230504872162,-0.7642513230447875,-0.9483555990488098,0.2238813628561677,-1.0565499780772476,-0.8273760930054347,-0.5908578321999469,-0.1761179582041617,1.3446759618392499,0.14538831134660055,0.2777960260384715,0.516434316233573,-0.6289986906149991,-0.5320834425026133,1.3317658825693577,0.92,0.0,0.0574800416522041,0.020118014578271434,0.03161402290871226,0.020118014578271434,0.5428,0.1748,0.3161402290871226,3.5062825407844502,0.2586601874349184,0.3161402290871226,0.05460603956959389,30.493162096494277,59.63554321416175,0.8488900291263599,1.6298688559226113,2.920181700194678
Timon Weiner,Holstein Kiel,Bundesliga,GK,25.0,2250,0,0,0.0,0.0,0.0,0.0,0.0,0,0,0,0,0.0,68.8,0,0,17,540,1068,0.0,0.0,0.0,0.0,0.0,0.0,0.0,0.0,0.0,0.0,0.0,0.0,0.68,21.599999999999998,42.72,-0.7696298623010193,-0.9032492487568731,-0.8866591058814253,-1.1517915871101994,-0.9185057926831566,-1.248229898570237,-1.7898263274496862,-1.1459891842034466,-1.336044939666624,-1.2806681483244808,-1.7830654199419607,-1.442729475193211,-0.8999793595627236,-0.8101530714683612,-0.8002221011276774,-1.2292930147301913,-0.9884044908532337,-1.0170565299543017,0.92,0.0,0.0,0.0,0.0,0.0,0.0,0.0,0.0,0.0,0.0,0.0,0.0,19.872,39.3024,0.0,0.0,0.7391304347826088
Nelson Weiper,Mainz 05,Bundesliga,"FW,MF",19.0,704,3,2,4.1,1.9,4.1,2.81,1.53,12,13,62,10,0.7,67.1,4,2,5,149,311,0.38352272727272724,0.2556818181818182,0.5241477272727272,0.24289772727272727,0.5241477272727272,1.534090909090909,1.6619318181818183,7.926136363636364,1.2784090909090908,0.08948863636363635,0.5113636363636364,0.2556818181818182,0.6392045454545454,19.048295454545453,39.75852272727273,1.2840258910408595,1.4100800208062483,2.4540312893952154,1.6937919777407133,2.7788749313740255,0.09051678054324085,-0.9117130389224746,1.375445455423121,0.5563555603732601,-0.24064088716393398,-0.7308800478359153,-0.9674385741461868,-0.9212326971350625,-1.0506196665114644,-0.9766487447479751,1.6297358848692836,2.6861807932333406,-1.2218256633538005,0.92,0.3528409090909091,0.23522727272727273,0.482215909090909,0.2234659090909091,0.482215909090909,2.5852,1.4076000000000002,1.4113636363636364,1.528977272727273,7.292045454545455,1.1761363636363635,0.08232954545454545,17.524431818181817,36.57784090909091,0.5558300395256917,0.2779150197628458,0.6947875494071145
Mitchell Weiser,Werder Bremen,Bundesliga,"DF,MF",30.0,2868,5,9,5.4,4.7,5.4,1.35,0.47,65,125,200,42,5.4,73.9,40,22,61,990,1949,0.15690376569037656,0.2824267782426778,0.16945606694560672,0.14748953974895398,0.16945606694560672,2.0397489539748954,3.9225941422594146,6.2761506276150625,1.3179916317991631,0.16945606694560672,1.2552301255230125,0.6903765690376569,1.9142259414225942,31.06694560669456,61.16108786610879,0.07054543427771313,1.6520600699237296,0.19338040552141178,0.5760706494343762,0.27685109412296205,0.5317866064342014,0.2827509011307939,0.8505577927807431,0.6149487139309804,0.688731949318444,0.7997048100533527,-0.15937775353764783,-0.25698074940225085,0.08198946891912225,0.298384755283674,0.1442617946859265,0.14038968138251137,-0.40274912975580507,0.92,0.14435146443514643,0.2598326359832636,0.1558995815899582,0.13569037656903768,0.1558995815899582,1.2420000000000002,0.4324,1.876569037656904,3.6087866108786617,5.7740585774058575,1.2125523012552302,0.1558995815899582,28.581589958158997,56.268200836820085,1.3643805712206656,0.7504093141713661,2.0806803711115154
Noah Weißhaupt,St. Pauli,Bundesliga,"FW,MF",22.0,1160,1,0,2.1,1.8,2.1,1.4,0.31,42,33,94,18,1.8,62.3,4,2,8,306,509,0.07758620689655173,0.0,0.16293103448275864,0.1396551724137931,0.16293103448275864,3.2586206896551726,2.560344827586207,7.293103448275861,1.396551724137931,0.1396551724137931,0.3103448275862069,0.15517241379310345,0.6206896551724138,23.74137931034483,39.491379310344826,-0.35417766392381156,-0.9032492487568731,0.15179267720877376,0.484289852716968,0.2308229841137609,1.5954527025811507,-0.43701943626505907,1.1740672494996638,0.7312394686528081,0.3423891735260673,-1.1444977458362227,-1.1542770662819135,-0.9308784583519774,-0.6083545551112711,-0.992563510276614,0.19513419503467141,-0.24388067512327416,-1.7999973341288547,0.92,0.0713793103448276,0.0,0.14989655172413796,0.12848275862068967,0.14989655172413796,1.288,0.2852,2.9979310344827588,2.3555172413793106,6.709655172413792,1.2848275862068965,0.12848275862068967,21.842068965517242,36.332068965517244,0.3373313343328336,0.1686656671664168,0.6746626686656672
Danny Welbeck,Brighton,Premier League,FW,33.0,2115,10,4,9.6,1.4,8.8,2.51,0.98,21,47,95,23,1.4,84.9,16,5,14,448,726,0.425531914893617,0.1702127659574468,0.4085106382978723,0.05957446808510638,0.37446808510638296,0.8936170212765958,2.0,4.042553191489362,0.9787234042553191,0.05957446808510638,0.6808510638297872,0.2127659574468085,0.5957446808510638,19.06382978723404,30.893617021276594,1.8000635224816575,0.7275124712882741,1.8928227602656371,-0.4428680322906501,1.848879765862153,-0.5545417857709657,-0.7278901582792723,0.19799839587285165,0.1240209095362938,-0.3660127201830044,-0.4743498495743659,-1.040492656626019,-0.8883946799270346,-1.145234995968271,-1.5193391327549746,1.3655602986640578,1.442890003603486,0.6426268986232054,1.0,0.425531914893617,0.1702127659574468,0.4085106382978723,0.05957446808510638,0.37446808510638296,2.51,0.98,0.8936170212765958,2.0,4.042553191489362,0.9787234042553191,0.05957446808510638,19.06382978723404,30.893617021276594,0.6808510638297872,0.2127659574468085,0.5957446808510638
Adam Wharton,Crystal Palace,Premier League,MF,20.0,1318,0,2,0.4,3.0,0.4,0.89,0.34,14,107,11,26,2.2,75.6,14,20,27,430,872,0.0,0.13657056145675267,0.027314112291350532,0.20485584218512898,0.027314112291350532,0.9559939301972686,7.306525037936266,0.7511380880121395,1.7754172989377843,0.15022761760242795,0.9559939301972686,1.3657056145675266,1.843702579666161,29.362670713201823,59.54476479514416,-0.7900177606680123,0.40756148206963294,-0.7187418311045666,1.2563770722081762,-0.7266350264596697,-0.5128667399886768,2.119319216611433,-0.8261800454248432,1.3022896763361826,0.8772727091077996,0.010655777757070776,1.3599180615433255,-0.16840016998352855,-0.12258049050642379,0.3362645801578178,-0.3140443089271448,-0.1599742103811758,-0.5007278960705192,1.0,0.0,0.13657056145675267,0.027314112291350532,0.20485584218512898,0.027314112291350532,0.89,0.34,0.9559939301972686,7.306525037936266,0.7511380880121395,1.7754172989377843,0.15022761760242795,29.362670713201823,59.54476479514416,0.9559939301972686,1.3657056145675266,1.843702579666161
Ben White,Arsenal,Premier League,DF,26.0,1198,0,2,0.5,1.4,0.5,0.68,0.15,23,59,42,10,1.4,83.8,14,16,44,394,813,0.0,0.15025041736227046,0.037562604340567615,0.10517529215358931,0.037562604340567615,1.7278797996661102,4.432387312186978,3.1552587646076793,0.7512520868113522,0.10517529215358931,1.0517529215358932,1.2020033388981637,3.30550918196995,29.59933222036728,61.07679465776293,-0.7900177606680123,0.5376624517979568,-0.6485297564273265,0.09048992594378971,-0.6506020700809311,0.0028429914718161513,0.5772042131056851,-0.07809799261845857,-0.2123973189401192,0.25939125562883714,0.17945408345177472,1.0190912934826382,0.6749718133639961,-0.09908047159051808,0.4354871426815291,-0.5317708321334118,-0.6358245239078723,0.507391385272334,1.0,0.0,0.15025041736227046,0.037562604340567615,0.10517529215358931,0.037562604340567615,0.68,0.15,1.7278797996661102,4.432387312186978,3.1552587646076793,0.7512520868113522,0.10517529215358931,29.59933222036728,61.07679465776293,1.0517529215358932,1.2020033388981637,3.30550918196995
Mats Wieffer,Brighton,Premier League,"DF,MF",24.0,1015,1,3,0.8,1.6,0.8,0.8,0.35,18,62,23,16,1.0,85.1,34,17,28,483,867,0.08866995073891625,0.2660098522167488,0.07093596059113301,0.14187192118226602,0.07093596059113301,1.5960591133004927,5.497536945812808,2.039408866995074,1.41871921182266,0.08866995073891625,3.0147783251231526,1.5073891625615763,2.4827586206896552,42.827586206896555,76.8768472906404,-0.25031116816933735,1.638581557509861,-0.41989001410798305,0.5197023257773532,-0.4030071138839177,-0.08522859197785944,1.1487089173782756,-0.42531320945687134,0.7747517875306853,0.03302459770690728,3.6397595600356647,1.654902022839721,0.2002956341938531,1.214458948618226,1.458784239230178,-0.4073556760155449,-0.13492945703766557,0.6672151737779077,1.0,0.08866995073891625,0.2660098522167488,0.07093596059113301,0.14187192118226602,0.07093596059113301,0.8,0.35,1.5960591133004927,5.497536945812808,2.039408866995074,1.41871921182266,0.08866995073891625,42.827586206896555,76.8768472906404,3.0147783251231526,1.5073891625615763,2.4827586206896552
Neco Williams,Nott'ham Forest,Premier League,DF,23.0,2594,1,3,2.3,1.6,2.3,1.28,0.24,68,89,103,18,1.5,75.5,57,31,137,650,1565,0.03469545104086353,0.1040863531225906,0.07979953739398611,0.055512721665381654,0.07979953739398611,2.35929067077872,3.0878951426368544,3.5736314572089434,0.6245181187355435,0.0520431765612953,1.9776407093292212,1.0755589822667695,4.753276792598304,22.5520431765613,54.29838087895143,-0.578837270542278,0.09862350535989799,-0.3591659472500772,-0.4903751732589141,-0.3372487618088518,0.4246990503303522,-0.14418137958323646,0.05208561495422496,-0.39983025557114,-0.46930251281736307,1.8115545019938006,0.7558352010796635,1.5102441669555386,-0.7988623153675513,-0.003519694841893813,0.09030494845592255,-0.41042174381627927,-0.5130220336478704,1.0,0.03469545104086353,0.1040863531225906,0.07979953739398611,0.055512721665381654,0.07979953739398611,1.28,0.24,2.35929067077872,3.0878951426368544,3.5736314572089434,0.6245181187355435,0.0520431765612953,22.5520431765613,54.29838087895143,1.9776407093292212,1.0755589822667695,4.753276792598304
Joe Willock,Newcastle Utd,Premier League,"MF,FW",24.0,1086,0,2,1.6,2.1,1.6,1.49,0.25,38,41,86,22,0.9,82.6,17,6,7,325,533,0.0,0.16574585635359115,0.13259668508287295,0.17403314917127072,0.13259668508287295,3.149171270718232,3.3977900552486187,7.12707182320442,1.8232044198895028,0.07458563535911603,1.408839779005525,0.49723756906077343,0.580110497237569,26.933701657458563,44.171270718232044,-0.7900177606680123,0.6850303519469457,0.0025455375688611523,0.8958676088601099,0.0544501542729168,0.9524313592026062,0.022092348348196414,1.1577975658548425,1.3729643387736803,-0.160138289478784,0.8089057483463254,-0.44822514174291267,-0.8974146367539858,-0.36377230678353867,-0.6594062709618098,0.3080314716621895,-0.3853769904727689,0.35986173434411123,1.0,0.0,0.16574585635359115,0.13259668508287295,0.17403314917127072,0.13259668508287295,1.49,0.25,3.149171270718232,3.3977900552486187,7.12707182320442,1.8232044198895028,0.07458563535911603,26.933701657458563,44.171270718232044,1.408839779005525,0.49723756906077343,0.580110497237569
Harry Wilson,Fulham,Premier League,"FW,MF",27.0,1162,6,1,4.2,1.1,4.2,3.33,1.32,22,51,96,20,1.2,73.3,14,7,10,342,598,0.4647160068846816,0.0774526678141136,0.3253012048192771,0.08519793459552497,0.3253012048192771,1.7039586919104992,3.950086058519793,7.435456110154906,1.5490533562822717,0.0929432013769363,1.0843373493975905,0.5421686746987953,0.7745266781411358,26.48881239242685,46.316695352839936,2.0385649831503447,-0.154673628031268,1.3227577273619642,-0.14316994437098443,1.484113588926516,-0.013139096742044618,0.318426078423257,1.2537564553902216,0.9675091974836667,0.09163116882160213,0.23689199229143587,-0.3546789557941593,-0.7852485268013523,-0.40794892962748625,-0.5204569363950439,2.2157305321361482,2.294411617282838,-0.7834930603496116,1.0,0.4647160068846816,0.0774526678141136,0.3253012048192771,0.08519793459552497,0.3253012048192771,3.33,1.32,1.7039586919104992,3.950086058519793,7.435456110154906,1.5490533562822717,0.0929432013769363,26.48881239242685,46.316695352839936,1.0843373493975905,0.5421686746987953,0.7745266781411358
Patrick Wimmer,Wolfsburg,Bundesliga,"MF,FW",23.0,1770,3,4,3.7,2.9,3.7,2.08,0.51,46,91,75,24,3.4,65.7,35,32,15,504,920,0.15254237288135591,0.2033898305084746,0.188135593220339,0.14745762711864407,0.188135593220339,2.3389830508474576,4.627118644067797,3.813559322033898,1.2203389830508473,0.17288135593220338,1.7796610169491527,1.6271186440677967,0.7627118644067796,25.627118644067796,46.77966101694915,0.04719140908467712,0.9369584413814745,0.3124356084105128,0.5756967881498732,0.40861799263090565,0.7929175805451523,0.6549998227548892,0.06716690265898044,0.4703956732528042,0.7285402877642077,1.878777456992073,1.5819466318088684,-0.8568886967655698,-0.4306469449073492,-0.5583724087284132,0.886998839777605,0.23645727050895785,-1.3904590673298571,0.92,0.14033898305084744,0.18711864406779663,0.17308474576271188,0.13566101694915256,0.17308474576271188,1.9136000000000002,0.4692,2.1518644067796613,4.256949152542373,3.5084745762711864,1.1227118644067795,0.15905084745762713,23.576949152542372,43.03728813559322,1.9344141488577746,1.7686072218128224,0.8290346352247604
Jonas Wind,Wolfsburg,Bundesliga,"FW,MF",25.0,1966,9,3,5.7,4.2,4.0,1.74,0.5,17,100,94,34,4.7,70.6,6,6,15,450,810,0.41200406917599186,0.1373346897253306,0.2609359104781282,0.19226856561546288,0.18311291963377416,0.7782299084435402,4.577822990844354,4.303153611393693,1.5564598168870805,0.21515768056968465,0.2746693794506612,0.2746693794506612,0.6866734486266531,20.600203458799594,37.08036622583927,1.4365354230794734,0.3393121493401036,0.7764332716296912,1.100663701359892,0.37318764439907376,-0.5690962831230469,0.6289535266983572,0.2229149170659372,0.967947856312759,1.2198711640777993,-1.2179037958605852,-0.9321423017388291,-0.8965026718284104,-0.904371530430077,-1.1361968753343876,0.5410665174061382,0.2124403732273462,-0.8002421534136565,0.92,0.3790437436419125,0.12634791454730418,0.24006103763987796,0.17688708036622586,0.16846388606307222,1.6008,0.46,0.7159715157680571,4.2115971515768065,3.958901322482198,1.4319430315361141,0.1979450661241099,18.952187182095628,34.11393692777213,0.2985536733159361,0.2985536733159361,0.7463841832898404
Harry Winks,Leicester City,Premier League,MF,28.0,1538,0,2,0.2,1.2,0.2,0.59,0.23,19,101,11,17,1.5,87.1,11,9,20,696,1158,0.0,0.11703511053315994,0.011703511053315994,0.07022106631989597,0.011703511053315994,1.1118335500650196,5.910273081924577,0.6436931079323797,0.9947984395318595,0.08777633289986997,0.6436931079323797,0.5266579973992198,1.1703511053315994,40.72821846553966,67.7633289986996,-0.7900177606680123,0.2217714323210575,-0.825689535666159,-0.3183429165137527,-0.8424491537749207,-0.4087477093239403,1.3701619752066083,-0.8596133343792188,0.14779504928805268,0.020768851000299127,-0.5398497040619834,-0.3869720561364164,-0.5568823176934502,1.0059958900320345,0.8685433695206436,-0.625082199221812,-0.4354664971597896,0.913097925324945,1.0,0.0,0.11703511053315994,0.011703511053315994,0.07022106631989597,0.011703511053315994,0.59,0.23,1.1118335500650196,5.910273081924577,0.6436931079323797,0.9947984395318595,0.08777633289986997,40.72821846553966,67.7633289986996,0.6436931079323797,0.5266579973992198,1.1703511053315994
Florian Wirtz,Leverkusen,Bundesliga,"MF,FW",21.0,2351,10,12,9.4,7.0,6.1,2.83,1.34,131,176,309,57,9.4,78.3,20,10,6,1217,2096,0.38281582305401957,0.4593789876648235,0.35984687367077844,0.2679710761378137,0.2335176520629519,5.014887282007656,6.737558485750744,11.829008932369206,2.1820501914079116,0.35984687367077844,0.7656316461080391,0.38281582305401957,0.22968949383241175,46.58868566567418,80.2381965121225,1.2802406188455606,3.2530684180379486,1.4068488730567228,1.987530047039949,0.7287467289621384,3.1280842136714115,1.7700908567820843,2.6170135583893073,1.89399535236232,2.901433330350877,-0.2076964238495406,-0.7311071988488786,-1.1345790547147134,1.544721503384377,1.4348818269955985,1.6500848450087815,2.2298597448827207,0.1272415684546606,0.92,0.352190557209698,0.4226286686516376,0.33105912377711616,0.2465333900467886,0.21483623989791578,2.6036,1.2328000000000001,4.613696299447044,6.1985538068906845,10.88268821777967,2.007486176095279,0.33105912377711616,42.861590812420246,73.8191407911527,0.832208310986999,0.4161041554934995,0.2496624932960997
Yoane Wissa,Brentford,Premier League,FW,27.0,2919,19,4,18.5,2.6,18.5,2.77,1.26,60,67,154,27,1.8,76.5,12,8,21,550,925,0.5858170606372045,0.12332990750256938,0.5704008221993834,0.08016443987667009,0.5704008221993834,1.8499486125385405,2.0657759506680367,4.748201438848921,0.8324768756423433,0.05549845837615622,0.3699897225077081,0.24665981500513876,0.6474820143884893,16.957862281603287,28.520041109969167,2.775669678981507,0.28163750076646804,3.001926970623429,-0.20204288188633465,3.3024931541554117,0.08439918675423722,-0.692598154181386,0.41757256059053033,-0.09227008763051091,-0.42191418094601174,-1.0223178992334792,-0.9699259288179891,-0.8585454389058184,-1.3543533980749778,-1.673064781328106,1.6351264702527695,2.1441430972217757,-0.3900806578743517,1.0,0.5858170606372045,0.12332990750256938,0.5704008221993834,0.08016443987667009,0.5704008221993834,2.77,1.26,1.8499486125385405,2.0657759506680367,4.748201438848921,0.8324768756423433,0.05549845837615622,16.957862281603287,28.520041109969167,0.3699897225077081,0.24665981500513876,0.6474820143884893
Dani de Wit,Bochum,Bundesliga,"MF,FW",26.0,1153,2,1,2.1,0.5,2.1,1.56,0.55,5,33,37,10,0.5,72.0,17,12,23,244,558,0.15611448395490027,0.07805724197745013,0.1639202081526453,0.03902862098872507,0.1639202081526453,0.3902862098872506,2.575888985255854,2.8881179531656547,0.7805724197745012,0.03902862098872507,1.3269731136166523,0.9366869037294016,1.795316565481353,19.045967042497832,43.55594102341717,0.0663190537745418,-0.19701169204722968,0.1580972413732416,-0.6945653969301101,0.23780069568147855,-0.9076409776046802,-0.4288063848875288,-0.22723125267849312,-0.1805809743343792,-0.8270817328511658,0.9473236809611509,0.29849235136587843,-0.318929344792443,-1.0508390905501708,-0.7504218644741004,0.3579258761506559,0.33252485963540435,-0.6316087494375983,0.92,0.14362532523850827,0.07181266261925413,0.15080659150043368,0.03590633130962707,0.15080659150043368,1.4352,0.5060000000000001,0.35906331309627054,2.369817866435386,2.6570685169124024,0.7181266261925411,0.03590633130962707,17.522289679098005,40.0714657415438,1.4423620800181003,1.0181379388363059,1.9514310494362532
Maximilian Wittek,Bochum,Bundesliga,DF,28.0,2706,0,0,1.4,4.4,1.4,1.36,0.23,47,141,83,46,6.2,70.6,42,27,89,769,1882,0.0,0.0,0.04656319290465632,0.14634146341463417,0.04656319290465632,1.5631929046563193,4.689578713968958,2.7605321507760534,1.5299334811529932,0.20620842572062084,1.3968957871396896,0.8980044345898004,2.9600886917960088,25.57649667405765,62.594235033259416,-0.7696298623010193,-0.9032492487568731,-0.5898854994796932,0.5626207617601839,-0.5900452405559271,0.11591305900880833,0.6880017887696873,-0.26781839967051146,0.9286815124136275,1.1158638913300198,1.0911970599574803,0.226584908971947,0.2878856906383719,-0.43541743951041667,0.38376286939004156,0.15443627475567553,-0.43601585337616694,-0.8002421534136565,0.92,0.0,0.0,0.042838137472283815,0.13463414634146345,0.042838137472283815,1.2512,0.2116,1.4381374722838138,4.314412416851441,2.5396895787139693,1.4075388026607538,0.1897117516629712,23.53037694013304,57.58669623059866,1.5183649860214017,0.9760917767280438,3.2174877084739224
Marius Wolf,Augsburg,Bundesliga,DF,29.0,2144,1,3,0.7,3.2,0.7,0.5,0.08,36,117,95,45,4.4,68.5,16,24,51,627,1427,0.041977611940298504,0.1259328358208955,0.02938432835820895,0.13432835820895522,0.02938432835820895,1.5111940298507462,4.911380597014925,3.9878731343283587,1.888992537313433,0.18470149253731347,0.6716417910447761,1.007462686567164,2.140858208955224,26.319962686567163,59.90205223880597,-0.5448516206417091,0.23615173475929116,-0.6993761350504815,0.4218854196887344,-0.7112263491065981,0.07053548682512935,0.8051950326755057,0.12261899991295358,1.4601886350191755,0.8659126380367337,-0.40109060284745346,0.43005855281297367,-0.13891141691598613,-0.3653549626939289,0.22337913833397816,-0.7205690112427403,-0.7962693126003408,-1.0531922593777423,0.92,0.03861940298507462,0.11585820895522388,0.027033582089552234,0.12358208955223882,0.027033582089552234,0.46,0.0736,1.3902985074626866,4.518470149253731,3.66884328358209,1.7378731343283584,0.1699253731343284,24.21436567164179,55.1098880597015,0.7300454250486695,1.0950681375730045,2.3270197923426346
Nick Woltemade,Stuttgart,Bundesliga,"FW,MF",22.0,1622,12,2,10.2,4.6,8.0,2.55,1.28,31,52,141,37,3.4,70.6,7,1,15,470,788,0.6658446362515413,0.11097410604192355,0.5659679408138101,0.25524044389642414,0.4438964241676942,1.720098643649815,2.885326757090012,7.8236744759556105,2.0530209617755855,0.18865598027127004,0.3884093711467324,0.055487053020961775,0.8323057953144267,26.078914919852032,43.72379778051788,2.795779879629148,0.10080981768729311,2.72057520141798,1.8383887673622503,2.212775708307799,0.2528391275791948,-0.26530905217679635,1.342850639867708,1.7029962579313351,0.9118712671360486,-0.9838715984656057,-1.339583730946261,-0.8206321254625533,-0.3880707335334586,-0.7404219888927515,1.3651994030558088,2.085758361193051,-0.8002421534136565,0.92,0.6125770653514181,0.10209617755856967,0.5206905055487053,0.2348212083847102,0.4083847102342787,2.346,1.1776,1.5824907521578297,2.654500616522811,7.197780517879162,1.8887792848335387,0.17356350184956845,23.99260172626387,40.22589395807645,0.4221840990725352,0.060312014153219316,0.9046802122982899
Jeong Woo-yeong,Union Berlin,Bundesliga,"MF,FW",24.0,1263,3,2,2.8,1.7,2.8,1.78,0.43,32,63,93,18,2.1,75.3,7,11,11,386,621,0.2137767220902613,0.14251781472684086,0.1995249406175772,0.12114014251781471,0.1995249406175772,2.2802850356294537,4.489311163895487,6.627078384798099,1.2826603325415677,0.14964370546318292,0.498812351543943,0.7838479809976248,0.7838479809976248,27.505938242280283,44.25178147268408,0.3750840334651588,0.38620744623318043,0.3850263714314602,0.26738348077894186,0.48895937605204964,0.741693906330029,0.582186619304616,0.962193697384562,0.5626485786631791,0.45847482520764543,-0.7567056587110439,0.014377705213818126,-0.8458773469502853,-0.2535914341950271,-0.7089679603398489,0.5817644376851343,0.04432209225606502,-0.2341157257797485,0.92,0.1966745843230404,0.1311163895486936,0.18356294536817103,0.11144893111638954,0.18356294536817103,1.6376000000000002,0.3956,2.0978622327790974,4.130166270783849,6.096912114014252,1.1800475059382425,0.13767220902612828,25.305463182897864,40.71163895486936,0.5421873386347206,0.8520086749974182,0.8520086749974182
Chris Wood,Nott'ham Forest,Premier League,FW,32.0,2959,20,3,13.4,2.6,11.0,1.98,0.97,14,42,94,22,1.5,64.3,5,5,29,376,770,0.6083136194660358,0.09124704291990537,0.407570125042244,0.07908077053058467,0.33457249070631967,0.42581953362622504,1.2774586008786752,2.859074011490368,0.6691449814126393,0.04562352145995269,0.15207840486650895,0.15207840486650895,0.8820547482257519,11.436296045961472,23.42007434944238,2.912599281482411,-0.02348353433036283,1.8863793355528125,-0.2147177333092247,1.5528967105837335,-0.8670850337774049,-1.1155688426570527,-0.1702607947102883,-0.33382945048947527,-0.5573464880247174,-1.4064391258184794,-1.1668436332565018,-0.7232114819625385,-1.9026339889371477,-2.00336628726627,0.8160600258101459,1.4178452502599757,-1.8899654423112793,1.0,0.6083136194660358,0.09124704291990537,0.407570125042244,0.07908077053058467,0.33457249070631967,1.98,0.97,0.42581953362622504,1.2774586008786752,2.859074011490368,0.6691449814126393,0.04562352145995269,11.436296045961472,23.42007434944238,0.15207840486650895,0.15207840486650895,0.8820547482257519
Nathan Wood-Gordon,Southampton,Premier League,DF,22.0,773,0,0,0.2,0.0,0.2,0.23,0.0,2,17,0,1,0.0,93.3,8,5,39,313,564,0.0,0.0,0.02328589909443726,0.0,0.02328589909443726,0.2328589909443726,1.979301423027167,0.0,0.1164294954721863,0.0,0.9314359637774904,0.5821474773609314,4.540750323415265,36.44243208279431,65.66623544631307,-0.7900177606680123,-0.891279865718134,-0.7463389843676288,-1.1396650158946402,-0.7565201019238755,-0.9960051676793328,-0.7389959538766989,-1.0599091291149787,-1.1512668607131644,-1.1830617529230112,-0.03263355794935049,-0.2714434231996545,1.3876295409535302,0.5804257909046217,0.7327242179513224,-0.9983276675754126,-1.0114958240605274,1.6753344551207607,1.0,0.0,0.0,0.02328589909443726,0.0,0.02328589909443726,0.23,0.0,0.2328589909443726,1.979301423027167,0.0,0.1164294954721863,0.0,36.44243208279431,65.66623544631307,0.9314359637774904,0.5821474773609314,4.540750323415265
Luke Woolfenden,Ipswich Town,Premier League,DF,25.0,1187,0,0,0.0,0.0,0.0,0.08,0.0,7,15,0,0,0.0,88.3,6,19,76,368,694,0.0,0.0,0.0,0.0,0.0,0.5307497893850043,1.1373209772535806,0.0,0.0,0.0,0.45492839090143217,1.4406065711878684,5.762426284751474,27.902274641954506,52.620050547598986,-0.7900177606680123,-0.891279865718134,-0.9058698966514711,-1.1396650158946402,-0.9292768100897674,-0.7969793923090901,-1.1907595094131354,-1.0599091291149787,-1.3234600191706214,-1.1830617529230112,-0.872593021053378,1.5158612264454765,2.09246099875125,-0.2675949278353999,-0.11221746914859312,-1.153846612722746,-1.0114958240605274,1.0606275762531676,1.0,0.0,0.0,0.0,0.0,0.0,0.08,0.0,0.5307497893850043,1.1373209772535806,0.0,0.0,0.0,27.902274641954506,52.620050547598986,0.45492839090143217,1.4406065711878684,5.762426284751474
Granit Xhaka,Leverkusen,Bundesliga,MF,31.0,2888,2,7,0.9,4.4,0.9,0.65,0.09,42,318,72,50,5.1,89.7,26,12,52,1611,3052,0.062326869806094184,0.21814404432132964,0.02804709141274238,0.1371191135734072,0.02804709141274238,1.3088642659279779,9.909972299168976,2.243767313019391,1.5581717451523547,0.15893351800554018,0.8102493074792244,0.37396121883656513,1.6204986149584488,50.20429362880887,95.11080332409972,-0.43588709906171114,1.0704499618399175,-0.7078991036478532,0.45457954032860143,-0.7206593273461328,-0.10603051583630005,3.4462960390846176,-0.43220981342898795,0.9704819855897447,0.5664400226642547,-0.11589081372407159,-0.7475671600884221,-0.4100048079185593,1.8854478376515968,2.3209004792019354,-0.567951810196505,-0.7722524153187293,1.5003992865454159,0.92,0.057340720221606654,0.20069252077562327,0.025803324099722993,0.12614958448753463,0.025803324099722993,0.5980000000000001,0.0828,1.2041551246537396,9.117174515235458,2.0642659279778397,1.4335180055401664,0.14621883656509696,46.18795013850416,87.50193905817174,0.8807057689991569,0.4064795856919186,1.7614115379983137
Yehor Yarmoliuk,Brentford,Premier League,MF,20.0,1450,0,0,0.6,0.9,0.6,0.56,0.12,15,63,47,9,0.9,87.0,28,13,33,520,960,0.0,0.0,0.037241379310344824,0.05586206896551724,0.037241379310344824,0.9310344827586207,3.910344827586207,2.9172413793103447,0.5586206896551724,0.05586206896551724,1.7379310344827588,0.8068965517241379,2.048275862068966,32.275862068965516,59.58620689655172,-0.7900177606680123,-0.891279865718134,-0.65073045831614,-0.48628912511129274,-0.6529852195816963,-0.5295425601391933,0.29710297065030117,-0.15216105273446864,-0.49728912028198174,-0.4169273520261624,1.3890084161685359,0.19648226889369394,-0.05037404077597165,0.16669364108370893,0.33894859539691824,-0.6561859882512786,-0.7109587839384034,0.9008037877475938,1.0,0.0,0.0,0.037241379310344824,0.05586206896551724,0.037241379310344824,0.56,0.12,0.9310344827586207,3.910344827586207,2.9172413793103447,0.5586206896551724,0.05586206896551724,32.275862068965516,59.58620689655172,1.7379310344827588,0.8068965517241379,2.048275862068966
Ryan Yates,Nott'ham Forest,Premier League,MF,26.0,1915,2,1,2.3,1.2,2.3,1.55,0.42,18,53,16,18,0.5,81.5,21,26,61,425,1041,0.09399477806788512,0.04699738903394256,0.10809399477806787,0.05639686684073107,0.10809399477806787,0.8459530026109662,2.490861618798956,0.7519582245430809,0.8459530026109662,0.02349869451697128,0.9869451697127938,1.2219321148825064,2.866840731070496,19.973890339425587,48.9242819843342,-0.21790058950753696,-0.44431566300683467,-0.1653215704127161,-0.4800340034414783,-0.12733385591708074,-0.5863869059352907,-0.4645189703875549,-0.8259248463303795,-0.07233959787711995,-0.8607829942051607,0.0652147984436671,1.0605828383153295,0.4218872528728851,-1.0548677856548128,-0.35157548447793074,0.37023904972112304,0.04038381636690685,0.22462622099324142,1.0,0.09399477806788512,0.04699738903394256,0.10809399477806787,0.05639686684073107,0.10809399477806787,1.55,0.42,0.8459530026109662,2.490861618798956,0.7519582245430809,0.8459530026109662,0.02349869451697128,19.973890339425587,48.9242819843342,0.9869451697127938,1.2219321148825064,2.866840731070496
Leny Yoro,Manchester Utd,Premier League,DF,18.0,1165,0,0,0.7,0.1,0.7,0.39,0.08,19,52,4,2,0.2,92.4,11,18,43,614,894,0.0,0.0,0.05407725321888412,0.007725321888412018,0.05407725321888412,1.4678111587982834,4.017167381974248,0.30901287553648066,0.15450643776824033,0.015450643776824036,0.8497854077253219,1.390557939914163,3.321888412017167,47.433476394849784,69.06437768240343,-0.7900177606680123,-0.891279865718134,-0.5353884518583936,-1.049307835004239,-0.5280808667912092,-0.1709131741068262,0.35441847865771986,-0.9637546438075737,-1.0949530466596957,-0.9711600111394287,-0.17656234550203767,1.411660394947381,0.6844216158952314,1.6718147215864607,0.9528063382231791,-0.8324407927515901,-0.8111377973124447,1.5646872169245951,1.0,0.0,0.0,0.05407725321888412,0.007725321888412018,0.05407725321888412,0.39,0.08,1.4678111587982834,4.017167381974248,0.30901287553648066,0.15450643776824033,0.015450643776824036,47.433476394849784,69.06437768240343,0.8497854077253219,1.390557939914163,3.321888412017167
Ashley Young,Everton,Premier League,DF,39.0,1875,1,3,0.3,2.3,0.3,0.29,0.14,24,90,32,26,2.9,70.9,33,25,64,487,1194,0.048,0.14400000000000002,0.0144,0.11039999999999998,0.0144,1.1520000000000001,4.32,1.536,1.248,0.1392,1.584,1.2000000000000002,3.072,23.375999999999998,57.312000000000005,-0.49785659192872955,0.4782184513892874,-0.8072159804951431,0.15159933714978244,-0.82244406175998,-0.38191183898478737,0.5169029412583037,-0.5819572341469711,0.5222669667909616,0.7260316727192102,1.1176678616023317,1.0149203586608744,0.5402514600576919,-0.717045034777169,0.19165862312494208,-0.9361200895164791,-0.6608692772513827,-1.0785523622060553,1.0,0.048,0.14400000000000002,0.0144,0.11039999999999998,0.0144,0.29,0.14,1.1520000000000001,4.32,1.536,1.248,0.1392,23.375999999999998,57.312000000000005,1.584,1.2000000000000002,3.072
Illia Zabarnyi,Bournemouth,Premier League,DF,21.0,3109,0,1,1.3,0.7,1.3,0.35,0.03,27,140,4,12,0.8,82.1,36,41,182,1282,2062,0.0,0.02894821486008363,0.037632679318108715,0.02026375040205854,0.037632679318108715,0.7816018012222579,4.052750080411708,0.11579285944033452,0.34737857832100355,0.023158571888066904,1.0421357349630107,1.1868768092634288,5.268575104535221,37.11161145062721,59.691219041492445,-0.7900177606680123,-0.6159706189532134,-0.6480496751107296,-0.902655427550729,-0.6500821879670516,-0.6293810092088324,0.37351033101887343,-1.0238782589370672,-0.809705198375713,-0.8654476915812633,0.16250147381836863,0.987597985363979,1.807539417003639,0.6468739767146297,0.34574975141310665,-0.8739125114575458,-0.9363615640299964,0.29839104645735187,1.0,0.0,0.02894821486008363,0.037632679318108715,0.02026375040205854,0.037632679318108715,0.35,0.03,0.7816018012222579,4.052750080411708,0.11579285944033452,0.34737857832100355,0.023158571888066904,37.11161145062721,59.691219041492445,1.0421357349630107,1.1868768092634288,5.268575104535221
David Zec,Holstein Kiel,Bundesliga,DF,24.0,1541,2,0,1.2,0.5,1.2,0.64,0.29,3,34,2,8,0.3,87.7,10,17,93,527,1049,0.11680726800778714,0.0,0.07008436080467229,0.029201817001946784,0.07008436080467229,0.17521090201168074,1.9857235561323816,0.11680726800778714,0.46722907203114855,0.01752109020116807,0.5840363400389358,0.9928617780661908,5.4315379623621025,30.778715120051913,61.265412070084366,-0.14415997246641724,-0.9032492487568731,-0.4399717717256338,-0.8096878899799964,-0.4241250080036631,-1.0953295640316436,-0.7406315151805635,-1.108830866682417,-0.6444161521114893,-1.0770399314364605,-0.5813481876858673,0.4029166973346234,1.5754444695637597,0.05482731026167178,0.3045997511998239,-0.5781262902662541,-0.29191446968649737,1.2594944237224766,0.92,0.10746268656716416,0.0,0.06447761194029851,0.02686567164179104,0.06447761194029851,0.5888,0.2668,0.1611940298507463,1.8268656716417913,0.10746268656716416,0.42985074626865666,0.016119402985074627,28.31641791044776,56.36417910447762,0.6348221087379736,1.0791975848545552,5.903845611263154
Robin Zentner,Mainz 05,Bundesliga,GK,29.0,2880,0,0,0.0,0.3,0.0,0.03,0.0,0,2,0,3,0.2,62.9,1,0,31,751,1287,0.0,0.0,0.0,0.009375,0.0,0.0,0.0625,0.0,0.09375,0.00625,0.03125,0.0,0.96875,23.46875,40.21875,-0.7696298623010193,-0.9032492487568731,-0.8866591058814253,-1.0419620460106904,-0.9185057926831566,-1.248229898570237,-1.7568032636076372,-1.1459891842034466,-1.1972689029970325,-1.20803132373549,-1.7187652027577023,-1.442729475193211,-0.7495483546287047,-0.6340464958511784,-0.9492312278966568,-1.1987695745209443,-0.9884044908532337,-1.7277258752819726,0.92,0.0,0.0,0.0,0.008625,0.0,0.0276,0.0,0.0,0.0575,0.0,0.08625000000000001,0.005750000000000001,21.591250000000002,37.00125,0.033967391304347824,0.0,1.0529891304347825
Cedric Zesiger,Augsburg,Bundesliga,DF,26.0,1221,0,2,1.2,1.3,1.2,0.74,0.15,4,40,7,7,1.1,78.6,7,21,96,398,771,0.0,0.14742014742014742,0.08845208845208845,0.09582309582309582,0.08845208845208845,0.29484029484029484,2.9484029484029484,0.5159705159705159,0.5159705159705159,0.08108108108108109,0.5159705159705159,1.547911547911548,7.076167076167076,29.336609336609335,56.830466830466825,-0.7696298623010193,0.430562221982224,-0.32290383812215034,-0.029209545405144997,-0.2945575623874158,-0.9909332395214003,-0.2319815466945501,-0.9818504572995376,-0.5722652783892654,-0.33835258608892727,-0.7214009003394646,1.43470733114553,2.43225212439814,-0.08107332449407757,0.040392927642141946,-0.47638148956876386,-0.6281510316290597,0.16337729787810118,0.92,0.0,0.13562653562653562,0.08137592137592138,0.08815724815724817,0.08137592137592138,0.6808000000000001,0.138,0.27125307125307124,2.7125307125307128,0.47469287469287463,0.47469287469287463,0.0745945945945946,26.98968058968059,52.28402948402948,0.5608375173592564,1.6825125520777695,7.691485952355517
Michael Zetterer,Werder Bremen,Bundesliga,GK,29.0,3060,0,0,0.0,0.0,0.0,0.0,0.0,0,3,0,0,0.1,78.2,0,1,10,1000,1391,0.0,0.0,0.0,0.0,0.0,0.0,0.08823529411764705,0.0,0.0,0.0029411764705882357,0.0,0.029411764705882353,0.29411764705882354,29.411764705882355,40.911764705882355,-0.7696298623010193,-0.9032492487568731,-0.8866591058814253,-1.1517915871101994,-0.9185057926831566,-1.248229898570237,-1.7432055314373818,-1.1459891842034466,-1.336044939666624,-1.2464861132237792,-1.7830654199419607,-1.388055489190416,-1.1010137150233124,-0.07399086042883807,-0.9079456642138619,-1.2292930147301913,-0.9884044908532337,0.11519632531351431,0.92,0.0,0.0,0.0,0.0,0.0,0.0,0.0,0.0,0.0811764705882353,0.0,0.0,0.002705882352941177,27.058823529411768,37.638823529411766,0.0,0.031969309462915596,0.319693094629156
Joshua Zirkzee,Manchester Utd,Premier League,"FW,MF",23.0,1402,3,1,4.8,1.5,4.8,1.8,0.71,14,44,69,12,1.1,71.2,8,6,8,327,587,0.19258202567760344,0.06419400855920114,0.30813124108416545,0.09629101283880172,0.30813124108416545,0.8987161198288159,2.82453637660485,4.429386590584879,0.7703281027104137,0.07061340941512126,0.5135520684736091,0.38516405135520687,0.5135520684736091,20.991440798858772,37.681883024251064,0.3821695247517206,-0.28076884703615235,1.2051268827278738,-0.013422693455441717,1.3567306434720188,-0.5511349935895444,-0.2854861962467579,0.31836802877299347,-0.18418488518248297,-0.21461638168313654,-0.7692546576324103,-0.6815612677594505,-0.9358147328998713,-0.9538270404530577,-1.0796942117634287,0.6294372916333457,0.7666816633287067,-1.041669949474,1.0,0.19258202567760344,0.06419400855920114,0.30813124108416545,0.09629101283880172,0.30813124108416545,1.8,0.71,0.8987161198288159,2.82453637660485,4.429386590584879,0.7703281027104137,0.07061340941512126,20.991440798858772,37.681883024251064,0.5135520684736091,0.38516405135520687,0.5135520684736091
Budu Zivzivadze,Heidenheim,Bundesliga,FW,30.0,958,2,3,1.7,1.5,1.7,2.07,0.85,11,20,43,12,1.4,69.3,11,3,7,185,332,0.1878914405010438,0.2818371607515658,0.15970772442588727,0.1409185803757829,0.15970772442588727,1.033402922755741,1.8789144050104385,4.039665970772443,1.1273486430062631,0.13152400835073066,1.033402922755741,0.2818371607515658,0.6576200417536534,17.379958246346558,31.189979123173277,0.2364756703034919,1.646725394936923,0.13124869621315285,0.4990908678302271,0.20808549265510815,-0.3464158516795991,-0.7970661618432032,0.13909515499069877,0.3327441442933909,0.24788966348559202,0.34327161596336675,-0.9188180018052594,-0.911638717517284,-1.2078398151191636,-1.487109994174775,0.8768243597078558,1.0530317780837521,-0.9568303142485668,0.92,0.1728601252609603,0.25929018789144054,0.1469311064718163,0.12964509394572027,0.1469311064718163,1.9043999999999999,0.782,0.9507306889352818,1.7286012526096035,3.7164926931106477,1.0371607515657622,0.12100208768267222,15.989561586638834,28.694780793319417,1.1232640464736316,0.3063447399473541,0.7148043932104928
Martin Ødegaard,Arsenal,Premier League,MF,25.0,2325,3,8,4.8,5.4,4.0,1.86,0.58,92,258,154,63,6.7,82.5,11,6,6,1174,1694,0.11612903225806452,0.3096774193548387,0.18580645161290324,0.20903225806451614,0.15483870967741936,3.5612903225806454,9.987096774193548,5.961290322580646,2.4387096774193546,0.2593548387096774,0.4258064516129032,0.23225806451612904,0.23225806451612904,45.44516129032259,65.5741935483871,-0.08317622339555403,2.0538778054806217,0.367083860204375,1.3052254141333695,0.21946241926278626,1.2277749222503003,3.557576630451314,0.7950453019604542,2.283264550171181,2.373925441682907,-0.9239274591226411,-0.9999102528202988,-1.0981039725622908,1.4743789698801097,0.7267630854730367,0.6916448696922791,0.44109986986307226,0.34756759676676,1.0,0.11612903225806452,0.3096774193548387,0.18580645161290324,0.20903225806451614,0.15483870967741936,1.86,0.58,3.5612903225806454,9.987096774193548,5.961290322580646,2.4387096774193546,0.2593548387096774,45.44516129032259,65.5741935483871,0.4258064516129032,0.23225806451612904,0.23225806451612904
