--- Logging error ---
Traceback (most recent call last):
  File "C:\Python314\Lib\logging\__init__.py", line 1154, in emit
    stream.write(msg + self.terminator)
    ~~~~~~~~~~~~^^^^^^^^^^^^^^^^^^^^^^^
  File "C:\Python314\Lib\encodings\cp1252.py", line 19, in encode
    return codecs.charmap_encode(input,self.errors,encoding_table)[0]
           ~~~~~~~~~~~~~~~~~~~~~^^^^^^^^^^^^^^^^^^^^^^^^^^^^^^^^^^
UnicodeEncodeError: 'charmap' codec can't encode characters in position 44-103: character maps to <undefined>
Call stack:
  File "C:\Shanki\VIT CHENNAI\Projs\TransferPred\src\pipeline.py", line 170, in <module>
    main()
  File "C:\Shanki\VIT CHENNAI\Projs\TransferPred\src\pipeline.py", line 140, in main
    log.info("\u2554\u2550\u2550\u2550\u2550\u2550\u2550\u2550\u2550\u2550\u2550\u2550\u2550\u2550\u2550\u2550\u2550\u2550\u2550\u2550\u2550\u2550\u2550\u2550\u2550\u2550\u2550\u2550\u2550\u2550\u2550\u2550\u2550\u2550\u2550\u2550\u2550\u2550\u2550\u2550\u2550\u2550\u2550\u2550\u2550\u2550\u2550\u2550\u2550\u2550\u2550\u2550\u2550\u2550\u2550\u2550\u2550\u2550\u2550\u2557")
Message: '\u2554\u2550\u2550\u2550\u2550\u2550\u2550\u2550\u2550\u2550\u2550\u2550\u2550\u2550\u2550\u2550\u2550\u2550\u2550\u2550\u2550\u2550\u2550\u2550\u2550\u2550\u2550\u2550\u2550\u2550\u2550\u2550\u2550\u2550\u2550\u2550\u2550\u2550\u2550\u2550\u2550\u2550\u2550\u2550\u2550\u2550\u2550\u2550\u2550\u2550\u2550\u2550\u2550\u2550\u2550\u2550\u2550\u2550\u2550\u2557'
Arguments: ()
--- Logging error ---
Traceback (most recent call last):
  File "C:\Python314\Lib\logging\__init__.py", line 1154, in emit
    stream.write(msg + self.terminator)
    ~~~~~~~~~~~~^^^^^^^^^^^^^^^^^^^^^^^
  File "C:\Python314\Lib\encodings\cp1252.py", line 19, in encode
    return codecs.charmap_encode(input,self.errors,encoding_table)[0]
           ~~~~~~~~~~~~~~~~~~~~~^^^^^^^^^^^^^^^^^^^^^^^^^^^^^^^^^^
UnicodeEncodeError: 'charmap' codec can't encode character '\u2551' in position 44: character maps to <undefined>
Call stack:
  File "C:\Shanki\VIT CHENNAI\Projs\TransferPred\src\pipeline.py", line 170, in <module>
    main()
  File "C:\Shanki\VIT CHENNAI\Projs\TransferPred\src\pipeline.py", line 141, in main
    log.info("\u2551   Cross-League Performance Translation Model (CLPTM)    \u2551")
Message: '\u2551   Cross-League Performance Translation Model (CLPTM)    \u2551'
Arguments: ()
--- Logging error ---
Traceback (most recent call last):
  File "C:\Python314\Lib\logging\__init__.py", line 1154, in emit
    stream.write(msg + self.terminator)
    ~~~~~~~~~~~~^^^^^^^^^^^^^^^^^^^^^^^
  File "C:\Python314\Lib\encodings\cp1252.py", line 19, in encode
    return codecs.charmap_encode(input,self.errors,encoding_table)[0]
           ~~~~~~~~~~~~~~~~~~~~~^^^^^^^^^^^^^^^^^^^^^^^^^^^^^^^^^^
UnicodeEncodeError: 'charmap' codec can't encode character '\u2551' in position 44: character maps to <undefined>
Call stack:
  File "C:\Shanki\VIT CHENNAI\Projs\TransferPred\src\pipeline.py", line 170, in <module>
    main()
  File "C:\Shanki\VIT CHENNAI\Projs\TransferPred\src\pipeline.py", line 142, in main
    log.info("\u2551   v1.0 — Production Pipeline Orchestrator               \u2551")
Message: '\u2551   v1.0 — Production Pipeline Orchestrator               \u2551'
Arguments: ()
--- Logging error ---
Traceback (most recent call last):
  File "C:\Python314\Lib\logging\__init__.py", line 1154, in emit
    stream.write(msg + self.terminator)
    ~~~~~~~~~~~~^^^^^^^^^^^^^^^^^^^^^^^
  File "C:\Python314\Lib\encodings\cp1252.py", line 19, in encode
    return codecs.charmap_encode(input,self.errors,encoding_table)[0]
           ~~~~~~~~~~~~~~~~~~~~~^^^^^^^^^^^^^^^^^^^^^^^^^^^^^^^^^^
UnicodeEncodeError: 'charmap' codec can't encode characters in position 44-103: character maps to <undefined>
Call stack:
  File "C:\Shanki\VIT CHENNAI\Projs\TransferPred\src\pipeline.py", line 170, in <module>
    main()
  File "C:\Shanki\VIT CHENNAI\Projs\TransferPred\src\pipeline.py", line 143, in main
    log.info("\u255a\u2550\u2550\u2550\u2550\u2550\u2550\u2550\u2550\u2550\u2550\u2550\u2550\u2550\u2550\u2550\u2550\u2550\u2550\u2550\u2550\u2550\u2550\u2550\u2550\u2550\u2550\u2550\u2550\u2550\u2550\u2550\u2550\u2550\u2550\u2550\u2550\u2550\u2550\u2550\u2550\u2550\u2550\u2550\u2550\u2550\u2550\u2550\u2550\u2550\u2550\u2550\u2550\u2550\u2550\u2550\u2550\u2550\u2550\u255d")
Message: '\u255a\u2550\u2550\u2550\u2550\u2550\u2550\u2550\u2550\u2550\u2550\u2550\u2550\u2550\u2550\u2550\u2550\u2550\u2550\u2550\u2550\u2550\u2550\u2550\u2550\u2550\u2550\u2550\u2550\u2550\u2550\u2550\u2550\u2550\u2550\u2550\u2550\u2550\u2550\u2550\u2550\u2550\u2550\u2550\u2550\u2550\u2550\u2550\u2550\u2550\u2550\u2550\u2550\u2550\u2550\u2550\u2550\u2550\u2550\u255d'
Arguments: ()
2026-02-28 03:30:40 | INFO     | pipeline | 
============================================================
2026-02-28 03:30:40 | INFO     | pipeline |   PHASE: INGEST
2026-02-28 03:30:40 | INFO     | pipeline | ============================================================
2026-02-28 03:30:41 | INFO     | ingest | === Phase 1 — Ingest: START ===
2026-02-28 03:30:41 | INFO     | ingest | Loading raw data from: C:\Shanki\VIT CHENNAI\Projs\TransferPred\data\raw\players_data-2024_2025.csv
2026-02-28 03:30:41 | INFO     | ingest | Raw shape: (2854, 267)
2026-02-28 03:30:41 | INFO     | ingest | All required columns present.
2026-02-28 03:30:41 | INFO     | ingest | Leagues found: ['de Bundesliga', 'eng Premier League', 'es La Liga', 'fr Ligue 1', 'it Serie A']
2026-02-28 03:30:41 | INFO     | ingest | Seasons/rows after cleaning: 2854
2026-02-28 03:30:41 | INFO     | ingest | Total NaNs in numeric cols: 27
2026-02-28 03:30:41 | INFO     | ingest | === Phase 1 — Ingest: DONE ===
--- Logging error ---
Traceback (most recent call last):
  File "C:\Python314\Lib\logging\__init__.py", line 1154, in emit
    stream.write(msg + self.terminator)
    ~~~~~~~~~~~~^^^^^^^^^^^^^^^^^^^^^^^
  File "C:\Python314\Lib\encodings\cp1252.py", line 19, in encode
    return codecs.charmap_encode(input,self.errors,encoding_table)[0]
           ~~~~~~~~~~~~~~~~~~~~~^^^^^^^^^^^^^^^^^^^^^^^^^^^^^^^^^^
UnicodeEncodeError: 'charmap' codec can't encode character '\u2713' in position 46: character maps to <undefined>
Call stack:
  File "C:\Shanki\VIT CHENNAI\Projs\TransferPred\src\pipeline.py", line 170, in <module>
    main()
  File "C:\Shanki\VIT CHENNAI\Projs\TransferPred\src\pipeline.py", line 150, in main
    run_phase(phase, cfg, log)
  File "C:\Shanki\VIT CHENNAI\Projs\TransferPred\src\pipeline.py", line 53, in run_phase
    log.info(f"  \u2713 Ingested {len(result)} rows")
Message: '  \u2713 Ingested 2854 rows'
Arguments: ()
2026-02-28 03:30:41 | INFO     | pipeline | 
============================================================
2026-02-28 03:30:41 | INFO     | pipeline |   PHASE: STANDARDIZE
2026-02-28 03:30:41 | INFO     | pipeline | ============================================================
2026-02-28 03:30:41 | INFO     | ingest | === Phase 1 — Ingest: START ===
2026-02-28 03:30:41 | INFO     | ingest | Loading raw data from: C:\Shanki\VIT CHENNAI\Projs\TransferPred\data\raw\players_data-2024_2025.csv
2026-02-28 03:30:41 | INFO     | ingest | Raw shape: (2854, 267)
2026-02-28 03:30:41 | INFO     | ingest | All required columns present.
2026-02-28 03:30:41 | INFO     | ingest | Leagues found: ['de Bundesliga', 'eng Premier League', 'es La Liga', 'fr Ligue 1', 'it Serie A']
2026-02-28 03:30:41 | INFO     | ingest | Seasons/rows after cleaning: 2854
2026-02-28 03:30:41 | INFO     | ingest | Total NaNs in numeric cols: 27
2026-02-28 03:30:41 | INFO     | ingest | === Phase 1 — Ingest: DONE ===
2026-02-28 03:30:41 | INFO     | standardize | === Phase 1 — Standardize: START ===
2026-02-28 03:30:41 | INFO     | standardize | Columns after renaming: ['player', 'team', 'league', 'position', 'age', 'minutes', 'goals', 'assists', 'xg', 'xag', 'npxg', 'shots_p90', 'shots_on_target_p90', 'prog_carries', 'prog_passes', 'prog_receptions', 'key_passes', 'xa', 'pass_completion_pct', 'tackles_won', 'interceptions', 'clearances', 'carries', 'touches']
--- Logging error ---
Traceback (most recent call last):
  File "C:\Python314\Lib\logging\__init__.py", line 1154, in emit
    stream.write(msg + self.terminator)
    ~~~~~~~~~~~~^^^^^^^^^^^^^^^^^^^^^^^
  File "C:\Python314\Lib\encodings\cp1252.py", line 19, in encode
    return codecs.charmap_encode(input,self.errors,encoding_table)[0]
           ~~~~~~~~~~~~~~~~~~~~~^^^^^^^^^^^^^^^^^^^^^^^^^^^^^^^^^^
UnicodeEncodeError: 'charmap' codec can't encode character '\u2192' in position 102: character maps to <undefined>
Call stack:
  File "C:\Shanki\VIT CHENNAI\Projs\TransferPred\src\pipeline.py", line 170, in <module>
    main()
  File "C:\Shanki\VIT CHENNAI\Projs\TransferPred\src\pipeline.py", line 150, in main
    run_phase(phase, cfg, log)
  File "C:\Shanki\VIT CHENNAI\Projs\TransferPred\src\pipeline.py", line 59, in run_phase
    result = standardize(ingest(cfg), cfg)
  File "C:\Shanki\VIT CHENNAI\Projs\TransferPred\src\data\standardize.py", line 80, in standardize
    log.info(f"League filter ({leagues}): {before} \u2192 {len(df)} rows")
Message: "League filter (['Premier League', 'Bundesliga']): 2854 \u2192 1066 rows"
Arguments: ()
2026-02-28 03:30:41 | INFO     | standardize | League value counts:
league
Premier League    574
Bundesliga        492
--- Logging error ---
Traceback (most recent call last):
  File "C:\Python314\Lib\logging\__init__.py", line 1154, in emit
    stream.write(msg + self.terminator)
    ~~~~~~~~~~~~^^^^^^^^^^^^^^^^^^^^^^^
  File "C:\Python314\Lib\encodings\cp1252.py", line 19, in encode
    return codecs.charmap_encode(input,self.errors,encoding_table)[0]
           ~~~~~~~~~~~~~~~~~~~~~^^^^^^^^^^^^^^^^^^^^^^^^^^^^^^^^^^
UnicodeEncodeError: 'charmap' codec can't encode character '\u2192' in position 76: character maps to <undefined>
Call stack:
  File "C:\Shanki\VIT CHENNAI\Projs\TransferPred\src\pipeline.py", line 170, in <module>
    main()
  File "C:\Shanki\VIT CHENNAI\Projs\TransferPred\src\pipeline.py", line 150, in main
    run_phase(phase, cfg, log)
  File "C:\Shanki\VIT CHENNAI\Projs\TransferPred\src\pipeline.py", line 59, in run_phase
    result = standardize(ingest(cfg), cfg)
  File "C:\Shanki\VIT CHENNAI\Projs\TransferPred\src\data\standardize.py", line 92, in standardize
    log.info(f"Minutes filter (>={min_min}): {before} \u2192 {len(df)} rows")
Message: 'Minutes filter (>=600): 1066 \u2192 699 rows'
Arguments: ()
2026-02-28 03:30:41 | INFO     | standardize | Saved standardized dataset: C:\Shanki\VIT CHENNAI\Projs\TransferPred\data\interim\standardized.csv — shape (699, 24)
2026-02-28 03:30:41 | INFO     | standardize | === Phase 1 — Standardize: DONE ===
--- Logging error ---
Traceback (most recent call last):
  File "C:\Python314\Lib\logging\__init__.py", line 1154, in emit
    stream.write(msg + self.terminator)
    ~~~~~~~~~~~~^^^^^^^^^^^^^^^^^^^^^^^
  File "C:\Python314\Lib\encodings\cp1252.py", line 19, in encode
    return codecs.charmap_encode(input,self.errors,encoding_table)[0]
           ~~~~~~~~~~~~~~~~~~~~~^^^^^^^^^^^^^^^^^^^^^^^^^^^^^^^^^^
UnicodeEncodeError: 'charmap' codec can't encode character '\u2713' in position 46: character maps to <undefined>
Call stack:
  File "C:\Shanki\VIT CHENNAI\Projs\TransferPred\src\pipeline.py", line 170, in <module>
    main()
  File "C:\Shanki\VIT CHENNAI\Projs\TransferPred\src\pipeline.py", line 150, in main
    run_phase(phase, cfg, log)
  File "C:\Shanki\VIT CHENNAI\Projs\TransferPred\src\pipeline.py", line 60, in run_phase
    log.info(f"  \u2713 Standardized shape: {result.shape}")
Message: '  \u2713 Standardized shape: (699, 24)'
Arguments: ()
2026-02-28 03:30:41 | INFO     | pipeline | 
============================================================
2026-02-28 03:30:41 | INFO     | pipeline |   PHASE: NORMALIZE
2026-02-28 03:30:41 | INFO     | pipeline | ============================================================
2026-02-28 03:30:41 | INFO     | ingest | === Phase 1 — Ingest: START ===
2026-02-28 03:30:41 | INFO     | ingest | Loading raw data from: C:\Shanki\VIT CHENNAI\Projs\TransferPred\data\raw\players_data-2024_2025.csv
2026-02-28 03:30:41 | INFO     | ingest | Raw shape: (2854, 267)
2026-02-28 03:30:41 | INFO     | ingest | All required columns present.
2026-02-28 03:30:41 | INFO     | ingest | Leagues found: ['de Bundesliga', 'eng Premier League', 'es La Liga', 'fr Ligue 1', 'it Serie A']
2026-02-28 03:30:41 | INFO     | ingest | Seasons/rows after cleaning: 2854
2026-02-28 03:30:41 | INFO     | ingest | Total NaNs in numeric cols: 27
2026-02-28 03:30:41 | INFO     | ingest | === Phase 1 — Ingest: DONE ===
2026-02-28 03:30:41 | INFO     | standardize | === Phase 1 — Standardize: START ===
2026-02-28 03:30:41 | INFO     | standardize | Columns after renaming: ['player', 'team', 'league', 'position', 'age', 'minutes', 'goals', 'assists', 'xg', 'xag', 'npxg', 'shots_p90', 'shots_on_target_p90', 'prog_carries', 'prog_passes', 'prog_receptions', 'key_passes', 'xa', 'pass_completion_pct', 'tackles_won', 'interceptions', 'clearances', 'carries', 'touches']
--- Logging error ---
Traceback (most recent call last):
  File "C:\Python314\Lib\logging\__init__.py", line 1154, in emit
    stream.write(msg + self.terminator)
    ~~~~~~~~~~~~^^^^^^^^^^^^^^^^^^^^^^^
  File "C:\Python314\Lib\encodings\cp1252.py", line 19, in encode
    return codecs.charmap_encode(input,self.errors,encoding_table)[0]
           ~~~~~~~~~~~~~~~~~~~~~^^^^^^^^^^^^^^^^^^^^^^^^^^^^^^^^^^
UnicodeEncodeError: 'charmap' codec can't encode character '\u2192' in position 102: character maps to <undefined>
Call stack:
  File "C:\Shanki\VIT CHENNAI\Projs\TransferPred\src\pipeline.py", line 170, in <module>
    main()
  File "C:\Shanki\VIT CHENNAI\Projs\TransferPred\src\pipeline.py", line 150, in main
    run_phase(phase, cfg, log)
  File "C:\Shanki\VIT CHENNAI\Projs\TransferPred\src\pipeline.py", line 67, in run_phase
    result = normalize(standardize(ingest(cfg), cfg), cfg)
  File "C:\Shanki\VIT CHENNAI\Projs\TransferPred\src\data\standardize.py", line 80, in standardize
    log.info(f"League filter ({leagues}): {before} \u2192 {len(df)} rows")
Message: "League filter (['Premier League', 'Bundesliga']): 2854 \u2192 1066 rows"
Arguments: ()
2026-02-28 03:30:41 | INFO     | standardize | League value counts:
league
Premier League    574
Bundesliga        492
--- Logging error ---
Traceback (most recent call last):
  File "C:\Python314\Lib\logging\__init__.py", line 1154, in emit
    stream.write(msg + self.terminator)
    ~~~~~~~~~~~~^^^^^^^^^^^^^^^^^^^^^^^
  File "C:\Python314\Lib\encodings\cp1252.py", line 19, in encode
    return codecs.charmap_encode(input,self.errors,encoding_table)[0]
           ~~~~~~~~~~~~~~~~~~~~~^^^^^^^^^^^^^^^^^^^^^^^^^^^^^^^^^^
UnicodeEncodeError: 'charmap' codec can't encode character '\u2192' in position 76: character maps to <undefined>
Call stack:
  File "C:\Shanki\VIT CHENNAI\Projs\TransferPred\src\pipeline.py", line 170, in <module>
    main()
  File "C:\Shanki\VIT CHENNAI\Projs\TransferPred\src\pipeline.py", line 150, in main
    run_phase(phase, cfg, log)
  File "C:\Shanki\VIT CHENNAI\Projs\TransferPred\src\pipeline.py", line 67, in run_phase
    result = normalize(standardize(ingest(cfg), cfg), cfg)
  File "C:\Shanki\VIT CHENNAI\Projs\TransferPred\src\data\standardize.py", line 92, in standardize
    log.info(f"Minutes filter (>={min_min}): {before} \u2192 {len(df)} rows")
Message: 'Minutes filter (>=600): 1066 \u2192 699 rows'
Arguments: ()
2026-02-28 03:30:41 | INFO     | standardize | Saved standardized dataset: C:\Shanki\VIT CHENNAI\Projs\TransferPred\data\interim\standardized.csv — shape (699, 24)
2026-02-28 03:30:41 | INFO     | standardize | === Phase 1 — Standardize: DONE ===
2026-02-28 03:30:41 | INFO     | normalize | === Phase 1 — Normalize: START ===
2026-02-28 03:30:41 | INFO     | normalize | Computing per-90 metrics...
--- Logging error ---
Traceback (most recent call last):
  File "C:\Python314\Lib\logging\__init__.py", line 1154, in emit
    stream.write(msg + self.terminator)
    ~~~~~~~~~~~~^^^^^^^^^^^^^^^^^^^^^^^
  File "C:\Python314\Lib\encodings\cp1252.py", line 19, in encode
    return codecs.charmap_encode(input,self.errors,encoding_table)[0]
           ~~~~~~~~~~~~~~~~~~~~~^^^^^^^^^^^^^^^^^^^^^^^^^^^^^^^^^^
UnicodeEncodeError: 'charmap' codec can't encode character '\u2192' in position 53: character maps to <undefined>
Call stack:
  File "C:\Shanki\VIT CHENNAI\Projs\TransferPred\src\pipeline.py", line 170, in <module>
    main()
  File "C:\Shanki\VIT CHENNAI\Projs\TransferPred\src\pipeline.py", line 150, in main
    run_phase(phase, cfg, log)
  File "C:\Shanki\VIT CHENNAI\Projs\TransferPred\src\pipeline.py", line 67, in run_phase
    result = normalize(standardize(ingest(cfg), cfg), cfg)
  File "C:\Shanki\VIT CHENNAI\Projs\TransferPred\src\data\normalize.py", line 65, in normalize
    log.info(f"  {stat} \u2192 {col_name}")
Message: '  goals \u2192 goals_p90'
Arguments: ()
--- Logging error ---
Traceback (most recent call last):
  File "C:\Python314\Lib\logging\__init__.py", line 1154, in emit
    stream.write(msg + self.terminator)
    ~~~~~~~~~~~~^^^^^^^^^^^^^^^^^^^^^^^
  File "C:\Python314\Lib\encodings\cp1252.py", line 19, in encode
    return codecs.charmap_encode(input,self.errors,encoding_table)[0]
           ~~~~~~~~~~~~~~~~~~~~~^^^^^^^^^^^^^^^^^^^^^^^^^^^^^^^^^^
UnicodeEncodeError: 'charmap' codec can't encode character '\u2192' in position 55: character maps to <undefined>
Call stack:
  File "C:\Shanki\VIT CHENNAI\Projs\TransferPred\src\pipeline.py", line 170, in <module>
    main()
  File "C:\Shanki\VIT CHENNAI\Projs\TransferPred\src\pipeline.py", line 150, in main
    run_phase(phase, cfg, log)
  File "C:\Shanki\VIT CHENNAI\Projs\TransferPred\src\pipeline.py", line 67, in run_phase
    result = normalize(standardize(ingest(cfg), cfg), cfg)
  File "C:\Shanki\VIT CHENNAI\Projs\TransferPred\src\data\normalize.py", line 65, in normalize
    log.info(f"  {stat} \u2192 {col_name}")
Message: '  assists \u2192 assists_p90'
Arguments: ()
--- Logging error ---
Traceback (most recent call last):
  File "C:\Python314\Lib\logging\__init__.py", line 1154, in emit
    stream.write(msg + self.terminator)
    ~~~~~~~~~~~~^^^^^^^^^^^^^^^^^^^^^^^
  File "C:\Python314\Lib\encodings\cp1252.py", line 19, in encode
    return codecs.charmap_encode(input,self.errors,encoding_table)[0]
           ~~~~~~~~~~~~~~~~~~~~~^^^^^^^^^^^^^^^^^^^^^^^^^^^^^^^^^^
UnicodeEncodeError: 'charmap' codec can't encode character '\u2192' in position 50: character maps to <undefined>
Call stack:
  File "C:\Shanki\VIT CHENNAI\Projs\TransferPred\src\pipeline.py", line 170, in <module>
    main()
  File "C:\Shanki\VIT CHENNAI\Projs\TransferPred\src\pipeline.py", line 150, in main
    run_phase(phase, cfg, log)
  File "C:\Shanki\VIT CHENNAI\Projs\TransferPred\src\pipeline.py", line 67, in run_phase
    result = normalize(standardize(ingest(cfg), cfg), cfg)
  File "C:\Shanki\VIT CHENNAI\Projs\TransferPred\src\data\normalize.py", line 65, in normalize
    log.info(f"  {stat} \u2192 {col_name}")
Message: '  xg \u2192 xg_p90'
Arguments: ()
--- Logging error ---
Traceback (most recent call last):
  File "C:\Python314\Lib\logging\__init__.py", line 1154, in emit
    stream.write(msg + self.terminator)
    ~~~~~~~~~~~~^^^^^^^^^^^^^^^^^^^^^^^
  File "C:\Python314\Lib\encodings\cp1252.py", line 19, in encode
    return codecs.charmap_encode(input,self.errors,encoding_table)[0]
           ~~~~~~~~~~~~~~~~~~~~~^^^^^^^^^^^^^^^^^^^^^^^^^^^^^^^^^^
UnicodeEncodeError: 'charmap' codec can't encode character '\u2192' in position 51: character maps to <undefined>
Call stack:
  File "C:\Shanki\VIT CHENNAI\Projs\TransferPred\src\pipeline.py", line 170, in <module>
    main()
  File "C:\Shanki\VIT CHENNAI\Projs\TransferPred\src\pipeline.py", line 150, in main
    run_phase(phase, cfg, log)
  File "C:\Shanki\VIT CHENNAI\Projs\TransferPred\src\pipeline.py", line 67, in run_phase
    result = normalize(standardize(ingest(cfg), cfg), cfg)
  File "C:\Shanki\VIT CHENNAI\Projs\TransferPred\src\data\normalize.py", line 65, in normalize
    log.info(f"  {stat} \u2192 {col_name}")
Message: '  xag \u2192 xag_p90'
Arguments: ()
--- Logging error ---
Traceback (most recent call last):
  File "C:\Python314\Lib\logging\__init__.py", line 1154, in emit
    stream.write(msg + self.terminator)
    ~~~~~~~~~~~~^^^^^^^^^^^^^^^^^^^^^^^
  File "C:\Python314\Lib\encodings\cp1252.py", line 19, in encode
    return codecs.charmap_encode(input,self.errors,encoding_table)[0]
           ~~~~~~~~~~~~~~~~~~~~~^^^^^^^^^^^^^^^^^^^^^^^^^^^^^^^^^^
UnicodeEncodeError: 'charmap' codec can't encode character '\u2192' in position 52: character maps to <undefined>
Call stack:
  File "C:\Shanki\VIT CHENNAI\Projs\TransferPred\src\pipeline.py", line 170, in <module>
    main()
  File "C:\Shanki\VIT CHENNAI\Projs\TransferPred\src\pipeline.py", line 150, in main
    run_phase(phase, cfg, log)
  File "C:\Shanki\VIT CHENNAI\Projs\TransferPred\src\pipeline.py", line 67, in run_phase
    result = normalize(standardize(ingest(cfg), cfg), cfg)
  File "C:\Shanki\VIT CHENNAI\Projs\TransferPred\src\data\normalize.py", line 65, in normalize
    log.info(f"  {stat} \u2192 {col_name}")
Message: '  npxg \u2192 npxg_p90'
Arguments: ()
--- Logging error ---
Traceback (most recent call last):
  File "C:\Python314\Lib\logging\__init__.py", line 1154, in emit
    stream.write(msg + self.terminator)
    ~~~~~~~~~~~~^^^^^^^^^^^^^^^^^^^^^^^
  File "C:\Python314\Lib\encodings\cp1252.py", line 19, in encode
    return codecs.charmap_encode(input,self.errors,encoding_table)[0]
           ~~~~~~~~~~~~~~~~~~~~~^^^^^^^^^^^^^^^^^^^^^^^^^^^^^^^^^^
UnicodeEncodeError: 'charmap' codec can't encode character '\u2192' in position 60: character maps to <undefined>
Call stack:
  File "C:\Shanki\VIT CHENNAI\Projs\TransferPred\src\pipeline.py", line 170, in <module>
    main()
  File "C:\Shanki\VIT CHENNAI\Projs\TransferPred\src\pipeline.py", line 150, in main
    run_phase(phase, cfg, log)
  File "C:\Shanki\VIT CHENNAI\Projs\TransferPred\src\pipeline.py", line 67, in run_phase
    result = normalize(standardize(ingest(cfg), cfg), cfg)
  File "C:\Shanki\VIT CHENNAI\Projs\TransferPred\src\data\normalize.py", line 65, in normalize
    log.info(f"  {stat} \u2192 {col_name}")
Message: '  prog_carries \u2192 prog_carries_p90'
Arguments: ()
--- Logging error ---
Traceback (most recent call last):
  File "C:\Python314\Lib\logging\__init__.py", line 1154, in emit
    stream.write(msg + self.terminator)
    ~~~~~~~~~~~~^^^^^^^^^^^^^^^^^^^^^^^
  File "C:\Python314\Lib\encodings\cp1252.py", line 19, in encode
    return codecs.charmap_encode(input,self.errors,encoding_table)[0]
           ~~~~~~~~~~~~~~~~~~~~~^^^^^^^^^^^^^^^^^^^^^^^^^^^^^^^^^^
UnicodeEncodeError: 'charmap' codec can't encode character '\u2192' in position 59: character maps to <undefined>
Call stack:
  File "C:\Shanki\VIT CHENNAI\Projs\TransferPred\src\pipeline.py", line 170, in <module>
    main()
  File "C:\Shanki\VIT CHENNAI\Projs\TransferPred\src\pipeline.py", line 150, in main
    run_phase(phase, cfg, log)
  File "C:\Shanki\VIT CHENNAI\Projs\TransferPred\src\pipeline.py", line 67, in run_phase
    result = normalize(standardize(ingest(cfg), cfg), cfg)
  File "C:\Shanki\VIT CHENNAI\Projs\TransferPred\src\data\normalize.py", line 65, in normalize
    log.info(f"  {stat} \u2192 {col_name}")
Message: '  prog_passes \u2192 prog_passes_p90'
Arguments: ()
--- Logging error ---
Traceback (most recent call last):
  File "C:\Python314\Lib\logging\__init__.py", line 1154, in emit
    stream.write(msg + self.terminator)
    ~~~~~~~~~~~~^^^^^^^^^^^^^^^^^^^^^^^
  File "C:\Python314\Lib\encodings\cp1252.py", line 19, in encode
    return codecs.charmap_encode(input,self.errors,encoding_table)[0]
           ~~~~~~~~~~~~~~~~~~~~~^^^^^^^^^^^^^^^^^^^^^^^^^^^^^^^^^^
UnicodeEncodeError: 'charmap' codec can't encode character '\u2192' in position 63: character maps to <undefined>
Call stack:
  File "C:\Shanki\VIT CHENNAI\Projs\TransferPred\src\pipeline.py", line 170, in <module>
    main()
  File "C:\Shanki\VIT CHENNAI\Projs\TransferPred\src\pipeline.py", line 150, in main
    run_phase(phase, cfg, log)
  File "C:\Shanki\VIT CHENNAI\Projs\TransferPred\src\pipeline.py", line 67, in run_phase
    result = normalize(standardize(ingest(cfg), cfg), cfg)
  File "C:\Shanki\VIT CHENNAI\Projs\TransferPred\src\data\normalize.py", line 65, in normalize
    log.info(f"  {stat} \u2192 {col_name}")
Message: '  prog_receptions \u2192 prog_receptions_p90'
Arguments: ()
--- Logging error ---
Traceback (most recent call last):
  File "C:\Python314\Lib\logging\__init__.py", line 1154, in emit
    stream.write(msg + self.terminator)
    ~~~~~~~~~~~~^^^^^^^^^^^^^^^^^^^^^^^
  File "C:\Python314\Lib\encodings\cp1252.py", line 19, in encode
    return codecs.charmap_encode(input,self.errors,encoding_table)[0]
           ~~~~~~~~~~~~~~~~~~~~~^^^^^^^^^^^^^^^^^^^^^^^^^^^^^^^^^^
UnicodeEncodeError: 'charmap' codec can't encode character '\u2192' in position 58: character maps to <undefined>
Call stack:
  File "C:\Shanki\VIT CHENNAI\Projs\TransferPred\src\pipeline.py", line 170, in <module>
    main()
  File "C:\Shanki\VIT CHENNAI\Projs\TransferPred\src\pipeline.py", line 150, in main
    run_phase(phase, cfg, log)
  File "C:\Shanki\VIT CHENNAI\Projs\TransferPred\src\pipeline.py", line 67, in run_phase
    result = normalize(standardize(ingest(cfg), cfg), cfg)
  File "C:\Shanki\VIT CHENNAI\Projs\TransferPred\src\data\normalize.py", line 65, in normalize
    log.info(f"  {stat} \u2192 {col_name}")
Message: '  key_passes \u2192 key_passes_p90'
Arguments: ()
--- Logging error ---
Traceback (most recent call last):
  File "C:\Python314\Lib\logging\__init__.py", line 1154, in emit
    stream.write(msg + self.terminator)
    ~~~~~~~~~~~~^^^^^^^^^^^^^^^^^^^^^^^
  File "C:\Python314\Lib\encodings\cp1252.py", line 19, in encode
    return codecs.charmap_encode(input,self.errors,encoding_table)[0]
           ~~~~~~~~~~~~~~~~~~~~~^^^^^^^^^^^^^^^^^^^^^^^^^^^^^^^^^^
UnicodeEncodeError: 'charmap' codec can't encode character '\u2192' in position 50: character maps to <undefined>
Call stack:
  File "C:\Shanki\VIT CHENNAI\Projs\TransferPred\src\pipeline.py", line 170, in <module>
    main()
  File "C:\Shanki\VIT CHENNAI\Projs\TransferPred\src\pipeline.py", line 150, in main
    run_phase(phase, cfg, log)
  File "C:\Shanki\VIT CHENNAI\Projs\TransferPred\src\pipeline.py", line 67, in run_phase
    result = normalize(standardize(ingest(cfg), cfg), cfg)
  File "C:\Shanki\VIT CHENNAI\Projs\TransferPred\src\data\normalize.py", line 65, in normalize
    log.info(f"  {stat} \u2192 {col_name}")
Message: '  xa \u2192 xa_p90'
Arguments: ()
--- Logging error ---
Traceback (most recent call last):
  File "C:\Python314\Lib\logging\__init__.py", line 1154, in emit
    stream.write(msg + self.terminator)
    ~~~~~~~~~~~~^^^^^^^^^^^^^^^^^^^^^^^
  File "C:\Python314\Lib\encodings\cp1252.py", line 19, in encode
    return codecs.charmap_encode(input,self.errors,encoding_table)[0]
           ~~~~~~~~~~~~~~~~~~~~~^^^^^^^^^^^^^^^^^^^^^^^^^^^^^^^^^^
UnicodeEncodeError: 'charmap' codec can't encode character '\u2192' in position 59: character maps to <undefined>
Call stack:
  File "C:\Shanki\VIT CHENNAI\Projs\TransferPred\src\pipeline.py", line 170, in <module>
    main()
  File "C:\Shanki\VIT CHENNAI\Projs\TransferPred\src\pipeline.py", line 150, in main
    run_phase(phase, cfg, log)
  File "C:\Shanki\VIT CHENNAI\Projs\TransferPred\src\pipeline.py", line 67, in run_phase
    result = normalize(standardize(ingest(cfg), cfg), cfg)
  File "C:\Shanki\VIT CHENNAI\Projs\TransferPred\src\data\normalize.py", line 65, in normalize
    log.info(f"  {stat} \u2192 {col_name}")
Message: '  tackles_won \u2192 tackles_won_p90'
Arguments: ()
--- Logging error ---
Traceback (most recent call last):
  File "C:\Python314\Lib\logging\__init__.py", line 1154, in emit
    stream.write(msg + self.terminator)
    ~~~~~~~~~~~~^^^^^^^^^^^^^^^^^^^^^^^
  File "C:\Python314\Lib\encodings\cp1252.py", line 19, in encode
    return codecs.charmap_encode(input,self.errors,encoding_table)[0]
           ~~~~~~~~~~~~~~~~~~~~~^^^^^^^^^^^^^^^^^^^^^^^^^^^^^^^^^^
UnicodeEncodeError: 'charmap' codec can't encode character '\u2192' in position 61: character maps to <undefined>
Call stack:
  File "C:\Shanki\VIT CHENNAI\Projs\TransferPred\src\pipeline.py", line 170, in <module>
    main()
  File "C:\Shanki\VIT CHENNAI\Projs\TransferPred\src\pipeline.py", line 150, in main
    run_phase(phase, cfg, log)
  File "C:\Shanki\VIT CHENNAI\Projs\TransferPred\src\pipeline.py", line 67, in run_phase
    result = normalize(standardize(ingest(cfg), cfg), cfg)
  File "C:\Shanki\VIT CHENNAI\Projs\TransferPred\src\data\normalize.py", line 65, in normalize
    log.info(f"  {stat} \u2192 {col_name}")
Message: '  interceptions \u2192 interceptions_p90'
Arguments: ()
--- Logging error ---
Traceback (most recent call last):
  File "C:\Python314\Lib\logging\__init__.py", line 1154, in emit
    stream.write(msg + self.terminator)
    ~~~~~~~~~~~~^^^^^^^^^^^^^^^^^^^^^^^
  File "C:\Python314\Lib\encodings\cp1252.py", line 19, in encode
    return codecs.charmap_encode(input,self.errors,encoding_table)[0]
           ~~~~~~~~~~~~~~~~~~~~~^^^^^^^^^^^^^^^^^^^^^^^^^^^^^^^^^^
UnicodeEncodeError: 'charmap' codec can't encode character '\u2192' in position 58: character maps to <undefined>
Call stack:
  File "C:\Shanki\VIT CHENNAI\Projs\TransferPred\src\pipeline.py", line 170, in <module>
    main()
  File "C:\Shanki\VIT CHENNAI\Projs\TransferPred\src\pipeline.py", line 150, in main
    run_phase(phase, cfg, log)
  File "C:\Shanki\VIT CHENNAI\Projs\TransferPred\src\pipeline.py", line 67, in run_phase
    result = normalize(standardize(ingest(cfg), cfg), cfg)
  File "C:\Shanki\VIT CHENNAI\Projs\TransferPred\src\data\normalize.py", line 65, in normalize
    log.info(f"  {stat} \u2192 {col_name}")
Message: '  clearances \u2192 clearances_p90'
Arguments: ()
--- Logging error ---
Traceback (most recent call last):
  File "C:\Python314\Lib\logging\__init__.py", line 1154, in emit
    stream.write(msg + self.terminator)
    ~~~~~~~~~~~~^^^^^^^^^^^^^^^^^^^^^^^
  File "C:\Python314\Lib\encodings\cp1252.py", line 19, in encode
    return codecs.charmap_encode(input,self.errors,encoding_table)[0]
           ~~~~~~~~~~~~~~~~~~~~~^^^^^^^^^^^^^^^^^^^^^^^^^^^^^^^^^^
UnicodeEncodeError: 'charmap' codec can't encode character '\u2192' in position 55: character maps to <undefined>
Call stack:
  File "C:\Shanki\VIT CHENNAI\Projs\TransferPred\src\pipeline.py", line 170, in <module>
    main()
  File "C:\Shanki\VIT CHENNAI\Projs\TransferPred\src\pipeline.py", line 150, in main
    run_phase(phase, cfg, log)
  File "C:\Shanki\VIT CHENNAI\Projs\TransferPred\src\pipeline.py", line 67, in run_phase
    result = normalize(standardize(ingest(cfg), cfg), cfg)
  File "C:\Shanki\VIT CHENNAI\Projs\TransferPred\src\data\normalize.py", line 65, in normalize
    log.info(f"  {stat} \u2192 {col_name}")
Message: '  carries \u2192 carries_p90'
Arguments: ()
--- Logging error ---
Traceback (most recent call last):
  File "C:\Python314\Lib\logging\__init__.py", line 1154, in emit
    stream.write(msg + self.terminator)
    ~~~~~~~~~~~~^^^^^^^^^^^^^^^^^^^^^^^
  File "C:\Python314\Lib\encodings\cp1252.py", line 19, in encode
    return codecs.charmap_encode(input,self.errors,encoding_table)[0]
           ~~~~~~~~~~~~~~~~~~~~~^^^^^^^^^^^^^^^^^^^^^^^^^^^^^^^^^^
UnicodeEncodeError: 'charmap' codec can't encode character '\u2192' in position 55: character maps to <undefined>
Call stack:
  File "C:\Shanki\VIT CHENNAI\Projs\TransferPred\src\pipeline.py", line 170, in <module>
    main()
  File "C:\Shanki\VIT CHENNAI\Projs\TransferPred\src\pipeline.py", line 150, in main
    run_phase(phase, cfg, log)
  File "C:\Shanki\VIT CHENNAI\Projs\TransferPred\src\pipeline.py", line 67, in run_phase
    result = normalize(standardize(ingest(cfg), cfg), cfg)
  File "C:\Shanki\VIT CHENNAI\Projs\TransferPred\src\data\normalize.py", line 65, in normalize
    log.info(f"  {stat} \u2192 {col_name}")
Message: '  touches \u2192 touches_p90'
Arguments: ()
2026-02-28 03:30:41 | INFO     | normalize | Computing league z-scores...
--- Logging error ---
Traceback (most recent call last):
  File "C:\Python314\Lib\logging\__init__.py", line 1154, in emit
    stream.write(msg + self.terminator)
    ~~~~~~~~~~~~^^^^^^^^^^^^^^^^^^^^^^^
  File "C:\Python314\Lib\encodings\cp1252.py", line 19, in encode
    return codecs.charmap_encode(input,self.errors,encoding_table)[0]
           ~~~~~~~~~~~~~~~~~~~~~^^^^^^^^^^^^^^^^^^^^^^^^^^^^^^^^^^
UnicodeEncodeError: 'charmap' codec can't encode character '\u2192' in position 57: character maps to <undefined>
Call stack:
  File "C:\Shanki\VIT CHENNAI\Projs\TransferPred\src\pipeline.py", line 170, in <module>
    main()
  File "C:\Shanki\VIT CHENNAI\Projs\TransferPred\src\pipeline.py", line 150, in main
    run_phase(phase, cfg, log)
  File "C:\Shanki\VIT CHENNAI\Projs\TransferPred\src\pipeline.py", line 67, in run_phase
    result = normalize(standardize(ingest(cfg), cfg), cfg)
  File "C:\Shanki\VIT CHENNAI\Projs\TransferPred\src\data\normalize.py", line 88, in normalize
    log.info(f"  {col} \u2192 {z_col}")
Message: '  goals_p90 \u2192 goals_zscore'
Arguments: ()
--- Logging error ---
Traceback (most recent call last):
  File "C:\Python314\Lib\logging\__init__.py", line 1154, in emit
    stream.write(msg + self.terminator)
    ~~~~~~~~~~~~^^^^^^^^^^^^^^^^^^^^^^^
  File "C:\Python314\Lib\encodings\cp1252.py", line 19, in encode
    return codecs.charmap_encode(input,self.errors,encoding_table)[0]
           ~~~~~~~~~~~~~~~~~~~~~^^^^^^^^^^^^^^^^^^^^^^^^^^^^^^^^^^
UnicodeEncodeError: 'charmap' codec can't encode character '\u2192' in position 59: character maps to <undefined>
Call stack:
  File "C:\Shanki\VIT CHENNAI\Projs\TransferPred\src\pipeline.py", line 170, in <module>
    main()
  File "C:\Shanki\VIT CHENNAI\Projs\TransferPred\src\pipeline.py", line 150, in main
    run_phase(phase, cfg, log)
  File "C:\Shanki\VIT CHENNAI\Projs\TransferPred\src\pipeline.py", line 67, in run_phase
    result = normalize(standardize(ingest(cfg), cfg), cfg)
  File "C:\Shanki\VIT CHENNAI\Projs\TransferPred\src\data\normalize.py", line 88, in normalize
    log.info(f"  {col} \u2192 {z_col}")
Message: '  assists_p90 \u2192 assists_zscore'
Arguments: ()
--- Logging error ---
Traceback (most recent call last):
  File "C:\Python314\Lib\logging\__init__.py", line 1154, in emit
    stream.write(msg + self.terminator)
    ~~~~~~~~~~~~^^^^^^^^^^^^^^^^^^^^^^^
  File "C:\Python314\Lib\encodings\cp1252.py", line 19, in encode
    return codecs.charmap_encode(input,self.errors,encoding_table)[0]
           ~~~~~~~~~~~~~~~~~~~~~^^^^^^^^^^^^^^^^^^^^^^^^^^^^^^^^^^
UnicodeEncodeError: 'charmap' codec can't encode character '\u2192' in position 54: character maps to <undefined>
Call stack:
  File "C:\Shanki\VIT CHENNAI\Projs\TransferPred\src\pipeline.py", line 170, in <module>
    main()
  File "C:\Shanki\VIT CHENNAI\Projs\TransferPred\src\pipeline.py", line 150, in main
    run_phase(phase, cfg, log)
  File "C:\Shanki\VIT CHENNAI\Projs\TransferPred\src\pipeline.py", line 67, in run_phase
    result = normalize(standardize(ingest(cfg), cfg), cfg)
  File "C:\Shanki\VIT CHENNAI\Projs\TransferPred\src\data\normalize.py", line 88, in normalize
    log.info(f"  {col} \u2192 {z_col}")
Message: '  xg_p90 \u2192 xg_zscore'
Arguments: ()
--- Logging error ---
Traceback (most recent call last):
  File "C:\Python314\Lib\logging\__init__.py", line 1154, in emit
    stream.write(msg + self.terminator)
    ~~~~~~~~~~~~^^^^^^^^^^^^^^^^^^^^^^^
  File "C:\Python314\Lib\encodings\cp1252.py", line 19, in encode
    return codecs.charmap_encode(input,self.errors,encoding_table)[0]
           ~~~~~~~~~~~~~~~~~~~~~^^^^^^^^^^^^^^^^^^^^^^^^^^^^^^^^^^
UnicodeEncodeError: 'charmap' codec can't encode character '\u2192' in position 55: character maps to <undefined>
Call stack:
  File "C:\Shanki\VIT CHENNAI\Projs\TransferPred\src\pipeline.py", line 170, in <module>
    main()
  File "C:\Shanki\VIT CHENNAI\Projs\TransferPred\src\pipeline.py", line 150, in main
    run_phase(phase, cfg, log)
  File "C:\Shanki\VIT CHENNAI\Projs\TransferPred\src\pipeline.py", line 67, in run_phase
    result = normalize(standardize(ingest(cfg), cfg), cfg)
  File "C:\Shanki\VIT CHENNAI\Projs\TransferPred\src\data\normalize.py", line 88, in normalize
    log.info(f"  {col} \u2192 {z_col}")
Message: '  xag_p90 \u2192 xag_zscore'
Arguments: ()
--- Logging error ---
Traceback (most recent call last):
  File "C:\Python314\Lib\logging\__init__.py", line 1154, in emit
    stream.write(msg + self.terminator)
    ~~~~~~~~~~~~^^^^^^^^^^^^^^^^^^^^^^^
  File "C:\Python314\Lib\encodings\cp1252.py", line 19, in encode
    return codecs.charmap_encode(input,self.errors,encoding_table)[0]
           ~~~~~~~~~~~~~~~~~~~~~^^^^^^^^^^^^^^^^^^^^^^^^^^^^^^^^^^
UnicodeEncodeError: 'charmap' codec can't encode character '\u2192' in position 56: character maps to <undefined>
Call stack:
  File "C:\Shanki\VIT CHENNAI\Projs\TransferPred\src\pipeline.py", line 170, in <module>
    main()
  File "C:\Shanki\VIT CHENNAI\Projs\TransferPred\src\pipeline.py", line 150, in main
    run_phase(phase, cfg, log)
  File "C:\Shanki\VIT CHENNAI\Projs\TransferPred\src\pipeline.py", line 67, in run_phase
    result = normalize(standardize(ingest(cfg), cfg), cfg)
  File "C:\Shanki\VIT CHENNAI\Projs\TransferPred\src\data\normalize.py", line 88, in normalize
    log.info(f"  {col} \u2192 {z_col}")
Message: '  npxg_p90 \u2192 npxg_zscore'
Arguments: ()
--- Logging error ---
Traceback (most recent call last):
  File "C:\Python314\Lib\logging\__init__.py", line 1154, in emit
    stream.write(msg + self.terminator)
    ~~~~~~~~~~~~^^^^^^^^^^^^^^^^^^^^^^^
  File "C:\Python314\Lib\encodings\cp1252.py", line 19, in encode
    return codecs.charmap_encode(input,self.errors,encoding_table)[0]
           ~~~~~~~~~~~~~~~~~~~~~^^^^^^^^^^^^^^^^^^^^^^^^^^^^^^^^^^
UnicodeEncodeError: 'charmap' codec can't encode character '\u2192' in position 64: character maps to <undefined>
Call stack:
  File "C:\Shanki\VIT CHENNAI\Projs\TransferPred\src\pipeline.py", line 170, in <module>
    main()
  File "C:\Shanki\VIT CHENNAI\Projs\TransferPred\src\pipeline.py", line 150, in main
    run_phase(phase, cfg, log)
  File "C:\Shanki\VIT CHENNAI\Projs\TransferPred\src\pipeline.py", line 67, in run_phase
    result = normalize(standardize(ingest(cfg), cfg), cfg)
  File "C:\Shanki\VIT CHENNAI\Projs\TransferPred\src\data\normalize.py", line 88, in normalize
    log.info(f"  {col} \u2192 {z_col}")
Message: '  prog_carries_p90 \u2192 prog_carries_zscore'
Arguments: ()
--- Logging error ---
Traceback (most recent call last):
  File "C:\Python314\Lib\logging\__init__.py", line 1154, in emit
    stream.write(msg + self.terminator)
    ~~~~~~~~~~~~^^^^^^^^^^^^^^^^^^^^^^^
  File "C:\Python314\Lib\encodings\cp1252.py", line 19, in encode
    return codecs.charmap_encode(input,self.errors,encoding_table)[0]
           ~~~~~~~~~~~~~~~~~~~~~^^^^^^^^^^^^^^^^^^^^^^^^^^^^^^^^^^
UnicodeEncodeError: 'charmap' codec can't encode character '\u2192' in position 63: character maps to <undefined>
Call stack:
  File "C:\Shanki\VIT CHENNAI\Projs\TransferPred\src\pipeline.py", line 170, in <module>
    main()
  File "C:\Shanki\VIT CHENNAI\Projs\TransferPred\src\pipeline.py", line 150, in main
    run_phase(phase, cfg, log)
  File "C:\Shanki\VIT CHENNAI\Projs\TransferPred\src\pipeline.py", line 67, in run_phase
    result = normalize(standardize(ingest(cfg), cfg), cfg)
  File "C:\Shanki\VIT CHENNAI\Projs\TransferPred\src\data\normalize.py", line 88, in normalize
    log.info(f"  {col} \u2192 {z_col}")
Message: '  prog_passes_p90 \u2192 prog_passes_zscore'
Arguments: ()
--- Logging error ---
Traceback (most recent call last):
  File "C:\Python314\Lib\logging\__init__.py", line 1154, in emit
    stream.write(msg + self.terminator)
    ~~~~~~~~~~~~^^^^^^^^^^^^^^^^^^^^^^^
  File "C:\Python314\Lib\encodings\cp1252.py", line 19, in encode
    return codecs.charmap_encode(input,self.errors,encoding_table)[0]
           ~~~~~~~~~~~~~~~~~~~~~^^^^^^^^^^^^^^^^^^^^^^^^^^^^^^^^^^
UnicodeEncodeError: 'charmap' codec can't encode character '\u2192' in position 67: character maps to <undefined>
Call stack:
  File "C:\Shanki\VIT CHENNAI\Projs\TransferPred\src\pipeline.py", line 170, in <module>
    main()
  File "C:\Shanki\VIT CHENNAI\Projs\TransferPred\src\pipeline.py", line 150, in main
    run_phase(phase, cfg, log)
  File "C:\Shanki\VIT CHENNAI\Projs\TransferPred\src\pipeline.py", line 67, in run_phase
    result = normalize(standardize(ingest(cfg), cfg), cfg)
  File "C:\Shanki\VIT CHENNAI\Projs\TransferPred\src\data\normalize.py", line 88, in normalize
    log.info(f"  {col} \u2192 {z_col}")
Message: '  prog_receptions_p90 \u2192 prog_receptions_zscore'
Arguments: ()
--- Logging error ---
Traceback (most recent call last):
  File "C:\Python314\Lib\logging\__init__.py", line 1154, in emit
    stream.write(msg + self.terminator)
    ~~~~~~~~~~~~^^^^^^^^^^^^^^^^^^^^^^^
  File "C:\Python314\Lib\encodings\cp1252.py", line 19, in encode
    return codecs.charmap_encode(input,self.errors,encoding_table)[0]
           ~~~~~~~~~~~~~~~~~~~~~^^^^^^^^^^^^^^^^^^^^^^^^^^^^^^^^^^
UnicodeEncodeError: 'charmap' codec can't encode character '\u2192' in position 62: character maps to <undefined>
Call stack:
  File "C:\Shanki\VIT CHENNAI\Projs\TransferPred\src\pipeline.py", line 170, in <module>
    main()
  File "C:\Shanki\VIT CHENNAI\Projs\TransferPred\src\pipeline.py", line 150, in main
    run_phase(phase, cfg, log)
  File "C:\Shanki\VIT CHENNAI\Projs\TransferPred\src\pipeline.py", line 67, in run_phase
    result = normalize(standardize(ingest(cfg), cfg), cfg)
  File "C:\Shanki\VIT CHENNAI\Projs\TransferPred\src\data\normalize.py", line 88, in normalize
    log.info(f"  {col} \u2192 {z_col}")
Message: '  key_passes_p90 \u2192 key_passes_zscore'
Arguments: ()
--- Logging error ---
Traceback (most recent call last):
  File "C:\Python314\Lib\logging\__init__.py", line 1154, in emit
    stream.write(msg + self.terminator)
    ~~~~~~~~~~~~^^^^^^^^^^^^^^^^^^^^^^^
  File "C:\Python314\Lib\encodings\cp1252.py", line 19, in encode
    return codecs.charmap_encode(input,self.errors,encoding_table)[0]
           ~~~~~~~~~~~~~~~~~~~~~^^^^^^^^^^^^^^^^^^^^^^^^^^^^^^^^^^
UnicodeEncodeError: 'charmap' codec can't encode character '\u2192' in position 54: character maps to <undefined>
Call stack:
  File "C:\Shanki\VIT CHENNAI\Projs\TransferPred\src\pipeline.py", line 170, in <module>
    main()
  File "C:\Shanki\VIT CHENNAI\Projs\TransferPred\src\pipeline.py", line 150, in main
    run_phase(phase, cfg, log)
  File "C:\Shanki\VIT CHENNAI\Projs\TransferPred\src\pipeline.py", line 67, in run_phase
    result = normalize(standardize(ingest(cfg), cfg), cfg)
  File "C:\Shanki\VIT CHENNAI\Projs\TransferPred\src\data\normalize.py", line 88, in normalize
    log.info(f"  {col} \u2192 {z_col}")
Message: '  xa_p90 \u2192 xa_zscore'
Arguments: ()
--- Logging error ---
Traceback (most recent call last):
  File "C:\Python314\Lib\logging\__init__.py", line 1154, in emit
    stream.write(msg + self.terminator)
    ~~~~~~~~~~~~^^^^^^^^^^^^^^^^^^^^^^^
  File "C:\Python314\Lib\encodings\cp1252.py", line 19, in encode
    return codecs.charmap_encode(input,self.errors,encoding_table)[0]
           ~~~~~~~~~~~~~~~~~~~~~^^^^^^^^^^^^^^^^^^^^^^^^^^^^^^^^^^
UnicodeEncodeError: 'charmap' codec can't encode character '\u2192' in position 63: character maps to <undefined>
Call stack:
  File "C:\Shanki\VIT CHENNAI\Projs\TransferPred\src\pipeline.py", line 170, in <module>
    main()
  File "C:\Shanki\VIT CHENNAI\Projs\TransferPred\src\pipeline.py", line 150, in main
    run_phase(phase, cfg, log)
  File "C:\Shanki\VIT CHENNAI\Projs\TransferPred\src\pipeline.py", line 67, in run_phase
    result = normalize(standardize(ingest(cfg), cfg), cfg)
  File "C:\Shanki\VIT CHENNAI\Projs\TransferPred\src\data\normalize.py", line 88, in normalize
    log.info(f"  {col} \u2192 {z_col}")
Message: '  tackles_won_p90 \u2192 tackles_won_zscore'
Arguments: ()
--- Logging error ---
Traceback (most recent call last):
  File "C:\Python314\Lib\logging\__init__.py", line 1154, in emit
    stream.write(msg + self.terminator)
    ~~~~~~~~~~~~^^^^^^^^^^^^^^^^^^^^^^^
  File "C:\Python314\Lib\encodings\cp1252.py", line 19, in encode
    return codecs.charmap_encode(input,self.errors,encoding_table)[0]
           ~~~~~~~~~~~~~~~~~~~~~^^^^^^^^^^^^^^^^^^^^^^^^^^^^^^^^^^
UnicodeEncodeError: 'charmap' codec can't encode character '\u2192' in position 65: character maps to <undefined>
Call stack:
  File "C:\Shanki\VIT CHENNAI\Projs\TransferPred\src\pipeline.py", line 170, in <module>
    main()
  File "C:\Shanki\VIT CHENNAI\Projs\TransferPred\src\pipeline.py", line 150, in main
    run_phase(phase, cfg, log)
  File "C:\Shanki\VIT CHENNAI\Projs\TransferPred\src\pipeline.py", line 67, in run_phase
    result = normalize(standardize(ingest(cfg), cfg), cfg)
  File "C:\Shanki\VIT CHENNAI\Projs\TransferPred\src\data\normalize.py", line 88, in normalize
    log.info(f"  {col} \u2192 {z_col}")
Message: '  interceptions_p90 \u2192 interceptions_zscore'
Arguments: ()
--- Logging error ---
Traceback (most recent call last):
  File "C:\Python314\Lib\logging\__init__.py", line 1154, in emit
    stream.write(msg + self.terminator)
    ~~~~~~~~~~~~^^^^^^^^^^^^^^^^^^^^^^^
  File "C:\Python314\Lib\encodings\cp1252.py", line 19, in encode
    return codecs.charmap_encode(input,self.errors,encoding_table)[0]
           ~~~~~~~~~~~~~~~~~~~~~^^^^^^^^^^^^^^^^^^^^^^^^^^^^^^^^^^
UnicodeEncodeError: 'charmap' codec can't encode character '\u2192' in position 62: character maps to <undefined>
Call stack:
  File "C:\Shanki\VIT CHENNAI\Projs\TransferPred\src\pipeline.py", line 170, in <module>
    main()
  File "C:\Shanki\VIT CHENNAI\Projs\TransferPred\src\pipeline.py", line 150, in main
    run_phase(phase, cfg, log)
  File "C:\Shanki\VIT CHENNAI\Projs\TransferPred\src\pipeline.py", line 67, in run_phase
    result = normalize(standardize(ingest(cfg), cfg), cfg)
  File "C:\Shanki\VIT CHENNAI\Projs\TransferPred\src\data\normalize.py", line 88, in normalize
    log.info(f"  {col} \u2192 {z_col}")
Message: '  clearances_p90 \u2192 clearances_zscore'
Arguments: ()
--- Logging error ---
Traceback (most recent call last):
  File "C:\Python314\Lib\logging\__init__.py", line 1154, in emit
    stream.write(msg + self.terminator)
    ~~~~~~~~~~~~^^^^^^^^^^^^^^^^^^^^^^^
  File "C:\Python314\Lib\encodings\cp1252.py", line 19, in encode
    return codecs.charmap_encode(input,self.errors,encoding_table)[0]
           ~~~~~~~~~~~~~~~~~~~~~^^^^^^^^^^^^^^^^^^^^^^^^^^^^^^^^^^
UnicodeEncodeError: 'charmap' codec can't encode character '\u2192' in position 59: character maps to <undefined>
Call stack:
  File "C:\Shanki\VIT CHENNAI\Projs\TransferPred\src\pipeline.py", line 170, in <module>
    main()
  File "C:\Shanki\VIT CHENNAI\Projs\TransferPred\src\pipeline.py", line 150, in main
    run_phase(phase, cfg, log)
  File "C:\Shanki\VIT CHENNAI\Projs\TransferPred\src\pipeline.py", line 67, in run_phase
    result = normalize(standardize(ingest(cfg), cfg), cfg)
  File "C:\Shanki\VIT CHENNAI\Projs\TransferPred\src\data\normalize.py", line 88, in normalize
    log.info(f"  {col} \u2192 {z_col}")
Message: '  carries_p90 \u2192 carries_zscore'
Arguments: ()
--- Logging error ---
Traceback (most recent call last):
  File "C:\Python314\Lib\logging\__init__.py", line 1154, in emit
    stream.write(msg + self.terminator)
    ~~~~~~~~~~~~^^^^^^^^^^^^^^^^^^^^^^^
  File "C:\Python314\Lib\encodings\cp1252.py", line 19, in encode
    return codecs.charmap_encode(input,self.errors,encoding_table)[0]
           ~~~~~~~~~~~~~~~~~~~~~^^^^^^^^^^^^^^^^^^^^^^^^^^^^^^^^^^
UnicodeEncodeError: 'charmap' codec can't encode character '\u2192' in position 59: character maps to <undefined>
Call stack:
  File "C:\Shanki\VIT CHENNAI\Projs\TransferPred\src\pipeline.py", line 170, in <module>
    main()
  File "C:\Shanki\VIT CHENNAI\Projs\TransferPred\src\pipeline.py", line 150, in main
    run_phase(phase, cfg, log)
  File "C:\Shanki\VIT CHENNAI\Projs\TransferPred\src\pipeline.py", line 67, in run_phase
    result = normalize(standardize(ingest(cfg), cfg), cfg)
  File "C:\Shanki\VIT CHENNAI\Projs\TransferPred\src\data\normalize.py", line 88, in normalize
    log.info(f"  {col} \u2192 {z_col}")
Message: '  touches_p90 \u2192 touches_zscore'
Arguments: ()
--- Logging error ---
Traceback (most recent call last):
  File "C:\Python314\Lib\logging\__init__.py", line 1154, in emit
    stream.write(msg + self.terminator)
    ~~~~~~~~~~~~^^^^^^^^^^^^^^^^^^^^^^^
  File "C:\Python314\Lib\encodings\cp1252.py", line 19, in encode
    return codecs.charmap_encode(input,self.errors,encoding_table)[0]
           ~~~~~~~~~~~~~~~~~~~~~^^^^^^^^^^^^^^^^^^^^^^^^^^^^^^^^^^
UnicodeEncodeError: 'charmap' codec can't encode character '\u2192' in position 57: character maps to <undefined>
Call stack:
  File "C:\Shanki\VIT CHENNAI\Projs\TransferPred\src\pipeline.py", line 170, in <module>
    main()
  File "C:\Shanki\VIT CHENNAI\Projs\TransferPred\src\pipeline.py", line 150, in main
    run_phase(phase, cfg, log)
  File "C:\Shanki\VIT CHENNAI\Projs\TransferPred\src\pipeline.py", line 67, in run_phase
    result = normalize(standardize(ingest(cfg), cfg), cfg)
  File "C:\Shanki\VIT CHENNAI\Projs\TransferPred\src\data\normalize.py", line 88, in normalize
    log.info(f"  {col} \u2192 {z_col}")
Message: '  shots_p90 \u2192 shots_zscore'
Arguments: ()
--- Logging error ---
Traceback (most recent call last):
  File "C:\Python314\Lib\logging\__init__.py", line 1154, in emit
    stream.write(msg + self.terminator)
    ~~~~~~~~~~~~^^^^^^^^^^^^^^^^^^^^^^^
  File "C:\Python314\Lib\encodings\cp1252.py", line 19, in encode
    return codecs.charmap_encode(input,self.errors,encoding_table)[0]
           ~~~~~~~~~~~~~~~~~~~~~^^^^^^^^^^^^^^^^^^^^^^^^^^^^^^^^^^
UnicodeEncodeError: 'charmap' codec can't encode character '\u2192' in position 67: character maps to <undefined>
Call stack:
  File "C:\Shanki\VIT CHENNAI\Projs\TransferPred\src\pipeline.py", line 170, in <module>
    main()
  File "C:\Shanki\VIT CHENNAI\Projs\TransferPred\src\pipeline.py", line 150, in main
    run_phase(phase, cfg, log)
  File "C:\Shanki\VIT CHENNAI\Projs\TransferPred\src\pipeline.py", line 67, in run_phase
    result = normalize(standardize(ingest(cfg), cfg), cfg)
  File "C:\Shanki\VIT CHENNAI\Projs\TransferPred\src\data\normalize.py", line 88, in normalize
    log.info(f"  {col} \u2192 {z_col}")
Message: '  shots_on_target_p90 \u2192 shots_on_target_zscore'
Arguments: ()
--- Logging error ---
Traceback (most recent call last):
  File "C:\Python314\Lib\logging\__init__.py", line 1154, in emit
    stream.write(msg + self.terminator)
    ~~~~~~~~~~~~^^^^^^^^^^^^^^^^^^^^^^^
  File "C:\Python314\Lib\encodings\cp1252.py", line 19, in encode
    return codecs.charmap_encode(input,self.errors,encoding_table)[0]
           ~~~~~~~~~~~~~~~~~~~~~^^^^^^^^^^^^^^^^^^^^^^^^^^^^^^^^^^
UnicodeEncodeError: 'charmap' codec can't encode character '\u2192' in position 67: character maps to <undefined>
Call stack:
  File "C:\Shanki\VIT CHENNAI\Projs\TransferPred\src\pipeline.py", line 170, in <module>
    main()
  File "C:\Shanki\VIT CHENNAI\Projs\TransferPred\src\pipeline.py", line 150, in main
    run_phase(phase, cfg, log)
  File "C:\Shanki\VIT CHENNAI\Projs\TransferPred\src\pipeline.py", line 67, in run_phase
    result = normalize(standardize(ingest(cfg), cfg), cfg)
  File "C:\Shanki\VIT CHENNAI\Projs\TransferPred\src\data\normalize.py", line 88, in normalize
    log.info(f"  {col} \u2192 {z_col}")
Message: '  pass_completion_pct \u2192 pass_completion_zscore'
Arguments: ()
2026-02-28 03:30:41 | INFO     | normalize | Shape after normalization: (699, 57)
2026-02-28 03:30:41 | INFO     | normalize | Saved: C:\Shanki\VIT CHENNAI\Projs\TransferPred\data\interim\normalized.csv
2026-02-28 03:30:41 | INFO     | normalize | === Phase 1 — Normalize: DONE ===
--- Logging error ---
Traceback (most recent call last):
  File "C:\Python314\Lib\logging\__init__.py", line 1154, in emit
    stream.write(msg + self.terminator)
    ~~~~~~~~~~~~^^^^^^^^^^^^^^^^^^^^^^^
  File "C:\Python314\Lib\encodings\cp1252.py", line 19, in encode
    return codecs.charmap_encode(input,self.errors,encoding_table)[0]
           ~~~~~~~~~~~~~~~~~~~~~^^^^^^^^^^^^^^^^^^^^^^^^^^^^^^^^^^
UnicodeEncodeError: 'charmap' codec can't encode character '\u2713' in position 46: character maps to <undefined>
Call stack:
  File "C:\Shanki\VIT CHENNAI\Projs\TransferPred\src\pipeline.py", line 170, in <module>
    main()
  File "C:\Shanki\VIT CHENNAI\Projs\TransferPred\src\pipeline.py", line 150, in main
    run_phase(phase, cfg, log)
  File "C:\Shanki\VIT CHENNAI\Projs\TransferPred\src\pipeline.py", line 68, in run_phase
    log.info(f"  \u2713 Normalized shape: {result.shape}")
Message: '  \u2713 Normalized shape: (699, 57)'
Arguments: ()
2026-02-28 03:30:41 | INFO     | pipeline | 
============================================================
2026-02-28 03:30:41 | INFO     | pipeline |   PHASE: LSC
2026-02-28 03:30:41 | INFO     | pipeline | ============================================================
2026-02-28 03:30:41 | INFO     | ingest | === Phase 1 — Ingest: START ===
2026-02-28 03:30:41 | INFO     | ingest | Loading raw data from: C:\Shanki\VIT CHENNAI\Projs\TransferPred\data\raw\players_data-2024_2025.csv
2026-02-28 03:30:41 | INFO     | ingest | Raw shape: (2854, 267)
2026-02-28 03:30:41 | INFO     | ingest | All required columns present.
2026-02-28 03:30:41 | INFO     | ingest | Leagues found: ['de Bundesliga', 'eng Premier League', 'es La Liga', 'fr Ligue 1', 'it Serie A']
2026-02-28 03:30:41 | INFO     | ingest | Seasons/rows after cleaning: 2854
2026-02-28 03:30:41 | INFO     | ingest | Total NaNs in numeric cols: 27
2026-02-28 03:30:41 | INFO     | ingest | === Phase 1 — Ingest: DONE ===
2026-02-28 03:30:41 | INFO     | standardize | === Phase 1 — Standardize: START ===
2026-02-28 03:30:41 | INFO     | standardize | Columns after renaming: ['player', 'team', 'league', 'position', 'age', 'minutes', 'goals', 'assists', 'xg', 'xag', 'npxg', 'shots_p90', 'shots_on_target_p90', 'prog_carries', 'prog_passes', 'prog_receptions', 'key_passes', 'xa', 'pass_completion_pct', 'tackles_won', 'interceptions', 'clearances', 'carries', 'touches']
--- Logging error ---
Traceback (most recent call last):
  File "C:\Python314\Lib\logging\__init__.py", line 1154, in emit
    stream.write(msg + self.terminator)
    ~~~~~~~~~~~~^^^^^^^^^^^^^^^^^^^^^^^
  File "C:\Python314\Lib\encodings\cp1252.py", line 19, in encode
    return codecs.charmap_encode(input,self.errors,encoding_table)[0]
           ~~~~~~~~~~~~~~~~~~~~~^^^^^^^^^^^^^^^^^^^^^^^^^^^^^^^^^^
UnicodeEncodeError: 'charmap' codec can't encode character '\u2192' in position 102: character maps to <undefined>
Call stack:
  File "C:\Shanki\VIT CHENNAI\Projs\TransferPred\src\pipeline.py", line 170, in <module>
    main()
  File "C:\Shanki\VIT CHENNAI\Projs\TransferPred\src\pipeline.py", line 150, in main
    run_phase(phase, cfg, log)
  File "C:\Shanki\VIT CHENNAI\Projs\TransferPred\src\pipeline.py", line 76, in run_phase
    result = apply_lsc(normalize(standardize(ingest(cfg), cfg), cfg), cfg)
  File "C:\Shanki\VIT CHENNAI\Projs\TransferPred\src\data\standardize.py", line 80, in standardize
    log.info(f"League filter ({leagues}): {before} \u2192 {len(df)} rows")
Message: "League filter (['Premier League', 'Bundesliga']): 2854 \u2192 1066 rows"
Arguments: ()
2026-02-28 03:30:41 | INFO     | standardize | League value counts:
league
Premier League    574
Bundesliga        492
--- Logging error ---
Traceback (most recent call last):
  File "C:\Python314\Lib\logging\__init__.py", line 1154, in emit
    stream.write(msg + self.terminator)
    ~~~~~~~~~~~~^^^^^^^^^^^^^^^^^^^^^^^
  File "C:\Python314\Lib\encodings\cp1252.py", line 19, in encode
    return codecs.charmap_encode(input,self.errors,encoding_table)[0]
           ~~~~~~~~~~~~~~~~~~~~~^^^^^^^^^^^^^^^^^^^^^^^^^^^^^^^^^^
UnicodeEncodeError: 'charmap' codec can't encode character '\u2192' in position 76: character maps to <undefined>
Call stack:
  File "C:\Shanki\VIT CHENNAI\Projs\TransferPred\src\pipeline.py", line 170, in <module>
    main()
  File "C:\Shanki\VIT CHENNAI\Projs\TransferPred\src\pipeline.py", line 150, in main
    run_phase(phase, cfg, log)
  File "C:\Shanki\VIT CHENNAI\Projs\TransferPred\src\pipeline.py", line 76, in run_phase
    result = apply_lsc(normalize(standardize(ingest(cfg), cfg), cfg), cfg)
  File "C:\Shanki\VIT CHENNAI\Projs\TransferPred\src\data\standardize.py", line 92, in standardize
    log.info(f"Minutes filter (>={min_min}): {before} \u2192 {len(df)} rows")
Message: 'Minutes filter (>=600): 1066 \u2192 699 rows'
Arguments: ()
2026-02-28 03:30:41 | INFO     | standardize | Saved standardized dataset: C:\Shanki\VIT CHENNAI\Projs\TransferPred\data\interim\standardized.csv — shape (699, 24)
2026-02-28 03:30:41 | INFO     | standardize | === Phase 1 — Standardize: DONE ===
2026-02-28 03:30:41 | INFO     | normalize | === Phase 1 — Normalize: START ===
2026-02-28 03:30:41 | INFO     | normalize | Computing per-90 metrics...
--- Logging error ---
Traceback (most recent call last):
  File "C:\Python314\Lib\logging\__init__.py", line 1154, in emit
    stream.write(msg + self.terminator)
    ~~~~~~~~~~~~^^^^^^^^^^^^^^^^^^^^^^^
  File "C:\Python314\Lib\encodings\cp1252.py", line 19, in encode
    return codecs.charmap_encode(input,self.errors,encoding_table)[0]
           ~~~~~~~~~~~~~~~~~~~~~^^^^^^^^^^^^^^^^^^^^^^^^^^^^^^^^^^
UnicodeEncodeError: 'charmap' codec can't encode character '\u2192' in position 53: character maps to <undefined>
Call stack:
  File "C:\Shanki\VIT CHENNAI\Projs\TransferPred\src\pipeline.py", line 170, in <module>
    main()
  File "C:\Shanki\VIT CHENNAI\Projs\TransferPred\src\pipeline.py", line 150, in main
    run_phase(phase, cfg, log)
  File "C:\Shanki\VIT CHENNAI\Projs\TransferPred\src\pipeline.py", line 76, in run_phase
    result = apply_lsc(normalize(standardize(ingest(cfg), cfg), cfg), cfg)
  File "C:\Shanki\VIT CHENNAI\Projs\TransferPred\src\data\normalize.py", line 65, in normalize
    log.info(f"  {stat} \u2192 {col_name}")
Message: '  goals \u2192 goals_p90'
Arguments: ()
--- Logging error ---
Traceback (most recent call last):
  File "C:\Python314\Lib\logging\__init__.py", line 1154, in emit
    stream.write(msg + self.terminator)
    ~~~~~~~~~~~~^^^^^^^^^^^^^^^^^^^^^^^
  File "C:\Python314\Lib\encodings\cp1252.py", line 19, in encode
    return codecs.charmap_encode(input,self.errors,encoding_table)[0]
           ~~~~~~~~~~~~~~~~~~~~~^^^^^^^^^^^^^^^^^^^^^^^^^^^^^^^^^^
UnicodeEncodeError: 'charmap' codec can't encode character '\u2192' in position 55: character maps to <undefined>
Call stack:
  File "C:\Shanki\VIT CHENNAI\Projs\TransferPred\src\pipeline.py", line 170, in <module>
    main()
  File "C:\Shanki\VIT CHENNAI\Projs\TransferPred\src\pipeline.py", line 150, in main
    run_phase(phase, cfg, log)
  File "C:\Shanki\VIT CHENNAI\Projs\TransferPred\src\pipeline.py", line 76, in run_phase
    result = apply_lsc(normalize(standardize(ingest(cfg), cfg), cfg), cfg)
  File "C:\Shanki\VIT CHENNAI\Projs\TransferPred\src\data\normalize.py", line 65, in normalize
    log.info(f"  {stat} \u2192 {col_name}")
Message: '  assists \u2192 assists_p90'
Arguments: ()
--- Logging error ---
Traceback (most recent call last):
  File "C:\Python314\Lib\logging\__init__.py", line 1154, in emit
    stream.write(msg + self.terminator)
    ~~~~~~~~~~~~^^^^^^^^^^^^^^^^^^^^^^^
  File "C:\Python314\Lib\encodings\cp1252.py", line 19, in encode
    return codecs.charmap_encode(input,self.errors,encoding_table)[0]
           ~~~~~~~~~~~~~~~~~~~~~^^^^^^^^^^^^^^^^^^^^^^^^^^^^^^^^^^
UnicodeEncodeError: 'charmap' codec can't encode character '\u2192' in position 50: character maps to <undefined>
Call stack:
  File "C:\Shanki\VIT CHENNAI\Projs\TransferPred\src\pipeline.py", line 170, in <module>
    main()
  File "C:\Shanki\VIT CHENNAI\Projs\TransferPred\src\pipeline.py", line 150, in main
    run_phase(phase, cfg, log)
  File "C:\Shanki\VIT CHENNAI\Projs\TransferPred\src\pipeline.py", line 76, in run_phase
    result = apply_lsc(normalize(standardize(ingest(cfg), cfg), cfg), cfg)
  File "C:\Shanki\VIT CHENNAI\Projs\TransferPred\src\data\normalize.py", line 65, in normalize
    log.info(f"  {stat} \u2192 {col_name}")
Message: '  xg \u2192 xg_p90'
Arguments: ()
--- Logging error ---
Traceback (most recent call last):
  File "C:\Python314\Lib\logging\__init__.py", line 1154, in emit
    stream.write(msg + self.terminator)
    ~~~~~~~~~~~~^^^^^^^^^^^^^^^^^^^^^^^
  File "C:\Python314\Lib\encodings\cp1252.py", line 19, in encode
    return codecs.charmap_encode(input,self.errors,encoding_table)[0]
           ~~~~~~~~~~~~~~~~~~~~~^^^^^^^^^^^^^^^^^^^^^^^^^^^^^^^^^^
UnicodeEncodeError: 'charmap' codec can't encode character '\u2192' in position 51: character maps to <undefined>
Call stack:
  File "C:\Shanki\VIT CHENNAI\Projs\TransferPred\src\pipeline.py", line 170, in <module>
    main()
  File "C:\Shanki\VIT CHENNAI\Projs\TransferPred\src\pipeline.py", line 150, in main
    run_phase(phase, cfg, log)
  File "C:\Shanki\VIT CHENNAI\Projs\TransferPred\src\pipeline.py", line 76, in run_phase
    result = apply_lsc(normalize(standardize(ingest(cfg), cfg), cfg), cfg)
  File "C:\Shanki\VIT CHENNAI\Projs\TransferPred\src\data\normalize.py", line 65, in normalize
    log.info(f"  {stat} \u2192 {col_name}")
Message: '  xag \u2192 xag_p90'
Arguments: ()
--- Logging error ---
Traceback (most recent call last):
  File "C:\Python314\Lib\logging\__init__.py", line 1154, in emit
    stream.write(msg + self.terminator)
    ~~~~~~~~~~~~^^^^^^^^^^^^^^^^^^^^^^^
  File "C:\Python314\Lib\encodings\cp1252.py", line 19, in encode
    return codecs.charmap_encode(input,self.errors,encoding_table)[0]
           ~~~~~~~~~~~~~~~~~~~~~^^^^^^^^^^^^^^^^^^^^^^^^^^^^^^^^^^
UnicodeEncodeError: 'charmap' codec can't encode character '\u2192' in position 52: character maps to <undefined>
Call stack:
  File "C:\Shanki\VIT CHENNAI\Projs\TransferPred\src\pipeline.py", line 170, in <module>
    main()
  File "C:\Shanki\VIT CHENNAI\Projs\TransferPred\src\pipeline.py", line 150, in main
    run_phase(phase, cfg, log)
  File "C:\Shanki\VIT CHENNAI\Projs\TransferPred\src\pipeline.py", line 76, in run_phase
    result = apply_lsc(normalize(standardize(ingest(cfg), cfg), cfg), cfg)
  File "C:\Shanki\VIT CHENNAI\Projs\TransferPred\src\data\normalize.py", line 65, in normalize
    log.info(f"  {stat} \u2192 {col_name}")
Message: '  npxg \u2192 npxg_p90'
Arguments: ()
--- Logging error ---
Traceback (most recent call last):
  File "C:\Python314\Lib\logging\__init__.py", line 1154, in emit
    stream.write(msg + self.terminator)
    ~~~~~~~~~~~~^^^^^^^^^^^^^^^^^^^^^^^
  File "C:\Python314\Lib\encodings\cp1252.py", line 19, in encode
    return codecs.charmap_encode(input,self.errors,encoding_table)[0]
           ~~~~~~~~~~~~~~~~~~~~~^^^^^^^^^^^^^^^^^^^^^^^^^^^^^^^^^^
UnicodeEncodeError: 'charmap' codec can't encode character '\u2192' in position 60: character maps to <undefined>
Call stack:
  File "C:\Shanki\VIT CHENNAI\Projs\TransferPred\src\pipeline.py", line 170, in <module>
    main()
  File "C:\Shanki\VIT CHENNAI\Projs\TransferPred\src\pipeline.py", line 150, in main
    run_phase(phase, cfg, log)
  File "C:\Shanki\VIT CHENNAI\Projs\TransferPred\src\pipeline.py", line 76, in run_phase
    result = apply_lsc(normalize(standardize(ingest(cfg), cfg), cfg), cfg)
  File "C:\Shanki\VIT CHENNAI\Projs\TransferPred\src\data\normalize.py", line 65, in normalize
    log.info(f"  {stat} \u2192 {col_name}")
Message: '  prog_carries \u2192 prog_carries_p90'
Arguments: ()
--- Logging error ---
Traceback (most recent call last):
  File "C:\Python314\Lib\logging\__init__.py", line 1154, in emit
    stream.write(msg + self.terminator)
    ~~~~~~~~~~~~^^^^^^^^^^^^^^^^^^^^^^^
  File "C:\Python314\Lib\encodings\cp1252.py", line 19, in encode
    return codecs.charmap_encode(input,self.errors,encoding_table)[0]
           ~~~~~~~~~~~~~~~~~~~~~^^^^^^^^^^^^^^^^^^^^^^^^^^^^^^^^^^
UnicodeEncodeError: 'charmap' codec can't encode character '\u2192' in position 59: character maps to <undefined>
Call stack:
  File "C:\Shanki\VIT CHENNAI\Projs\TransferPred\src\pipeline.py", line 170, in <module>
    main()
  File "C:\Shanki\VIT CHENNAI\Projs\TransferPred\src\pipeline.py", line 150, in main
    run_phase(phase, cfg, log)
  File "C:\Shanki\VIT CHENNAI\Projs\TransferPred\src\pipeline.py", line 76, in run_phase
    result = apply_lsc(normalize(standardize(ingest(cfg), cfg), cfg), cfg)
  File "C:\Shanki\VIT CHENNAI\Projs\TransferPred\src\data\normalize.py", line 65, in normalize
    log.info(f"  {stat} \u2192 {col_name}")
Message: '  prog_passes \u2192 prog_passes_p90'
Arguments: ()
--- Logging error ---
Traceback (most recent call last):
  File "C:\Python314\Lib\logging\__init__.py", line 1154, in emit
    stream.write(msg + self.terminator)
    ~~~~~~~~~~~~^^^^^^^^^^^^^^^^^^^^^^^
  File "C:\Python314\Lib\encodings\cp1252.py", line 19, in encode
    return codecs.charmap_encode(input,self.errors,encoding_table)[0]
           ~~~~~~~~~~~~~~~~~~~~~^^^^^^^^^^^^^^^^^^^^^^^^^^^^^^^^^^
UnicodeEncodeError: 'charmap' codec can't encode character '\u2192' in position 63: character maps to <undefined>
Call stack:
  File "C:\Shanki\VIT CHENNAI\Projs\TransferPred\src\pipeline.py", line 170, in <module>
    main()
  File "C:\Shanki\VIT CHENNAI\Projs\TransferPred\src\pipeline.py", line 150, in main
    run_phase(phase, cfg, log)
  File "C:\Shanki\VIT CHENNAI\Projs\TransferPred\src\pipeline.py", line 76, in run_phase
    result = apply_lsc(normalize(standardize(ingest(cfg), cfg), cfg), cfg)
  File "C:\Shanki\VIT CHENNAI\Projs\TransferPred\src\data\normalize.py", line 65, in normalize
    log.info(f"  {stat} \u2192 {col_name}")
Message: '  prog_receptions \u2192 prog_receptions_p90'
Arguments: ()
--- Logging error ---
Traceback (most recent call last):
  File "C:\Python314\Lib\logging\__init__.py", line 1154, in emit
    stream.write(msg + self.terminator)
    ~~~~~~~~~~~~^^^^^^^^^^^^^^^^^^^^^^^
  File "C:\Python314\Lib\encodings\cp1252.py", line 19, in encode
    return codecs.charmap_encode(input,self.errors,encoding_table)[0]
           ~~~~~~~~~~~~~~~~~~~~~^^^^^^^^^^^^^^^^^^^^^^^^^^^^^^^^^^
UnicodeEncodeError: 'charmap' codec can't encode character '\u2192' in position 58: character maps to <undefined>
Call stack:
  File "C:\Shanki\VIT CHENNAI\Projs\TransferPred\src\pipeline.py", line 170, in <module>
    main()
  File "C:\Shanki\VIT CHENNAI\Projs\TransferPred\src\pipeline.py", line 150, in main
    run_phase(phase, cfg, log)
  File "C:\Shanki\VIT CHENNAI\Projs\TransferPred\src\pipeline.py", line 76, in run_phase
    result = apply_lsc(normalize(standardize(ingest(cfg), cfg), cfg), cfg)
  File "C:\Shanki\VIT CHENNAI\Projs\TransferPred\src\data\normalize.py", line 65, in normalize
    log.info(f"  {stat} \u2192 {col_name}")
Message: '  key_passes \u2192 key_passes_p90'
Arguments: ()
--- Logging error ---
Traceback (most recent call last):
  File "C:\Python314\Lib\logging\__init__.py", line 1154, in emit
    stream.write(msg + self.terminator)
    ~~~~~~~~~~~~^^^^^^^^^^^^^^^^^^^^^^^
  File "C:\Python314\Lib\encodings\cp1252.py", line 19, in encode
    return codecs.charmap_encode(input,self.errors,encoding_table)[0]
           ~~~~~~~~~~~~~~~~~~~~~^^^^^^^^^^^^^^^^^^^^^^^^^^^^^^^^^^
UnicodeEncodeError: 'charmap' codec can't encode character '\u2192' in position 50: character maps to <undefined>
Call stack:
  File "C:\Shanki\VIT CHENNAI\Projs\TransferPred\src\pipeline.py", line 170, in <module>
    main()
  File "C:\Shanki\VIT CHENNAI\Projs\TransferPred\src\pipeline.py", line 150, in main
    run_phase(phase, cfg, log)
  File "C:\Shanki\VIT CHENNAI\Projs\TransferPred\src\pipeline.py", line 76, in run_phase
    result = apply_lsc(normalize(standardize(ingest(cfg), cfg), cfg), cfg)
  File "C:\Shanki\VIT CHENNAI\Projs\TransferPred\src\data\normalize.py", line 65, in normalize
    log.info(f"  {stat} \u2192 {col_name}")
Message: '  xa \u2192 xa_p90'
Arguments: ()
--- Logging error ---
Traceback (most recent call last):
  File "C:\Python314\Lib\logging\__init__.py", line 1154, in emit
    stream.write(msg + self.terminator)
    ~~~~~~~~~~~~^^^^^^^^^^^^^^^^^^^^^^^
  File "C:\Python314\Lib\encodings\cp1252.py", line 19, in encode
    return codecs.charmap_encode(input,self.errors,encoding_table)[0]
           ~~~~~~~~~~~~~~~~~~~~~^^^^^^^^^^^^^^^^^^^^^^^^^^^^^^^^^^
UnicodeEncodeError: 'charmap' codec can't encode character '\u2192' in position 59: character maps to <undefined>
Call stack:
  File "C:\Shanki\VIT CHENNAI\Projs\TransferPred\src\pipeline.py", line 170, in <module>
    main()
  File "C:\Shanki\VIT CHENNAI\Projs\TransferPred\src\pipeline.py", line 150, in main
    run_phase(phase, cfg, log)
  File "C:\Shanki\VIT CHENNAI\Projs\TransferPred\src\pipeline.py", line 76, in run_phase
    result = apply_lsc(normalize(standardize(ingest(cfg), cfg), cfg), cfg)
  File "C:\Shanki\VIT CHENNAI\Projs\TransferPred\src\data\normalize.py", line 65, in normalize
    log.info(f"  {stat} \u2192 {col_name}")
Message: '  tackles_won \u2192 tackles_won_p90'
Arguments: ()
--- Logging error ---
Traceback (most recent call last):
  File "C:\Python314\Lib\logging\__init__.py", line 1154, in emit
    stream.write(msg + self.terminator)
    ~~~~~~~~~~~~^^^^^^^^^^^^^^^^^^^^^^^
  File "C:\Python314\Lib\encodings\cp1252.py", line 19, in encode
    return codecs.charmap_encode(input,self.errors,encoding_table)[0]
           ~~~~~~~~~~~~~~~~~~~~~^^^^^^^^^^^^^^^^^^^^^^^^^^^^^^^^^^
UnicodeEncodeError: 'charmap' codec can't encode character '\u2192' in position 61: character maps to <undefined>
Call stack:
  File "C:\Shanki\VIT CHENNAI\Projs\TransferPred\src\pipeline.py", line 170, in <module>
    main()
  File "C:\Shanki\VIT CHENNAI\Projs\TransferPred\src\pipeline.py", line 150, in main
    run_phase(phase, cfg, log)
  File "C:\Shanki\VIT CHENNAI\Projs\TransferPred\src\pipeline.py", line 76, in run_phase
    result = apply_lsc(normalize(standardize(ingest(cfg), cfg), cfg), cfg)
  File "C:\Shanki\VIT CHENNAI\Projs\TransferPred\src\data\normalize.py", line 65, in normalize
    log.info(f"  {stat} \u2192 {col_name}")
Message: '  interceptions \u2192 interceptions_p90'
Arguments: ()
--- Logging error ---
Traceback (most recent call last):
  File "C:\Python314\Lib\logging\__init__.py", line 1154, in emit
    stream.write(msg + self.terminator)
    ~~~~~~~~~~~~^^^^^^^^^^^^^^^^^^^^^^^
  File "C:\Python314\Lib\encodings\cp1252.py", line 19, in encode
    return codecs.charmap_encode(input,self.errors,encoding_table)[0]
           ~~~~~~~~~~~~~~~~~~~~~^^^^^^^^^^^^^^^^^^^^^^^^^^^^^^^^^^
UnicodeEncodeError: 'charmap' codec can't encode character '\u2192' in position 58: character maps to <undefined>
Call stack:
  File "C:\Shanki\VIT CHENNAI\Projs\TransferPred\src\pipeline.py", line 170, in <module>
    main()
  File "C:\Shanki\VIT CHENNAI\Projs\TransferPred\src\pipeline.py", line 150, in main
    run_phase(phase, cfg, log)
  File "C:\Shanki\VIT CHENNAI\Projs\TransferPred\src\pipeline.py", line 76, in run_phase
    result = apply_lsc(normalize(standardize(ingest(cfg), cfg), cfg), cfg)
  File "C:\Shanki\VIT CHENNAI\Projs\TransferPred\src\data\normalize.py", line 65, in normalize
    log.info(f"  {stat} \u2192 {col_name}")
Message: '  clearances \u2192 clearances_p90'
Arguments: ()
--- Logging error ---
Traceback (most recent call last):
  File "C:\Python314\Lib\logging\__init__.py", line 1154, in emit
    stream.write(msg + self.terminator)
    ~~~~~~~~~~~~^^^^^^^^^^^^^^^^^^^^^^^
  File "C:\Python314\Lib\encodings\cp1252.py", line 19, in encode
    return codecs.charmap_encode(input,self.errors,encoding_table)[0]
           ~~~~~~~~~~~~~~~~~~~~~^^^^^^^^^^^^^^^^^^^^^^^^^^^^^^^^^^
UnicodeEncodeError: 'charmap' codec can't encode character '\u2192' in position 55: character maps to <undefined>
Call stack:
  File "C:\Shanki\VIT CHENNAI\Projs\TransferPred\src\pipeline.py", line 170, in <module>
    main()
  File "C:\Shanki\VIT CHENNAI\Projs\TransferPred\src\pipeline.py", line 150, in main
    run_phase(phase, cfg, log)
  File "C:\Shanki\VIT CHENNAI\Projs\TransferPred\src\pipeline.py", line 76, in run_phase
    result = apply_lsc(normalize(standardize(ingest(cfg), cfg), cfg), cfg)
  File "C:\Shanki\VIT CHENNAI\Projs\TransferPred\src\data\normalize.py", line 65, in normalize
    log.info(f"  {stat} \u2192 {col_name}")
Message: '  carries \u2192 carries_p90'
Arguments: ()
--- Logging error ---
Traceback (most recent call last):
  File "C:\Python314\Lib\logging\__init__.py", line 1154, in emit
    stream.write(msg + self.terminator)
    ~~~~~~~~~~~~^^^^^^^^^^^^^^^^^^^^^^^
  File "C:\Python314\Lib\encodings\cp1252.py", line 19, in encode
    return codecs.charmap_encode(input,self.errors,encoding_table)[0]
           ~~~~~~~~~~~~~~~~~~~~~^^^^^^^^^^^^^^^^^^^^^^^^^^^^^^^^^^
UnicodeEncodeError: 'charmap' codec can't encode character '\u2192' in position 55: character maps to <undefined>
Call stack:
  File "C:\Shanki\VIT CHENNAI\Projs\TransferPred\src\pipeline.py", line 170, in <module>
    main()
  File "C:\Shanki\VIT CHENNAI\Projs\TransferPred\src\pipeline.py", line 150, in main
    run_phase(phase, cfg, log)
  File "C:\Shanki\VIT CHENNAI\Projs\TransferPred\src\pipeline.py", line 76, in run_phase
    result = apply_lsc(normalize(standardize(ingest(cfg), cfg), cfg), cfg)
  File "C:\Shanki\VIT CHENNAI\Projs\TransferPred\src\data\normalize.py", line 65, in normalize
    log.info(f"  {stat} \u2192 {col_name}")
Message: '  touches \u2192 touches_p90'
Arguments: ()
2026-02-28 03:30:41 | INFO     | normalize | Computing league z-scores...
--- Logging error ---
Traceback (most recent call last):
  File "C:\Python314\Lib\logging\__init__.py", line 1154, in emit
    stream.write(msg + self.terminator)
    ~~~~~~~~~~~~^^^^^^^^^^^^^^^^^^^^^^^
  File "C:\Python314\Lib\encodings\cp1252.py", line 19, in encode
    return codecs.charmap_encode(input,self.errors,encoding_table)[0]
           ~~~~~~~~~~~~~~~~~~~~~^^^^^^^^^^^^^^^^^^^^^^^^^^^^^^^^^^
UnicodeEncodeError: 'charmap' codec can't encode character '\u2192' in position 57: character maps to <undefined>
Call stack:
  File "C:\Shanki\VIT CHENNAI\Projs\TransferPred\src\pipeline.py", line 170, in <module>
    main()
  File "C:\Shanki\VIT CHENNAI\Projs\TransferPred\src\pipeline.py", line 150, in main
    run_phase(phase, cfg, log)
  File "C:\Shanki\VIT CHENNAI\Projs\TransferPred\src\pipeline.py", line 76, in run_phase
    result = apply_lsc(normalize(standardize(ingest(cfg), cfg), cfg), cfg)
  File "C:\Shanki\VIT CHENNAI\Projs\TransferPred\src\data\normalize.py", line 88, in normalize
    log.info(f"  {col} \u2192 {z_col}")
Message: '  goals_p90 \u2192 goals_zscore'
Arguments: ()
--- Logging error ---
Traceback (most recent call last):
  File "C:\Python314\Lib\logging\__init__.py", line 1154, in emit
    stream.write(msg + self.terminator)
    ~~~~~~~~~~~~^^^^^^^^^^^^^^^^^^^^^^^
  File "C:\Python314\Lib\encodings\cp1252.py", line 19, in encode
    return codecs.charmap_encode(input,self.errors,encoding_table)[0]
           ~~~~~~~~~~~~~~~~~~~~~^^^^^^^^^^^^^^^^^^^^^^^^^^^^^^^^^^
UnicodeEncodeError: 'charmap' codec can't encode character '\u2192' in position 59: character maps to <undefined>
Call stack:
  File "C:\Shanki\VIT CHENNAI\Projs\TransferPred\src\pipeline.py", line 170, in <module>
    main()
  File "C:\Shanki\VIT CHENNAI\Projs\TransferPred\src\pipeline.py", line 150, in main
    run_phase(phase, cfg, log)
  File "C:\Shanki\VIT CHENNAI\Projs\TransferPred\src\pipeline.py", line 76, in run_phase
    result = apply_lsc(normalize(standardize(ingest(cfg), cfg), cfg), cfg)
  File "C:\Shanki\VIT CHENNAI\Projs\TransferPred\src\data\normalize.py", line 88, in normalize
    log.info(f"  {col} \u2192 {z_col}")
Message: '  assists_p90 \u2192 assists_zscore'
Arguments: ()
--- Logging error ---
Traceback (most recent call last):
  File "C:\Python314\Lib\logging\__init__.py", line 1154, in emit
    stream.write(msg + self.terminator)
    ~~~~~~~~~~~~^^^^^^^^^^^^^^^^^^^^^^^
  File "C:\Python314\Lib\encodings\cp1252.py", line 19, in encode
    return codecs.charmap_encode(input,self.errors,encoding_table)[0]
           ~~~~~~~~~~~~~~~~~~~~~^^^^^^^^^^^^^^^^^^^^^^^^^^^^^^^^^^
UnicodeEncodeError: 'charmap' codec can't encode character '\u2192' in position 54: character maps to <undefined>
Call stack:
  File "C:\Shanki\VIT CHENNAI\Projs\TransferPred\src\pipeline.py", line 170, in <module>
    main()
  File "C:\Shanki\VIT CHENNAI\Projs\TransferPred\src\pipeline.py", line 150, in main
    run_phase(phase, cfg, log)
  File "C:\Shanki\VIT CHENNAI\Projs\TransferPred\src\pipeline.py", line 76, in run_phase
    result = apply_lsc(normalize(standardize(ingest(cfg), cfg), cfg), cfg)
  File "C:\Shanki\VIT CHENNAI\Projs\TransferPred\src\data\normalize.py", line 88, in normalize
    log.info(f"  {col} \u2192 {z_col}")
Message: '  xg_p90 \u2192 xg_zscore'
Arguments: ()
--- Logging error ---
Traceback (most recent call last):
  File "C:\Python314\Lib\logging\__init__.py", line 1154, in emit
    stream.write(msg + self.terminator)
    ~~~~~~~~~~~~^^^^^^^^^^^^^^^^^^^^^^^
  File "C:\Python314\Lib\encodings\cp1252.py", line 19, in encode
    return codecs.charmap_encode(input,self.errors,encoding_table)[0]
           ~~~~~~~~~~~~~~~~~~~~~^^^^^^^^^^^^^^^^^^^^^^^^^^^^^^^^^^
UnicodeEncodeError: 'charmap' codec can't encode character '\u2192' in position 55: character maps to <undefined>
Call stack:
  File "C:\Shanki\VIT CHENNAI\Projs\TransferPred\src\pipeline.py", line 170, in <module>
    main()
  File "C:\Shanki\VIT CHENNAI\Projs\TransferPred\src\pipeline.py", line 150, in main
    run_phase(phase, cfg, log)
  File "C:\Shanki\VIT CHENNAI\Projs\TransferPred\src\pipeline.py", line 76, in run_phase
    result = apply_lsc(normalize(standardize(ingest(cfg), cfg), cfg), cfg)
  File "C:\Shanki\VIT CHENNAI\Projs\TransferPred\src\data\normalize.py", line 88, in normalize
    log.info(f"  {col} \u2192 {z_col}")
Message: '  xag_p90 \u2192 xag_zscore'
Arguments: ()
--- Logging error ---
Traceback (most recent call last):
  File "C:\Python314\Lib\logging\__init__.py", line 1154, in emit
    stream.write(msg + self.terminator)
    ~~~~~~~~~~~~^^^^^^^^^^^^^^^^^^^^^^^
  File "C:\Python314\Lib\encodings\cp1252.py", line 19, in encode
    return codecs.charmap_encode(input,self.errors,encoding_table)[0]
           ~~~~~~~~~~~~~~~~~~~~~^^^^^^^^^^^^^^^^^^^^^^^^^^^^^^^^^^
UnicodeEncodeError: 'charmap' codec can't encode character '\u2192' in position 56: character maps to <undefined>
Call stack:
  File "C:\Shanki\VIT CHENNAI\Projs\TransferPred\src\pipeline.py", line 170, in <module>
    main()
  File "C:\Shanki\VIT CHENNAI\Projs\TransferPred\src\pipeline.py", line 150, in main
    run_phase(phase, cfg, log)
  File "C:\Shanki\VIT CHENNAI\Projs\TransferPred\src\pipeline.py", line 76, in run_phase
    result = apply_lsc(normalize(standardize(ingest(cfg), cfg), cfg), cfg)
  File "C:\Shanki\VIT CHENNAI\Projs\TransferPred\src\data\normalize.py", line 88, in normalize
    log.info(f"  {col} \u2192 {z_col}")
Message: '  npxg_p90 \u2192 npxg_zscore'
Arguments: ()
--- Logging error ---
Traceback (most recent call last):
  File "C:\Python314\Lib\logging\__init__.py", line 1154, in emit
    stream.write(msg + self.terminator)
    ~~~~~~~~~~~~^^^^^^^^^^^^^^^^^^^^^^^
  File "C:\Python314\Lib\encodings\cp1252.py", line 19, in encode
    return codecs.charmap_encode(input,self.errors,encoding_table)[0]
           ~~~~~~~~~~~~~~~~~~~~~^^^^^^^^^^^^^^^^^^^^^^^^^^^^^^^^^^
UnicodeEncodeError: 'charmap' codec can't encode character '\u2192' in position 64: character maps to <undefined>
Call stack:
  File "C:\Shanki\VIT CHENNAI\Projs\TransferPred\src\pipeline.py", line 170, in <module>
    main()
  File "C:\Shanki\VIT CHENNAI\Projs\TransferPred\src\pipeline.py", line 150, in main
    run_phase(phase, cfg, log)
  File "C:\Shanki\VIT CHENNAI\Projs\TransferPred\src\pipeline.py", line 76, in run_phase
    result = apply_lsc(normalize(standardize(ingest(cfg), cfg), cfg), cfg)
  File "C:\Shanki\VIT CHENNAI\Projs\TransferPred\src\data\normalize.py", line 88, in normalize
    log.info(f"  {col} \u2192 {z_col}")
Message: '  prog_carries_p90 \u2192 prog_carries_zscore'
Arguments: ()
--- Logging error ---
Traceback (most recent call last):
  File "C:\Python314\Lib\logging\__init__.py", line 1154, in emit
    stream.write(msg + self.terminator)
    ~~~~~~~~~~~~^^^^^^^^^^^^^^^^^^^^^^^
  File "C:\Python314\Lib\encodings\cp1252.py", line 19, in encode
    return codecs.charmap_encode(input,self.errors,encoding_table)[0]
           ~~~~~~~~~~~~~~~~~~~~~^^^^^^^^^^^^^^^^^^^^^^^^^^^^^^^^^^
UnicodeEncodeError: 'charmap' codec can't encode character '\u2192' in position 63: character maps to <undefined>
Call stack:
  File "C:\Shanki\VIT CHENNAI\Projs\TransferPred\src\pipeline.py", line 170, in <module>
    main()
  File "C:\Shanki\VIT CHENNAI\Projs\TransferPred\src\pipeline.py", line 150, in main
    run_phase(phase, cfg, log)
  File "C:\Shanki\VIT CHENNAI\Projs\TransferPred\src\pipeline.py", line 76, in run_phase
    result = apply_lsc(normalize(standardize(ingest(cfg), cfg), cfg), cfg)
  File "C:\Shanki\VIT CHENNAI\Projs\TransferPred\src\data\normalize.py", line 88, in normalize
    log.info(f"  {col} \u2192 {z_col}")
Message: '  prog_passes_p90 \u2192 prog_passes_zscore'
Arguments: ()
--- Logging error ---
Traceback (most recent call last):
  File "C:\Python314\Lib\logging\__init__.py", line 1154, in emit
    stream.write(msg + self.terminator)
    ~~~~~~~~~~~~^^^^^^^^^^^^^^^^^^^^^^^
  File "C:\Python314\Lib\encodings\cp1252.py", line 19, in encode
    return codecs.charmap_encode(input,self.errors,encoding_table)[0]
           ~~~~~~~~~~~~~~~~~~~~~^^^^^^^^^^^^^^^^^^^^^^^^^^^^^^^^^^
UnicodeEncodeError: 'charmap' codec can't encode character '\u2192' in position 67: character maps to <undefined>
Call stack:
  File "C:\Shanki\VIT CHENNAI\Projs\TransferPred\src\pipeline.py", line 170, in <module>
    main()
  File "C:\Shanki\VIT CHENNAI\Projs\TransferPred\src\pipeline.py", line 150, in main
    run_phase(phase, cfg, log)
  File "C:\Shanki\VIT CHENNAI\Projs\TransferPred\src\pipeline.py", line 76, in run_phase
    result = apply_lsc(normalize(standardize(ingest(cfg), cfg), cfg), cfg)
  File "C:\Shanki\VIT CHENNAI\Projs\TransferPred\src\data\normalize.py", line 88, in normalize
    log.info(f"  {col} \u2192 {z_col}")
Message: '  prog_receptions_p90 \u2192 prog_receptions_zscore'
Arguments: ()
--- Logging error ---
Traceback (most recent call last):
  File "C:\Python314\Lib\logging\__init__.py", line 1154, in emit
    stream.write(msg + self.terminator)
    ~~~~~~~~~~~~^^^^^^^^^^^^^^^^^^^^^^^
  File "C:\Python314\Lib\encodings\cp1252.py", line 19, in encode
    return codecs.charmap_encode(input,self.errors,encoding_table)[0]
           ~~~~~~~~~~~~~~~~~~~~~^^^^^^^^^^^^^^^^^^^^^^^^^^^^^^^^^^
UnicodeEncodeError: 'charmap' codec can't encode character '\u2192' in position 62: character maps to <undefined>
Call stack:
  File "C:\Shanki\VIT CHENNAI\Projs\TransferPred\src\pipeline.py", line 170, in <module>
    main()
  File "C:\Shanki\VIT CHENNAI\Projs\TransferPred\src\pipeline.py", line 150, in main
    run_phase(phase, cfg, log)
  File "C:\Shanki\VIT CHENNAI\Projs\TransferPred\src\pipeline.py", line 76, in run_phase
    result = apply_lsc(normalize(standardize(ingest(cfg), cfg), cfg), cfg)
  File "C:\Shanki\VIT CHENNAI\Projs\TransferPred\src\data\normalize.py", line 88, in normalize
    log.info(f"  {col} \u2192 {z_col}")
Message: '  key_passes_p90 \u2192 key_passes_zscore'
Arguments: ()
--- Logging error ---
Traceback (most recent call last):
  File "C:\Python314\Lib\logging\__init__.py", line 1154, in emit
    stream.write(msg + self.terminator)
    ~~~~~~~~~~~~^^^^^^^^^^^^^^^^^^^^^^^
  File "C:\Python314\Lib\encodings\cp1252.py", line 19, in encode
    return codecs.charmap_encode(input,self.errors,encoding_table)[0]
           ~~~~~~~~~~~~~~~~~~~~~^^^^^^^^^^^^^^^^^^^^^^^^^^^^^^^^^^
UnicodeEncodeError: 'charmap' codec can't encode character '\u2192' in position 54: character maps to <undefined>
Call stack:
  File "C:\Shanki\VIT CHENNAI\Projs\TransferPred\src\pipeline.py", line 170, in <module>
    main()
  File "C:\Shanki\VIT CHENNAI\Projs\TransferPred\src\pipeline.py", line 150, in main
    run_phase(phase, cfg, log)
  File "C:\Shanki\VIT CHENNAI\Projs\TransferPred\src\pipeline.py", line 76, in run_phase
    result = apply_lsc(normalize(standardize(ingest(cfg), cfg), cfg), cfg)
  File "C:\Shanki\VIT CHENNAI\Projs\TransferPred\src\data\normalize.py", line 88, in normalize
    log.info(f"  {col} \u2192 {z_col}")
Message: '  xa_p90 \u2192 xa_zscore'
Arguments: ()
--- Logging error ---
Traceback (most recent call last):
  File "C:\Python314\Lib\logging\__init__.py", line 1154, in emit
    stream.write(msg + self.terminator)
    ~~~~~~~~~~~~^^^^^^^^^^^^^^^^^^^^^^^
  File "C:\Python314\Lib\encodings\cp1252.py", line 19, in encode
    return codecs.charmap_encode(input,self.errors,encoding_table)[0]
           ~~~~~~~~~~~~~~~~~~~~~^^^^^^^^^^^^^^^^^^^^^^^^^^^^^^^^^^
UnicodeEncodeError: 'charmap' codec can't encode character '\u2192' in position 63: character maps to <undefined>
Call stack:
  File "C:\Shanki\VIT CHENNAI\Projs\TransferPred\src\pipeline.py", line 170, in <module>
    main()
  File "C:\Shanki\VIT CHENNAI\Projs\TransferPred\src\pipeline.py", line 150, in main
    run_phase(phase, cfg, log)
  File "C:\Shanki\VIT CHENNAI\Projs\TransferPred\src\pipeline.py", line 76, in run_phase
    result = apply_lsc(normalize(standardize(ingest(cfg), cfg), cfg), cfg)
  File "C:\Shanki\VIT CHENNAI\Projs\TransferPred\src\data\normalize.py", line 88, in normalize
    log.info(f"  {col} \u2192 {z_col}")
Message: '  tackles_won_p90 \u2192 tackles_won_zscore'
Arguments: ()
--- Logging error ---
Traceback (most recent call last):
  File "C:\Python314\Lib\logging\__init__.py", line 1154, in emit
    stream.write(msg + self.terminator)
    ~~~~~~~~~~~~^^^^^^^^^^^^^^^^^^^^^^^
  File "C:\Python314\Lib\encodings\cp1252.py", line 19, in encode
    return codecs.charmap_encode(input,self.errors,encoding_table)[0]
           ~~~~~~~~~~~~~~~~~~~~~^^^^^^^^^^^^^^^^^^^^^^^^^^^^^^^^^^
UnicodeEncodeError: 'charmap' codec can't encode character '\u2192' in position 65: character maps to <undefined>
Call stack:
  File "C:\Shanki\VIT CHENNAI\Projs\TransferPred\src\pipeline.py", line 170, in <module>
    main()
  File "C:\Shanki\VIT CHENNAI\Projs\TransferPred\src\pipeline.py", line 150, in main
    run_phase(phase, cfg, log)
  File "C:\Shanki\VIT CHENNAI\Projs\TransferPred\src\pipeline.py", line 76, in run_phase
    result = apply_lsc(normalize(standardize(ingest(cfg), cfg), cfg), cfg)
  File "C:\Shanki\VIT CHENNAI\Projs\TransferPred\src\data\normalize.py", line 88, in normalize
    log.info(f"  {col} \u2192 {z_col}")
Message: '  interceptions_p90 \u2192 interceptions_zscore'
Arguments: ()
--- Logging error ---
Traceback (most recent call last):
  File "C:\Python314\Lib\logging\__init__.py", line 1154, in emit
    stream.write(msg + self.terminator)
    ~~~~~~~~~~~~^^^^^^^^^^^^^^^^^^^^^^^
  File "C:\Python314\Lib\encodings\cp1252.py", line 19, in encode
    return codecs.charmap_encode(input,self.errors,encoding_table)[0]
           ~~~~~~~~~~~~~~~~~~~~~^^^^^^^^^^^^^^^^^^^^^^^^^^^^^^^^^^
UnicodeEncodeError: 'charmap' codec can't encode character '\u2192' in position 62: character maps to <undefined>
Call stack:
  File "C:\Shanki\VIT CHENNAI\Projs\TransferPred\src\pipeline.py", line 170, in <module>
    main()
  File "C:\Shanki\VIT CHENNAI\Projs\TransferPred\src\pipeline.py", line 150, in main
    run_phase(phase, cfg, log)
  File "C:\Shanki\VIT CHENNAI\Projs\TransferPred\src\pipeline.py", line 76, in run_phase
    result = apply_lsc(normalize(standardize(ingest(cfg), cfg), cfg), cfg)
  File "C:\Shanki\VIT CHENNAI\Projs\TransferPred\src\data\normalize.py", line 88, in normalize
    log.info(f"  {col} \u2192 {z_col}")
Message: '  clearances_p90 \u2192 clearances_zscore'
Arguments: ()
--- Logging error ---
Traceback (most recent call last):
  File "C:\Python314\Lib\logging\__init__.py", line 1154, in emit
    stream.write(msg + self.terminator)
    ~~~~~~~~~~~~^^^^^^^^^^^^^^^^^^^^^^^
  File "C:\Python314\Lib\encodings\cp1252.py", line 19, in encode
    return codecs.charmap_encode(input,self.errors,encoding_table)[0]
           ~~~~~~~~~~~~~~~~~~~~~^^^^^^^^^^^^^^^^^^^^^^^^^^^^^^^^^^
UnicodeEncodeError: 'charmap' codec can't encode character '\u2192' in position 59: character maps to <undefined>
Call stack:
  File "C:\Shanki\VIT CHENNAI\Projs\TransferPred\src\pipeline.py", line 170, in <module>
    main()
  File "C:\Shanki\VIT CHENNAI\Projs\TransferPred\src\pipeline.py", line 150, in main
    run_phase(phase, cfg, log)
  File "C:\Shanki\VIT CHENNAI\Projs\TransferPred\src\pipeline.py", line 76, in run_phase
    result = apply_lsc(normalize(standardize(ingest(cfg), cfg), cfg), cfg)
  File "C:\Shanki\VIT CHENNAI\Projs\TransferPred\src\data\normalize.py", line 88, in normalize
    log.info(f"  {col} \u2192 {z_col}")
Message: '  carries_p90 \u2192 carries_zscore'
Arguments: ()
--- Logging error ---
Traceback (most recent call last):
  File "C:\Python314\Lib\logging\__init__.py", line 1154, in emit
    stream.write(msg + self.terminator)
    ~~~~~~~~~~~~^^^^^^^^^^^^^^^^^^^^^^^
  File "C:\Python314\Lib\encodings\cp1252.py", line 19, in encode
    return codecs.charmap_encode(input,self.errors,encoding_table)[0]
           ~~~~~~~~~~~~~~~~~~~~~^^^^^^^^^^^^^^^^^^^^^^^^^^^^^^^^^^
UnicodeEncodeError: 'charmap' codec can't encode character '\u2192' in position 59: character maps to <undefined>
Call stack:
  File "C:\Shanki\VIT CHENNAI\Projs\TransferPred\src\pipeline.py", line 170, in <module>
    main()
  File "C:\Shanki\VIT CHENNAI\Projs\TransferPred\src\pipeline.py", line 150, in main
    run_phase(phase, cfg, log)
  File "C:\Shanki\VIT CHENNAI\Projs\TransferPred\src\pipeline.py", line 76, in run_phase
    result = apply_lsc(normalize(standardize(ingest(cfg), cfg), cfg), cfg)
  File "C:\Shanki\VIT CHENNAI\Projs\TransferPred\src\data\normalize.py", line 88, in normalize
    log.info(f"  {col} \u2192 {z_col}")
Message: '  touches_p90 \u2192 touches_zscore'
Arguments: ()
--- Logging error ---
Traceback (most recent call last):
  File "C:\Python314\Lib\logging\__init__.py", line 1154, in emit
    stream.write(msg + self.terminator)
    ~~~~~~~~~~~~^^^^^^^^^^^^^^^^^^^^^^^
  File "C:\Python314\Lib\encodings\cp1252.py", line 19, in encode
    return codecs.charmap_encode(input,self.errors,encoding_table)[0]
           ~~~~~~~~~~~~~~~~~~~~~^^^^^^^^^^^^^^^^^^^^^^^^^^^^^^^^^^
UnicodeEncodeError: 'charmap' codec can't encode character '\u2192' in position 57: character maps to <undefined>
Call stack:
  File "C:\Shanki\VIT CHENNAI\Projs\TransferPred\src\pipeline.py", line 170, in <module>
    main()
  File "C:\Shanki\VIT CHENNAI\Projs\TransferPred\src\pipeline.py", line 150, in main
    run_phase(phase, cfg, log)
  File "C:\Shanki\VIT CHENNAI\Projs\TransferPred\src\pipeline.py", line 76, in run_phase
    result = apply_lsc(normalize(standardize(ingest(cfg), cfg), cfg), cfg)
  File "C:\Shanki\VIT CHENNAI\Projs\TransferPred\src\data\normalize.py", line 88, in normalize
    log.info(f"  {col} \u2192 {z_col}")
Message: '  shots_p90 \u2192 shots_zscore'
Arguments: ()
--- Logging error ---
Traceback (most recent call last):
  File "C:\Python314\Lib\logging\__init__.py", line 1154, in emit
    stream.write(msg + self.terminator)
    ~~~~~~~~~~~~^^^^^^^^^^^^^^^^^^^^^^^
  File "C:\Python314\Lib\encodings\cp1252.py", line 19, in encode
    return codecs.charmap_encode(input,self.errors,encoding_table)[0]
           ~~~~~~~~~~~~~~~~~~~~~^^^^^^^^^^^^^^^^^^^^^^^^^^^^^^^^^^
UnicodeEncodeError: 'charmap' codec can't encode character '\u2192' in position 67: character maps to <undefined>
Call stack:
  File "C:\Shanki\VIT CHENNAI\Projs\TransferPred\src\pipeline.py", line 170, in <module>
    main()
  File "C:\Shanki\VIT CHENNAI\Projs\TransferPred\src\pipeline.py", line 150, in main
    run_phase(phase, cfg, log)
  File "C:\Shanki\VIT CHENNAI\Projs\TransferPred\src\pipeline.py", line 76, in run_phase
    result = apply_lsc(normalize(standardize(ingest(cfg), cfg), cfg), cfg)
  File "C:\Shanki\VIT CHENNAI\Projs\TransferPred\src\data\normalize.py", line 88, in normalize
    log.info(f"  {col} \u2192 {z_col}")
Message: '  shots_on_target_p90 \u2192 shots_on_target_zscore'
Arguments: ()
--- Logging error ---
Traceback (most recent call last):
  File "C:\Python314\Lib\logging\__init__.py", line 1154, in emit
    stream.write(msg + self.terminator)
    ~~~~~~~~~~~~^^^^^^^^^^^^^^^^^^^^^^^
  File "C:\Python314\Lib\encodings\cp1252.py", line 19, in encode
    return codecs.charmap_encode(input,self.errors,encoding_table)[0]
           ~~~~~~~~~~~~~~~~~~~~~^^^^^^^^^^^^^^^^^^^^^^^^^^^^^^^^^^
UnicodeEncodeError: 'charmap' codec can't encode character '\u2192' in position 67: character maps to <undefined>
Call stack:
  File "C:\Shanki\VIT CHENNAI\Projs\TransferPred\src\pipeline.py", line 170, in <module>
    main()
  File "C:\Shanki\VIT CHENNAI\Projs\TransferPred\src\pipeline.py", line 150, in main
    run_phase(phase, cfg, log)
  File "C:\Shanki\VIT CHENNAI\Projs\TransferPred\src\pipeline.py", line 76, in run_phase
    result = apply_lsc(normalize(standardize(ingest(cfg), cfg), cfg), cfg)
  File "C:\Shanki\VIT CHENNAI\Projs\TransferPred\src\data\normalize.py", line 88, in normalize
    log.info(f"  {col} \u2192 {z_col}")
Message: '  pass_completion_pct \u2192 pass_completion_zscore'
Arguments: ()
2026-02-28 03:30:41 | INFO     | normalize | Shape after normalization: (699, 57)
2026-02-28 03:30:41 | INFO     | normalize | Saved: C:\Shanki\VIT CHENNAI\Projs\TransferPred\data\interim\normalized.csv
2026-02-28 03:30:41 | INFO     | normalize | === Phase 1 — Normalize: DONE ===
2026-02-28 03:30:41 | INFO     | league_strength | === Phase 1 — League Strength Coefficient: START ===
2026-02-28 03:30:41 | INFO     | league_strength | LSC map: {'Premier League': 1.0, 'Bundesliga': 0.88, 'La Liga': 0.93, 'Serie A': 0.88, 'Ligue 1': 0.82}
2026-02-28 03:30:41 | INFO     | league_strength | Reference LSC (Premier League): 1.0
--- Logging error ---
Traceback (most recent call last):
  File "C:\Python314\Lib\logging\__init__.py", line 1154, in emit
    stream.write(msg + self.terminator)
    ~~~~~~~~~~~~^^^^^^^^^^^^^^^^^^^^^^^
  File "C:\Python314\Lib\encodings\cp1252.py", line 19, in encode
    return codecs.charmap_encode(input,self.errors,encoding_table)[0]
           ~~~~~~~~~~~~~~~~~~~~~^^^^^^^^^^^^^^^^^^^^^^^^^^^^^^^^^^
UnicodeEncodeError: 'charmap' codec can't encode character '\u2192' in position 63: character maps to <undefined>
Call stack:
  File "C:\Shanki\VIT CHENNAI\Projs\TransferPred\src\pipeline.py", line 170, in <module>
    main()
  File "C:\Shanki\VIT CHENNAI\Projs\TransferPred\src\pipeline.py", line 150, in main
    run_phase(phase, cfg, log)
  File "C:\Shanki\VIT CHENNAI\Projs\TransferPred\src\pipeline.py", line 76, in run_phase
    result = apply_lsc(normalize(standardize(ingest(cfg), cfg), cfg), cfg)
  File "C:\Shanki\VIT CHENNAI\Projs\TransferPred\src\data\league_strength.py", line 82, in apply_lsc
    log.info(f"  {col} \u2192 {adj_col}")
Message: '  goals_p90 \u2192 lsc_adj_goals_p90'
Arguments: ()
--- Logging error ---
Traceback (most recent call last):
  File "C:\Python314\Lib\logging\__init__.py", line 1154, in emit
    stream.write(msg + self.terminator)
    ~~~~~~~~~~~~^^^^^^^^^^^^^^^^^^^^^^^
  File "C:\Python314\Lib\encodings\cp1252.py", line 19, in encode
    return codecs.charmap_encode(input,self.errors,encoding_table)[0]
           ~~~~~~~~~~~~~~~~~~~~~^^^^^^^^^^^^^^^^^^^^^^^^^^^^^^^^^^
UnicodeEncodeError: 'charmap' codec can't encode character '\u2192' in position 65: character maps to <undefined>
Call stack:
  File "C:\Shanki\VIT CHENNAI\Projs\TransferPred\src\pipeline.py", line 170, in <module>
    main()
  File "C:\Shanki\VIT CHENNAI\Projs\TransferPred\src\pipeline.py", line 150, in main
    run_phase(phase, cfg, log)
  File "C:\Shanki\VIT CHENNAI\Projs\TransferPred\src\pipeline.py", line 76, in run_phase
    result = apply_lsc(normalize(standardize(ingest(cfg), cfg), cfg), cfg)
  File "C:\Shanki\VIT CHENNAI\Projs\TransferPred\src\data\league_strength.py", line 82, in apply_lsc
    log.info(f"  {col} \u2192 {adj_col}")
Message: '  assists_p90 \u2192 lsc_adj_assists_p90'
Arguments: ()
--- Logging error ---
Traceback (most recent call last):
  File "C:\Python314\Lib\logging\__init__.py", line 1154, in emit
    stream.write(msg + self.terminator)
    ~~~~~~~~~~~~^^^^^^^^^^^^^^^^^^^^^^^
  File "C:\Python314\Lib\encodings\cp1252.py", line 19, in encode
    return codecs.charmap_encode(input,self.errors,encoding_table)[0]
           ~~~~~~~~~~~~~~~~~~~~~^^^^^^^^^^^^^^^^^^^^^^^^^^^^^^^^^^
UnicodeEncodeError: 'charmap' codec can't encode character '\u2192' in position 60: character maps to <undefined>
Call stack:
  File "C:\Shanki\VIT CHENNAI\Projs\TransferPred\src\pipeline.py", line 170, in <module>
    main()
  File "C:\Shanki\VIT CHENNAI\Projs\TransferPred\src\pipeline.py", line 150, in main
    run_phase(phase, cfg, log)
  File "C:\Shanki\VIT CHENNAI\Projs\TransferPred\src\pipeline.py", line 76, in run_phase
    result = apply_lsc(normalize(standardize(ingest(cfg), cfg), cfg), cfg)
  File "C:\Shanki\VIT CHENNAI\Projs\TransferPred\src\data\league_strength.py", line 82, in apply_lsc
    log.info(f"  {col} \u2192 {adj_col}")
Message: '  xg_p90 \u2192 lsc_adj_xg_p90'
Arguments: ()
--- Logging error ---
Traceback (most recent call last):
  File "C:\Python314\Lib\logging\__init__.py", line 1154, in emit
    stream.write(msg + self.terminator)
    ~~~~~~~~~~~~^^^^^^^^^^^^^^^^^^^^^^^
  File "C:\Python314\Lib\encodings\cp1252.py", line 19, in encode
    return codecs.charmap_encode(input,self.errors,encoding_table)[0]
           ~~~~~~~~~~~~~~~~~~~~~^^^^^^^^^^^^^^^^^^^^^^^^^^^^^^^^^^
UnicodeEncodeError: 'charmap' codec can't encode character '\u2192' in position 61: character maps to <undefined>
Call stack:
  File "C:\Shanki\VIT CHENNAI\Projs\TransferPred\src\pipeline.py", line 170, in <module>
    main()
  File "C:\Shanki\VIT CHENNAI\Projs\TransferPred\src\pipeline.py", line 150, in main
    run_phase(phase, cfg, log)
  File "C:\Shanki\VIT CHENNAI\Projs\TransferPred\src\pipeline.py", line 76, in run_phase
    result = apply_lsc(normalize(standardize(ingest(cfg), cfg), cfg), cfg)
  File "C:\Shanki\VIT CHENNAI\Projs\TransferPred\src\data\league_strength.py", line 82, in apply_lsc
    log.info(f"  {col} \u2192 {adj_col}")
Message: '  xag_p90 \u2192 lsc_adj_xag_p90'
Arguments: ()
--- Logging error ---
Traceback (most recent call last):
  File "C:\Python314\Lib\logging\__init__.py", line 1154, in emit
    stream.write(msg + self.terminator)
    ~~~~~~~~~~~~^^^^^^^^^^^^^^^^^^^^^^^
  File "C:\Python314\Lib\encodings\cp1252.py", line 19, in encode
    return codecs.charmap_encode(input,self.errors,encoding_table)[0]
           ~~~~~~~~~~~~~~~~~~~~~^^^^^^^^^^^^^^^^^^^^^^^^^^^^^^^^^^
UnicodeEncodeError: 'charmap' codec can't encode character '\u2192' in position 62: character maps to <undefined>
Call stack:
  File "C:\Shanki\VIT CHENNAI\Projs\TransferPred\src\pipeline.py", line 170, in <module>
    main()
  File "C:\Shanki\VIT CHENNAI\Projs\TransferPred\src\pipeline.py", line 150, in main
    run_phase(phase, cfg, log)
  File "C:\Shanki\VIT CHENNAI\Projs\TransferPred\src\pipeline.py", line 76, in run_phase
    result = apply_lsc(normalize(standardize(ingest(cfg), cfg), cfg), cfg)
  File "C:\Shanki\VIT CHENNAI\Projs\TransferPred\src\data\league_strength.py", line 82, in apply_lsc
    log.info(f"  {col} \u2192 {adj_col}")
Message: '  npxg_p90 \u2192 lsc_adj_npxg_p90'
Arguments: ()
--- Logging error ---
Traceback (most recent call last):
  File "C:\Python314\Lib\logging\__init__.py", line 1154, in emit
    stream.write(msg + self.terminator)
    ~~~~~~~~~~~~^^^^^^^^^^^^^^^^^^^^^^^
  File "C:\Python314\Lib\encodings\cp1252.py", line 19, in encode
    return codecs.charmap_encode(input,self.errors,encoding_table)[0]
           ~~~~~~~~~~~~~~~~~~~~~^^^^^^^^^^^^^^^^^^^^^^^^^^^^^^^^^^
UnicodeEncodeError: 'charmap' codec can't encode character '\u2192' in position 63: character maps to <undefined>
Call stack:
  File "C:\Shanki\VIT CHENNAI\Projs\TransferPred\src\pipeline.py", line 170, in <module>
    main()
  File "C:\Shanki\VIT CHENNAI\Projs\TransferPred\src\pipeline.py", line 150, in main
    run_phase(phase, cfg, log)
  File "C:\Shanki\VIT CHENNAI\Projs\TransferPred\src\pipeline.py", line 76, in run_phase
    result = apply_lsc(normalize(standardize(ingest(cfg), cfg), cfg), cfg)
  File "C:\Shanki\VIT CHENNAI\Projs\TransferPred\src\data\league_strength.py", line 82, in apply_lsc
    log.info(f"  {col} \u2192 {adj_col}")
Message: '  shots_p90 \u2192 lsc_adj_shots_p90'
Arguments: ()
--- Logging error ---
Traceback (most recent call last):
  File "C:\Python314\Lib\logging\__init__.py", line 1154, in emit
    stream.write(msg + self.terminator)
    ~~~~~~~~~~~~^^^^^^^^^^^^^^^^^^^^^^^
  File "C:\Python314\Lib\encodings\cp1252.py", line 19, in encode
    return codecs.charmap_encode(input,self.errors,encoding_table)[0]
           ~~~~~~~~~~~~~~~~~~~~~^^^^^^^^^^^^^^^^^^^^^^^^^^^^^^^^^^
UnicodeEncodeError: 'charmap' codec can't encode character '\u2192' in position 73: character maps to <undefined>
Call stack:
  File "C:\Shanki\VIT CHENNAI\Projs\TransferPred\src\pipeline.py", line 170, in <module>
    main()
  File "C:\Shanki\VIT CHENNAI\Projs\TransferPred\src\pipeline.py", line 150, in main
    run_phase(phase, cfg, log)
  File "C:\Shanki\VIT CHENNAI\Projs\TransferPred\src\pipeline.py", line 76, in run_phase
    result = apply_lsc(normalize(standardize(ingest(cfg), cfg), cfg), cfg)
  File "C:\Shanki\VIT CHENNAI\Projs\TransferPred\src\data\league_strength.py", line 82, in apply_lsc
    log.info(f"  {col} \u2192 {adj_col}")
Message: '  shots_on_target_p90 \u2192 lsc_adj_shots_on_target_p90'
Arguments: ()
--- Logging error ---
Traceback (most recent call last):
  File "C:\Python314\Lib\logging\__init__.py", line 1154, in emit
    stream.write(msg + self.terminator)
    ~~~~~~~~~~~~^^^^^^^^^^^^^^^^^^^^^^^
  File "C:\Python314\Lib\encodings\cp1252.py", line 19, in encode
    return codecs.charmap_encode(input,self.errors,encoding_table)[0]
           ~~~~~~~~~~~~~~~~~~~~~^^^^^^^^^^^^^^^^^^^^^^^^^^^^^^^^^^
UnicodeEncodeError: 'charmap' codec can't encode character '\u2192' in position 70: character maps to <undefined>
Call stack:
  File "C:\Shanki\VIT CHENNAI\Projs\TransferPred\src\pipeline.py", line 170, in <module>
    main()
  File "C:\Shanki\VIT CHENNAI\Projs\TransferPred\src\pipeline.py", line 150, in main
    run_phase(phase, cfg, log)
  File "C:\Shanki\VIT CHENNAI\Projs\TransferPred\src\pipeline.py", line 76, in run_phase
    result = apply_lsc(normalize(standardize(ingest(cfg), cfg), cfg), cfg)
  File "C:\Shanki\VIT CHENNAI\Projs\TransferPred\src\data\league_strength.py", line 82, in apply_lsc
    log.info(f"  {col} \u2192 {adj_col}")
Message: '  prog_carries_p90 \u2192 lsc_adj_prog_carries_p90'
Arguments: ()
--- Logging error ---
Traceback (most recent call last):
  File "C:\Python314\Lib\logging\__init__.py", line 1154, in emit
    stream.write(msg + self.terminator)
    ~~~~~~~~~~~~^^^^^^^^^^^^^^^^^^^^^^^
  File "C:\Python314\Lib\encodings\cp1252.py", line 19, in encode
    return codecs.charmap_encode(input,self.errors,encoding_table)[0]
           ~~~~~~~~~~~~~~~~~~~~~^^^^^^^^^^^^^^^^^^^^^^^^^^^^^^^^^^
UnicodeEncodeError: 'charmap' codec can't encode character '\u2192' in position 69: character maps to <undefined>
Call stack:
  File "C:\Shanki\VIT CHENNAI\Projs\TransferPred\src\pipeline.py", line 170, in <module>
    main()
  File "C:\Shanki\VIT CHENNAI\Projs\TransferPred\src\pipeline.py", line 150, in main
    run_phase(phase, cfg, log)
  File "C:\Shanki\VIT CHENNAI\Projs\TransferPred\src\pipeline.py", line 76, in run_phase
    result = apply_lsc(normalize(standardize(ingest(cfg), cfg), cfg), cfg)
  File "C:\Shanki\VIT CHENNAI\Projs\TransferPred\src\data\league_strength.py", line 82, in apply_lsc
    log.info(f"  {col} \u2192 {adj_col}")
Message: '  prog_passes_p90 \u2192 lsc_adj_prog_passes_p90'
Arguments: ()
--- Logging error ---
Traceback (most recent call last):
  File "C:\Python314\Lib\logging\__init__.py", line 1154, in emit
    stream.write(msg + self.terminator)
    ~~~~~~~~~~~~^^^^^^^^^^^^^^^^^^^^^^^
  File "C:\Python314\Lib\encodings\cp1252.py", line 19, in encode
    return codecs.charmap_encode(input,self.errors,encoding_table)[0]
           ~~~~~~~~~~~~~~~~~~~~~^^^^^^^^^^^^^^^^^^^^^^^^^^^^^^^^^^
UnicodeEncodeError: 'charmap' codec can't encode character '\u2192' in position 73: character maps to <undefined>
Call stack:
  File "C:\Shanki\VIT CHENNAI\Projs\TransferPred\src\pipeline.py", line 170, in <module>
    main()
  File "C:\Shanki\VIT CHENNAI\Projs\TransferPred\src\pipeline.py", line 150, in main
    run_phase(phase, cfg, log)
  File "C:\Shanki\VIT CHENNAI\Projs\TransferPred\src\pipeline.py", line 76, in run_phase
    result = apply_lsc(normalize(standardize(ingest(cfg), cfg), cfg), cfg)
  File "C:\Shanki\VIT CHENNAI\Projs\TransferPred\src\data\league_strength.py", line 82, in apply_lsc
    log.info(f"  {col} \u2192 {adj_col}")
Message: '  prog_receptions_p90 \u2192 lsc_adj_prog_receptions_p90'
Arguments: ()
--- Logging error ---
Traceback (most recent call last):
  File "C:\Python314\Lib\logging\__init__.py", line 1154, in emit
    stream.write(msg + self.terminator)
    ~~~~~~~~~~~~^^^^^^^^^^^^^^^^^^^^^^^
  File "C:\Python314\Lib\encodings\cp1252.py", line 19, in encode
    return codecs.charmap_encode(input,self.errors,encoding_table)[0]
           ~~~~~~~~~~~~~~~~~~~~~^^^^^^^^^^^^^^^^^^^^^^^^^^^^^^^^^^
UnicodeEncodeError: 'charmap' codec can't encode character '\u2192' in position 68: character maps to <undefined>
Call stack:
  File "C:\Shanki\VIT CHENNAI\Projs\TransferPred\src\pipeline.py", line 170, in <module>
    main()
  File "C:\Shanki\VIT CHENNAI\Projs\TransferPred\src\pipeline.py", line 150, in main
    run_phase(phase, cfg, log)
  File "C:\Shanki\VIT CHENNAI\Projs\TransferPred\src\pipeline.py", line 76, in run_phase
    result = apply_lsc(normalize(standardize(ingest(cfg), cfg), cfg), cfg)
  File "C:\Shanki\VIT CHENNAI\Projs\TransferPred\src\data\league_strength.py", line 82, in apply_lsc
    log.info(f"  {col} \u2192 {adj_col}")
Message: '  key_passes_p90 \u2192 lsc_adj_key_passes_p90'
Arguments: ()
--- Logging error ---
Traceback (most recent call last):
  File "C:\Python314\Lib\logging\__init__.py", line 1154, in emit
    stream.write(msg + self.terminator)
    ~~~~~~~~~~~~^^^^^^^^^^^^^^^^^^^^^^^
  File "C:\Python314\Lib\encodings\cp1252.py", line 19, in encode
    return codecs.charmap_encode(input,self.errors,encoding_table)[0]
           ~~~~~~~~~~~~~~~~~~~~~^^^^^^^^^^^^^^^^^^^^^^^^^^^^^^^^^^
UnicodeEncodeError: 'charmap' codec can't encode character '\u2192' in position 60: character maps to <undefined>
Call stack:
  File "C:\Shanki\VIT CHENNAI\Projs\TransferPred\src\pipeline.py", line 170, in <module>
    main()
  File "C:\Shanki\VIT CHENNAI\Projs\TransferPred\src\pipeline.py", line 150, in main
    run_phase(phase, cfg, log)
  File "C:\Shanki\VIT CHENNAI\Projs\TransferPred\src\pipeline.py", line 76, in run_phase
    result = apply_lsc(normalize(standardize(ingest(cfg), cfg), cfg), cfg)
  File "C:\Shanki\VIT CHENNAI\Projs\TransferPred\src\data\league_strength.py", line 82, in apply_lsc
    log.info(f"  {col} \u2192 {adj_col}")
Message: '  xa_p90 \u2192 lsc_adj_xa_p90'
Arguments: ()
--- Logging error ---
Traceback (most recent call last):
  File "C:\Python314\Lib\logging\__init__.py", line 1154, in emit
    stream.write(msg + self.terminator)
    ~~~~~~~~~~~~^^^^^^^^^^^^^^^^^^^^^^^
  File "C:\Python314\Lib\encodings\cp1252.py", line 19, in encode
    return codecs.charmap_encode(input,self.errors,encoding_table)[0]
           ~~~~~~~~~~~~~~~~~~~~~^^^^^^^^^^^^^^^^^^^^^^^^^^^^^^^^^^
UnicodeEncodeError: 'charmap' codec can't encode character '\u2192' in position 65: character maps to <undefined>
Call stack:
  File "C:\Shanki\VIT CHENNAI\Projs\TransferPred\src\pipeline.py", line 170, in <module>
    main()
  File "C:\Shanki\VIT CHENNAI\Projs\TransferPred\src\pipeline.py", line 150, in main
    run_phase(phase, cfg, log)
  File "C:\Shanki\VIT CHENNAI\Projs\TransferPred\src\pipeline.py", line 76, in run_phase
    result = apply_lsc(normalize(standardize(ingest(cfg), cfg), cfg), cfg)
  File "C:\Shanki\VIT CHENNAI\Projs\TransferPred\src\data\league_strength.py", line 82, in apply_lsc
    log.info(f"  {col} \u2192 {adj_col}")
Message: '  carries_p90 \u2192 lsc_adj_carries_p90'
Arguments: ()
--- Logging error ---
Traceback (most recent call last):
  File "C:\Python314\Lib\logging\__init__.py", line 1154, in emit
    stream.write(msg + self.terminator)
    ~~~~~~~~~~~~^^^^^^^^^^^^^^^^^^^^^^^
  File "C:\Python314\Lib\encodings\cp1252.py", line 19, in encode
    return codecs.charmap_encode(input,self.errors,encoding_table)[0]
           ~~~~~~~~~~~~~~~~~~~~~^^^^^^^^^^^^^^^^^^^^^^^^^^^^^^^^^^
UnicodeEncodeError: 'charmap' codec can't encode character '\u2192' in position 65: character maps to <undefined>
Call stack:
  File "C:\Shanki\VIT CHENNAI\Projs\TransferPred\src\pipeline.py", line 170, in <module>
    main()
  File "C:\Shanki\VIT CHENNAI\Projs\TransferPred\src\pipeline.py", line 150, in main
    run_phase(phase, cfg, log)
  File "C:\Shanki\VIT CHENNAI\Projs\TransferPred\src\pipeline.py", line 76, in run_phase
    result = apply_lsc(normalize(standardize(ingest(cfg), cfg), cfg), cfg)
  File "C:\Shanki\VIT CHENNAI\Projs\TransferPred\src\data\league_strength.py", line 82, in apply_lsc
    log.info(f"  {col} \u2192 {adj_col}")
Message: '  touches_p90 \u2192 lsc_adj_touches_p90'
Arguments: ()
--- Logging error ---
Traceback (most recent call last):
  File "C:\Python314\Lib\logging\__init__.py", line 1154, in emit
    stream.write(msg + self.terminator)
    ~~~~~~~~~~~~^^^^^^^^^^^^^^^^^^^^^^^
  File "C:\Python314\Lib\encodings\cp1252.py", line 19, in encode
    return codecs.charmap_encode(input,self.errors,encoding_table)[0]
           ~~~~~~~~~~~~~~~~~~~~~^^^^^^^^^^^^^^^^^^^^^^^^^^^^^^^^^^
UnicodeEncodeError: 'charmap' codec can't encode character '\u2192' in position 69: character maps to <undefined>
Call stack:
  File "C:\Shanki\VIT CHENNAI\Projs\TransferPred\src\pipeline.py", line 170, in <module>
    main()
  File "C:\Shanki\VIT CHENNAI\Projs\TransferPred\src\pipeline.py", line 150, in main
    run_phase(phase, cfg, log)
  File "C:\Shanki\VIT CHENNAI\Projs\TransferPred\src\pipeline.py", line 76, in run_phase
    result = apply_lsc(normalize(standardize(ingest(cfg), cfg), cfg), cfg)
  File "C:\Shanki\VIT CHENNAI\Projs\TransferPred\src\data\league_strength.py", line 91, in apply_lsc
    log.info(f"  {col} \u2192 {adj_col} (inverted LSC)")
Message: '  tackles_won_p90 \u2192 lsc_adj_tackles_won_p90 (inverted LSC)'
Arguments: ()
--- Logging error ---
Traceback (most recent call last):
  File "C:\Python314\Lib\logging\__init__.py", line 1154, in emit
    stream.write(msg + self.terminator)
    ~~~~~~~~~~~~^^^^^^^^^^^^^^^^^^^^^^^
  File "C:\Python314\Lib\encodings\cp1252.py", line 19, in encode
    return codecs.charmap_encode(input,self.errors,encoding_table)[0]
           ~~~~~~~~~~~~~~~~~~~~~^^^^^^^^^^^^^^^^^^^^^^^^^^^^^^^^^^
UnicodeEncodeError: 'charmap' codec can't encode character '\u2192' in position 71: character maps to <undefined>
Call stack:
  File "C:\Shanki\VIT CHENNAI\Projs\TransferPred\src\pipeline.py", line 170, in <module>
    main()
  File "C:\Shanki\VIT CHENNAI\Projs\TransferPred\src\pipeline.py", line 150, in main
    run_phase(phase, cfg, log)
  File "C:\Shanki\VIT CHENNAI\Projs\TransferPred\src\pipeline.py", line 76, in run_phase
    result = apply_lsc(normalize(standardize(ingest(cfg), cfg), cfg), cfg)
  File "C:\Shanki\VIT CHENNAI\Projs\TransferPred\src\data\league_strength.py", line 91, in apply_lsc
    log.info(f"  {col} \u2192 {adj_col} (inverted LSC)")
Message: '  interceptions_p90 \u2192 lsc_adj_interceptions_p90 (inverted LSC)'
Arguments: ()
--- Logging error ---
Traceback (most recent call last):
  File "C:\Python314\Lib\logging\__init__.py", line 1154, in emit
    stream.write(msg + self.terminator)
    ~~~~~~~~~~~~^^^^^^^^^^^^^^^^^^^^^^^
  File "C:\Python314\Lib\encodings\cp1252.py", line 19, in encode
    return codecs.charmap_encode(input,self.errors,encoding_table)[0]
           ~~~~~~~~~~~~~~~~~~~~~^^^^^^^^^^^^^^^^^^^^^^^^^^^^^^^^^^
UnicodeEncodeError: 'charmap' codec can't encode character '\u2192' in position 68: character maps to <undefined>
Call stack:
  File "C:\Shanki\VIT CHENNAI\Projs\TransferPred\src\pipeline.py", line 170, in <module>
    main()
  File "C:\Shanki\VIT CHENNAI\Projs\TransferPred\src\pipeline.py", line 150, in main
    run_phase(phase, cfg, log)
  File "C:\Shanki\VIT CHENNAI\Projs\TransferPred\src\pipeline.py", line 76, in run_phase
    result = apply_lsc(normalize(standardize(ingest(cfg), cfg), cfg), cfg)
  File "C:\Shanki\VIT CHENNAI\Projs\TransferPred\src\data\league_strength.py", line 91, in apply_lsc
    log.info(f"  {col} \u2192 {adj_col} (inverted LSC)")
Message: '  clearances_p90 \u2192 lsc_adj_clearances_p90 (inverted LSC)'
Arguments: ()
2026-02-28 03:30:41 | INFO     | league_strength | DataFrame shape after LSC adjustment: (699, 75)
2026-02-28 03:30:41 | INFO     | league_strength | Saved unified dataset: C:\Shanki\VIT CHENNAI\Projs\TransferPred\data\processed\unified_dataset.csv
2026-02-28 03:30:41 | INFO     | league_strength | === Phase 1 — League Strength Coefficient: DONE ===
--- Logging error ---
Traceback (most recent call last):
  File "C:\Python314\Lib\logging\__init__.py", line 1154, in emit
    stream.write(msg + self.terminator)
    ~~~~~~~~~~~~^^^^^^^^^^^^^^^^^^^^^^^
  File "C:\Python314\Lib\encodings\cp1252.py", line 19, in encode
    return codecs.charmap_encode(input,self.errors,encoding_table)[0]
           ~~~~~~~~~~~~~~~~~~~~~^^^^^^^^^^^^^^^^^^^^^^^^^^^^^^^^^^
UnicodeEncodeError: 'charmap' codec can't encode character '\u2713' in position 46: character maps to <undefined>
Call stack:
  File "C:\Shanki\VIT CHENNAI\Projs\TransferPred\src\pipeline.py", line 170, in <module>
    main()
  File "C:\Shanki\VIT CHENNAI\Projs\TransferPred\src\pipeline.py", line 150, in main
    run_phase(phase, cfg, log)
  File "C:\Shanki\VIT CHENNAI\Projs\TransferPred\src\pipeline.py", line 77, in run_phase
    log.info(f"  \u2713 LSC-adjusted shape: {result.shape}")
Message: '  \u2713 LSC-adjusted shape: (699, 75)'
Arguments: ()
2026-02-28 03:30:41 | INFO     | pipeline | 
============================================================
2026-02-28 03:30:41 | INFO     | pipeline |   PHASE: FEATURES
2026-02-28 03:30:41 | INFO     | pipeline | ============================================================
2026-02-28 03:30:41 | INFO     | ingest | === Phase 1 — Ingest: START ===
2026-02-28 03:30:41 | INFO     | ingest | Loading raw data from: C:\Shanki\VIT CHENNAI\Projs\TransferPred\data\raw\players_data-2024_2025.csv
2026-02-28 03:30:41 | INFO     | ingest | Raw shape: (2854, 267)
2026-02-28 03:30:41 | INFO     | ingest | All required columns present.
2026-02-28 03:30:41 | INFO     | ingest | Leagues found: ['de Bundesliga', 'eng Premier League', 'es La Liga', 'fr Ligue 1', 'it Serie A']
2026-02-28 03:30:41 | INFO     | ingest | Seasons/rows after cleaning: 2854
2026-02-28 03:30:41 | INFO     | ingest | Total NaNs in numeric cols: 27
2026-02-28 03:30:41 | INFO     | ingest | === Phase 1 — Ingest: DONE ===
2026-02-28 03:30:41 | INFO     | standardize | === Phase 1 — Standardize: START ===
2026-02-28 03:30:41 | INFO     | standardize | Columns after renaming: ['player', 'team', 'league', 'position', 'age', 'minutes', 'goals', 'assists', 'xg', 'xag', 'npxg', 'shots_p90', 'shots_on_target_p90', 'prog_carries', 'prog_passes', 'prog_receptions', 'key_passes', 'xa', 'pass_completion_pct', 'tackles_won', 'interceptions', 'clearances', 'carries', 'touches']
--- Logging error ---
Traceback (most recent call last):
  File "C:\Python314\Lib\logging\__init__.py", line 1154, in emit
    stream.write(msg + self.terminator)
    ~~~~~~~~~~~~^^^^^^^^^^^^^^^^^^^^^^^
  File "C:\Python314\Lib\encodings\cp1252.py", line 19, in encode
    return codecs.charmap_encode(input,self.errors,encoding_table)[0]
           ~~~~~~~~~~~~~~~~~~~~~^^^^^^^^^^^^^^^^^^^^^^^^^^^^^^^^^^
UnicodeEncodeError: 'charmap' codec can't encode character '\u2192' in position 102: character maps to <undefined>
Call stack:
  File "C:\Shanki\VIT CHENNAI\Projs\TransferPred\src\pipeline.py", line 170, in <module>
    main()
  File "C:\Shanki\VIT CHENNAI\Projs\TransferPred\src\pipeline.py", line 150, in main
    run_phase(phase, cfg, log)
  File "C:\Shanki\VIT CHENNAI\Projs\TransferPred\src\pipeline.py", line 87, in run_phase
    apply_lsc(normalize(standardize(ingest(cfg), cfg), cfg), cfg), cfg
  File "C:\Shanki\VIT CHENNAI\Projs\TransferPred\src\data\standardize.py", line 80, in standardize
    log.info(f"League filter ({leagues}): {before} \u2192 {len(df)} rows")
Message: "League filter (['Premier League', 'Bundesliga']): 2854 \u2192 1066 rows"
Arguments: ()
2026-02-28 03:30:41 | INFO     | standardize | League value counts:
league
Premier League    574
Bundesliga        492
--- Logging error ---
Traceback (most recent call last):
  File "C:\Python314\Lib\logging\__init__.py", line 1154, in emit
    stream.write(msg + self.terminator)
    ~~~~~~~~~~~~^^^^^^^^^^^^^^^^^^^^^^^
  File "C:\Python314\Lib\encodings\cp1252.py", line 19, in encode
    return codecs.charmap_encode(input,self.errors,encoding_table)[0]
           ~~~~~~~~~~~~~~~~~~~~~^^^^^^^^^^^^^^^^^^^^^^^^^^^^^^^^^^
UnicodeEncodeError: 'charmap' codec can't encode character '\u2192' in position 76: character maps to <undefined>
Call stack:
  File "C:\Shanki\VIT CHENNAI\Projs\TransferPred\src\pipeline.py", line 170, in <module>
    main()
  File "C:\Shanki\VIT CHENNAI\Projs\TransferPred\src\pipeline.py", line 150, in main
    run_phase(phase, cfg, log)
  File "C:\Shanki\VIT CHENNAI\Projs\TransferPred\src\pipeline.py", line 87, in run_phase
    apply_lsc(normalize(standardize(ingest(cfg), cfg), cfg), cfg), cfg
  File "C:\Shanki\VIT CHENNAI\Projs\TransferPred\src\data\standardize.py", line 92, in standardize
    log.info(f"Minutes filter (>={min_min}): {before} \u2192 {len(df)} rows")
Message: 'Minutes filter (>=600): 1066 \u2192 699 rows'
Arguments: ()
2026-02-28 03:30:41 | INFO     | standardize | Saved standardized dataset: C:\Shanki\VIT CHENNAI\Projs\TransferPred\data\interim\standardized.csv — shape (699, 24)
2026-02-28 03:30:41 | INFO     | standardize | === Phase 1 — Standardize: DONE ===
2026-02-28 03:30:41 | INFO     | normalize | === Phase 1 — Normalize: START ===
2026-02-28 03:30:41 | INFO     | normalize | Computing per-90 metrics...
--- Logging error ---
Traceback (most recent call last):
  File "C:\Python314\Lib\logging\__init__.py", line 1154, in emit
    stream.write(msg + self.terminator)
    ~~~~~~~~~~~~^^^^^^^^^^^^^^^^^^^^^^^
  File "C:\Python314\Lib\encodings\cp1252.py", line 19, in encode
    return codecs.charmap_encode(input,self.errors,encoding_table)[0]
           ~~~~~~~~~~~~~~~~~~~~~^^^^^^^^^^^^^^^^^^^^^^^^^^^^^^^^^^
UnicodeEncodeError: 'charmap' codec can't encode character '\u2192' in position 53: character maps to <undefined>
Call stack:
  File "C:\Shanki\VIT CHENNAI\Projs\TransferPred\src\pipeline.py", line 170, in <module>
    main()
  File "C:\Shanki\VIT CHENNAI\Projs\TransferPred\src\pipeline.py", line 150, in main
    run_phase(phase, cfg, log)
  File "C:\Shanki\VIT CHENNAI\Projs\TransferPred\src\pipeline.py", line 87, in run_phase
    apply_lsc(normalize(standardize(ingest(cfg), cfg), cfg), cfg), cfg
  File "C:\Shanki\VIT CHENNAI\Projs\TransferPred\src\data\normalize.py", line 65, in normalize
    log.info(f"  {stat} \u2192 {col_name}")
Message: '  goals \u2192 goals_p90'
Arguments: ()
--- Logging error ---
Traceback (most recent call last):
  File "C:\Python314\Lib\logging\__init__.py", line 1154, in emit
    stream.write(msg + self.terminator)
    ~~~~~~~~~~~~^^^^^^^^^^^^^^^^^^^^^^^
  File "C:\Python314\Lib\encodings\cp1252.py", line 19, in encode
    return codecs.charmap_encode(input,self.errors,encoding_table)[0]
           ~~~~~~~~~~~~~~~~~~~~~^^^^^^^^^^^^^^^^^^^^^^^^^^^^^^^^^^
UnicodeEncodeError: 'charmap' codec can't encode character '\u2192' in position 55: character maps to <undefined>
Call stack:
  File "C:\Shanki\VIT CHENNAI\Projs\TransferPred\src\pipeline.py", line 170, in <module>
    main()
  File "C:\Shanki\VIT CHENNAI\Projs\TransferPred\src\pipeline.py", line 150, in main
    run_phase(phase, cfg, log)
  File "C:\Shanki\VIT CHENNAI\Projs\TransferPred\src\pipeline.py", line 87, in run_phase
    apply_lsc(normalize(standardize(ingest(cfg), cfg), cfg), cfg), cfg
  File "C:\Shanki\VIT CHENNAI\Projs\TransferPred\src\data\normalize.py", line 65, in normalize
    log.info(f"  {stat} \u2192 {col_name}")
Message: '  assists \u2192 assists_p90'
Arguments: ()
--- Logging error ---
Traceback (most recent call last):
  File "C:\Python314\Lib\logging\__init__.py", line 1154, in emit
    stream.write(msg + self.terminator)
    ~~~~~~~~~~~~^^^^^^^^^^^^^^^^^^^^^^^
  File "C:\Python314\Lib\encodings\cp1252.py", line 19, in encode
    return codecs.charmap_encode(input,self.errors,encoding_table)[0]
           ~~~~~~~~~~~~~~~~~~~~~^^^^^^^^^^^^^^^^^^^^^^^^^^^^^^^^^^
UnicodeEncodeError: 'charmap' codec can't encode character '\u2192' in position 50: character maps to <undefined>
Call stack:
  File "C:\Shanki\VIT CHENNAI\Projs\TransferPred\src\pipeline.py", line 170, in <module>
    main()
  File "C:\Shanki\VIT CHENNAI\Projs\TransferPred\src\pipeline.py", line 150, in main
    run_phase(phase, cfg, log)
  File "C:\Shanki\VIT CHENNAI\Projs\TransferPred\src\pipeline.py", line 87, in run_phase
    apply_lsc(normalize(standardize(ingest(cfg), cfg), cfg), cfg), cfg
  File "C:\Shanki\VIT CHENNAI\Projs\TransferPred\src\data\normalize.py", line 65, in normalize
    log.info(f"  {stat} \u2192 {col_name}")
Message: '  xg \u2192 xg_p90'
Arguments: ()
--- Logging error ---
Traceback (most recent call last):
  File "C:\Python314\Lib\logging\__init__.py", line 1154, in emit
    stream.write(msg + self.terminator)
    ~~~~~~~~~~~~^^^^^^^^^^^^^^^^^^^^^^^
  File "C:\Python314\Lib\encodings\cp1252.py", line 19, in encode
    return codecs.charmap_encode(input,self.errors,encoding_table)[0]
           ~~~~~~~~~~~~~~~~~~~~~^^^^^^^^^^^^^^^^^^^^^^^^^^^^^^^^^^
UnicodeEncodeError: 'charmap' codec can't encode character '\u2192' in position 51: character maps to <undefined>
Call stack:
  File "C:\Shanki\VIT CHENNAI\Projs\TransferPred\src\pipeline.py", line 170, in <module>
    main()
  File "C:\Shanki\VIT CHENNAI\Projs\TransferPred\src\pipeline.py", line 150, in main
    run_phase(phase, cfg, log)
  File "C:\Shanki\VIT CHENNAI\Projs\TransferPred\src\pipeline.py", line 87, in run_phase
    apply_lsc(normalize(standardize(ingest(cfg), cfg), cfg), cfg), cfg
  File "C:\Shanki\VIT CHENNAI\Projs\TransferPred\src\data\normalize.py", line 65, in normalize
    log.info(f"  {stat} \u2192 {col_name}")
Message: '  xag \u2192 xag_p90'
Arguments: ()
--- Logging error ---
Traceback (most recent call last):
  File "C:\Python314\Lib\logging\__init__.py", line 1154, in emit
    stream.write(msg + self.terminator)
    ~~~~~~~~~~~~^^^^^^^^^^^^^^^^^^^^^^^
  File "C:\Python314\Lib\encodings\cp1252.py", line 19, in encode
    return codecs.charmap_encode(input,self.errors,encoding_table)[0]
           ~~~~~~~~~~~~~~~~~~~~~^^^^^^^^^^^^^^^^^^^^^^^^^^^^^^^^^^
UnicodeEncodeError: 'charmap' codec can't encode character '\u2192' in position 52: character maps to <undefined>
Call stack:
  File "C:\Shanki\VIT CHENNAI\Projs\TransferPred\src\pipeline.py", line 170, in <module>
    main()
  File "C:\Shanki\VIT CHENNAI\Projs\TransferPred\src\pipeline.py", line 150, in main
    run_phase(phase, cfg, log)
  File "C:\Shanki\VIT CHENNAI\Projs\TransferPred\src\pipeline.py", line 87, in run_phase
    apply_lsc(normalize(standardize(ingest(cfg), cfg), cfg), cfg), cfg
  File "C:\Shanki\VIT CHENNAI\Projs\TransferPred\src\data\normalize.py", line 65, in normalize
    log.info(f"  {stat} \u2192 {col_name}")
Message: '  npxg \u2192 npxg_p90'
Arguments: ()
--- Logging error ---
Traceback (most recent call last):
  File "C:\Python314\Lib\logging\__init__.py", line 1154, in emit
    stream.write(msg + self.terminator)
    ~~~~~~~~~~~~^^^^^^^^^^^^^^^^^^^^^^^
  File "C:\Python314\Lib\encodings\cp1252.py", line 19, in encode
    return codecs.charmap_encode(input,self.errors,encoding_table)[0]
           ~~~~~~~~~~~~~~~~~~~~~^^^^^^^^^^^^^^^^^^^^^^^^^^^^^^^^^^
UnicodeEncodeError: 'charmap' codec can't encode character '\u2192' in position 60: character maps to <undefined>
Call stack:
  File "C:\Shanki\VIT CHENNAI\Projs\TransferPred\src\pipeline.py", line 170, in <module>
    main()
  File "C:\Shanki\VIT CHENNAI\Projs\TransferPred\src\pipeline.py", line 150, in main
    run_phase(phase, cfg, log)
  File "C:\Shanki\VIT CHENNAI\Projs\TransferPred\src\pipeline.py", line 87, in run_phase
    apply_lsc(normalize(standardize(ingest(cfg), cfg), cfg), cfg), cfg
  File "C:\Shanki\VIT CHENNAI\Projs\TransferPred\src\data\normalize.py", line 65, in normalize
    log.info(f"  {stat} \u2192 {col_name}")
Message: '  prog_carries \u2192 prog_carries_p90'
Arguments: ()
--- Logging error ---
Traceback (most recent call last):
  File "C:\Python314\Lib\logging\__init__.py", line 1154, in emit
    stream.write(msg + self.terminator)
    ~~~~~~~~~~~~^^^^^^^^^^^^^^^^^^^^^^^
  File "C:\Python314\Lib\encodings\cp1252.py", line 19, in encode
    return codecs.charmap_encode(input,self.errors,encoding_table)[0]
           ~~~~~~~~~~~~~~~~~~~~~^^^^^^^^^^^^^^^^^^^^^^^^^^^^^^^^^^
UnicodeEncodeError: 'charmap' codec can't encode character '\u2192' in position 59: character maps to <undefined>
Call stack:
  File "C:\Shanki\VIT CHENNAI\Projs\TransferPred\src\pipeline.py", line 170, in <module>
    main()
  File "C:\Shanki\VIT CHENNAI\Projs\TransferPred\src\pipeline.py", line 150, in main
    run_phase(phase, cfg, log)
  File "C:\Shanki\VIT CHENNAI\Projs\TransferPred\src\pipeline.py", line 87, in run_phase
    apply_lsc(normalize(standardize(ingest(cfg), cfg), cfg), cfg), cfg
  File "C:\Shanki\VIT CHENNAI\Projs\TransferPred\src\data\normalize.py", line 65, in normalize
    log.info(f"  {stat} \u2192 {col_name}")
Message: '  prog_passes \u2192 prog_passes_p90'
Arguments: ()
--- Logging error ---
Traceback (most recent call last):
  File "C:\Python314\Lib\logging\__init__.py", line 1154, in emit
    stream.write(msg + self.terminator)
    ~~~~~~~~~~~~^^^^^^^^^^^^^^^^^^^^^^^
  File "C:\Python314\Lib\encodings\cp1252.py", line 19, in encode
    return codecs.charmap_encode(input,self.errors,encoding_table)[0]
           ~~~~~~~~~~~~~~~~~~~~~^^^^^^^^^^^^^^^^^^^^^^^^^^^^^^^^^^
UnicodeEncodeError: 'charmap' codec can't encode character '\u2192' in position 63: character maps to <undefined>
Call stack:
  File "C:\Shanki\VIT CHENNAI\Projs\TransferPred\src\pipeline.py", line 170, in <module>
    main()
  File "C:\Shanki\VIT CHENNAI\Projs\TransferPred\src\pipeline.py", line 150, in main
    run_phase(phase, cfg, log)
  File "C:\Shanki\VIT CHENNAI\Projs\TransferPred\src\pipeline.py", line 87, in run_phase
    apply_lsc(normalize(standardize(ingest(cfg), cfg), cfg), cfg), cfg
  File "C:\Shanki\VIT CHENNAI\Projs\TransferPred\src\data\normalize.py", line 65, in normalize
    log.info(f"  {stat} \u2192 {col_name}")
Message: '  prog_receptions \u2192 prog_receptions_p90'
Arguments: ()
--- Logging error ---
Traceback (most recent call last):
  File "C:\Python314\Lib\logging\__init__.py", line 1154, in emit
    stream.write(msg + self.terminator)
    ~~~~~~~~~~~~^^^^^^^^^^^^^^^^^^^^^^^
  File "C:\Python314\Lib\encodings\cp1252.py", line 19, in encode
    return codecs.charmap_encode(input,self.errors,encoding_table)[0]
           ~~~~~~~~~~~~~~~~~~~~~^^^^^^^^^^^^^^^^^^^^^^^^^^^^^^^^^^
UnicodeEncodeError: 'charmap' codec can't encode character '\u2192' in position 58: character maps to <undefined>
Call stack:
  File "C:\Shanki\VIT CHENNAI\Projs\TransferPred\src\pipeline.py", line 170, in <module>
    main()
  File "C:\Shanki\VIT CHENNAI\Projs\TransferPred\src\pipeline.py", line 150, in main
    run_phase(phase, cfg, log)
  File "C:\Shanki\VIT CHENNAI\Projs\TransferPred\src\pipeline.py", line 87, in run_phase
    apply_lsc(normalize(standardize(ingest(cfg), cfg), cfg), cfg), cfg
  File "C:\Shanki\VIT CHENNAI\Projs\TransferPred\src\data\normalize.py", line 65, in normalize
    log.info(f"  {stat} \u2192 {col_name}")
Message: '  key_passes \u2192 key_passes_p90'
Arguments: ()
--- Logging error ---
Traceback (most recent call last):
  File "C:\Python314\Lib\logging\__init__.py", line 1154, in emit
    stream.write(msg + self.terminator)
    ~~~~~~~~~~~~^^^^^^^^^^^^^^^^^^^^^^^
  File "C:\Python314\Lib\encodings\cp1252.py", line 19, in encode
    return codecs.charmap_encode(input,self.errors,encoding_table)[0]
           ~~~~~~~~~~~~~~~~~~~~~^^^^^^^^^^^^^^^^^^^^^^^^^^^^^^^^^^
UnicodeEncodeError: 'charmap' codec can't encode character '\u2192' in position 50: character maps to <undefined>
Call stack:
  File "C:\Shanki\VIT CHENNAI\Projs\TransferPred\src\pipeline.py", line 170, in <module>
    main()
  File "C:\Shanki\VIT CHENNAI\Projs\TransferPred\src\pipeline.py", line 150, in main
    run_phase(phase, cfg, log)
  File "C:\Shanki\VIT CHENNAI\Projs\TransferPred\src\pipeline.py", line 87, in run_phase
    apply_lsc(normalize(standardize(ingest(cfg), cfg), cfg), cfg), cfg
  File "C:\Shanki\VIT CHENNAI\Projs\TransferPred\src\data\normalize.py", line 65, in normalize
    log.info(f"  {stat} \u2192 {col_name}")
Message: '  xa \u2192 xa_p90'
Arguments: ()
--- Logging error ---
Traceback (most recent call last):
  File "C:\Python314\Lib\logging\__init__.py", line 1154, in emit
    stream.write(msg + self.terminator)
    ~~~~~~~~~~~~^^^^^^^^^^^^^^^^^^^^^^^
  File "C:\Python314\Lib\encodings\cp1252.py", line 19, in encode
    return codecs.charmap_encode(input,self.errors,encoding_table)[0]
           ~~~~~~~~~~~~~~~~~~~~~^^^^^^^^^^^^^^^^^^^^^^^^^^^^^^^^^^
UnicodeEncodeError: 'charmap' codec can't encode character '\u2192' in position 59: character maps to <undefined>
Call stack:
  File "C:\Shanki\VIT CHENNAI\Projs\TransferPred\src\pipeline.py", line 170, in <module>
    main()
  File "C:\Shanki\VIT CHENNAI\Projs\TransferPred\src\pipeline.py", line 150, in main
    run_phase(phase, cfg, log)
  File "C:\Shanki\VIT CHENNAI\Projs\TransferPred\src\pipeline.py", line 87, in run_phase
    apply_lsc(normalize(standardize(ingest(cfg), cfg), cfg), cfg), cfg
  File "C:\Shanki\VIT CHENNAI\Projs\TransferPred\src\data\normalize.py", line 65, in normalize
    log.info(f"  {stat} \u2192 {col_name}")
Message: '  tackles_won \u2192 tackles_won_p90'
Arguments: ()
--- Logging error ---
Traceback (most recent call last):
  File "C:\Python314\Lib\logging\__init__.py", line 1154, in emit
    stream.write(msg + self.terminator)
    ~~~~~~~~~~~~^^^^^^^^^^^^^^^^^^^^^^^
  File "C:\Python314\Lib\encodings\cp1252.py", line 19, in encode
    return codecs.charmap_encode(input,self.errors,encoding_table)[0]
           ~~~~~~~~~~~~~~~~~~~~~^^^^^^^^^^^^^^^^^^^^^^^^^^^^^^^^^^
UnicodeEncodeError: 'charmap' codec can't encode character '\u2192' in position 61: character maps to <undefined>
Call stack:
  File "C:\Shanki\VIT CHENNAI\Projs\TransferPred\src\pipeline.py", line 170, in <module>
    main()
  File "C:\Shanki\VIT CHENNAI\Projs\TransferPred\src\pipeline.py", line 150, in main
    run_phase(phase, cfg, log)
  File "C:\Shanki\VIT CHENNAI\Projs\TransferPred\src\pipeline.py", line 87, in run_phase
    apply_lsc(normalize(standardize(ingest(cfg), cfg), cfg), cfg), cfg
  File "C:\Shanki\VIT CHENNAI\Projs\TransferPred\src\data\normalize.py", line 65, in normalize
    log.info(f"  {stat} \u2192 {col_name}")
Message: '  interceptions \u2192 interceptions_p90'
Arguments: ()
--- Logging error ---
Traceback (most recent call last):
  File "C:\Python314\Lib\logging\__init__.py", line 1154, in emit
    stream.write(msg + self.terminator)
    ~~~~~~~~~~~~^^^^^^^^^^^^^^^^^^^^^^^
  File "C:\Python314\Lib\encodings\cp1252.py", line 19, in encode
    return codecs.charmap_encode(input,self.errors,encoding_table)[0]
           ~~~~~~~~~~~~~~~~~~~~~^^^^^^^^^^^^^^^^^^^^^^^^^^^^^^^^^^
UnicodeEncodeError: 'charmap' codec can't encode character '\u2192' in position 58: character maps to <undefined>
Call stack:
  File "C:\Shanki\VIT CHENNAI\Projs\TransferPred\src\pipeline.py", line 170, in <module>
    main()
  File "C:\Shanki\VIT CHENNAI\Projs\TransferPred\src\pipeline.py", line 150, in main
    run_phase(phase, cfg, log)
  File "C:\Shanki\VIT CHENNAI\Projs\TransferPred\src\pipeline.py", line 87, in run_phase
    apply_lsc(normalize(standardize(ingest(cfg), cfg), cfg), cfg), cfg
  File "C:\Shanki\VIT CHENNAI\Projs\TransferPred\src\data\normalize.py", line 65, in normalize
    log.info(f"  {stat} \u2192 {col_name}")
Message: '  clearances \u2192 clearances_p90'
Arguments: ()
--- Logging error ---
Traceback (most recent call last):
  File "C:\Python314\Lib\logging\__init__.py", line 1154, in emit
    stream.write(msg + self.terminator)
    ~~~~~~~~~~~~^^^^^^^^^^^^^^^^^^^^^^^
  File "C:\Python314\Lib\encodings\cp1252.py", line 19, in encode
    return codecs.charmap_encode(input,self.errors,encoding_table)[0]
           ~~~~~~~~~~~~~~~~~~~~~^^^^^^^^^^^^^^^^^^^^^^^^^^^^^^^^^^
UnicodeEncodeError: 'charmap' codec can't encode character '\u2192' in position 55: character maps to <undefined>
Call stack:
  File "C:\Shanki\VIT CHENNAI\Projs\TransferPred\src\pipeline.py", line 170, in <module>
    main()
  File "C:\Shanki\VIT CHENNAI\Projs\TransferPred\src\pipeline.py", line 150, in main
    run_phase(phase, cfg, log)
  File "C:\Shanki\VIT CHENNAI\Projs\TransferPred\src\pipeline.py", line 87, in run_phase
    apply_lsc(normalize(standardize(ingest(cfg), cfg), cfg), cfg), cfg
  File "C:\Shanki\VIT CHENNAI\Projs\TransferPred\src\data\normalize.py", line 65, in normalize
    log.info(f"  {stat} \u2192 {col_name}")
Message: '  carries \u2192 carries_p90'
Arguments: ()
--- Logging error ---
Traceback (most recent call last):
  File "C:\Python314\Lib\logging\__init__.py", line 1154, in emit
    stream.write(msg + self.terminator)
    ~~~~~~~~~~~~^^^^^^^^^^^^^^^^^^^^^^^
  File "C:\Python314\Lib\encodings\cp1252.py", line 19, in encode
    return codecs.charmap_encode(input,self.errors,encoding_table)[0]
           ~~~~~~~~~~~~~~~~~~~~~^^^^^^^^^^^^^^^^^^^^^^^^^^^^^^^^^^
UnicodeEncodeError: 'charmap' codec can't encode character '\u2192' in position 55: character maps to <undefined>
Call stack:
  File "C:\Shanki\VIT CHENNAI\Projs\TransferPred\src\pipeline.py", line 170, in <module>
    main()
  File "C:\Shanki\VIT CHENNAI\Projs\TransferPred\src\pipeline.py", line 150, in main
    run_phase(phase, cfg, log)
  File "C:\Shanki\VIT CHENNAI\Projs\TransferPred\src\pipeline.py", line 87, in run_phase
    apply_lsc(normalize(standardize(ingest(cfg), cfg), cfg), cfg), cfg
  File "C:\Shanki\VIT CHENNAI\Projs\TransferPred\src\data\normalize.py", line 65, in normalize
    log.info(f"  {stat} \u2192 {col_name}")
Message: '  touches \u2192 touches_p90'
Arguments: ()
2026-02-28 03:30:41 | INFO     | normalize | Computing league z-scores...
--- Logging error ---
Traceback (most recent call last):
  File "C:\Python314\Lib\logging\__init__.py", line 1154, in emit
    stream.write(msg + self.terminator)
    ~~~~~~~~~~~~^^^^^^^^^^^^^^^^^^^^^^^
  File "C:\Python314\Lib\encodings\cp1252.py", line 19, in encode
    return codecs.charmap_encode(input,self.errors,encoding_table)[0]
           ~~~~~~~~~~~~~~~~~~~~~^^^^^^^^^^^^^^^^^^^^^^^^^^^^^^^^^^
UnicodeEncodeError: 'charmap' codec can't encode character '\u2192' in position 57: character maps to <undefined>
Call stack:
  File "C:\Shanki\VIT CHENNAI\Projs\TransferPred\src\pipeline.py", line 170, in <module>
    main()
  File "C:\Shanki\VIT CHENNAI\Projs\TransferPred\src\pipeline.py", line 150, in main
    run_phase(phase, cfg, log)
  File "C:\Shanki\VIT CHENNAI\Projs\TransferPred\src\pipeline.py", line 87, in run_phase
    apply_lsc(normalize(standardize(ingest(cfg), cfg), cfg), cfg), cfg
  File "C:\Shanki\VIT CHENNAI\Projs\TransferPred\src\data\normalize.py", line 88, in normalize
    log.info(f"  {col} \u2192 {z_col}")
Message: '  goals_p90 \u2192 goals_zscore'
Arguments: ()
--- Logging error ---
Traceback (most recent call last):
  File "C:\Python314\Lib\logging\__init__.py", line 1154, in emit
    stream.write(msg + self.terminator)
    ~~~~~~~~~~~~^^^^^^^^^^^^^^^^^^^^^^^
  File "C:\Python314\Lib\encodings\cp1252.py", line 19, in encode
    return codecs.charmap_encode(input,self.errors,encoding_table)[0]
           ~~~~~~~~~~~~~~~~~~~~~^^^^^^^^^^^^^^^^^^^^^^^^^^^^^^^^^^
UnicodeEncodeError: 'charmap' codec can't encode character '\u2192' in position 59: character maps to <undefined>
Call stack:
  File "C:\Shanki\VIT CHENNAI\Projs\TransferPred\src\pipeline.py", line 170, in <module>
    main()
  File "C:\Shanki\VIT CHENNAI\Projs\TransferPred\src\pipeline.py", line 150, in main
    run_phase(phase, cfg, log)
  File "C:\Shanki\VIT CHENNAI\Projs\TransferPred\src\pipeline.py", line 87, in run_phase
    apply_lsc(normalize(standardize(ingest(cfg), cfg), cfg), cfg), cfg
  File "C:\Shanki\VIT CHENNAI\Projs\TransferPred\src\data\normalize.py", line 88, in normalize
    log.info(f"  {col} \u2192 {z_col}")
Message: '  assists_p90 \u2192 assists_zscore'
Arguments: ()
--- Logging error ---
Traceback (most recent call last):
  File "C:\Python314\Lib\logging\__init__.py", line 1154, in emit
    stream.write(msg + self.terminator)
    ~~~~~~~~~~~~^^^^^^^^^^^^^^^^^^^^^^^
  File "C:\Python314\Lib\encodings\cp1252.py", line 19, in encode
    return codecs.charmap_encode(input,self.errors,encoding_table)[0]
           ~~~~~~~~~~~~~~~~~~~~~^^^^^^^^^^^^^^^^^^^^^^^^^^^^^^^^^^
UnicodeEncodeError: 'charmap' codec can't encode character '\u2192' in position 54: character maps to <undefined>
Call stack:
  File "C:\Shanki\VIT CHENNAI\Projs\TransferPred\src\pipeline.py", line 170, in <module>
    main()
  File "C:\Shanki\VIT CHENNAI\Projs\TransferPred\src\pipeline.py", line 150, in main
    run_phase(phase, cfg, log)
  File "C:\Shanki\VIT CHENNAI\Projs\TransferPred\src\pipeline.py", line 87, in run_phase
    apply_lsc(normalize(standardize(ingest(cfg), cfg), cfg), cfg), cfg
  File "C:\Shanki\VIT CHENNAI\Projs\TransferPred\src\data\normalize.py", line 88, in normalize
    log.info(f"  {col} \u2192 {z_col}")
Message: '  xg_p90 \u2192 xg_zscore'
Arguments: ()
--- Logging error ---
Traceback (most recent call last):
  File "C:\Python314\Lib\logging\__init__.py", line 1154, in emit
    stream.write(msg + self.terminator)
    ~~~~~~~~~~~~^^^^^^^^^^^^^^^^^^^^^^^
  File "C:\Python314\Lib\encodings\cp1252.py", line 19, in encode
    return codecs.charmap_encode(input,self.errors,encoding_table)[0]
           ~~~~~~~~~~~~~~~~~~~~~^^^^^^^^^^^^^^^^^^^^^^^^^^^^^^^^^^
UnicodeEncodeError: 'charmap' codec can't encode character '\u2192' in position 55: character maps to <undefined>
Call stack:
  File "C:\Shanki\VIT CHENNAI\Projs\TransferPred\src\pipeline.py", line 170, in <module>
    main()
  File "C:\Shanki\VIT CHENNAI\Projs\TransferPred\src\pipeline.py", line 150, in main
    run_phase(phase, cfg, log)
  File "C:\Shanki\VIT CHENNAI\Projs\TransferPred\src\pipeline.py", line 87, in run_phase
    apply_lsc(normalize(standardize(ingest(cfg), cfg), cfg), cfg), cfg
  File "C:\Shanki\VIT CHENNAI\Projs\TransferPred\src\data\normalize.py", line 88, in normalize
    log.info(f"  {col} \u2192 {z_col}")
Message: '  xag_p90 \u2192 xag_zscore'
Arguments: ()
--- Logging error ---
Traceback (most recent call last):
  File "C:\Python314\Lib\logging\__init__.py", line 1154, in emit
    stream.write(msg + self.terminator)
    ~~~~~~~~~~~~^^^^^^^^^^^^^^^^^^^^^^^
  File "C:\Python314\Lib\encodings\cp1252.py", line 19, in encode
    return codecs.charmap_encode(input,self.errors,encoding_table)[0]
           ~~~~~~~~~~~~~~~~~~~~~^^^^^^^^^^^^^^^^^^^^^^^^^^^^^^^^^^
UnicodeEncodeError: 'charmap' codec can't encode character '\u2192' in position 56: character maps to <undefined>
Call stack:
  File "C:\Shanki\VIT CHENNAI\Projs\TransferPred\src\pipeline.py", line 170, in <module>
    main()
  File "C:\Shanki\VIT CHENNAI\Projs\TransferPred\src\pipeline.py", line 150, in main
    run_phase(phase, cfg, log)
  File "C:\Shanki\VIT CHENNAI\Projs\TransferPred\src\pipeline.py", line 87, in run_phase
    apply_lsc(normalize(standardize(ingest(cfg), cfg), cfg), cfg), cfg
  File "C:\Shanki\VIT CHENNAI\Projs\TransferPred\src\data\normalize.py", line 88, in normalize
    log.info(f"  {col} \u2192 {z_col}")
Message: '  npxg_p90 \u2192 npxg_zscore'
Arguments: ()
--- Logging error ---
Traceback (most recent call last):
  File "C:\Python314\Lib\logging\__init__.py", line 1154, in emit
    stream.write(msg + self.terminator)
    ~~~~~~~~~~~~^^^^^^^^^^^^^^^^^^^^^^^
  File "C:\Python314\Lib\encodings\cp1252.py", line 19, in encode
    return codecs.charmap_encode(input,self.errors,encoding_table)[0]
           ~~~~~~~~~~~~~~~~~~~~~^^^^^^^^^^^^^^^^^^^^^^^^^^^^^^^^^^
UnicodeEncodeError: 'charmap' codec can't encode character '\u2192' in position 64: character maps to <undefined>
Call stack:
  File "C:\Shanki\VIT CHENNAI\Projs\TransferPred\src\pipeline.py", line 170, in <module>
    main()
  File "C:\Shanki\VIT CHENNAI\Projs\TransferPred\src\pipeline.py", line 150, in main
    run_phase(phase, cfg, log)
  File "C:\Shanki\VIT CHENNAI\Projs\TransferPred\src\pipeline.py", line 87, in run_phase
    apply_lsc(normalize(standardize(ingest(cfg), cfg), cfg), cfg), cfg
  File "C:\Shanki\VIT CHENNAI\Projs\TransferPred\src\data\normalize.py", line 88, in normalize
    log.info(f"  {col} \u2192 {z_col}")
Message: '  prog_carries_p90 \u2192 prog_carries_zscore'
Arguments: ()
--- Logging error ---
Traceback (most recent call last):
  File "C:\Python314\Lib\logging\__init__.py", line 1154, in emit
    stream.write(msg + self.terminator)
    ~~~~~~~~~~~~^^^^^^^^^^^^^^^^^^^^^^^
  File "C:\Python314\Lib\encodings\cp1252.py", line 19, in encode
    return codecs.charmap_encode(input,self.errors,encoding_table)[0]
           ~~~~~~~~~~~~~~~~~~~~~^^^^^^^^^^^^^^^^^^^^^^^^^^^^^^^^^^
UnicodeEncodeError: 'charmap' codec can't encode character '\u2192' in position 63: character maps to <undefined>
Call stack:
  File "C:\Shanki\VIT CHENNAI\Projs\TransferPred\src\pipeline.py", line 170, in <module>
    main()
  File "C:\Shanki\VIT CHENNAI\Projs\TransferPred\src\pipeline.py", line 150, in main
    run_phase(phase, cfg, log)
  File "C:\Shanki\VIT CHENNAI\Projs\TransferPred\src\pipeline.py", line 87, in run_phase
    apply_lsc(normalize(standardize(ingest(cfg), cfg), cfg), cfg), cfg
  File "C:\Shanki\VIT CHENNAI\Projs\TransferPred\src\data\normalize.py", line 88, in normalize
    log.info(f"  {col} \u2192 {z_col}")
Message: '  prog_passes_p90 \u2192 prog_passes_zscore'
Arguments: ()
--- Logging error ---
Traceback (most recent call last):
  File "C:\Python314\Lib\logging\__init__.py", line 1154, in emit
    stream.write(msg + self.terminator)
    ~~~~~~~~~~~~^^^^^^^^^^^^^^^^^^^^^^^
  File "C:\Python314\Lib\encodings\cp1252.py", line 19, in encode
    return codecs.charmap_encode(input,self.errors,encoding_table)[0]
           ~~~~~~~~~~~~~~~~~~~~~^^^^^^^^^^^^^^^^^^^^^^^^^^^^^^^^^^
UnicodeEncodeError: 'charmap' codec can't encode character '\u2192' in position 67: character maps to <undefined>
Call stack:
  File "C:\Shanki\VIT CHENNAI\Projs\TransferPred\src\pipeline.py", line 170, in <module>
    main()
  File "C:\Shanki\VIT CHENNAI\Projs\TransferPred\src\pipeline.py", line 150, in main
    run_phase(phase, cfg, log)
  File "C:\Shanki\VIT CHENNAI\Projs\TransferPred\src\pipeline.py", line 87, in run_phase
    apply_lsc(normalize(standardize(ingest(cfg), cfg), cfg), cfg), cfg
  File "C:\Shanki\VIT CHENNAI\Projs\TransferPred\src\data\normalize.py", line 88, in normalize
    log.info(f"  {col} \u2192 {z_col}")
Message: '  prog_receptions_p90 \u2192 prog_receptions_zscore'
Arguments: ()
--- Logging error ---
Traceback (most recent call last):
  File "C:\Python314\Lib\logging\__init__.py", line 1154, in emit
    stream.write(msg + self.terminator)
    ~~~~~~~~~~~~^^^^^^^^^^^^^^^^^^^^^^^
  File "C:\Python314\Lib\encodings\cp1252.py", line 19, in encode
    return codecs.charmap_encode(input,self.errors,encoding_table)[0]
           ~~~~~~~~~~~~~~~~~~~~~^^^^^^^^^^^^^^^^^^^^^^^^^^^^^^^^^^
UnicodeEncodeError: 'charmap' codec can't encode character '\u2192' in position 62: character maps to <undefined>
Call stack:
  File "C:\Shanki\VIT CHENNAI\Projs\TransferPred\src\pipeline.py", line 170, in <module>
    main()
  File "C:\Shanki\VIT CHENNAI\Projs\TransferPred\src\pipeline.py", line 150, in main
    run_phase(phase, cfg, log)
  File "C:\Shanki\VIT CHENNAI\Projs\TransferPred\src\pipeline.py", line 87, in run_phase
    apply_lsc(normalize(standardize(ingest(cfg), cfg), cfg), cfg), cfg
  File "C:\Shanki\VIT CHENNAI\Projs\TransferPred\src\data\normalize.py", line 88, in normalize
    log.info(f"  {col} \u2192 {z_col}")
Message: '  key_passes_p90 \u2192 key_passes_zscore'
Arguments: ()
--- Logging error ---
Traceback (most recent call last):
  File "C:\Python314\Lib\logging\__init__.py", line 1154, in emit
    stream.write(msg + self.terminator)
    ~~~~~~~~~~~~^^^^^^^^^^^^^^^^^^^^^^^
  File "C:\Python314\Lib\encodings\cp1252.py", line 19, in encode
    return codecs.charmap_encode(input,self.errors,encoding_table)[0]
           ~~~~~~~~~~~~~~~~~~~~~^^^^^^^^^^^^^^^^^^^^^^^^^^^^^^^^^^
UnicodeEncodeError: 'charmap' codec can't encode character '\u2192' in position 54: character maps to <undefined>
Call stack:
  File "C:\Shanki\VIT CHENNAI\Projs\TransferPred\src\pipeline.py", line 170, in <module>
    main()
  File "C:\Shanki\VIT CHENNAI\Projs\TransferPred\src\pipeline.py", line 150, in main
    run_phase(phase, cfg, log)
  File "C:\Shanki\VIT CHENNAI\Projs\TransferPred\src\pipeline.py", line 87, in run_phase
    apply_lsc(normalize(standardize(ingest(cfg), cfg), cfg), cfg), cfg
  File "C:\Shanki\VIT CHENNAI\Projs\TransferPred\src\data\normalize.py", line 88, in normalize
    log.info(f"  {col} \u2192 {z_col}")
Message: '  xa_p90 \u2192 xa_zscore'
Arguments: ()
--- Logging error ---
Traceback (most recent call last):
  File "C:\Python314\Lib\logging\__init__.py", line 1154, in emit
    stream.write(msg + self.terminator)
    ~~~~~~~~~~~~^^^^^^^^^^^^^^^^^^^^^^^
  File "C:\Python314\Lib\encodings\cp1252.py", line 19, in encode
    return codecs.charmap_encode(input,self.errors,encoding_table)[0]
           ~~~~~~~~~~~~~~~~~~~~~^^^^^^^^^^^^^^^^^^^^^^^^^^^^^^^^^^
UnicodeEncodeError: 'charmap' codec can't encode character '\u2192' in position 63: character maps to <undefined>
Call stack:
  File "C:\Shanki\VIT CHENNAI\Projs\TransferPred\src\pipeline.py", line 170, in <module>
    main()
  File "C:\Shanki\VIT CHENNAI\Projs\TransferPred\src\pipeline.py", line 150, in main
    run_phase(phase, cfg, log)
  File "C:\Shanki\VIT CHENNAI\Projs\TransferPred\src\pipeline.py", line 87, in run_phase
    apply_lsc(normalize(standardize(ingest(cfg), cfg), cfg), cfg), cfg
  File "C:\Shanki\VIT CHENNAI\Projs\TransferPred\src\data\normalize.py", line 88, in normalize
    log.info(f"  {col} \u2192 {z_col}")
Message: '  tackles_won_p90 \u2192 tackles_won_zscore'
Arguments: ()
--- Logging error ---
Traceback (most recent call last):
  File "C:\Python314\Lib\logging\__init__.py", line 1154, in emit
    stream.write(msg + self.terminator)
    ~~~~~~~~~~~~^^^^^^^^^^^^^^^^^^^^^^^
  File "C:\Python314\Lib\encodings\cp1252.py", line 19, in encode
    return codecs.charmap_encode(input,self.errors,encoding_table)[0]
           ~~~~~~~~~~~~~~~~~~~~~^^^^^^^^^^^^^^^^^^^^^^^^^^^^^^^^^^
UnicodeEncodeError: 'charmap' codec can't encode character '\u2192' in position 65: character maps to <undefined>
Call stack:
  File "C:\Shanki\VIT CHENNAI\Projs\TransferPred\src\pipeline.py", line 170, in <module>
    main()
  File "C:\Shanki\VIT CHENNAI\Projs\TransferPred\src\pipeline.py", line 150, in main
    run_phase(phase, cfg, log)
  File "C:\Shanki\VIT CHENNAI\Projs\TransferPred\src\pipeline.py", line 87, in run_phase
    apply_lsc(normalize(standardize(ingest(cfg), cfg), cfg), cfg), cfg
  File "C:\Shanki\VIT CHENNAI\Projs\TransferPred\src\data\normalize.py", line 88, in normalize
    log.info(f"  {col} \u2192 {z_col}")
Message: '  interceptions_p90 \u2192 interceptions_zscore'
Arguments: ()
--- Logging error ---
Traceback (most recent call last):
  File "C:\Python314\Lib\logging\__init__.py", line 1154, in emit
    stream.write(msg + self.terminator)
    ~~~~~~~~~~~~^^^^^^^^^^^^^^^^^^^^^^^
  File "C:\Python314\Lib\encodings\cp1252.py", line 19, in encode
    return codecs.charmap_encode(input,self.errors,encoding_table)[0]
           ~~~~~~~~~~~~~~~~~~~~~^^^^^^^^^^^^^^^^^^^^^^^^^^^^^^^^^^
UnicodeEncodeError: 'charmap' codec can't encode character '\u2192' in position 62: character maps to <undefined>
Call stack:
  File "C:\Shanki\VIT CHENNAI\Projs\TransferPred\src\pipeline.py", line 170, in <module>
    main()
  File "C:\Shanki\VIT CHENNAI\Projs\TransferPred\src\pipeline.py", line 150, in main
    run_phase(phase, cfg, log)
  File "C:\Shanki\VIT CHENNAI\Projs\TransferPred\src\pipeline.py", line 87, in run_phase
    apply_lsc(normalize(standardize(ingest(cfg), cfg), cfg), cfg), cfg
  File "C:\Shanki\VIT CHENNAI\Projs\TransferPred\src\data\normalize.py", line 88, in normalize
    log.info(f"  {col} \u2192 {z_col}")
Message: '  clearances_p90 \u2192 clearances_zscore'
Arguments: ()
--- Logging error ---
Traceback (most recent call last):
  File "C:\Python314\Lib\logging\__init__.py", line 1154, in emit
    stream.write(msg + self.terminator)
    ~~~~~~~~~~~~^^^^^^^^^^^^^^^^^^^^^^^
  File "C:\Python314\Lib\encodings\cp1252.py", line 19, in encode
    return codecs.charmap_encode(input,self.errors,encoding_table)[0]
           ~~~~~~~~~~~~~~~~~~~~~^^^^^^^^^^^^^^^^^^^^^^^^^^^^^^^^^^
UnicodeEncodeError: 'charmap' codec can't encode character '\u2192' in position 59: character maps to <undefined>
Call stack:
  File "C:\Shanki\VIT CHENNAI\Projs\TransferPred\src\pipeline.py", line 170, in <module>
    main()
  File "C:\Shanki\VIT CHENNAI\Projs\TransferPred\src\pipeline.py", line 150, in main
    run_phase(phase, cfg, log)
  File "C:\Shanki\VIT CHENNAI\Projs\TransferPred\src\pipeline.py", line 87, in run_phase
    apply_lsc(normalize(standardize(ingest(cfg), cfg), cfg), cfg), cfg
  File "C:\Shanki\VIT CHENNAI\Projs\TransferPred\src\data\normalize.py", line 88, in normalize
    log.info(f"  {col} \u2192 {z_col}")
Message: '  carries_p90 \u2192 carries_zscore'
Arguments: ()
--- Logging error ---
Traceback (most recent call last):
  File "C:\Python314\Lib\logging\__init__.py", line 1154, in emit
    stream.write(msg + self.terminator)
    ~~~~~~~~~~~~^^^^^^^^^^^^^^^^^^^^^^^
  File "C:\Python314\Lib\encodings\cp1252.py", line 19, in encode
    return codecs.charmap_encode(input,self.errors,encoding_table)[0]
           ~~~~~~~~~~~~~~~~~~~~~^^^^^^^^^^^^^^^^^^^^^^^^^^^^^^^^^^
UnicodeEncodeError: 'charmap' codec can't encode character '\u2192' in position 59: character maps to <undefined>
Call stack:
  File "C:\Shanki\VIT CHENNAI\Projs\TransferPred\src\pipeline.py", line 170, in <module>
    main()
  File "C:\Shanki\VIT CHENNAI\Projs\TransferPred\src\pipeline.py", line 150, in main
    run_phase(phase, cfg, log)
  File "C:\Shanki\VIT CHENNAI\Projs\TransferPred\src\pipeline.py", line 87, in run_phase
    apply_lsc(normalize(standardize(ingest(cfg), cfg), cfg), cfg), cfg
  File "C:\Shanki\VIT CHENNAI\Projs\TransferPred\src\data\normalize.py", line 88, in normalize
    log.info(f"  {col} \u2192 {z_col}")
Message: '  touches_p90 \u2192 touches_zscore'
Arguments: ()
--- Logging error ---
Traceback (most recent call last):
  File "C:\Python314\Lib\logging\__init__.py", line 1154, in emit
    stream.write(msg + self.terminator)
    ~~~~~~~~~~~~^^^^^^^^^^^^^^^^^^^^^^^
  File "C:\Python314\Lib\encodings\cp1252.py", line 19, in encode
    return codecs.charmap_encode(input,self.errors,encoding_table)[0]
           ~~~~~~~~~~~~~~~~~~~~~^^^^^^^^^^^^^^^^^^^^^^^^^^^^^^^^^^
UnicodeEncodeError: 'charmap' codec can't encode character '\u2192' in position 57: character maps to <undefined>
Call stack:
  File "C:\Shanki\VIT CHENNAI\Projs\TransferPred\src\pipeline.py", line 170, in <module>
    main()
  File "C:\Shanki\VIT CHENNAI\Projs\TransferPred\src\pipeline.py", line 150, in main
    run_phase(phase, cfg, log)
  File "C:\Shanki\VIT CHENNAI\Projs\TransferPred\src\pipeline.py", line 87, in run_phase
    apply_lsc(normalize(standardize(ingest(cfg), cfg), cfg), cfg), cfg
  File "C:\Shanki\VIT CHENNAI\Projs\TransferPred\src\data\normalize.py", line 88, in normalize
    log.info(f"  {col} \u2192 {z_col}")
Message: '  shots_p90 \u2192 shots_zscore'
Arguments: ()
--- Logging error ---
Traceback (most recent call last):
  File "C:\Python314\Lib\logging\__init__.py", line 1154, in emit
    stream.write(msg + self.terminator)
    ~~~~~~~~~~~~^^^^^^^^^^^^^^^^^^^^^^^
  File "C:\Python314\Lib\encodings\cp1252.py", line 19, in encode
    return codecs.charmap_encode(input,self.errors,encoding_table)[0]
           ~~~~~~~~~~~~~~~~~~~~~^^^^^^^^^^^^^^^^^^^^^^^^^^^^^^^^^^
UnicodeEncodeError: 'charmap' codec can't encode character '\u2192' in position 67: character maps to <undefined>
Call stack:
  File "C:\Shanki\VIT CHENNAI\Projs\TransferPred\src\pipeline.py", line 170, in <module>
    main()
  File "C:\Shanki\VIT CHENNAI\Projs\TransferPred\src\pipeline.py", line 150, in main
    run_phase(phase, cfg, log)
  File "C:\Shanki\VIT CHENNAI\Projs\TransferPred\src\pipeline.py", line 87, in run_phase
    apply_lsc(normalize(standardize(ingest(cfg), cfg), cfg), cfg), cfg
  File "C:\Shanki\VIT CHENNAI\Projs\TransferPred\src\data\normalize.py", line 88, in normalize
    log.info(f"  {col} \u2192 {z_col}")
Message: '  shots_on_target_p90 \u2192 shots_on_target_zscore'
Arguments: ()
--- Logging error ---
Traceback (most recent call last):
  File "C:\Python314\Lib\logging\__init__.py", line 1154, in emit
    stream.write(msg + self.terminator)
    ~~~~~~~~~~~~^^^^^^^^^^^^^^^^^^^^^^^
  File "C:\Python314\Lib\encodings\cp1252.py", line 19, in encode
    return codecs.charmap_encode(input,self.errors,encoding_table)[0]
           ~~~~~~~~~~~~~~~~~~~~~^^^^^^^^^^^^^^^^^^^^^^^^^^^^^^^^^^
UnicodeEncodeError: 'charmap' codec can't encode character '\u2192' in position 67: character maps to <undefined>
Call stack:
  File "C:\Shanki\VIT CHENNAI\Projs\TransferPred\src\pipeline.py", line 170, in <module>
    main()
  File "C:\Shanki\VIT CHENNAI\Projs\TransferPred\src\pipeline.py", line 150, in main
    run_phase(phase, cfg, log)
  File "C:\Shanki\VIT CHENNAI\Projs\TransferPred\src\pipeline.py", line 87, in run_phase
    apply_lsc(normalize(standardize(ingest(cfg), cfg), cfg), cfg), cfg
  File "C:\Shanki\VIT CHENNAI\Projs\TransferPred\src\data\normalize.py", line 88, in normalize
    log.info(f"  {col} \u2192 {z_col}")
Message: '  pass_completion_pct \u2192 pass_completion_zscore'
Arguments: ()
2026-02-28 03:30:41 | INFO     | normalize | Shape after normalization: (699, 57)
2026-02-28 03:30:41 | INFO     | normalize | Saved: C:\Shanki\VIT CHENNAI\Projs\TransferPred\data\interim\normalized.csv
2026-02-28 03:30:41 | INFO     | normalize | === Phase 1 — Normalize: DONE ===
2026-02-28 03:30:41 | INFO     | league_strength | === Phase 1 — League Strength Coefficient: START ===
2026-02-28 03:30:41 | INFO     | league_strength | LSC map: {'Premier League': 1.0, 'Bundesliga': 0.88, 'La Liga': 0.93, 'Serie A': 0.88, 'Ligue 1': 0.82}
2026-02-28 03:30:41 | INFO     | league_strength | Reference LSC (Premier League): 1.0
--- Logging error ---
Traceback (most recent call last):
  File "C:\Python314\Lib\logging\__init__.py", line 1154, in emit
    stream.write(msg + self.terminator)
    ~~~~~~~~~~~~^^^^^^^^^^^^^^^^^^^^^^^
  File "C:\Python314\Lib\encodings\cp1252.py", line 19, in encode
    return codecs.charmap_encode(input,self.errors,encoding_table)[0]
           ~~~~~~~~~~~~~~~~~~~~~^^^^^^^^^^^^^^^^^^^^^^^^^^^^^^^^^^
UnicodeEncodeError: 'charmap' codec can't encode character '\u2192' in position 63: character maps to <undefined>
Call stack:
  File "C:\Shanki\VIT CHENNAI\Projs\TransferPred\src\pipeline.py", line 170, in <module>
    main()
  File "C:\Shanki\VIT CHENNAI\Projs\TransferPred\src\pipeline.py", line 150, in main
    run_phase(phase, cfg, log)
  File "C:\Shanki\VIT CHENNAI\Projs\TransferPred\src\pipeline.py", line 87, in run_phase
    apply_lsc(normalize(standardize(ingest(cfg), cfg), cfg), cfg), cfg
  File "C:\Shanki\VIT CHENNAI\Projs\TransferPred\src\data\league_strength.py", line 82, in apply_lsc
    log.info(f"  {col} \u2192 {adj_col}")
Message: '  goals_p90 \u2192 lsc_adj_goals_p90'
Arguments: ()
--- Logging error ---
Traceback (most recent call last):
  File "C:\Python314\Lib\logging\__init__.py", line 1154, in emit
    stream.write(msg + self.terminator)
    ~~~~~~~~~~~~^^^^^^^^^^^^^^^^^^^^^^^
  File "C:\Python314\Lib\encodings\cp1252.py", line 19, in encode
    return codecs.charmap_encode(input,self.errors,encoding_table)[0]
           ~~~~~~~~~~~~~~~~~~~~~^^^^^^^^^^^^^^^^^^^^^^^^^^^^^^^^^^
UnicodeEncodeError: 'charmap' codec can't encode character '\u2192' in position 65: character maps to <undefined>
Call stack:
  File "C:\Shanki\VIT CHENNAI\Projs\TransferPred\src\pipeline.py", line 170, in <module>
    main()
  File "C:\Shanki\VIT CHENNAI\Projs\TransferPred\src\pipeline.py", line 150, in main
    run_phase(phase, cfg, log)
  File "C:\Shanki\VIT CHENNAI\Projs\TransferPred\src\pipeline.py", line 87, in run_phase
    apply_lsc(normalize(standardize(ingest(cfg), cfg), cfg), cfg), cfg
  File "C:\Shanki\VIT CHENNAI\Projs\TransferPred\src\data\league_strength.py", line 82, in apply_lsc
    log.info(f"  {col} \u2192 {adj_col}")
Message: '  assists_p90 \u2192 lsc_adj_assists_p90'
Arguments: ()
--- Logging error ---
Traceback (most recent call last):
  File "C:\Python314\Lib\logging\__init__.py", line 1154, in emit
    stream.write(msg + self.terminator)
    ~~~~~~~~~~~~^^^^^^^^^^^^^^^^^^^^^^^
  File "C:\Python314\Lib\encodings\cp1252.py", line 19, in encode
    return codecs.charmap_encode(input,self.errors,encoding_table)[0]
           ~~~~~~~~~~~~~~~~~~~~~^^^^^^^^^^^^^^^^^^^^^^^^^^^^^^^^^^
UnicodeEncodeError: 'charmap' codec can't encode character '\u2192' in position 60: character maps to <undefined>
Call stack:
  File "C:\Shanki\VIT CHENNAI\Projs\TransferPred\src\pipeline.py", line 170, in <module>
    main()
  File "C:\Shanki\VIT CHENNAI\Projs\TransferPred\src\pipeline.py", line 150, in main
    run_phase(phase, cfg, log)
  File "C:\Shanki\VIT CHENNAI\Projs\TransferPred\src\pipeline.py", line 87, in run_phase
    apply_lsc(normalize(standardize(ingest(cfg), cfg), cfg), cfg), cfg
  File "C:\Shanki\VIT CHENNAI\Projs\TransferPred\src\data\league_strength.py", line 82, in apply_lsc
    log.info(f"  {col} \u2192 {adj_col}")
Message: '  xg_p90 \u2192 lsc_adj_xg_p90'
Arguments: ()
--- Logging error ---
Traceback (most recent call last):
  File "C:\Python314\Lib\logging\__init__.py", line 1154, in emit
    stream.write(msg + self.terminator)
    ~~~~~~~~~~~~^^^^^^^^^^^^^^^^^^^^^^^
  File "C:\Python314\Lib\encodings\cp1252.py", line 19, in encode
    return codecs.charmap_encode(input,self.errors,encoding_table)[0]
           ~~~~~~~~~~~~~~~~~~~~~^^^^^^^^^^^^^^^^^^^^^^^^^^^^^^^^^^
UnicodeEncodeError: 'charmap' codec can't encode character '\u2192' in position 61: character maps to <undefined>
Call stack:
  File "C:\Shanki\VIT CHENNAI\Projs\TransferPred\src\pipeline.py", line 170, in <module>
    main()
  File "C:\Shanki\VIT CHENNAI\Projs\TransferPred\src\pipeline.py", line 150, in main
    run_phase(phase, cfg, log)
  File "C:\Shanki\VIT CHENNAI\Projs\TransferPred\src\pipeline.py", line 87, in run_phase
    apply_lsc(normalize(standardize(ingest(cfg), cfg), cfg), cfg), cfg
  File "C:\Shanki\VIT CHENNAI\Projs\TransferPred\src\data\league_strength.py", line 82, in apply_lsc
    log.info(f"  {col} \u2192 {adj_col}")
Message: '  xag_p90 \u2192 lsc_adj_xag_p90'
Arguments: ()
--- Logging error ---
Traceback (most recent call last):
  File "C:\Python314\Lib\logging\__init__.py", line 1154, in emit
    stream.write(msg + self.terminator)
    ~~~~~~~~~~~~^^^^^^^^^^^^^^^^^^^^^^^
  File "C:\Python314\Lib\encodings\cp1252.py", line 19, in encode
    return codecs.charmap_encode(input,self.errors,encoding_table)[0]
           ~~~~~~~~~~~~~~~~~~~~~^^^^^^^^^^^^^^^^^^^^^^^^^^^^^^^^^^
UnicodeEncodeError: 'charmap' codec can't encode character '\u2192' in position 62: character maps to <undefined>
Call stack:
  File "C:\Shanki\VIT CHENNAI\Projs\TransferPred\src\pipeline.py", line 170, in <module>
    main()
  File "C:\Shanki\VIT CHENNAI\Projs\TransferPred\src\pipeline.py", line 150, in main
    run_phase(phase, cfg, log)
  File "C:\Shanki\VIT CHENNAI\Projs\TransferPred\src\pipeline.py", line 87, in run_phase
    apply_lsc(normalize(standardize(ingest(cfg), cfg), cfg), cfg), cfg
  File "C:\Shanki\VIT CHENNAI\Projs\TransferPred\src\data\league_strength.py", line 82, in apply_lsc
    log.info(f"  {col} \u2192 {adj_col}")
Message: '  npxg_p90 \u2192 lsc_adj_npxg_p90'
Arguments: ()
--- Logging error ---
Traceback (most recent call last):
  File "C:\Python314\Lib\logging\__init__.py", line 1154, in emit
    stream.write(msg + self.terminator)
    ~~~~~~~~~~~~^^^^^^^^^^^^^^^^^^^^^^^
  File "C:\Python314\Lib\encodings\cp1252.py", line 19, in encode
    return codecs.charmap_encode(input,self.errors,encoding_table)[0]
           ~~~~~~~~~~~~~~~~~~~~~^^^^^^^^^^^^^^^^^^^^^^^^^^^^^^^^^^
UnicodeEncodeError: 'charmap' codec can't encode character '\u2192' in position 63: character maps to <undefined>
Call stack:
  File "C:\Shanki\VIT CHENNAI\Projs\TransferPred\src\pipeline.py", line 170, in <module>
    main()
  File "C:\Shanki\VIT CHENNAI\Projs\TransferPred\src\pipeline.py", line 150, in main
    run_phase(phase, cfg, log)
  File "C:\Shanki\VIT CHENNAI\Projs\TransferPred\src\pipeline.py", line 87, in run_phase
    apply_lsc(normalize(standardize(ingest(cfg), cfg), cfg), cfg), cfg
  File "C:\Shanki\VIT CHENNAI\Projs\TransferPred\src\data\league_strength.py", line 82, in apply_lsc
    log.info(f"  {col} \u2192 {adj_col}")
Message: '  shots_p90 \u2192 lsc_adj_shots_p90'
Arguments: ()
--- Logging error ---
Traceback (most recent call last):
  File "C:\Python314\Lib\logging\__init__.py", line 1154, in emit
    stream.write(msg + self.terminator)
    ~~~~~~~~~~~~^^^^^^^^^^^^^^^^^^^^^^^
  File "C:\Python314\Lib\encodings\cp1252.py", line 19, in encode
    return codecs.charmap_encode(input,self.errors,encoding_table)[0]
           ~~~~~~~~~~~~~~~~~~~~~^^^^^^^^^^^^^^^^^^^^^^^^^^^^^^^^^^
UnicodeEncodeError: 'charmap' codec can't encode character '\u2192' in position 73: character maps to <undefined>
Call stack:
  File "C:\Shanki\VIT CHENNAI\Projs\TransferPred\src\pipeline.py", line 170, in <module>
    main()
  File "C:\Shanki\VIT CHENNAI\Projs\TransferPred\src\pipeline.py", line 150, in main
    run_phase(phase, cfg, log)
  File "C:\Shanki\VIT CHENNAI\Projs\TransferPred\src\pipeline.py", line 87, in run_phase
    apply_lsc(normalize(standardize(ingest(cfg), cfg), cfg), cfg), cfg
  File "C:\Shanki\VIT CHENNAI\Projs\TransferPred\src\data\league_strength.py", line 82, in apply_lsc
    log.info(f"  {col} \u2192 {adj_col}")
Message: '  shots_on_target_p90 \u2192 lsc_adj_shots_on_target_p90'
Arguments: ()
--- Logging error ---
Traceback (most recent call last):
  File "C:\Python314\Lib\logging\__init__.py", line 1154, in emit
    stream.write(msg + self.terminator)
    ~~~~~~~~~~~~^^^^^^^^^^^^^^^^^^^^^^^
  File "C:\Python314\Lib\encodings\cp1252.py", line 19, in encode
    return codecs.charmap_encode(input,self.errors,encoding_table)[0]
           ~~~~~~~~~~~~~~~~~~~~~^^^^^^^^^^^^^^^^^^^^^^^^^^^^^^^^^^
UnicodeEncodeError: 'charmap' codec can't encode character '\u2192' in position 70: character maps to <undefined>
Call stack:
  File "C:\Shanki\VIT CHENNAI\Projs\TransferPred\src\pipeline.py", line 170, in <module>
    main()
  File "C:\Shanki\VIT CHENNAI\Projs\TransferPred\src\pipeline.py", line 150, in main
    run_phase(phase, cfg, log)
  File "C:\Shanki\VIT CHENNAI\Projs\TransferPred\src\pipeline.py", line 87, in run_phase
    apply_lsc(normalize(standardize(ingest(cfg), cfg), cfg), cfg), cfg
  File "C:\Shanki\VIT CHENNAI\Projs\TransferPred\src\data\league_strength.py", line 82, in apply_lsc
    log.info(f"  {col} \u2192 {adj_col}")
Message: '  prog_carries_p90 \u2192 lsc_adj_prog_carries_p90'
Arguments: ()
--- Logging error ---
Traceback (most recent call last):
  File "C:\Python314\Lib\logging\__init__.py", line 1154, in emit
    stream.write(msg + self.terminator)
    ~~~~~~~~~~~~^^^^^^^^^^^^^^^^^^^^^^^
  File "C:\Python314\Lib\encodings\cp1252.py", line 19, in encode
    return codecs.charmap_encode(input,self.errors,encoding_table)[0]
           ~~~~~~~~~~~~~~~~~~~~~^^^^^^^^^^^^^^^^^^^^^^^^^^^^^^^^^^
UnicodeEncodeError: 'charmap' codec can't encode character '\u2192' in position 69: character maps to <undefined>
Call stack:
  File "C:\Shanki\VIT CHENNAI\Projs\TransferPred\src\pipeline.py", line 170, in <module>
    main()
  File "C:\Shanki\VIT CHENNAI\Projs\TransferPred\src\pipeline.py", line 150, in main
    run_phase(phase, cfg, log)
  File "C:\Shanki\VIT CHENNAI\Projs\TransferPred\src\pipeline.py", line 87, in run_phase
    apply_lsc(normalize(standardize(ingest(cfg), cfg), cfg), cfg), cfg
  File "C:\Shanki\VIT CHENNAI\Projs\TransferPred\src\data\league_strength.py", line 82, in apply_lsc
    log.info(f"  {col} \u2192 {adj_col}")
Message: '  prog_passes_p90 \u2192 lsc_adj_prog_passes_p90'
Arguments: ()
--- Logging error ---
Traceback (most recent call last):
  File "C:\Python314\Lib\logging\__init__.py", line 1154, in emit
    stream.write(msg + self.terminator)
    ~~~~~~~~~~~~^^^^^^^^^^^^^^^^^^^^^^^
  File "C:\Python314\Lib\encodings\cp1252.py", line 19, in encode
    return codecs.charmap_encode(input,self.errors,encoding_table)[0]
           ~~~~~~~~~~~~~~~~~~~~~^^^^^^^^^^^^^^^^^^^^^^^^^^^^^^^^^^
UnicodeEncodeError: 'charmap' codec can't encode character '\u2192' in position 73: character maps to <undefined>
Call stack:
  File "C:\Shanki\VIT CHENNAI\Projs\TransferPred\src\pipeline.py", line 170, in <module>
    main()
  File "C:\Shanki\VIT CHENNAI\Projs\TransferPred\src\pipeline.py", line 150, in main
    run_phase(phase, cfg, log)
  File "C:\Shanki\VIT CHENNAI\Projs\TransferPred\src\pipeline.py", line 87, in run_phase
    apply_lsc(normalize(standardize(ingest(cfg), cfg), cfg), cfg), cfg
  File "C:\Shanki\VIT CHENNAI\Projs\TransferPred\src\data\league_strength.py", line 82, in apply_lsc
    log.info(f"  {col} \u2192 {adj_col}")
Message: '  prog_receptions_p90 \u2192 lsc_adj_prog_receptions_p90'
Arguments: ()
--- Logging error ---
Traceback (most recent call last):
  File "C:\Python314\Lib\logging\__init__.py", line 1154, in emit
    stream.write(msg + self.terminator)
    ~~~~~~~~~~~~^^^^^^^^^^^^^^^^^^^^^^^
  File "C:\Python314\Lib\encodings\cp1252.py", line 19, in encode
    return codecs.charmap_encode(input,self.errors,encoding_table)[0]
           ~~~~~~~~~~~~~~~~~~~~~^^^^^^^^^^^^^^^^^^^^^^^^^^^^^^^^^^
UnicodeEncodeError: 'charmap' codec can't encode character '\u2192' in position 68: character maps to <undefined>
Call stack:
  File "C:\Shanki\VIT CHENNAI\Projs\TransferPred\src\pipeline.py", line 170, in <module>
    main()
  File "C:\Shanki\VIT CHENNAI\Projs\TransferPred\src\pipeline.py", line 150, in main
    run_phase(phase, cfg, log)
  File "C:\Shanki\VIT CHENNAI\Projs\TransferPred\src\pipeline.py", line 87, in run_phase
    apply_lsc(normalize(standardize(ingest(cfg), cfg), cfg), cfg), cfg
  File "C:\Shanki\VIT CHENNAI\Projs\TransferPred\src\data\league_strength.py", line 82, in apply_lsc
    log.info(f"  {col} \u2192 {adj_col}")
Message: '  key_passes_p90 \u2192 lsc_adj_key_passes_p90'
Arguments: ()
--- Logging error ---
Traceback (most recent call last):
  File "C:\Python314\Lib\logging\__init__.py", line 1154, in emit
    stream.write(msg + self.terminator)
    ~~~~~~~~~~~~^^^^^^^^^^^^^^^^^^^^^^^
  File "C:\Python314\Lib\encodings\cp1252.py", line 19, in encode
    return codecs.charmap_encode(input,self.errors,encoding_table)[0]
           ~~~~~~~~~~~~~~~~~~~~~^^^^^^^^^^^^^^^^^^^^^^^^^^^^^^^^^^
UnicodeEncodeError: 'charmap' codec can't encode character '\u2192' in position 60: character maps to <undefined>
Call stack:
  File "C:\Shanki\VIT CHENNAI\Projs\TransferPred\src\pipeline.py", line 170, in <module>
    main()
  File "C:\Shanki\VIT CHENNAI\Projs\TransferPred\src\pipeline.py", line 150, in main
    run_phase(phase, cfg, log)
  File "C:\Shanki\VIT CHENNAI\Projs\TransferPred\src\pipeline.py", line 87, in run_phase
    apply_lsc(normalize(standardize(ingest(cfg), cfg), cfg), cfg), cfg
  File "C:\Shanki\VIT CHENNAI\Projs\TransferPred\src\data\league_strength.py", line 82, in apply_lsc
    log.info(f"  {col} \u2192 {adj_col}")
Message: '  xa_p90 \u2192 lsc_adj_xa_p90'
Arguments: ()
--- Logging error ---
Traceback (most recent call last):
  File "C:\Python314\Lib\logging\__init__.py", line 1154, in emit
    stream.write(msg + self.terminator)
    ~~~~~~~~~~~~^^^^^^^^^^^^^^^^^^^^^^^
  File "C:\Python314\Lib\encodings\cp1252.py", line 19, in encode
    return codecs.charmap_encode(input,self.errors,encoding_table)[0]
           ~~~~~~~~~~~~~~~~~~~~~^^^^^^^^^^^^^^^^^^^^^^^^^^^^^^^^^^
UnicodeEncodeError: 'charmap' codec can't encode character '\u2192' in position 65: character maps to <undefined>
Call stack:
  File "C:\Shanki\VIT CHENNAI\Projs\TransferPred\src\pipeline.py", line 170, in <module>
    main()
  File "C:\Shanki\VIT CHENNAI\Projs\TransferPred\src\pipeline.py", line 150, in main
    run_phase(phase, cfg, log)
  File "C:\Shanki\VIT CHENNAI\Projs\TransferPred\src\pipeline.py", line 87, in run_phase
    apply_lsc(normalize(standardize(ingest(cfg), cfg), cfg), cfg), cfg
  File "C:\Shanki\VIT CHENNAI\Projs\TransferPred\src\data\league_strength.py", line 82, in apply_lsc
    log.info(f"  {col} \u2192 {adj_col}")
Message: '  carries_p90 \u2192 lsc_adj_carries_p90'
Arguments: ()
--- Logging error ---
Traceback (most recent call last):
  File "C:\Python314\Lib\logging\__init__.py", line 1154, in emit
    stream.write(msg + self.terminator)
    ~~~~~~~~~~~~^^^^^^^^^^^^^^^^^^^^^^^
  File "C:\Python314\Lib\encodings\cp1252.py", line 19, in encode
    return codecs.charmap_encode(input,self.errors,encoding_table)[0]
           ~~~~~~~~~~~~~~~~~~~~~^^^^^^^^^^^^^^^^^^^^^^^^^^^^^^^^^^
UnicodeEncodeError: 'charmap' codec can't encode character '\u2192' in position 65: character maps to <undefined>
Call stack:
  File "C:\Shanki\VIT CHENNAI\Projs\TransferPred\src\pipeline.py", line 170, in <module>
    main()
  File "C:\Shanki\VIT CHENNAI\Projs\TransferPred\src\pipeline.py", line 150, in main
    run_phase(phase, cfg, log)
  File "C:\Shanki\VIT CHENNAI\Projs\TransferPred\src\pipeline.py", line 87, in run_phase
    apply_lsc(normalize(standardize(ingest(cfg), cfg), cfg), cfg), cfg
  File "C:\Shanki\VIT CHENNAI\Projs\TransferPred\src\data\league_strength.py", line 82, in apply_lsc
    log.info(f"  {col} \u2192 {adj_col}")
Message: '  touches_p90 \u2192 lsc_adj_touches_p90'
Arguments: ()
--- Logging error ---
Traceback (most recent call last):
  File "C:\Python314\Lib\logging\__init__.py", line 1154, in emit
    stream.write(msg + self.terminator)
    ~~~~~~~~~~~~^^^^^^^^^^^^^^^^^^^^^^^
  File "C:\Python314\Lib\encodings\cp1252.py", line 19, in encode
    return codecs.charmap_encode(input,self.errors,encoding_table)[0]
           ~~~~~~~~~~~~~~~~~~~~~^^^^^^^^^^^^^^^^^^^^^^^^^^^^^^^^^^
UnicodeEncodeError: 'charmap' codec can't encode character '\u2192' in position 69: character maps to <undefined>
Call stack:
  File "C:\Shanki\VIT CHENNAI\Projs\TransferPred\src\pipeline.py", line 170, in <module>
    main()
  File "C:\Shanki\VIT CHENNAI\Projs\TransferPred\src\pipeline.py", line 150, in main
    run_phase(phase, cfg, log)
  File "C:\Shanki\VIT CHENNAI\Projs\TransferPred\src\pipeline.py", line 87, in run_phase
    apply_lsc(normalize(standardize(ingest(cfg), cfg), cfg), cfg), cfg
  File "C:\Shanki\VIT CHENNAI\Projs\TransferPred\src\data\league_strength.py", line 91, in apply_lsc
    log.info(f"  {col} \u2192 {adj_col} (inverted LSC)")
Message: '  tackles_won_p90 \u2192 lsc_adj_tackles_won_p90 (inverted LSC)'
Arguments: ()
--- Logging error ---
Traceback (most recent call last):
  File "C:\Python314\Lib\logging\__init__.py", line 1154, in emit
    stream.write(msg + self.terminator)
    ~~~~~~~~~~~~^^^^^^^^^^^^^^^^^^^^^^^
  File "C:\Python314\Lib\encodings\cp1252.py", line 19, in encode
    return codecs.charmap_encode(input,self.errors,encoding_table)[0]
           ~~~~~~~~~~~~~~~~~~~~~^^^^^^^^^^^^^^^^^^^^^^^^^^^^^^^^^^
UnicodeEncodeError: 'charmap' codec can't encode character '\u2192' in position 71: character maps to <undefined>
Call stack:
  File "C:\Shanki\VIT CHENNAI\Projs\TransferPred\src\pipeline.py", line 170, in <module>
    main()
  File "C:\Shanki\VIT CHENNAI\Projs\TransferPred\src\pipeline.py", line 150, in main
    run_phase(phase, cfg, log)
  File "C:\Shanki\VIT CHENNAI\Projs\TransferPred\src\pipeline.py", line 87, in run_phase
    apply_lsc(normalize(standardize(ingest(cfg), cfg), cfg), cfg), cfg
  File "C:\Shanki\VIT CHENNAI\Projs\TransferPred\src\data\league_strength.py", line 91, in apply_lsc
    log.info(f"  {col} \u2192 {adj_col} (inverted LSC)")
Message: '  interceptions_p90 \u2192 lsc_adj_interceptions_p90 (inverted LSC)'
Arguments: ()
--- Logging error ---
Traceback (most recent call last):
  File "C:\Python314\Lib\logging\__init__.py", line 1154, in emit
    stream.write(msg + self.terminator)
    ~~~~~~~~~~~~^^^^^^^^^^^^^^^^^^^^^^^
  File "C:\Python314\Lib\encodings\cp1252.py", line 19, in encode
    return codecs.charmap_encode(input,self.errors,encoding_table)[0]
           ~~~~~~~~~~~~~~~~~~~~~^^^^^^^^^^^^^^^^^^^^^^^^^^^^^^^^^^
UnicodeEncodeError: 'charmap' codec can't encode character '\u2192' in position 68: character maps to <undefined>
Call stack:
  File "C:\Shanki\VIT CHENNAI\Projs\TransferPred\src\pipeline.py", line 170, in <module>
    main()
  File "C:\Shanki\VIT CHENNAI\Projs\TransferPred\src\pipeline.py", line 150, in main
    run_phase(phase, cfg, log)
  File "C:\Shanki\VIT CHENNAI\Projs\TransferPred\src\pipeline.py", line 87, in run_phase
    apply_lsc(normalize(standardize(ingest(cfg), cfg), cfg), cfg), cfg
  File "C:\Shanki\VIT CHENNAI\Projs\TransferPred\src\data\league_strength.py", line 91, in apply_lsc
    log.info(f"  {col} \u2192 {adj_col} (inverted LSC)")
Message: '  clearances_p90 \u2192 lsc_adj_clearances_p90 (inverted LSC)'
Arguments: ()
2026-02-28 03:30:41 | INFO     | league_strength | DataFrame shape after LSC adjustment: (699, 75)
2026-02-28 03:30:41 | INFO     | league_strength | Saved unified dataset: C:\Shanki\VIT CHENNAI\Projs\TransferPred\data\processed\unified_dataset.csv
2026-02-28 03:30:41 | INFO     | league_strength | === Phase 1 — League Strength Coefficient: DONE ===
2026-02-28 03:30:41 | INFO     | feature_engineering | === Phase 2 — Feature Engineering: START ===
2026-02-28 03:30:41 | INFO     | feature_engineering | Input shape: (699, 75)
2026-02-28 03:30:41 | INFO     | feature_engineering |   team_strength_ratio computed.
2026-02-28 03:30:41 | INFO     | feature_engineering |   poss_adj_touches_p90 computed.
2026-02-28 03:30:41 | INFO     | feature_engineering |   Position flag: pos_gk
2026-02-28 03:30:41 | INFO     | feature_engineering |   Position flag: pos_df
2026-02-28 03:30:41 | INFO     | feature_engineering |   Position flag: pos_mf
2026-02-28 03:30:41 | INFO     | feature_engineering |   Position flag: pos_fw
2026-02-28 03:30:41 | INFO     | feature_engineering |   position_primary computed.
2026-02-28 03:30:41 | INFO     | feature_engineering |   age_curve_score computed.
2026-02-28 03:30:41 | INFO     | feature_engineering |   play_style_progressive computed.
2026-02-28 03:30:41 | INFO     | feature_engineering |   play_style_direct_carry computed.
2026-02-28 03:30:41 | INFO     | feature_engineering |   play_style_defensive computed.
2026-02-28 03:30:41 | INFO     | feature_engineering |   Percentile: shots_p90_pct
2026-02-28 03:30:41 | INFO     | feature_engineering |   Percentile: shots_on_target_p90_pct
2026-02-28 03:30:41 | INFO     | feature_engineering |   Percentile: goals_p90_pct
2026-02-28 03:30:41 | INFO     | feature_engineering |   Percentile: assists_p90_pct
2026-02-28 03:30:41 | INFO     | feature_engineering |   Percentile: xg_p90_pct
2026-02-28 03:30:41 | INFO     | feature_engineering |   Percentile: xag_p90_pct
2026-02-28 03:30:41 | INFO     | feature_engineering |   Percentile: npxg_p90_pct
2026-02-28 03:30:41 | INFO     | feature_engineering |   Percentile: prog_carries_p90_pct
2026-02-28 03:30:41 | INFO     | feature_engineering |   Percentile: prog_passes_p90_pct
2026-02-28 03:30:41 | INFO     | feature_engineering |   Percentile: prog_receptions_p90_pct
2026-02-28 03:30:41 | INFO     | feature_engineering |   Percentile: key_passes_p90_pct
2026-02-28 03:30:41 | INFO     | feature_engineering |   Percentile: xa_p90_pct
2026-02-28 03:30:41 | INFO     | feature_engineering |   Percentile: tackles_won_p90_pct
2026-02-28 03:30:41 | INFO     | feature_engineering |   Percentile: interceptions_p90_pct
2026-02-28 03:30:41 | INFO     | feature_engineering |   Percentile: clearances_p90_pct
2026-02-28 03:30:41 | INFO     | feature_engineering |   Percentile: carries_p90_pct
2026-02-28 03:30:41 | INFO     | feature_engineering |   Percentile: touches_p90_pct
2026-02-28 03:30:41 | INFO     | feature_engineering |   Percentile: poss_adj_touches_p90_pct
2026-02-28 03:30:41 | INFO     | feature_engineering | Final feature set — shape: (699, 104)
2026-02-28 03:30:41 | INFO     | feature_engineering | Columns: ['player', 'team', 'league', 'position', 'age', 'minutes', 'goals', 'assists', 'xg', 'xag', 'npxg', 'shots_p90', 'shots_on_target_p90', 'prog_carries', 'prog_passes', 'prog_receptions', 'key_passes', 'xa', 'pass_completion_pct', 'tackles_won', 'interceptions', 'clearances', 'carries', 'touches', 'goals_p90', 'assists_p90', 'xg_p90', 'xag_p90', 'npxg_p90', 'prog_carries_p90', 'prog_passes_p90', 'prog_receptions_p90', 'key_passes_p90', 'xa_p90', 'tackles_won_p90', 'interceptions_p90', 'clearances_p90', 'carries_p90', 'touches_p90', 'goals_zscore', 'assists_zscore', 'xg_zscore', 'xag_zscore', 'npxg_zscore', 'prog_carries_zscore', 'prog_passes_zscore', 'prog_receptions_zscore', 'key_passes_zscore', 'xa_zscore', 'tackles_won_zscore', 'interceptions_zscore', 'clearances_zscore', 'carries_zscore', 'touches_zscore', 'shots_zscore', 'shots_on_target_zscore', 'pass_completion_zscore', 'league_lsc', 'lsc_adj_goals_p90', 'lsc_adj_assists_p90', 'lsc_adj_xg_p90', 'lsc_adj_xag_p90', 'lsc_adj_npxg_p90', 'lsc_adj_shots_p90', 'lsc_adj_shots_on_target_p90', 'lsc_adj_prog_carries_p90', 'lsc_adj_prog_passes_p90', 'lsc_adj_prog_receptions_p90', 'lsc_adj_key_passes_p90', 'lsc_adj_xa_p90', 'lsc_adj_carries_p90', 'lsc_adj_touches_p90', 'lsc_adj_tackles_won_p90', 'lsc_adj_interceptions_p90', 'lsc_adj_clearances_p90', 'team_strength_ratio', 'poss_adj_touches_p90', 'pos_gk', 'pos_df', 'pos_mf', 'pos_fw', 'position_primary', 'age_curve_score', 'play_style_progressive', 'play_style_direct_carry', 'play_style_defensive', 'shots_p90_pct', 'shots_on_target_p90_pct', 'goals_p90_pct', 'assists_p90_pct', 'xg_p90_pct', 'xag_p90_pct', 'npxg_p90_pct', 'prog_carries_p90_pct', 'prog_passes_p90_pct', 'prog_receptions_p90_pct', 'key_passes_p90_pct', 'xa_p90_pct', 'tackles_won_p90_pct', 'interceptions_p90_pct', 'clearances_p90_pct', 'carries_p90_pct', 'touches_p90_pct', 'poss_adj_touches_p90_pct']
2026-02-28 03:30:41 | INFO     | feature_engineering | Saved feature dataset: C:\Shanki\VIT CHENNAI\Projs\TransferPred\data\processed\feature_dataset.csv
2026-02-28 03:30:41 | INFO     | feature_engineering | === Phase 2 — Feature Engineering: DONE ===
--- Logging error ---
Traceback (most recent call last):
  File "C:\Python314\Lib\logging\__init__.py", line 1154, in emit
    stream.write(msg + self.terminator)
    ~~~~~~~~~~~~^^^^^^^^^^^^^^^^^^^^^^^
  File "C:\Python314\Lib\encodings\cp1252.py", line 19, in encode
    return codecs.charmap_encode(input,self.errors,encoding_table)[0]
           ~~~~~~~~~~~~~~~~~~~~~^^^^^^^^^^^^^^^^^^^^^^^^^^^^^^^^^^
UnicodeEncodeError: 'charmap' codec can't encode character '\u2713' in position 46: character maps to <undefined>
Call stack:
  File "C:\Shanki\VIT CHENNAI\Projs\TransferPred\src\pipeline.py", line 170, in <module>
    main()
  File "C:\Shanki\VIT CHENNAI\Projs\TransferPred\src\pipeline.py", line 150, in main
    run_phase(phase, cfg, log)
  File "C:\Shanki\VIT CHENNAI\Projs\TransferPred\src\pipeline.py", line 89, in run_phase
    log.info(f"  \u2713 Feature dataset shape: {result.shape}")
Message: '  \u2713 Feature dataset shape: (699, 104)'
Arguments: ()
2026-02-28 03:30:41 | INFO     | pipeline | 
============================================================
2026-02-28 03:30:41 | INFO     | pipeline |   PHASE: TRAIN
2026-02-28 03:30:41 | INFO     | pipeline | ============================================================
2026-02-28 03:30:42 | INFO     | train | === Phase 3 — Training: START ===
2026-02-28 03:30:42 | INFO     | train | Feature dataset shape: (699, 104)
2026-02-28 03:30:42 | WARNING  | train | Missing feature columns (will skip): ['source_lsc', 'target_lsc']
2026-02-28 03:30:42 | INFO     | train | Using 27 feature columns.
2026-02-28 03:30:42 | INFO     | train | 
--- Training for target: goals_p90 ---
2026-02-28 03:30:42 | INFO     | train |   Dropped 3 leaky features for this target.
2026-02-28 03:30:42 | INFO     | train |   Samples after dropna: 699
2026-02-28 03:30:42 | INFO     | train |   Features used: 24
C:\Users\bshas\AppData\Roaming\Python\Python314\site-packages\sklearn\utils\validation.py:2691: UserWarning: X does not have valid feature names, but LGBMRegressor was fitted with feature names
  warnings.warn(
C:\Users\bshas\AppData\Roaming\Python\Python314\site-packages\sklearn\utils\validation.py:2691: UserWarning: X does not have valid feature names, but LGBMRegressor was fitted with feature names
  warnings.warn(
C:\Users\bshas\AppData\Roaming\Python\Python314\site-packages\sklearn\utils\validation.py:2691: UserWarning: X does not have valid feature names, but LGBMRegressor was fitted with feature names
  warnings.warn(
C:\Users\bshas\AppData\Roaming\Python\Python314\site-packages\sklearn\utils\validation.py:2691: UserWarning: X does not have valid feature names, but LGBMRegressor was fitted with feature names
  warnings.warn(
C:\Users\bshas\AppData\Roaming\Python\Python314\site-packages\sklearn\utils\validation.py:2691: UserWarning: X does not have valid feature names, but LGBMRegressor was fitted with feature names
  warnings.warn(
2026-02-28 03:30:46 | INFO     | train |   LightGBM CV MAE: 0.0608 ± 0.0027
2026-02-28 03:30:46 | INFO     | train |   Saved: goals_p90_lgbm.pkl
2026-02-28 03:30:46 | INFO     | train |   MLP CV MAE: 0.0807 ± 0.0027
2026-02-28 03:30:47 | INFO     | train |   Saved: goals_p90_mlp.pkl
2026-02-28 03:30:47 | INFO     | train |   Bayesian CV MAE: 0.0598 ± 0.0033
2026-02-28 03:30:47 | INFO     | train |   Saved: goals_p90_bayesian.pkl
2026-02-28 03:30:47 | INFO     | train |   Best model for goals_p90: bayesian (MAE=0.0598)
2026-02-28 03:30:47 | INFO     | train | 
--- Training for target: assists_p90 ---
2026-02-28 03:30:47 | INFO     | train |   Dropped 2 leaky features for this target.
2026-02-28 03:30:47 | INFO     | train |   Samples after dropna: 699
2026-02-28 03:30:47 | INFO     | train |   Features used: 25
C:\Users\bshas\AppData\Roaming\Python\Python314\site-packages\sklearn\utils\validation.py:2691: UserWarning: X does not have valid feature names, but LGBMRegressor was fitted with feature names
  warnings.warn(
C:\Users\bshas\AppData\Roaming\Python\Python314\site-packages\sklearn\utils\validation.py:2691: UserWarning: X does not have valid feature names, but LGBMRegressor was fitted with feature names
  warnings.warn(
C:\Users\bshas\AppData\Roaming\Python\Python314\site-packages\sklearn\utils\validation.py:2691: UserWarning: X does not have valid feature names, but LGBMRegressor was fitted with feature names
  warnings.warn(
C:\Users\bshas\AppData\Roaming\Python\Python314\site-packages\sklearn\utils\validation.py:2691: UserWarning: X does not have valid feature names, but LGBMRegressor was fitted with feature names
  warnings.warn(
C:\Users\bshas\AppData\Roaming\Python\Python314\site-packages\sklearn\utils\validation.py:2691: UserWarning: X does not have valid feature names, but LGBMRegressor was fitted with feature names
  warnings.warn(
2026-02-28 03:30:50 | INFO     | train |   LightGBM CV MAE: 0.0549 ± 0.0051
2026-02-28 03:30:50 | INFO     | train |   Saved: assists_p90_lgbm.pkl
2026-02-28 03:30:51 | INFO     | train |   MLP CV MAE: 0.0735 ± 0.0059
2026-02-28 03:30:51 | INFO     | train |   Saved: assists_p90_mlp.pkl
2026-02-28 03:30:52 | INFO     | train |   Bayesian CV MAE: 0.0518 ± 0.0048
2026-02-28 03:30:52 | INFO     | train |   Saved: assists_p90_bayesian.pkl
2026-02-28 03:30:52 | INFO     | train |   Best model for assists_p90: bayesian (MAE=0.0518)
2026-02-28 03:30:52 | INFO     | train | 
--- Training for target: xg_p90 ---
2026-02-28 03:30:52 | INFO     | train |   Dropped 5 leaky features for this target.
2026-02-28 03:30:52 | INFO     | train |   Samples after dropna: 699
2026-02-28 03:30:52 | INFO     | train |   Features used: 22
C:\Users\bshas\AppData\Roaming\Python\Python314\site-packages\sklearn\utils\validation.py:2691: UserWarning: X does not have valid feature names, but LGBMRegressor was fitted with feature names
  warnings.warn(
C:\Users\bshas\AppData\Roaming\Python\Python314\site-packages\sklearn\utils\validation.py:2691: UserWarning: X does not have valid feature names, but LGBMRegressor was fitted with feature names
  warnings.warn(
C:\Users\bshas\AppData\Roaming\Python\Python314\site-packages\sklearn\utils\validation.py:2691: UserWarning: X does not have valid feature names, but LGBMRegressor was fitted with feature names
  warnings.warn(
C:\Users\bshas\AppData\Roaming\Python\Python314\site-packages\sklearn\utils\validation.py:2691: UserWarning: X does not have valid feature names, but LGBMRegressor was fitted with feature names
  warnings.warn(
C:\Users\bshas\AppData\Roaming\Python\Python314\site-packages\sklearn\utils\validation.py:2691: UserWarning: X does not have valid feature names, but LGBMRegressor was fitted with feature names
  warnings.warn(
2026-02-28 03:30:54 | INFO     | train |   LightGBM CV MAE: 0.0350 ± 0.0021
2026-02-28 03:30:54 | INFO     | train |   Saved: xg_p90_lgbm.pkl
2026-02-28 03:30:56 | INFO     | train |   MLP CV MAE: 0.0551 ± 0.0048
2026-02-28 03:30:56 | INFO     | train |   Saved: xg_p90_mlp.pkl
2026-02-28 03:30:56 | INFO     | train |   Bayesian CV MAE: 0.0391 ± 0.0010
2026-02-28 03:30:56 | INFO     | train |   Saved: xg_p90_bayesian.pkl
2026-02-28 03:30:56 | INFO     | train |   Best model for xg_p90: lgbm (MAE=0.0350)
2026-02-28 03:30:56 | INFO     | train | 
--- Training for target: xag_p90 ---
2026-02-28 03:30:56 | INFO     | train |   Dropped 5 leaky features for this target.
2026-02-28 03:30:56 | INFO     | train |   Samples after dropna: 699
2026-02-28 03:30:56 | INFO     | train |   Features used: 22
C:\Users\bshas\AppData\Roaming\Python\Python314\site-packages\sklearn\utils\validation.py:2691: UserWarning: X does not have valid feature names, but LGBMRegressor was fitted with feature names
  warnings.warn(
C:\Users\bshas\AppData\Roaming\Python\Python314\site-packages\sklearn\utils\validation.py:2691: UserWarning: X does not have valid feature names, but LGBMRegressor was fitted with feature names
  warnings.warn(
C:\Users\bshas\AppData\Roaming\Python\Python314\site-packages\sklearn\utils\validation.py:2691: UserWarning: X does not have valid feature names, but LGBMRegressor was fitted with feature names
  warnings.warn(
C:\Users\bshas\AppData\Roaming\Python\Python314\site-packages\sklearn\utils\validation.py:2691: UserWarning: X does not have valid feature names, but LGBMRegressor was fitted with feature names
  warnings.warn(
C:\Users\bshas\AppData\Roaming\Python\Python314\site-packages\sklearn\utils\validation.py:2691: UserWarning: X does not have valid feature names, but LGBMRegressor was fitted with feature names
  warnings.warn(
2026-02-28 03:30:59 | INFO     | train |   LightGBM CV MAE: 0.0228 ± 0.0021
2026-02-28 03:30:59 | INFO     | train |   Saved: xag_p90_lgbm.pkl
2026-02-28 03:31:01 | INFO     | train |   MLP CV MAE: 0.0445 ± 0.0017
2026-02-28 03:31:01 | INFO     | train |   Saved: xag_p90_mlp.pkl
2026-02-28 03:31:01 | INFO     | train |   Bayesian CV MAE: 0.0210 ± 0.0017
2026-02-28 03:31:01 | INFO     | train |   Saved: xag_p90_bayesian.pkl
2026-02-28 03:31:01 | INFO     | train |   Best model for xag_p90: bayesian (MAE=0.0210)
2026-02-28 03:31:01 | INFO     | train | 
All metrics saved: C:\Shanki\VIT CHENNAI\Projs\TransferPred\evaluation\training_metrics.json
2026-02-28 03:31:01 | INFO     | train | === Phase 3 — Training: DONE ===
--- Logging error ---
Traceback (most recent call last):
  File "C:\Python314\Lib\logging\__init__.py", line 1154, in emit
    stream.write(msg + self.terminator)
    ~~~~~~~~~~~~^^^^^^^^^^^^^^^^^^^^^^^
  File "C:\Python314\Lib\encodings\cp1252.py", line 19, in encode
    return codecs.charmap_encode(input,self.errors,encoding_table)[0]
           ~~~~~~~~~~~~~~~~~~~~~^^^^^^^^^^^^^^^^^^^^^^^^^^^^^^^^^^
UnicodeEncodeError: 'charmap' codec can't encode character '\u2713' in position 46: character maps to <undefined>
Call stack:
  File "C:\Shanki\VIT CHENNAI\Projs\TransferPred\src\pipeline.py", line 170, in <module>
    main()
  File "C:\Shanki\VIT CHENNAI\Projs\TransferPred\src\pipeline.py", line 150, in main
    run_phase(phase, cfg, log)
  File "C:\Shanki\VIT CHENNAI\Projs\TransferPred\src\pipeline.py", line 95, in run_phase
    log.info(f"  \u2713 Training complete. Targets trained: {list(result.keys())}")
Message: "  \u2713 Training complete. Targets trained: ['goals_p90', 'assists_p90', 'xg_p90', 'xag_p90']"
Arguments: ()
2026-02-28 03:31:01 | INFO     | pipeline | 
============================================================
2026-02-28 03:31:01 | INFO     | pipeline |   PHASE: EVALUATE
2026-02-28 03:31:01 | INFO     | pipeline | ============================================================
2026-02-28 03:31:01 | INFO     | evaluate | === Phase 3 — Evaluation: START ===
2026-02-28 03:31:01 | INFO     | evaluate | Feature columns available: 27
2026-02-28 03:31:01 | INFO     | evaluate | Cross-league players (backtest set): 1
2026-02-28 03:31:01 | INFO     | evaluate | 
--- Evaluating: goals_p90 ---
C:\Users\bshas\AppData\Roaming\Python\Python314\site-packages\sklearn\utils\validation.py:2691: UserWarning: X does not have valid feature names, but LGBMRegressor was fitted with feature names
  warnings.warn(
2026-02-28 03:31:01 | INFO     | evaluate |   lgbm: MAE=0.0004, RMSE=0.0005
2026-02-28 03:31:01 | INFO     | evaluate |   Saved calibration plot: C:\Shanki\VIT CHENNAI\Projs\TransferPred\evaluation\calibration_goals_p90_lgbm.png
2026-02-28 03:31:01 | INFO     | evaluate |   mlp: MAE=0.0431, RMSE=0.0618
2026-02-28 03:31:01 | INFO     | evaluate |   Saved calibration plot: C:\Shanki\VIT CHENNAI\Projs\TransferPred\evaluation\calibration_goals_p90_mlp.png
2026-02-28 03:31:01 | INFO     | evaluate |   bayesian: MAE=0.0570, RMSE=0.0825
2026-02-28 03:31:01 | INFO     | evaluate |   Saved calibration plot: C:\Shanki\VIT CHENNAI\Projs\TransferPred\evaluation\calibration_goals_p90_bayesian.png
C:\Users\bshas\AppData\Roaming\Python\Python314\site-packages\sklearn\utils\validation.py:2691: UserWarning: X does not have valid feature names, but LGBMRegressor was fitted with feature names
  warnings.warn(
2026-02-28 03:31:01 | INFO     | evaluate |   Backtest MAE (lgbm): 0.0003 on 2 transfer players
2026-02-28 03:31:01 | INFO     | evaluate | 
--- Evaluating: assists_p90 ---
C:\Users\bshas\AppData\Roaming\Python\Python314\site-packages\sklearn\utils\validation.py:2691: UserWarning: X does not have valid feature names, but LGBMRegressor was fitted with feature names
  warnings.warn(
2026-02-28 03:31:01 | INFO     | evaluate |   lgbm: MAE=0.0005, RMSE=0.0007
2026-02-28 03:31:01 | INFO     | evaluate |   Saved calibration plot: C:\Shanki\VIT CHENNAI\Projs\TransferPred\evaluation\calibration_assists_p90_lgbm.png
2026-02-28 03:31:01 | INFO     | evaluate |   mlp: MAE=0.0391, RMSE=0.0561
2026-02-28 03:31:01 | INFO     | evaluate |   Saved calibration plot: C:\Shanki\VIT CHENNAI\Projs\TransferPred\evaluation\calibration_assists_p90_mlp.png
2026-02-28 03:31:01 | INFO     | evaluate |   bayesian: MAE=0.0504, RMSE=0.0696
2026-02-28 03:31:01 | INFO     | evaluate |   Saved calibration plot: C:\Shanki\VIT CHENNAI\Projs\TransferPred\evaluation\calibration_assists_p90_bayesian.png
C:\Users\bshas\AppData\Roaming\Python\Python314\site-packages\sklearn\utils\validation.py:2691: UserWarning: X does not have valid feature names, but LGBMRegressor was fitted with feature names
  warnings.warn(
2026-02-28 03:31:01 | INFO     | evaluate |   Backtest MAE (lgbm): 0.0020 on 2 transfer players
2026-02-28 03:31:01 | INFO     | evaluate | 
--- Evaluating: xg_p90 ---
C:\Users\bshas\AppData\Roaming\Python\Python314\site-packages\sklearn\utils\validation.py:2691: UserWarning: X does not have valid feature names, but LGBMRegressor was fitted with feature names
  warnings.warn(
2026-02-28 03:31:01 | INFO     | evaluate |   lgbm: MAE=0.0002, RMSE=0.0003
2026-02-28 03:31:01 | INFO     | evaluate |   Saved calibration plot: C:\Shanki\VIT CHENNAI\Projs\TransferPred\evaluation\calibration_xg_p90_lgbm.png
2026-02-28 03:31:01 | INFO     | evaluate |   mlp: MAE=0.0235, RMSE=0.0353
2026-02-28 03:31:01 | INFO     | evaluate |   Saved calibration plot: C:\Shanki\VIT CHENNAI\Projs\TransferPred\evaluation\calibration_xg_p90_mlp.png
2026-02-28 03:31:01 | INFO     | evaluate |   bayesian: MAE=0.0371, RMSE=0.0542
2026-02-28 03:31:01 | INFO     | evaluate |   Saved calibration plot: C:\Shanki\VIT CHENNAI\Projs\TransferPred\evaluation\calibration_xg_p90_bayesian.png
C:\Users\bshas\AppData\Roaming\Python\Python314\site-packages\sklearn\utils\validation.py:2691: UserWarning: X does not have valid feature names, but LGBMRegressor was fitted with feature names
  warnings.warn(
2026-02-28 03:31:01 | INFO     | evaluate |   Backtest MAE (lgbm): 0.0002 on 2 transfer players
2026-02-28 03:31:01 | INFO     | evaluate | 
--- Evaluating: xag_p90 ---
C:\Users\bshas\AppData\Roaming\Python\Python314\site-packages\sklearn\utils\validation.py:2691: UserWarning: X does not have valid feature names, but LGBMRegressor was fitted with feature names
  warnings.warn(
2026-02-28 03:31:01 | INFO     | evaluate |   lgbm: MAE=0.0002, RMSE=0.0003
2026-02-28 03:31:01 | INFO     | evaluate |   Saved calibration plot: C:\Shanki\VIT CHENNAI\Projs\TransferPred\evaluation\calibration_xag_p90_lgbm.png
2026-02-28 03:31:01 | INFO     | evaluate |   mlp: MAE=0.0115, RMSE=0.0210
2026-02-28 03:31:02 | INFO     | evaluate |   Saved calibration plot: C:\Shanki\VIT CHENNAI\Projs\TransferPred\evaluation\calibration_xag_p90_mlp.png
2026-02-28 03:31:02 | INFO     | evaluate |   bayesian: MAE=0.0203, RMSE=0.0291
2026-02-28 03:31:02 | INFO     | evaluate |   Saved calibration plot: C:\Shanki\VIT CHENNAI\Projs\TransferPred\evaluation\calibration_xag_p90_bayesian.png
C:\Users\bshas\AppData\Roaming\Python\Python314\site-packages\sklearn\utils\validation.py:2691: UserWarning: X does not have valid feature names, but LGBMRegressor was fitted with feature names
  warnings.warn(
2026-02-28 03:31:02 | INFO     | evaluate |   Backtest MAE (lgbm): 0.0002 on 2 transfer players
2026-02-28 03:31:02 | INFO     | evaluate | 
Metrics saved: C:\Shanki\VIT CHENNAI\Projs\TransferPred\evaluation\metrics.json
2026-02-28 03:31:02 | INFO     | evaluate | Backtest report saved: C:\Shanki\VIT CHENNAI\Projs\TransferPred\evaluation\backtest_report.csv (8 rows)
2026-02-28 03:31:02 | INFO     | evaluate | === Phase 3 — Evaluation: DONE ===
--- Logging error ---
Traceback (most recent call last):
  File "C:\Python314\Lib\logging\__init__.py", line 1154, in emit
    stream.write(msg + self.terminator)
    ~~~~~~~~~~~~^^^^^^^^^^^^^^^^^^^^^^^
  File "C:\Python314\Lib\encodings\cp1252.py", line 19, in encode
    return codecs.charmap_encode(input,self.errors,encoding_table)[0]
           ~~~~~~~~~~~~~~~~~~~~~^^^^^^^^^^^^^^^^^^^^^^^^^^^^^^^^^^
UnicodeEncodeError: 'charmap' codec can't encode character '\u2713' in position 46: character maps to <undefined>
Call stack:
  File "C:\Shanki\VIT CHENNAI\Projs\TransferPred\src\pipeline.py", line 170, in <module>
    main()
  File "C:\Shanki\VIT CHENNAI\Projs\TransferPred\src\pipeline.py", line 150, in main
    run_phase(phase, cfg, log)
  File "C:\Shanki\VIT CHENNAI\Projs\TransferPred\src\pipeline.py", line 101, in run_phase
    log.info(f"  \u2713 Evaluation complete.")
Message: '  \u2713 Evaluation complete.'
Arguments: ()
2026-02-28 03:31:02 | INFO     | pipeline | 
============================================================
2026-02-28 03:31:02 | INFO     | pipeline |   PHASE: ADAPTATION
2026-02-28 03:31:02 | INFO     | pipeline | ============================================================
2026-02-28 03:31:02 | INFO     | adaptation | === Phase 4 — Adaptation Modeling: START ===
2026-02-28 03:31:02 | INFO     | adaptation | Cross-league players for adaptation labels: 1
2026-02-28 03:31:02 | WARNING  | adaptation | Insufficient cross-league players for supervised adaptation training.
Saving a rule-based fallback model instead.
2026-02-28 03:31:02 | INFO     | adaptation | Saved rule-based stub metadata.
--- Logging error ---
Traceback (most recent call last):
  File "C:\Python314\Lib\logging\__init__.py", line 1154, in emit
    stream.write(msg + self.terminator)
    ~~~~~~~~~~~~^^^^^^^^^^^^^^^^^^^^^^^
  File "C:\Python314\Lib\encodings\cp1252.py", line 19, in encode
    return codecs.charmap_encode(input,self.errors,encoding_table)[0]
           ~~~~~~~~~~~~~~~~~~~~~^^^^^^^^^^^^^^^^^^^^^^^^^^^^^^^^^^
UnicodeEncodeError: 'charmap' codec can't encode character '\u2713' in position 46: character maps to <undefined>
Call stack:
  File "C:\Shanki\VIT CHENNAI\Projs\TransferPred\src\pipeline.py", line 170, in <module>
    main()
  File "C:\Shanki\VIT CHENNAI\Projs\TransferPred\src\pipeline.py", line 150, in main
    run_phase(phase, cfg, log)
  File "C:\Shanki\VIT CHENNAI\Projs\TransferPred\src\pipeline.py", line 107, in run_phase
    log.info(f"  \u2713 Adaptation model complete.")
Message: '  \u2713 Adaptation model complete.'
Arguments: ()
2026-02-28 03:31:02 | INFO     | pipeline | 
============================================================
2026-02-28 03:31:02 | INFO     | pipeline |   PHASE: SHAP
2026-02-28 03:31:02 | INFO     | pipeline | ============================================================
2026-02-28 03:31:02 | INFO     | shap_analysis | === Phase 5 — SHAP Analysis: START ===
[LightGBM] [Fatal] The number of features in data (27) is not the same as it was in training data (24).
You can set ``predict_disable_shape_check=true`` to discard this error, but please be aware what you are doing.
2026-02-28 03:31:02 | ERROR    | shap_analysis |   SHAP error for goals_p90: The number of features in data (27) is not the same as it was in training data (24).
You can set ``predict_disable_shape_check=true`` to discard this error, but please be aware what you are doing.
[LightGBM] [Fatal] The number of features in data (27) is not the same as it was in training data (25).
You can set ``predict_disable_shape_check=true`` to discard this error, but please be aware what you are doing.
2026-02-28 03:31:02 | ERROR    | shap_analysis |   SHAP error for assists_p90: The number of features in data (27) is not the same as it was in training data (25).
You can set ``predict_disable_shape_check=true`` to discard this error, but please be aware what you are doing.
[LightGBM] [Fatal] The number of features in data (27) is not the same as it was in training data (22).
You can set ``predict_disable_shape_check=true`` to discard this error, but please be aware what you are doing.
2026-02-28 03:31:03 | ERROR    | shap_analysis |   SHAP error for xg_p90: The number of features in data (27) is not the same as it was in training data (22).
You can set ``predict_disable_shape_check=true`` to discard this error, but please be aware what you are doing.
[LightGBM] [Fatal] The number of features in data (27) is not the same as it was in training data (22).
You can set ``predict_disable_shape_check=true`` to discard this error, but please be aware what you are doing.
2026-02-28 03:31:03 | ERROR    | shap_analysis |   SHAP error for xag_p90: The number of features in data (27) is not the same as it was in training data (22).
You can set ``predict_disable_shape_check=true`` to discard this error, but please be aware what you are doing.
2026-02-28 03:31:03 | INFO     | shap_analysis | === Phase 5 — SHAP Analysis: DONE ===
--- Logging error ---
Traceback (most recent call last):
  File "C:\Python314\Lib\logging\__init__.py", line 1154, in emit
    stream.write(msg + self.terminator)
    ~~~~~~~~~~~~^^^^^^^^^^^^^^^^^^^^^^^
  File "C:\Python314\Lib\encodings\cp1252.py", line 19, in encode
    return codecs.charmap_encode(input,self.errors,encoding_table)[0]
           ~~~~~~~~~~~~~~~~~~~~~^^^^^^^^^^^^^^^^^^^^^^^^^^^^^^^^^^
UnicodeEncodeError: 'charmap' codec can't encode character '\u2713' in position 46: character maps to <undefined>
Call stack:
  File "C:\Shanki\VIT CHENNAI\Projs\TransferPred\src\pipeline.py", line 170, in <module>
    main()
  File "C:\Shanki\VIT CHENNAI\Projs\TransferPred\src\pipeline.py", line 150, in main
    run_phase(phase, cfg, log)
  File "C:\Shanki\VIT CHENNAI\Projs\TransferPred\src\pipeline.py", line 113, in run_phase
    log.info(f"  \u2713 SHAP plots generated.")
Message: '  \u2713 SHAP plots generated.'
Arguments: ()
--- Logging error ---
Traceback (most recent call last):
  File "C:\Python314\Lib\logging\__init__.py", line 1154, in emit
    stream.write(msg + self.terminator)
    ~~~~~~~~~~~~^^^^^^^^^^^^^^^^^^^^^^^
  File "C:\Python314\Lib\encodings\cp1252.py", line 19, in encode
    return codecs.charmap_encode(input,self.errors,encoding_table)[0]
           ~~~~~~~~~~~~~~~~~~~~~^^^^^^^^^^^^^^^^^^^^^^^^^^^^^^^^^^
UnicodeEncodeError: 'charmap' codec can't encode character '\u2705' in position 46: character maps to <undefined>
Call stack:
  File "C:\Shanki\VIT CHENNAI\Projs\TransferPred\src\pipeline.py", line 170, in <module>
    main()
  File "C:\Shanki\VIT CHENNAI\Projs\TransferPred\src\pipeline.py", line 157, in main
    log.info(f"\n\u2705 Pipeline complete in {elapsed:.1f}s")
Message: '\n\u2705 Pipeline complete in 22.4s'
Arguments: ()
2026-02-28 03:31:03 | INFO     | pipeline | Outputs:
2026-02-28 03:31:03 | INFO     | pipeline |   data/interim/standardized.csv
2026-02-28 03:31:03 | INFO     | pipeline |   data/interim/normalized.csv
2026-02-28 03:31:03 | INFO     | pipeline |   data/processed/unified_dataset.csv
2026-02-28 03:31:03 | INFO     | pipeline |   data/processed/feature_dataset.csv
2026-02-28 03:31:03 | INFO     | pipeline |   models/*.pkl
2026-02-28 03:31:03 | INFO     | pipeline |   evaluation/metrics.json
2026-02-28 03:31:03 | INFO     | pipeline |   evaluation/backtest_report.csv
2026-02-28 03:31:03 | INFO     | pipeline |   evaluation/shap_*.png
