player,player_url,season_src,season_tgt,league_src,league_tgt,team_src,team_tgt,age_src,age_tgt,position,minutes_src,minutes_tgt,goals_p90_src,goals_p90_tgt,goals_p90_delta,assists_p90_src,assists_p90_tgt,assists_p90_delta,xg_p90_src,xg_p90_tgt,xg_p90_delta,xag_p90_src,xag_p90_tgt,xag_p90_delta,prog_passes_p90_src,prog_passes_p90_tgt,prog_passes_p90_delta,prog_carries_p90_src,prog_carries_p90_tgt,prog_carries_p90_delta,touches_p90_src,touches_p90_tgt,touches_p90_delta
Moussa Niakhate,https://fbref.com/en/players/00242715/Moussa-Niakhate,2017-2018,2018-2019,Ligue 1,Bundesliga,Metz,Mainz 05,21,22,DF,3105.0,2789.0,0.0,0.0322696306920043,0.0322696306920043,0.028985507246376812,0.0322696306920043,0.0032841234456274897,0.043478260869565216,0.048404446038006456,0.00492618516844124,0.005797101449275362,0.01936177841520258,0.013564676965927218,,,,0.8695652173913043,0.6131229831480818,-0.25644223424322254,51.333333333333336,60.24740050197204,8.914067168638702
Ragnar Klavan,https://fbref.com/en/players/008a6e6d/Ragnar-Klavan,2017-2018,2018-2019,Premier League,Serie A,Liverpool,Cagliari,31,32,DF,1451.0,1230.0,0.062026188835286,0.0,-0.062026188835286,0.0,0.0,0.0,0.055823569951757405,0.007317073170731708,-0.0485064967810257,0.012405237767057202,0.03658536585365854,0.02418012808660134,,,,0.9303928325292901,1.024390243902439,0.09399741137314899,84.29359062715368,55.243902439024396,-29.04968818812928
Renato Sanches,https://fbref.com/en/players/032f894e/Renato-Sanches,2017-2018,2018-2019,Premier League,Bundesliga,Swansea City,Bayern Munich,19,20,MF,702.0,577.0,0.0,0.1559792027729636,0.1559792027729636,0.0,0.1559792027729636,0.1559792027729636,0.06410256410256411,0.14038128249566725,0.07627871839310314,0.038461538461538464,0.14038128249566725,0.10191974403412879,,,,4.102564102564103,4.055459272097053,-0.04710483046704983,65.0,68.78682842287695,3.786828422876951
Benjamin Henrichs,https://fbref.com/en/players/0a89e877/Benjamin-Henrichs,2017-2018,2018-2019,Bundesliga,Ligue 1,Leverkusen,Monaco,20,21,DF,1268.0,1824.0,0.0,0.049342105263157895,0.049342105263157895,0.07097791798107256,0.09868421052631579,0.027706292545243233,0.05678233438485805,0.01973684210526316,-0.03704549227959489,0.09227129337539433,0.11842105263157895,0.026149759256184624,,,,2.910094637223975,2.5657894736842106,-0.34430516353976426,69.91324921135647,63.651315789473685,-6.261933421882787
Eric Maxim Choupo-Moting,https://fbref.com/en/players/0e6bc38c/Eric-Maxim-Choupo-Moting,2017-2018,2018-2019,Premier League,Ligue 1,Stoke City,Paris S-G,28,29,"FW,MF",2314.0,802.0,0.19446845289541917,0.33665835411471323,0.14218990121929406,0.19446845289541917,0.0,-0.19446845289541917,0.22947277441659464,0.4713216957605985,0.24184892134400388,0.1205704407951599,0.03366583541147132,-0.08690460538368858,,,,2.800345721694036,2.4688279301745637,-0.33151779151947247,40.79948141745894,36.80798004987531,-3.9915013675836306
Jean Seri,https://fbref.com/en/players/10efd0e1/Jean-Seri,2017-2018,2018-2019,Ligue 1,Premier League,Nice,Fulham,26,27,MF,2615.0,2244.0,0.06883365200764818,0.040106951871657755,-0.028726700135990428,0.20650095602294455,0.08021390374331551,-0.12628705227962905,0.06539196940726577,0.03609625668449198,-0.029295712722773794,0.16864244741873805,0.1925133689839572,0.023870921565219166,,,,1.7552581261950286,1.0427807486631016,-0.7124773775319271,102.2868068833652,76.96524064171123,-25.32156624165397
Aymeric Laporte,https://fbref.com/en/players/119b9a8e/Aymeric-Laporte,2017-2018,2018-2019,La Liga,Premier League,Athletic Club,Manchester City,23,24,DF,1710.0,3057.0,0.0,0.08832188420019627,0.08832188420019627,0.05263157894736842,0.08832188420019627,0.03569030525282785,0.03684210526315789,0.08832188420019627,0.051479778937038374,0.04736842105263158,0.023552502453385672,-0.023815918599245908,,,,0.7368421052631579,2.7674190382728163,2.0305769330096584,62.578947368421055,97.7134445534838,35.13449718506274
Álvaro Morata,https://fbref.com/en/players/129af0db/Alvaro-Morata,2017-2018,2018-2019,Premier League,La Liga,Chelsea,Atlético Madrid,24,25,FW,2061.0,1083.0,0.48034934497816595,0.4986149584487535,0.018265613470587527,0.26200873362445415,0.08310249307479224,-0.17890624054966192,0.5676855895196506,0.5235457063711911,-0.04413988314845951,0.13537117903930132,0.05817174515235457,-0.07719943388694675,,,,2.3580786026200875,2.5761772853185594,0.21809868269847188,38.12227074235808,33.49030470914128,-4.631966033216806
Samu Castillejo,https://fbref.com/en/players/130a7a3f/Samu-Castillejo,2017-2018,2018-2019,La Liga,Serie A,Villarreal,Milan,22,23,"MF,FW",2074.0,1023.0,0.26036644165863065,0.3519061583577712,0.09153971669914057,0.21697203471552556,0.1759530791788856,-0.04101895553663995,0.195274831243973,0.14956011730205276,-0.045714713941920226,0.1909353905496625,0.15835777126099707,-0.03257761928866543,,,,4.513018322082932,4.926686217008798,0.4136678949258661,58.10511089681774,58.68035190615836,0.5752410093406155
Jérôme Roussillon,https://fbref.com/en/players/13203c45/Jerome-Roussillon,2017-2018,2018-2019,Ligue 1,Bundesliga,Montpellier,Wolfsburg,24,25,DF,1880.0,2461.0,0.14361702127659573,0.10971149939049167,-0.03390552188610406,0.14361702127659573,0.14628199918732224,0.002664977910726507,0.08138297872340425,0.06216984965461194,-0.019213129068792308,0.18191489361702126,0.0914262494920764,-0.09048864412494487,,,,3.4468085106382977,3.364485981308411,-0.0823225293298866,61.03723404255319,61.84071515644047,0.8034811138872797
Nampalys Mendy,https://fbref.com/en/players/1598599e/Nampalys-Mendy,2017-2018,2018-2019,Ligue 1,Premier League,Nice,Leicester City,25,26,MF,965.0,2092.0,0.0,0.0,0.0,0.09326424870466322,0.0,-0.09326424870466322,0.0,0.004302103250478012,0.004302103250478012,0.009326424870466322,0.008604206500956025,-0.0007222183695102975,,,,0.9326424870466322,0.6883365200764818,-0.2443059669701504,75.07772020725389,55.41108986615679,-19.666630341097097
Bernardo,https://fbref.com/en/players/17370b95/Bernardo,2017-2018,2018-2019,Bundesliga,Premier League,RB Leipzig,Brighton,22,23,DF,1350.0,1752.0,0.06666666666666667,0.0,-0.06666666666666667,0.06666666666666667,0.051369863013698634,-0.015296803652968032,0.04,0.020547945205479454,-0.019452054794520546,0.04666666666666666,0.03082191780821918,-0.015844748858447482,,,,2.066666666666667,2.3630136986301373,0.29634703196347045,74.0,66.52397260273973,-7.4760273972602675
Thibaut Courtois,https://fbref.com/en/players/1840e36d/Thibaut-Courtois,2017-2018,2018-2019,Premier League,La Liga,Chelsea,Real Madrid,25,26,GK,3150.0,2430.0,0.0,0.0,0.0,0.0,0.0,0.0,0.0,0.003703703703703704,0.003703703703703704,0.0,0.0,0.0,,,,0.0,0.0,0.0,35.714285714285715,33.22222222222222,-2.492063492063494
Jannik Vestergaard,https://fbref.com/en/players/1900032e/Jannik-Vestergaard,2017-2018,2018-2019,Bundesliga,Premier League,M'Gladbach,Southampton,24,25,DF,2880.0,2027.0,0.09375,0.0,-0.09375,0.0,0.0,0.0,0.059375,0.031080414405525406,-0.02829458559447459,0.028125,0.026640355204736062,-0.0014846447952639383,,,,0.3125,0.6216082881105082,0.30910828811050817,70.90625,54.168722249629994,-16.737527750370006
André Gomes,https://fbref.com/en/players/1961b2aa/Andre-Gomes,2017-2018,2018-2019,La Liga,Premier League,Barcelona,Everton,24,25,MF,635.0,1980.0,0.0,0.045454545454545456,0.045454545454545456,0.0,0.045454545454545456,0.045454545454545456,0.08503937007874016,0.07272727272727274,-0.012312097351467419,0.014173228346456694,0.02727272727272727,0.013099498926270577,,,,2.9763779527559056,2.227272727272727,-0.7491052254831785,61.653543307086615,65.36363636363636,3.710093056549745
Lucas Digne,https://fbref.com/en/players/1b84dbe1/Lucas-Digne,2017-2018,2018-2019,La Liga,Premier League,Barcelona,Everton,24,25,DF,704.0,2965.0,0.0,0.12141652613827994,0.12141652613827994,0.2556818181818182,0.12141652613827994,-0.13426529204353824,0.03835227272727273,0.03946037099494098,0.0011080982676682505,0.23011363636363638,0.21551433389544689,-0.014599302468189496,,,,2.8125,2.489038785834739,-0.3234612141652611,82.32954545454545,75.97639123102867,-6.353154223516782
Erik Pieters,https://fbref.com/en/players/1ef37668/Erik-Pieters,2017-2018,2018-2019,Premier League,Ligue 1,Stoke City,Amiens,28,29,DF,2718.0,1261.0,0.0,0.07137192704203013,0.07137192704203013,0.033112582781456956,0.07137192704203013,0.038259344260573175,0.003311258278145696,0.07850911974623316,0.07519786146808746,0.049668874172185434,0.04996034892942109,0.000291474757235656,,,,1.1589403973509933,1.4274385408406027,0.26849814348960943,56.026490066225165,66.23314829500397,10.206658228778807
M'Baye Niang,https://fbref.com/en/players/2054d037/MBaye-Niang,2017-2018,2018-2019,Serie A,Ligue 1,Torino,Rennes,22,23,FW,1532.0,1793.0,0.2349869451697128,0.5521472392638037,0.3171602940940909,0.1174934725848564,0.2007808142777468,0.0832873416928904,0.27610966057441255,0.39152258784160626,0.11541292726719371,0.06462140992167102,0.0853318460680424,0.020710436146371372,,,,4.640992167101827,3.1622978248745124,-1.4786943422273149,46.174934725848566,34.7350808700502,-11.439853855798368
Ganso,https://fbref.com/en/players/23593121/Ganso,2017-2018,2018-2019,La Liga,Ligue 1,Sevilla,Amiens,27,28,MF,519.0,520.0,0.3468208092485549,0.0,-0.3468208092485549,0.0,0.34615384615384615,0.34615384615384615,0.24277456647398843,0.06923076923076923,-0.1735437972432192,0.06936416184971099,0.1903846153846154,0.12102045353490441,,,,1.2138728323699421,1.2115384615384615,-0.002334370831480692,70.40462427745665,64.73076923076923,-5.673855046687422
Luciano Vietto,https://fbref.com/en/players/2513a588/Luciano-Vietto,2017-2018,2018-2019,La Liga,Premier League,Valencia,Fulham,23,24,FW,528.0,986.0,0.34090909090909094,0.09127789046653144,-0.2496312004425595,0.17045454545454547,0.36511156186612576,0.19465701641158029,0.10227272727272728,0.2647058823529412,0.1624331550802139,0.23863636363636365,0.19168356997971603,-0.04695279365664762,,,,2.2159090909090913,3.0121703853955375,0.7962612944864462,43.977272727272734,48.28600405679513,4.308731329522395
Paul Baysse,https://fbref.com/en/players/2515040a/Paul-Baysse,2017-2018,2018-2019,La Liga,Ligue 1,Málaga,Caen,29,30,DF,1239.0,1788.0,0.07263922518159806,0.0,-0.07263922518159806,0.0,0.0,0.0,0.07990314769975787,0.04026845637583893,-0.03963469132391894,0.0,0.025167785234899327,0.025167785234899327,,,,0.0,0.25167785234899326,0.25167785234899326,51.06537530266343,52.95302013422819,1.8876448315647565
Bernd Leno,https://fbref.com/en/players/2628fd2b/Bernd-Leno,2017-2018,2018-2019,Bundesliga,Premier League,Leverkusen,Arsenal,25,26,GK,2970.0,2836.0,0.0,0.0,0.0,0.0,0.0,0.0,0.0,0.0,0.0,0.006060606060606061,0.0,-0.006060606060606061,,,,0.0,0.0,0.0,39.54545454545455,37.70098730606488,-1.8444672393896653
Kepa Arrizabalaga,https://fbref.com/en/players/28d596a0/Kepa-Arrizabalaga,2017-2018,2018-2019,La Liga,Premier League,Athletic Club,Chelsea,22,23,GK,2700.0,3240.0,0.0,0.0,0.0,0.0,0.0,0.0,0.0,0.0,0.0,0.01,0.0,-0.01,,,,0.0,0.0,0.0,37.13333333333333,33.52777777777778,-3.6055555555555543
Michy Batshuayi,https://fbref.com/en/players/2973d8ff/Michy-Batshuayi,2017-2018,2018-2019,Bundesliga,Premier League,Dortmund,Crystal Palace,23,24,FW,839.0,750.0,0.7508939213349225,0.6,-0.15089392133492252,0.1072705601907032,0.0,-0.1072705601907032,0.7830750893921334,0.48,-0.30307508939213346,0.03218116805721096,0.012,-0.02018116805721096,,,,0.536352800953516,1.5599999999999998,1.0236471990464837,29.284862932061976,29.999999999999996,0.71513706793802
Aarón Martín,https://fbref.com/en/players/2f3e911a/Aaron-Martin,2017-2018,2018-2019,La Liga,Bundesliga,Espanyol,Mainz 05,20,21,DF,2815.0,2878.0,0.0,0.0,0.0,0.0,0.09381514940931202,0.09381514940931202,0.003197158081705151,0.02501737317581654,0.02182021509411139,0.08952042628774422,0.15323141070187632,0.0637109844141321,,,,2.0461811722912966,3.5962473940236275,1.5500662217323309,54.19182948490231,63.888116747741485,9.696287262839178
Maxime Le Marchand,https://fbref.com/en/players/321a71a7/Maxime-Le-Marchand,2017-2018,2018-2019,Ligue 1,Premier League,Nice,Fulham,27,28,DF,2534.0,2250.0,0.0,0.0,0.0,0.10655090765588003,0.04,-0.06655090765588004,0.024861878453038673,0.012,-0.012861878453038673,0.021310181531176007,0.027999999999999997,0.00668981846882399,,,,1.5982636148382006,0.64,-0.9582636148382006,80.09076558800317,71.76,-8.33076558800316
Cesc Fàbregas,https://fbref.com/en/players/33508c78/Cesc-Fabregas,2017-2018,2018-2019,Premier League,Ligue 1,Chelsea,Monaco,30,31,MF,2307.0,966.0,0.07802340702210664,0.09316770186335405,0.015144294841247408,0.15604681404421328,0.0,-0.15604681404421328,0.09362808842652795,0.13975155279503107,0.04612346436850312,0.26527958387516254,0.09316770186335405,-0.1721118820118085,,,,2.1456436931079326,1.1180124223602486,-1.027631270747684,99.59687906371911,78.26086956521739,-21.336009498501724
Gerard Deulofeu,https://fbref.com/en/players/39583cfd/Gerard-Deulofeu,2017-2018,2018-2019,La Liga,Premier League,Barcelona,Watford,23,24,"MF,FW",503.0,2066.0,0.17892644135188868,0.4356243949661181,0.2566979536142294,0.17892644135188868,0.21781219748305905,0.038885756131170374,0.2147117296222664,0.34849951597289447,0.13378778635062807,0.26838966202783304,0.1786060019361084,-0.08978366009172464,,,,5.725646123260438,4.356243949661181,-1.3694021735992568,63.51888667992048,46.69893514036786,-16.81995153955262
Edimilson Fernandes,https://fbref.com/en/players/3bb625ac/Edimilson-Fernandes,2017-2018,2018-2019,Premier League,Serie A,West Ham,Fiorentina,21,22,"MF,DF",845.0,1970.0,0.0,0.09137055837563451,0.09137055837563451,0.10650887573964496,0.0,-0.10650887573964496,0.03195266272189349,0.054822335025380704,0.022869672303487215,0.03195266272189349,0.05939086294416244,0.02743820022226895,,,,1.2781065088757395,1.598984771573604,0.32087826269786457,40.79289940828402,50.80203045685279,10.009131048568769
André Silva,https://fbref.com/en/players/3effaa34/Andre-Silva,2017-2018,2018-2019,Serie A,La Liga,Milan,Sevilla,21,22,FW,940.0,2159.0,0.19148936170212766,0.37517369152385366,0.183684329821726,0.09574468085106383,0.0,-0.09574468085106383,0.3638297872340425,0.4293654469661881,0.06553565973214559,0.08617021276595745,0.1792496526169523,0.09307943985099486,,,,2.3936170212765955,2.0842982862436314,-0.30931873503296403,41.170212765957444,34.34923575729505,-6.820977008662396
Juan Bernat,https://fbref.com/en/players/433dc9a2/Juan-Bernat,2017-2018,2018-2019,Bundesliga,Ligue 1,Bayern Munich,Paris S-G,24,25,"DF,FW",888.0,1836.0,0.0,0.04901960784313726,0.04901960784313726,0.2027027027027027,0.09803921568627452,-0.10466348701642816,0.030405405405405404,0.03921568627450981,0.008810280869104407,0.15202702702702703,0.13235294117647062,-0.01967408585055641,,,,2.4324324324324325,2.450980392156863,0.018547959724430463,65.57432432432432,67.84313725490196,2.2688129305776386
Joaquín Correa,https://fbref.com/en/players/45b9b619/Joaquin-Correa,2017-2018,2018-2019,La Liga,Serie A,Sevilla,Lazio,22,23,FW,1193.0,1927.0,0.07544006705783737,0.233523611831863,0.15808354477402561,0.07544006705783737,0.2802283341982356,0.20478826714039824,0.18105616093880972,0.37363777893098077,0.19258161799217105,0.15088013411567475,0.30825116761805915,0.1573710335023844,,,,3.16848281642917,5.978204462895692,2.8097216464665222,48.88516345347862,55.01816294758692,6.132999494108304
Jorginho,https://fbref.com/en/players/45db685d/Jorginho,2017-2018,2018-2019,Serie A,Premier League,Napoli,Chelsea,25,26,MF,2650.0,3156.0,0.06792452830188679,0.05703422053231939,-0.010890307769567405,0.1018867924528302,0.0,-0.1018867924528302,0.07132075471698114,0.03992395437262357,-0.03139680034435757,0.13924528301886793,0.09125475285171103,-0.0479905301671569,,,,1.2226415094339624,0.8555133079847907,-0.3671282014491717,117.37358490566038,98.4125475285171,-18.961037377143285
Dimitri Foulquier,https://fbref.com/en/players/45e17712/Dimitri-Foulquier,2017-2018,2018-2019,Ligue 1,La Liga,Strasbourg,Getafe,24,25,DF,1239.0,1799.0,0.0,0.1500833796553641,0.1500833796553641,0.14527845036319612,0.1000555864369094,-0.045222863926286716,0.007263922518159807,0.05503057254030018,0.047766650022140374,0.1162227602905569,0.08504724847137299,-0.031175511819183918,,,,3.1961259079903144,1.5008337965536411,-1.6952921114366732,60.14527845036319,36.070038910505836,-24.075239539857357
Šime Vrsaljko,https://fbref.com/en/players/46a8347f/Sime-Vrsaljko,2017-2018,2018-2019,La Liga,Serie A,Atlético Madrid,Inter,25,26,DF,1696.0,727.0,0.0,0.0,0.0,0.2122641509433962,0.24759284731774417,0.03532869637434796,0.021226415094339625,0.0,-0.021226415094339625,0.12735849056603774,0.1609353507565337,0.033576860190495966,,,,2.6533018867924527,2.475928473177442,-0.1773734136150109,58.69103773584906,89.25722145804677,30.566183722197714
Jesé,https://fbref.com/en/players/4a537185/Jese,2017-2018,2018-2019,Premier League,La Liga,Stoke City,Betis,24,25,"FW,MF",614.0,779.0,0.1465798045602606,0.23106546854942236,0.08448566398916177,0.1465798045602606,0.0,-0.1465798045602606,0.13192182410423453,0.3812580231065469,0.24933619900231235,0.10260586319218241,0.08087291399229782,-0.021732949199884596,,,,2.785016286644951,2.541720154043646,-0.243296132601305,33.71335504885994,31.54043645699615,-2.1729185918637874
Thomas Lemar,https://fbref.com/en/players/4dbd0916/Thomas-Lemar,2017-2018,2018-2019,Ligue 1,La Liga,Monaco,Atlético Madrid,21,22,"MF,FW",2378.0,1817.0,0.07569386038687974,0.14859658778205834,0.0729027273951786,0.30277544154751895,0.14859658778205834,-0.15417885376546062,0.14003364171572752,0.14859658778205834,0.008562946066330818,0.2611438183347351,0.16345624656026414,-0.09768757177447096,,,,3.519764507989908,3.170060539350578,-0.34970396863932995,59.87384356602187,62.361034672537144,2.487191106515276
Alban Lafont,https://fbref.com/en/players/4e7db402/Alban-Lafont,2017-2018,2018-2019,Ligue 1,Serie A,Toulouse,Fiorentina,18,19,GK,3420.0,3015.0,0.0,0.0,0.0,0.0,0.0,0.0,0.002631578947368421,0.0,-0.002631578947368421,0.0,0.011940298507462687,0.011940298507462687,,,,0.0,0.0,0.0,35.86842105263158,32.80597014925373,-3.062450903377851
Keita Baldé,https://fbref.com/en/players/509a4ccb/Keita-Balde,2017-2018,2018-2019,Ligue 1,Serie A,Monaco,Inter,22,23,"FW,MF",1473.0,889.0,0.48879837067209775,0.5061867266591675,0.01738835598706978,0.30549898167006106,0.20247469066366702,-0.10302429100639404,0.329938900203666,0.3948256467941507,0.06488674659048471,0.1405295315682281,0.22272215973003376,0.08219262816180567,,,,3.4826883910386965,5.7705286839145105,2.287840292875814,34.39918533604888,45.556805399325086,11.157620063276205
Thilo Kehrer,https://fbref.com/en/players/51dbeea9/Thilo-Kehrer,2017-2018,2018-2019,Bundesliga,Ligue 1,Schalke 04,Paris S-G,20,21,DF,2365.0,1902.0,0.11416490486257928,0.04731861198738171,-0.06684629287519758,0.0,0.09463722397476342,0.09463722397476342,0.06088794926004228,0.10410094637223975,0.04321299711219747,0.01522198731501057,0.023659305993690854,0.008437318678680283,,,,1.0274841437632134,1.4668769716088328,0.4393928278456194,58.10993657505285,77.22397476340694,19.114038188354094
Lucas Torreira,https://fbref.com/en/players/52611641/Lucas-Torreira,2017-2018,2018-2019,Serie A,Premier League,Sampdoria,Arsenal,21,22,MF,3180.0,2382.0,0.11320754716981131,0.07556675062972293,-0.03764079654008838,0.028301886792452827,0.07556675062972293,0.047264863837270105,0.03962264150943396,0.056675062972292196,0.017052421462858236,0.07924528301886792,0.04534005037783376,-0.033905232641034164,,,,0.6792452830188679,1.057934508816121,0.37868922579725306,75.70754716981132,72.31738035264485,-3.390166817166474
Yoshinori Mutō,https://fbref.com/en/players/5343eb4e/Yoshinori-Muto,2017-2018,2018-2019,Bundesliga,Premier League,Mainz 05,Newcastle Utd,25,26,FW,1904.0,524.0,0.37815126050420167,0.1717557251908397,-0.20639553531336197,0.09453781512605042,0.0,-0.09453781512605042,0.23161764705882354,0.15458015267175573,-0.0770374943870678,0.12762605042016809,0.13740458015267176,0.009778529732503677,,,,1.134453781512605,1.5458015267175573,0.4113477452049523,25.19432773109244,34.00763358778626,8.81330585669382
Tiemoué Bakayoko,https://fbref.com/en/players/59bf127b/Tiemoue-Bakayoko,2017-2018,2018-2019,Premier League,Serie A,Chelsea,Milan,22,23,MF,2126.0,2301.0,0.08466603951081843,0.03911342894393742,-0.04555261056688101,0.08466603951081843,0.03911342894393742,-0.04555261056688101,0.1354656632173095,0.06649282920469361,-0.06897283401261588,0.050799623706491055,0.06258148631029987,0.01178186260380882,,,,1.6509877704609595,1.9165580182529336,0.26557024779197413,58.92756349952963,65.67144719687093,6.743883697341296
Gaël Kakuta,https://fbref.com/en/players/5b1bf5e3/Gael-Kakuta,2017-2018,2018-2019,Ligue 1,La Liga,Amiens,Rayo Vallecano,26,27,"MF,FW",3083.0,717.0,0.17515407071034708,0.12552301255230125,-0.04963105815804583,0.17515407071034708,0.0,-0.17515407071034708,0.12260784949724296,0.13807531380753138,0.01546746431028842,0.17807330522218617,0.02510460251046025,-0.1529687027117259,,,,2.2478105741161207,3.3891213389121337,1.141310764796013,53.50956860201103,46.19246861924686,-7.317099982764169
Lionel Carole,https://fbref.com/en/players/5b5724d2/Lionel-Carole,2017-2018,2018-2019,La Liga,Ligue 1,Sevilla,Strasbourg,26,27,DF,540.0,1727.0,0.0,0.0,0.0,0.16666666666666666,0.15634047481181237,-0.010326191854854283,0.049999999999999996,0.02605674580196873,-0.023943254198031266,0.016666666666666666,0.08338158656629995,0.06671491989963328,,,,1.6666666666666667,2.7620150550086855,1.0953483883420188,72.66666666666667,64.93341053850608,-7.7332561281605905
Loïc Rémy,https://fbref.com/en/players/5c2da10f/Loic-Remy,2017-2018,2018-2019,La Liga,Ligue 1,Las Palmas,Lille,30,31,FW,766.0,1204.0,0.587467362924282,0.5232558139534883,-0.06421154897079373,0.0,0.14950166112956811,0.14950166112956811,0.45822454308093996,0.47840531561461797,0.020180772533678004,0.023498694516971282,0.05232558139534883,0.02882688687837755,,,,4.112271540469974,1.345514950166113,-2.7667565903038613,38.89033942558747,23.99501661129568,-14.895322814291792
Karl Toko Ekambi,https://fbref.com/en/players/5ceba7fc/Karl-Toko-Ekambi,2017-2018,2018-2019,Ligue 1,La Liga,Angers,Villarreal,24,25,"FW,MF",3040.0,2144.0,0.5032894736842105,0.41977611940298504,-0.08351335428122547,0.17763157894736842,0.041977611940298504,-0.13565396700706991,0.50625,0.44496268656716415,-0.06128731343283583,0.17171052631578945,0.08815298507462686,-0.08355754124116259,,,,4.0855263157894735,3.8619402985074625,-0.223586017282011,39.9671052631579,32.99440298507463,-6.972702278083268
Martín Montoya,https://fbref.com/en/players/5cec2487/Martin-Montoya,2017-2018,2018-2019,La Liga,Premier League,Valencia,Brighton,26,27,DF,2152.0,2167.0,0.0,0.0,0.0,0.16728624535315986,0.04153207198892478,-0.12575417336423508,0.008364312267657993,0.008306414397784956,-5.789786987303765e-05,0.08364312267657993,0.049838486386709735,-0.033804636289870196,,,,1.8401486988847584,1.4536225196123673,-0.3865261792723911,65.15799256505576,59.473927088140286,-5.684065476915478
Soualiho Meïté,https://fbref.com/en/players/5cec2c74/Soualiho-Meite,2017-2018,2018-2019,Ligue 1,Serie A,Bordeaux,Torino,23,24,MF,1335.0,2659.0,0.06741573033707865,0.06769462203836028,0.0002788917012816333,0.1348314606741573,0.13538924407672057,0.0005577834025632666,0.0943820224719101,0.04061677322301617,-0.053765249248893934,0.08089887640449438,0.07784881534411432,-0.003050061060380055,,,,2.426966292134831,1.9292967280932682,-0.49766956404156293,58.1123595505618,51.143286949981196,-6.969072600580603
Pablo Maffeo,https://fbref.com/en/players/5db04597/Pablo-Maffeo,2017-2018,2018-2019,La Liga,Bundesliga,Girona,Stuttgart,20,21,DF,2642.0,597.0,0.0,0.0,0.0,0.03406510219530659,0.0,-0.03406510219530659,0.030658591975775928,0.03015075376884422,-0.0005078382069317079,0.10560181680545043,0.09045226130653265,-0.015149555498917777,,,,1.4988644965934899,1.0552763819095476,-0.4435881146839422,54.36790310370932,57.43718592964824,3.06928282593892
Sergio Rico,https://fbref.com/en/players/5f0241b2/Sergio-Rico,2017-2018,2018-2019,La Liga,Premier League,Sevilla,Fulham,23,24,GK,2156.0,2610.0,0.0,0.0,0.0,0.0,0.0,0.0,0.0,0.0,0.0,0.0,0.003448275862068966,0.003448275862068966,,,,0.0,0.0,0.0,29.805194805194805,33.793103448275865,3.9879086430810595
Stefano Okaka,https://fbref.com/en/players/601ef102/Stefano-Okaka,2017-2018,2018-2019,Premier League,Serie A,Watford,Udinese,27,28,FW,453.0,970.0,0.19867549668874174,0.556701030927835,0.3580255342390932,0.19867549668874174,0.09278350515463916,-0.10589199153410257,0.3576158940397351,0.24123711340206186,-0.11637878063767323,0.07947019867549669,0.08350515463917525,0.00403495596367856,,,,1.589403973509934,2.5051546391752577,0.9157506656653238,42.317880794701985,34.88659793814433,-7.431282856557658
Adama Diakhaby,https://fbref.com/en/players/65585e3a/Adama-Diakhaby,2017-2018,2018-2019,Ligue 1,Premier League,Monaco,Huddersfield,21,22,FW,850.0,552.0,0.21176470588235294,0.0,-0.21176470588235294,0.3176470588235294,0.0,-0.3176470588235294,0.23294117647058826,0.09782608695652173,-0.13511508951406653,0.06352941176470588,0.08152173913043478,0.017992327365728908,,,,2.7529411764705882,3.5869565217391304,0.8340153452685422,36.31764705882353,37.66304347826087,1.3453964194373356
Andreas Pereira,https://fbref.com/en/players/6639e500/Andreas-Pereira,2017-2018,2018-2019,La Liga,Premier League,Valencia,Manchester Utd,21,22,MF,1078.0,599.0,0.08348794063079777,0.15025041736227043,0.06676247673147266,0.2504638218923933,0.15025041736227043,-0.10021340453012287,0.06679035250463822,0.04507512520868113,-0.02171522729595709,0.15862708719851576,0.1352253756260434,-0.023401711572472367,,,,4.424860853432282,1.5025041736227045,-2.9223566798095773,46.50278293135436,64.75792988313856,18.255146951784198
Arturo Vidal,https://fbref.com/en/players/67cdbc0e/Arturo-Vidal,2017-2018,2018-2019,Bundesliga,La Liga,Bayern Munich,Barcelona,30,31,MF,1456.0,1929.0,0.3708791208791209,0.13996889580093314,-0.23091022507818776,0.12362637362637363,0.3265940902021773,0.20296771657580365,0.2534340659340659,0.15863141524105753,-0.09480265069300839,0.15453296703296704,0.223950233281493,0.06941726624852596,,,,1.1126373626373627,0.7931570762052877,-0.31948028643207493,85.48763736263737,82.39502332814929,-3.0926140344880793
Malcom,https://fbref.com/en/players/6853490f/Malcom,2017-2018,2018-2019,Ligue 1,La Liga,Bordeaux,Barcelona,20,21,FW,2856.0,614.0,0.37815126050420167,0.1465798045602606,-0.23157145594394107,0.22058823529411764,0.2931596091205212,0.07257137382640355,0.2647058823529412,0.20521172638436483,-0.05949415596857635,0.2741596638655462,0.249185667752443,-0.024973996113103192,,,,4.821428571428571,3.8110749185667756,-1.0103536528617956,58.865546218487395,56.57980456026059,-2.2857416582268044
Antonio Barreca,https://fbref.com/en/players/6a189491/Antonio-Barreca,2017-2018,2018-2019,Serie A,Ligue 1,Torino,Monaco,22,23,DF,468.0,593.0,0.0,0.0,0.0,0.0,0.15177065767284992,0.15177065767284992,0.0,0.030354131534569985,0.030354131534569985,0.019230769230769232,0.045531197301854974,0.026300428071085742,,,,1.346153846153846,2.2765598650927488,0.9304060189389027,65.1923076923077,54.485666104553125,-10.706641587754568
Andre-Frank Zambo Anguissa,https://fbref.com/en/players/6bb2c084/Andre-Frank-Zambo-Anguissa,2017-2018,2018-2019,Ligue 1,Premier League,Marseille,Fulham,21,22,MF,2439.0,1517.0,0.0,0.0,0.0,0.0,0.0,0.0,0.05904059040590406,0.04746209624258405,-0.011578494163320005,0.11808118081180811,0.011865524060646013,-0.1062156567511621,,,,2.177121771217712,2.017139090309822,-0.15998268090788992,80.66420664206642,75.9986816084377,-4.665525033628711
Yves Bissouma,https://fbref.com/en/players/6c203af0/Yves-Bissouma,2017-2018,2018-2019,Ligue 1,Premier League,Lille,Brighton,20,21,"MF,DF",1561.0,1774.0,0.11531069827033952,0.0,-0.11531069827033952,0.05765534913516976,0.0,-0.05765534913516976,0.1210762331838565,0.09131905298759864,-0.029757180196257865,0.04035874439461883,0.050732807215332576,0.010374062820713743,,,,3.6899423446508646,2.6888387824126267,-1.0011035622382378,73.27994875080077,51.899661781285225,-21.380286969515545
Aleksandar Dragović,https://fbref.com/en/players/6fd8a334/Aleksandar-Dragovic,2017-2018,2018-2019,Premier League,Bundesliga,Leicester City,Leverkusen,26,27,DF,769.0,1335.0,0.0,0.1348314606741573,0.1348314606741573,0.0,0.0,0.0,0.011703511053315995,0.05393258426966292,0.042229073216346925,0.0,0.006741573033707865,0.006741573033707865,,,,0.4681404421326398,0.6741573033707865,0.20601686123814672,53.368010403120934,83.52808988764045,30.160079484519514
Markus Suttner,https://fbref.com/en/players/7391c2d9/Markus-Suttner,2017-2018,2018-2019,Premier League,Bundesliga,Brighton,Düsseldorf,30,31,DF,1179.0,489.0,0.0,0.18404907975460122,0.18404907975460122,0.0,0.18404907975460122,0.18404907975460122,0.0076335877862595426,0.03680981595092025,0.029176228164660707,0.022900763358778626,0.12883435582822084,0.10593359246944221,,,,1.297709923664122,2.0245398773006134,0.7268299536364913,55.80152671755725,55.58282208588957,-0.21870463166768417
Emil Krafth,https://fbref.com/en/players/77cf6852/Emil-Krafth,2017-2018,2018-2019,Serie A,Ligue 1,Bologna,Amiens,22,23,DF,946.0,2974.0,0.0,0.03026227303295225,0.03026227303295225,0.0,0.03026227303295225,0.03026227303295225,0.02854122621564482,0.021183591123066576,-0.007357635092578245,0.009513742071881607,0.09683927370544722,0.08732553163356561,,,,1.7124735729386893,1.6039004707464695,-0.10857310219221983,59.46088794926004,54.26025554808339,-5.200632401176648
Leon Balogun,https://fbref.com/en/players/78e68b4d/Leon-Balogun,2017-2018,2018-2019,Bundesliga,Premier League,Mainz 05,Brighton,29,30,DF,1173.0,594.0,0.0,0.15151515151515152,0.15151515151515152,0.0,0.0,0.0,0.0076726342710997444,0.015151515151515154,0.007478880880415409,0.0,0.0,0.0,,,,0.3069053708439898,0.15151515151515152,-0.15539021932883826,50.10230179028133,45.45454545454546,-4.64775633573587
Fayçal Fajr,https://fbref.com/en/players/79135368/Faycal-Fajr,2017-2018,2018-2019,La Liga,Ligue 1,Getafe,Caen,28,29,"MF,FW",2385.0,3240.0,0.03773584905660377,0.1388888888888889,0.10115303983228513,0.1509433962264151,0.1111111111111111,-0.039832285115303984,0.05660377358490566,0.08888888888888889,0.03228511530398323,0.10943396226415095,0.15833333333333333,0.04889937106918238,,,,0.9056603773584906,1.0833333333333333,0.17767295597484267,48.75471698113208,67.44444444444444,18.689727463312366
Mateo Kovačić,https://fbref.com/en/players/79c0821a/Mateo-Kovacic,2017-2018,2018-2019,La Liga,Premier League,Real Madrid,Chelsea,23,24,MF,992.0,1735.0,0.0,0.0,0.0,0.0907258064516129,0.1037463976945245,0.013020591242911592,0.036290322580645164,0.11412103746397695,0.07783071488333179,0.036290322580645164,0.08818443804034581,0.05189411545970065,,,,2.4495967741935485,3.0605187319884726,0.6109219577949241,80.38306451612904,88.13256484149855,7.74950032536951
Alisson,https://fbref.com/en/players/7a2e46a8/Alisson,2017-2018,2018-2019,Serie A,Premier League,Roma,Liverpool,24,25,GK,3330.0,3420.0,0.0,0.0,0.0,0.0,0.0,0.0,0.0,0.0,0.0,0.0,0.0,0.0,,,,0.0,0.02631578947368421,0.02631578947368421,37.972972972972975,35.44736842105263,-2.5256045519203454
Ademola Lookman,https://fbref.com/en/players/7c104bb7/Ademola-Lookman,2017-2018,2018-2019,Bundesliga,Premier League,RB Leipzig,Everton,19,20,"MF,FW",574.0,618.0,0.7839721254355401,0.0,-0.7839721254355401,0.470383275261324,0.29126213592233013,-0.17912113933899387,0.48606271777003485,0.20388349514563106,-0.28217922262440376,0.39198606271777003,0.20388349514563106,-0.18810256757213897,,,,4.547038327526132,4.951456310679612,0.40441798315348,46.724738675958186,54.174757281553404,7.4500186055952184
Roque Mesa,https://fbref.com/en/players/7c4243d4/Roque-Mesa,2017-2018,2018-2019,Premier League,La Liga,Swansea City,Sevilla,28,29,MF,754.0,1746.0,0.0,0.10309278350515465,0.10309278350515465,0.0,0.10309278350515465,0.10309278350515465,0.02387267904509284,0.061855670103092786,0.037982991057999946,0.02387267904509284,0.08762886597938145,0.06375618693428861,,,,1.4323607427055702,2.3195876288659796,0.8872268861604093,65.76923076923076,59.07216494845361,-6.697065820777148
Nicola Sansone,https://fbref.com/en/players/7eb97a8e/Nicola-Sansone,2017-2018,2018-2019,La Liga,Serie A,Villarreal,Bologna,25,26,"FW,MF",635.0,1139.0,0.7086614173228347,0.15803336259877085,-0.5506280547240638,0.14173228346456693,0.3160667251975417,0.17433444173297477,0.4110236220472441,0.13432835820895522,-0.27669526383828885,0.18425196850393702,0.18173836698858647,-0.002513601515350544,,,,3.1181102362204727,3.160667251975417,0.042557015754944416,43.22834645669291,43.30114135206321,0.0727948953703006
Fabinho,https://fbref.com/en/players/7f3b388c/Fabinho,2017-2018,2018-2019,Ligue 1,Premier League,Monaco,Liverpool,23,24,MF,3060.0,2017.0,0.20588235294117646,0.04462072384729797,-0.16126162909387848,0.08823529411764706,0.08924144769459594,0.0010061535769488733,0.17058823529411765,0.04462072384729797,-0.12596751144681967,0.12352941176470589,0.08031730292513634,-0.04321210883956955,,,,1.8823529411764706,1.249380267724343,-0.6329726734521275,68.88235294117646,82.41447694595935,13.532124004782887
Assane Dioussé,https://fbref.com/en/players/7f622eef/Assane-Diousse,2017-2018,2018-2019,Ligue 1,Serie A,Saint-Étienne,Chievo,19,20,MF,1344.0,892.0,0.06696428571428571,0.0,-0.06696428571428571,0.0,0.0,0.0,0.053571428571428575,0.020179372197309416,-0.033392056374119156,0.040178571428571425,0.020179372197309416,-0.01999919923126201,,,,0.9375,0.6053811659192825,-0.3321188340807175,68.10267857142857,60.23542600896861,-7.86725256245996
Andriy Yarmolenko,https://fbref.com/en/players/849c826a/Andriy-Yarmolenko,2017-2018,2018-2019,Bundesliga,Premier League,Dortmund,West Ham,27,28,"FW,MF",1039.0,459.0,0.2598652550529355,0.3921568627450981,0.13229160769216258,0.2598652550529355,0.0,-0.2598652550529355,0.4157844080846968,0.21568627450980396,-0.20009813357489284,0.2771896053897979,0.15686274509803924,-0.12032686029175868,,,,3.4648700673724737,3.5294117647058827,0.06454169733340898,50.067372473532245,51.372549019607845,1.3051765460756002
Orestis Karnezis,https://fbref.com/en/players/85b011bb/Orestis-Karnezis,2017-2018,2018-2019,Premier League,Serie A,Watford,Napoli,32,33,GK,1292.0,810.0,0.0,0.0,0.0,0.0,0.0,0.0,0.0,0.0,0.0,0.0,0.0,0.0,,,,0.0,0.0,0.0,30.1625386996904,29.0,-1.1625386996904012
Javier Pastore,https://fbref.com/en/players/881ef58c/Javier-Pastore,2017-2018,2018-2019,Ligue 1,Serie A,Paris S-G,Roma,28,29,"MF,FW",1347.0,597.0,0.26726057906458794,0.4522613065326633,0.18500072746807533,0.33407572383073497,0.0,-0.33407572383073497,0.13363028953229397,0.40703517587939697,0.273404886347103,0.25389755011135856,0.135678391959799,-0.11821915815155956,,,,4.342984409799555,5.276381909547738,0.9333974997481835,79.30957683741649,69.19597989949749,-10.113596937918999
Marvin Zeegelaar,https://fbref.com/en/players/8abd0c03/Marvin-Zeegelaar,2017-2018,2018-2019,Premier League,Serie A,Watford,Udinese,26,27,DF,994.0,956.0,0.0,0.0,0.0,0.09054325955734406,0.0,-0.09054325955734406,0.0,0.009414225941422594,0.009414225941422594,0.09054325955734406,0.01882845188284519,-0.07171480767449886,,,,2.716297786720322,1.4121338912133892,-1.304163895506933,61.841046277665995,48.01255230125523,-13.828493976410762
Yann Karamoh,https://fbref.com/en/players/8b66d9cc/Yann-Karamoh,2017-2018,2018-2019,Serie A,Ligue 1,Inter,Bordeaux,19,20,"FW,MF",489.0,1224.0,0.18404907975460122,0.22058823529411764,0.03653915553951642,0.0,0.07352941176470588,0.07352941176470588,0.4049079754601227,0.3161764705882353,-0.08873150487188741,0.018404907975460124,0.1691176470588235,0.15071273908336338,,,,4.785276073619632,4.338235294117647,-0.44704077950198506,60.0,52.64705882352941,-7.352941176470587
Claudio Beauvue,https://fbref.com/en/players/8ca253a3/Claudio-Beauvue,2017-2018,2018-2019,La Liga,Ligue 1,Leganés,Caen,29,30,FW,1672.0,1499.0,0.10765550239234449,0.1801200800533689,0.07246457766102442,0.0,0.0,0.0,0.22607655502392343,0.28218812541694466,0.056111570393021226,0.06997607655502391,0.0780520346897932,0.008075958134769287,,,,0.9688995215311004,1.3208805870580387,0.3519810655269383,26.214114832535884,36.204136090727154,9.99002125819127
Manolo Gabbiadini,https://fbref.com/en/players/8f866fe8/Manolo-Gabbiadini,2017-2018,2018-2019,Premier League,Serie A,Southampton,Sampdoria,25,26,FW,1081.0,812.0,0.4162812210915819,0.4433497536945813,0.027068532602999407,0.0,0.22167487684729065,0.22167487684729065,0.20814061054579094,0.22167487684729065,0.013534266301499703,0.041628122109158186,0.1330049261083744,0.0913768039992162,,,,0.9990749306197965,1.8842364532019704,0.885161522582174,24.643848288621648,43.891625615763544,19.247777327141897
Guido Carrillo,https://fbref.com/en/players/8f898ba8/Guido-Carrillo,2017-2018,2018-2019,Premier League,La Liga,Southampton,Leganés,26,27,FW,450.0,1992.0,0.0,0.2710843373493976,0.2710843373493976,0.2,0.045180722891566265,-0.15481927710843374,0.13999999999999999,0.411144578313253,0.271144578313253,0.08,0.06325301204819277,-0.016746987951807235,,,,0.6,0.2710843373493976,-0.3289156626506024,33.8,38.765060240963855,4.965060240963858
José Fonte,https://fbref.com/en/players/90f87966/Jose-Fonte,2017-2018,2018-2019,Premier League,Ligue 1,West Ham,Lille,33,34,DF,688.0,3110.0,0.0,0.08681672025723472,0.08681672025723472,0.13081395348837208,0.028938906752411574,-0.1018750467359605,0.07848837209302324,0.13311897106109324,0.05463059896807,0.03924418604651162,0.011575562700964631,-0.02766862334554699,,,,1.3081395348837208,1.1286173633440515,-0.17952217153966932,58.212209302325576,73.85209003215434,15.63988072982876
Sehrou Guirassy,https://fbref.com/en/players/923f4dda/Sehrou-Guirassy,2017-2018,2018-2019,Bundesliga,Ligue 1,Köln,Amiens,21,22,FW,851.0,1111.0,0.42303172737955347,0.243024302430243,-0.18000742494931046,0.0,0.081008100810081,0.081008100810081,0.6768507638072856,0.3321332133213321,-0.3447175504859535,0.07403055229142184,0.1134113411341134,0.039380788842691555,,,,1.4806110458284372,1.296129612961296,-0.18448143286714114,41.24559341950646,40.34203420342034,-0.9035592160861228
Ibrahim Amadou,https://fbref.com/en/players/9260926b/Ibrahim-Amadou,2017-2018,2018-2019,Ligue 1,La Liga,Lille,Sevilla,24,25,"MF,DF",2405.0,762.0,0.0,0.0,0.0,0.0,0.0,0.0,0.03367983367983368,0.047244094488188976,0.013564260808355294,0.01496881496881497,0.011811023622047244,-0.0031577913467677257,,,,0.6735966735966736,0.3543307086614173,-0.31926596493525633,67.47193347193347,53.26771653543307,-14.204216936500401
Koffi Djidji,https://fbref.com/en/players/933d3b51/Koffi-Djidji,2017-2018,2018-2019,Ligue 1,Serie A,Nantes,Torino,24,25,DF,2416.0,1387.0,0.0,0.0,0.0,0.0,0.0,0.0,0.011175496688741722,0.006488824801730354,-0.004686671887011368,0.011175496688741722,0.0,-0.011175496688741722,,,,0.6705298013245033,0.5191059841384282,-0.15142381718607512,47.86837748344371,51.06705118961788,3.1986737061741692
Simone Zaza,https://fbref.com/en/players/9592289a/Simone-Zaza,2017-2018,2018-2019,La Liga,Serie A,Valencia,Torino,26,27,FW,2077.0,1437.0,0.5633124699085219,0.25052192066805845,-0.31279054924046346,0.04333172845450168,0.18789144050104384,0.14455971204654217,0.4679826673086182,0.4133611691022964,-0.054621498206321784,0.09099662975445354,0.06263048016701461,-0.028366149587438924,,,,1.0399614829080404,1.0647181628392484,0.024756679931208003,32.542128069330765,29.62421711899791,-2.9179109503328533
Allan Nyom,https://fbref.com/en/players/97572117/Allan-Nyom,2017-2018,2018-2019,Premier League,La Liga,West Brom,Leganés,29,30,DF,2310.0,1708.0,0.0,0.05269320843091335,0.05269320843091335,0.03896103896103896,0.05269320843091335,0.013732169469874392,0.003896103896103896,0.015807962529274005,0.01191185863317011,0.04285714285714286,0.11592505854800937,0.07306791569086651,,,,1.4025974025974026,1.1592505854800936,-0.243346817117309,53.22077922077922,41.57494145199063,-11.645837768788589
Stephan Lichtsteiner,https://fbref.com/en/players/99b1d0e6/Stephan-Lichtsteiner,2017-2018,2018-2019,Serie A,Premier League,Juventus,Arsenal,33,34,DF,1704.0,938.0,0.0,0.0,0.0,0.1056338028169014,0.0,-0.1056338028169014,0.04753521126760563,0.0,-0.04753521126760563,0.03697183098591549,0.009594882729211088,-0.027376948256704406,,,,3.2746478873239435,2.302771855010661,-0.9718760323132827,72.83450704225352,65.91684434968018,-6.917662692573344
Pablo de Blasis,https://fbref.com/en/players/9ab48bde/Pablo-de-Blasis,2017-2018,2018-2019,Bundesliga,La Liga,Mainz 05,Eibar,29,30,"FW,MF",1652.0,1520.0,0.27239709443099275,0.11842105263157894,-0.15397604179941382,0.10895883777239711,0.0,-0.10895883777239711,0.20157384987893465,0.053289473684210525,-0.14828437619472412,0.11440677966101696,0.14210526315789473,0.02769848349687777,,,,1.3075060532687652,2.131578947368421,0.8240728940996556,52.13680387409201,56.60526315789473,4.468459283802723
Jefferson Lerma,https://fbref.com/en/players/9b5ce51a/Jefferson-Lerma,2017-2018,2018-2019,La Liga,Premier League,Levante,Bournemouth,22,23,MF,2135.0,2506.0,0.0,0.07182761372705507,0.07182761372705507,0.04215456674473068,0.0,-0.04215456674473068,0.05058548009367681,0.04668794892258579,-0.003897531171091019,0.06323185011709602,0.03950518754988029,-0.02372666256721573,,,,0.8009367681498829,0.6105347166799681,-0.19040205146991485,55.896955503512885,68.23623304070232,12.339277537189432
Roberto Soriano,https://fbref.com/en/players/9d4c45d6/Roberto-Soriano,2017-2018,2018-2019,La Liga,Serie A,Villarreal,Bologna,26,27,"MF,FW",1139.0,1489.0,0.0,0.12088650100738751,0.12088650100738751,0.0,0.12088650100738751,0.12088650100738751,0.1264266900790167,0.20550705171255876,0.07908036163354207,0.0553116769095698,0.11484217595701812,0.059530499047448324,,,,2.7655838454784902,2.659503022162525,-0.10608082331596513,49.701492537313435,46.96440564137005,-2.737086895943385
Felipe Anderson,https://fbref.com/en/players/9f1893b9/Felipe-Anderson,2017-2018,2018-2019,Serie A,Premier League,Lazio,West Ham,24,25,"FW,MF",1162.0,3043.0,0.3098106712564544,0.26618468616496876,-0.04362598509148563,0.46471600688468157,0.11830430496220835,-0.3464117019224732,0.21686746987951805,0.1626684193230365,-0.054199050556481554,0.33304647160068845,0.18041406506736773,-0.15263240653332072,,,,7.590361445783133,5.94479132435097,-1.6455701214321632,72.03098106712564,68.5869208018403,-3.4440602652853443
Lucas Pérez,https://fbref.com/en/players/a300ac7e/Lucas-Perez,2017-2018,2018-2019,La Liga,Premier League,La Coruña,West Ham,28,29,FW,2797.0,475.0,0.2574186628530568,0.5684210526315789,0.3110023897785221,0.19306399713979264,0.0,-0.19306399713979264,0.31533786199499464,0.2463157894736842,-0.06902207252131043,0.35073292813728996,0.15157894736842106,-0.1991539807688689,,,,1.801930639971398,0.37894736842105264,-1.4229832715503452,39.86771540936718,35.62105263157895,-4.246662777788231
Emre Can,https://fbref.com/en/players/a65ce836/Emre-Can,2017-2018,2018-2019,Premier League,Serie A,Liverpool,Juventus,23,24,MF,2091.0,1811.0,0.1291248206599713,0.1987852015461071,0.0696603808861358,0.1721664275466284,0.049696300386526775,-0.12247012716010161,0.07747489239598278,0.13418001104362232,0.05670511864763954,0.1291248206599713,0.11927112092766426,-0.009853699732307042,,,,3.6154949784791963,2.3854224185532855,-1.2300725599259108,78.37876614060258,63.81004969630038,-14.568716444302197
Issa Diop,https://fbref.com/en/players/a712ca2b/Issa-Diop,2017-2018,2018-2019,Ligue 1,Premier League,Toulouse,West Ham,20,21,DF,3060.0,2970.0,0.08823529411764706,0.030303030303030304,-0.05793226381461676,0.0,0.0,0.0,0.058823529411764705,0.03636363636363636,-0.022459893048128343,0.01764705882352941,0.006060606060606061,-0.01158645276292335,,,,0.4117647058823529,0.2727272727272727,-0.13903743315508021,46.1764705882353,46.666666666666664,0.49019607843136725
Paco Alcácer,https://fbref.com/en/players/a7a9d95a/Paco-Alcacer,2017-2018,2018-2019,La Liga,Bundesliga,Barcelona,Dortmund,23,24,"MF,FW",695.0,1211.0,0.5179856115107914,1.3377374071015689,0.8197517955907775,0.3884892086330935,0.0,-0.3884892086330935,0.5050359712230216,0.7060280759702725,0.20099210474725093,0.2719424460431655,0.11890999174236169,-0.15303245430080378,,,,0.776978417266187,0.8918249380677126,0.11484652080152558,38.460431654676256,29.430222956234516,-9.03020869844174
Isaac Mbenza,https://fbref.com/en/players/aa1a8c7e/Isaac-Mbenza,2017-2018,2018-2019,Ligue 1,Premier League,Montpellier,Huddersfield,21,22,"FW,MF",2096.0,986.0,0.3435114503816794,0.09127789046653144,-0.25223355991514795,0.0,0.09127789046653144,0.09127789046653144,0.3005725190839695,0.09127789046653144,-0.20929462861743803,0.06870229007633588,0.0821501014198783,0.01344781134354242,,,,3.1774809160305346,2.281947261663286,-0.8955336543672487,36.24045801526718,33.13387423935091,-3.1065837759162704
Vicente Guaita,https://fbref.com/en/players/ab13a5aa/Vicente-Guaita,2017-2018,2018-2019,La Liga,Premier League,Getafe,Crystal Palace,30,31,GK,2970.0,1754.0,0.0,0.0,0.0,0.0,0.0,0.0,0.0,0.0,0.0,0.006060606060606061,0.0,-0.006060606060606061,,,,0.0,0.0,0.0,32.18181818181818,32.37742303306728,0.19560485124910088
Nordi Mukiele,https://fbref.com/en/players/ac73ec79/Nordi-Mukiele,2017-2018,2018-2019,Ligue 1,Bundesliga,Montpellier,RB Leipzig,19,20,DF,2791.0,1225.0,0.0,0.07346938775510205,0.07346938775510205,0.032246506628448586,0.07346938775510205,0.04122288112665346,0.038695807954138295,0.02938775510204082,-0.009308052852097477,0.08706556789681118,0.11755102040816327,0.030485452511352096,,,,2.644213543532784,2.938775510204082,0.29456196667129797,69.2332497312791,65.68163265306123,-3.5516170782178733
Vicente Iborra,https://fbref.com/en/players/ad1ffcfd/Vicente-Iborra,2017-2018,2018-2019,Premier League,La Liga,Leicester City,Villarreal,29,30,MF,1410.0,1665.0,0.19148936170212766,0.16216216216216217,-0.029327199539965487,0.0,0.05405405405405406,0.05405405405405406,0.10851063829787234,0.12432432432432432,0.015813686026451973,0.03191489361702128,0.04864864864864865,0.01673375503162737,,,,0.5106382978723405,0.3783783783783784,-0.1322599194939621,64.91489361702128,53.24324324324324,-11.671650373778036
Sofiane Boufal,https://fbref.com/en/players/b0c71810/Sofiane-Boufal,2017-2018,2018-2019,Premier League,La Liga,Southampton,Celta Vigo,23,24,"FW,MF",1219.0,2085.0,0.14766201804757997,0.12949640287769784,-0.018165615169882132,0.14766201804757997,0.12949640287769784,-0.018165615169882132,0.12551271534044298,0.14676258992805755,0.02124987458761457,0.13289581624282198,0.1553956834532374,0.022499867210415414,,,,5.75881870385562,6.647482014388489,0.888663310532869,58.54799015586546,54.82014388489208,-3.72784627097338
Júnior Alonso,https://fbref.com/en/players/b18a3023/Junior-Alonso,2017-2018,2018-2019,Ligue 1,La Liga,Lille,Celta Vigo,24,25,DF,2781.0,536.0,0.06472491909385114,0.0,-0.06472491909385114,0.03236245954692557,0.0,-0.03236245954692557,0.03559870550161813,0.06716417910447761,0.03156547360285948,0.016181229773462785,0.033582089552238806,0.01740085977877602,,,,0.6148867313915858,1.007462686567164,0.3925759551755783,71.81229773462783,64.81343283582089,-6.998864898806943
Víctor Camarasa,https://fbref.com/en/players/b2d03887/Victor-Camarasa,2017-2018,2018-2019,La Liga,Premier League,Betis,Cardiff City,23,24,MF,1252.0,2569.0,0.07188498402555911,0.17516543402101986,0.10328044999546075,0.0,0.1401323472168159,0.1401323472168159,0.10063897763578274,0.1401323472168159,0.03949336958103315,0.10782747603833866,0.1331257298559751,0.025298253817636437,,,,3.1629392971246006,1.7516543402101985,-1.4112849569144021,54.704472843450475,45.472946671856754,-9.231526171593721
Sokratis Papastathopoulos,https://fbref.com/en/players/b682dcf6/Sokratis-Papastathopoulos,2017-2018,2018-2019,Bundesliga,Premier League,Dortmund,Arsenal,29,30,DF,2373.0,2198.0,0.07585335018963338,0.04094631483166515,-0.03490703535796823,0.0,0.0818926296633303,0.0818926296633303,0.03792667509481669,0.03275705186533212,-0.005169623229484568,0.007585335018963338,0.028662420382165606,0.02107708536320227,,,,1.0240202275600505,0.5732484076433121,-0.4507718199167384,83.05941845764855,67.52047315741584,-15.538945300232712
Yuri Berchiche,https://fbref.com/en/players/b6e50615/Yuri-Berchiche,2017-2018,2018-2019,Ligue 1,La Liga,Paris S-G,Athletic Club,27,28,DF,1716.0,3120.0,0.1048951048951049,0.057692307692307696,-0.0472027972027972,0.2097902097902098,0.057692307692307696,-0.15209790209790208,0.02097902097902098,0.03461538461538462,0.013636363636363637,0.11013986013986014,0.057692307692307696,-0.05244755244755245,,,,2.1503496503496504,2.5961538461538463,0.44580419580419584,71.27622377622377,61.096153846153854,-10.18006993006992
Giannelli Imbula,https://fbref.com/en/players/b86fe156/Giannelli-Imbula,2017-2018,2018-2019,Ligue 1,La Liga,Toulouse,Rayo Vallecano,24,25,MF,2243.0,1732.0,0.04012483281319661,0.05196304849884527,0.011838215685648655,0.04012483281319661,0.05196304849884527,0.011838215685648655,0.06419973250111459,0.046766743648960746,-0.017432988852153844,0.0842621489077129,0.046766743648960746,-0.037495405258752154,,,,2.9692376281765496,2.6501154734411085,-0.31912215473544103,57.900133749442716,46.45496535796767,-11.445168391475043
Maxime Gonalons,https://fbref.com/en/players/b8c1de25/Maxime-Gonalons,2017-2018,2018-2019,Serie A,La Liga,Roma,Sevilla,28,29,MF,1096.0,540.0,0.0,0.0,0.0,0.0821167883211679,0.0,-0.0821167883211679,0.04105839416058395,0.03333333333333333,-0.007725060827250614,0.09854014598540146,0.016666666666666666,-0.0818734793187348,,,,0.9854014598540146,1.0,0.014598540145985384,75.21897810218978,65.66666666666667,-9.552311435523109
Alassane Pléa,https://fbref.com/en/players/bc6bd723/Alassane-Plea,2017-2018,2018-2019,Ligue 1,Bundesliga,Nice,M'Gladbach,24,25,FW,3041.0,2503.0,0.4735284445905952,0.43148222133439873,-0.04204622325619645,0.14797763893456098,0.14382740711146624,-0.0041502318230947355,0.41137783623807955,0.37395125848981225,-0.0374265777482673,0.0887865833607366,0.10067918497802636,0.011892601617289764,,,,2.752384084182834,2.3371953655613265,-0.41518871862150775,40.664255179217356,33.907311226528165,-6.756943952689191
Dawid Kownacki,https://fbref.com/en/players/be5e1c4c/Dawid-Kownacki,2017-2018,2018-2019,Serie A,Bundesliga,Sampdoria,Düsseldorf,20,21,FW,823.0,575.0,0.5467800729040098,0.6260869565217391,0.0793068836177293,0.2187120291616039,0.0,-0.2187120291616039,0.2405832320777643,0.25043478260869567,0.009851550530931369,0.10935601458080195,0.06260869565217392,-0.04674731892862803,,,,1.5309842041312274,2.034782608695652,0.5037984045644246,36.962332928311056,36.78260869565217,-0.17972423265888438
Fabián Ruiz Peña,https://fbref.com/en/players/c0c7ff58/Fabian-Ruiz-Pena,2017-2018,2018-2019,La Liga,Serie A,Betis,Napoli,21,22,MF,2659.0,1992.0,0.10154193305754043,0.22590361445783133,0.1243616814002909,0.20308386611508086,0.18072289156626506,-0.022360974548815804,0.05415569763068823,0.14006024096385544,0.08590454333316722,0.07446408424219632,0.1852409638554217,0.11077687961322537,,,,2.3016171493042497,3.162650602409639,0.8610334531053891,83.43362166227905,94.20180722891567,10.768185566636618
Bryan Dabo,https://fbref.com/en/players/c53083ad/Bryan-Dabo,2017-2018,2018-2019,Ligue 1,Serie A,Saint-Étienne,Fiorentina,25,26,"MF,FW",1284.0,831.0,0.14018691588785046,0.10830324909747294,-0.03188366679037752,0.0,0.10830324909747294,0.10830324909747294,0.1822429906542056,0.10830324909747294,-0.07393974155673266,0.049065420560747655,0.06498194945848376,0.015916528897736107,,,,2.3831775700934577,3.0324909747292423,0.6493134046357847,56.00467289719626,58.70036101083033,2.69568811363407
Andreas Cornelius,https://fbref.com/en/players/c693347d/Andreas-Cornelius,2017-2018,2018-2019,Serie A,Ligue 1,Atalanta,Bordeaux,24,25,FW,934.0,792.0,0.28907922912205564,0.3409090909090909,0.05182986178703525,0.09635974304068522,0.11363636363636363,0.017276620595678416,0.36616702355460384,0.2613636363636363,-0.10480338719096755,0.20235546038543897,0.056818181818181816,-0.14553727856725715,,,,1.734475374732334,0.6818181818181818,-1.0526571929141522,42.20556745182013,38.86363636363636,-3.3419310881837703
Saša Lukić,https://fbref.com/en/players/c6e8cf1f/Sasa-Lukic,2017-2018,2018-2019,La Liga,Serie A,Levante,Torino,20,21,MF,994.0,989.0,0.0,0.1820020222446916,0.1820020222446916,0.09054325955734406,0.0,-0.09054325955734406,0.0,0.1365015166835187,0.1365015166835187,0.1448692152917505,0.06370070778564206,-0.08116850750610845,,,,1.539235412474849,2.4570273003033365,0.9177918878284874,39.29577464788733,52.68958543983822,13.39381079195089
Steven Nzonzi,https://fbref.com/en/players/c7526c18/Steven-Nzonzi,2017-2018,2018-2019,La Liga,Serie A,Sevilla,Roma,28,29,MF,2214.0,2617.0,0.04065040650406504,0.034390523500191054,-0.006259883003873985,0.08130081300813008,0.06878104700038211,-0.01251976600774797,0.08130081300813008,0.058463889950324796,-0.022836923057805283,0.04065040650406504,0.07222009935040122,0.03156969284633618,,,,1.3414634146341462,0.7222009935040122,-0.619262421130134,83.49593495934958,66.68322506687046,-16.81270989247912
Fabian Schär,https://fbref.com/en/players/c8aa95da/Fabian-Schar,2017-2018,2018-2019,La Liga,Premier League,La Coruña,Newcastle Utd,25,26,DF,2219.0,1999.0,0.08111762054979721,0.18009004502251125,0.09897242447271404,0.08111762054979721,0.04502251125562781,-0.0360951092941694,0.12167643082469581,0.08554277138569284,-0.03613365943900297,0.02433528616493916,0.03151575787893947,0.0071804717140003076,,,,0.7300585849481749,1.1705852926463232,0.4405267076981483,51.469130238846326,63.076538269134566,11.60740803028824
Almamy Touré,https://fbref.com/en/players/c8c60119/Almamy-Toure,2017-2018,2018-2019,Ligue 1,Bundesliga,Monaco,Eint Frankfurt,21,22,DF,1248.0,519.0,0.07211538461538461,0.0,-0.07211538461538461,0.3605769230769231,0.0,-0.3605769230769231,0.028846153846153848,0.017341040462427747,-0.0115051133837261,0.1875,0.0,-0.1875,,,,2.3076923076923075,2.0809248554913293,-0.22676745220097816,60.36057692307692,55.664739884393065,-4.695837038683855
Marlon,https://fbref.com/en/players/cdf65d12/Marlon,2017-2018,2018-2019,Ligue 1,Serie A,Nice,Sassuolo,21,22,DF,1929.0,1508.0,0.0,0.05968169761273209,0.05968169761273209,0.0,0.0,0.0,0.032659409020217724,0.02387267904509284,-0.008786729975124884,0.00933125972006221,0.00596816976127321,-0.0033630899587889992,,,,0.41990668740279935,0.47745358090185674,0.057546893499057394,73.01710730948678,72.93103448275862,-0.08607282672815586
Mikel Merino,https://fbref.com/en/players/d080ed5e/Mikel-Merino,2017-2018,2018-2019,Premier League,La Liga,Newcastle Utd,Real Sociedad,21,22,MF,1347.0,2055.0,0.06681514476614699,0.13138686131386862,0.06457171654772163,0.06681514476614699,0.13138686131386862,0.06457171654772163,0.04008908685968819,0.12700729927007298,0.08691821241038479,0.060133630289532294,0.10510948905109489,0.0449758587615626,,,,1.670378619153675,1.3576642335766425,-0.31271438557703246,71.2249443207127,61.35766423357664,-9.867280087136052
Mouctar Diakhaby,https://fbref.com/en/players/d2110326/Mouctar-Diakhaby,2017-2018,2018-2019,Ligue 1,La Liga,Lyon,Valencia,20,21,DF,728.0,1580.0,0.12362637362637363,0.11392405063291139,-0.009702322993462242,0.0,0.0,0.0,0.061813186813186816,0.0740506329113924,0.012237446098205582,0.0,0.0,0.0,,,,0.7417582417582418,0.39873417721518983,-0.34302406454305195,62.8021978021978,49.67088607594936,-13.131311726248441
Daniele Verde,https://fbref.com/en/players/d3298c99/Daniele-Verde,2017-2018,2018-2019,Serie A,La Liga,Hellas Verona,Valladolid,21,22,"FW,MF",1954.0,657.0,0.09211873080859774,0.273972602739726,0.18185387193112829,0.09211873080859774,0.0,-0.09211873080859774,0.1059365404298874,0.21917808219178084,0.11324154176189344,0.09211873080859774,0.1917808219178082,0.09966209110921047,,,,2.9477993858751277,3.8356164383561646,0.8878170524810369,39.65711361310133,54.657534246575345,15.000420633474015
Nikola Kalinić,https://fbref.com/en/players/d4931a5a/Nikola-Kalinic,2017-2018,2018-2019,Serie A,La Liga,Milan,Atlético Madrid,29,30,FW,1812.0,642.0,0.2980132450331126,0.2803738317757009,-0.017639413257411696,0.1490066225165563,0.0,-0.1490066225165563,0.4271523178807947,0.2523364485981308,-0.1748158692826639,0.10430463576158941,0.028037383177570093,-0.07626725258401931,,,,0.794701986754967,0.7009345794392523,-0.09376740731571465,25.629139072847682,22.990654205607477,-2.638484867240205
Pierre-Emerick Aubameyang,https://fbref.com/en/players/d5dd5f1f/Pierre-Emerick-Aubameyang,2017-2018,2018-2019,Bundesliga,Premier League,Dortmund,Arsenal,28,29,FW,1416.0,2726.0,0.826271186440678,0.7263389581804842,-0.09993222826019377,0.19067796610169493,0.16507703595011006,-0.025600930151584878,1.0296610169491525,0.7461482024944975,-0.2835128144546549,0.1461864406779661,0.13866471019809246,-0.007521730479873645,,,,1.9067796610169492,2.707263389581805,0.8004837285648556,30.38135593220339,34.60014673514307,4.2187908029396795
Kévin Malcuit,https://fbref.com/en/players/d6a889ea/Kevin-Malcuit,2017-2018,2018-2019,Ligue 1,Serie A,Lille,Napoli,26,27,DF,1817.0,1805.0,0.0,0.0,0.0,0.2971931755641167,0.09972299168975068,-0.197470183874366,0.01981287837094111,0.019944598337950138,0.0001317199670090273,0.1733626857457347,0.09972299168975068,-0.07363969405598403,,,,5.151348376444688,4.088642659279778,-1.06270571716491,72.41607044578976,76.8365650969529,4.420494651163139
Adrien Silva,https://fbref.com/en/players/d6f88a1d/Adrien-Silva,2017-2018,2018-2019,Premier League,Ligue 1,Leicester City,Monaco,28,29,MF,761.0,1184.0,0.0,0.0,0.0,0.11826544021024966,0.0,-0.11826544021024966,0.0354796320630749,0.022804054054054054,-0.012675578009020843,0.09461235216819974,0.05320945945945946,-0.041402892708740285,,,,1.419185282522996,0.8361486486486487,-0.5830366338743473,61.85282522996058,68.41216216216216,6.559336932201582
Giovani Lo Celso,https://fbref.com/en/players/d7553721/Giovani-Lo-Celso,2017-2018,2018-2019,Ligue 1,La Liga,Paris S-G,Betis,21,22,MF,1776.0,2397.0,0.2027027027027027,0.3379224030037547,0.13521970030105201,0.15202702702702703,0.15018773466833543,-0.0018392923586915966,0.14189189189189189,0.3078848560700876,0.1659929641781957,0.09628378378378377,0.15018773466833543,0.05390395088455166,,,,3.293918918918919,4.76846057571965,1.474541656800731,92.73648648648648,67.65957446808511,-25.076912018401373
Diego Rico,https://fbref.com/en/players/d9ba39fc/Diego-Rico,2017-2018,2018-2019,La Liga,Premier League,Leganés,Bournemouth,24,25,DF,2228.0,612.0,0.0807899461400359,0.0,-0.0807899461400359,0.0807899461400359,0.0,-0.0807899461400359,0.05655296229802513,0.029411764705882356,-0.027141197592142775,0.14138240574506283,0.16176470588235295,0.020382300137290116,,,,2.0197486535008977,1.6176470588235294,-0.4021015946773683,65.39946140035906,69.8529411764706,4.453479776111536
Florin Andone,https://fbref.com/en/players/dc008610/Florin-Andone,2017-2018,2018-2019,La Liga,Premier League,La Coruña,Brighton,24,25,FW,1636.0,881.0,0.38508557457212717,0.3064699205448354,-0.07861565402729176,0.16503667481662593,0.0,-0.16503667481662593,0.6271393643031785,0.2553916004540295,-0.37174776384914904,0.04951100244498778,0.01021566401816118,-0.0392953384268266,,,,2.2555012224938875,1.3280363223609533,-0.9274649001329343,29.211491442542787,35.24404086265607,6.032549420113284
Rachid Ghezzal,https://fbref.com/en/players/dc3a9a0d/Rachid-Ghezzal,2017-2018,2018-2019,Ligue 1,Premier League,Monaco,Leicester City,25,26,"FW,MF",1006.0,743.0,0.17892644135188868,0.12113055181695827,-0.05779588953493041,0.26838966202783304,0.0,-0.26838966202783304,0.2326043737574553,0.16958277254374157,-0.06302160121371372,0.24155069582504973,0.20592193808882905,-0.03562875773622068,,,,3.4890656063618293,4.360699865410497,0.8716342590486681,67.9920477137177,69.52893674293405,1.5368890292163542
Adam Masina,https://fbref.com/en/players/de0f152c/Adam-Masina,2017-2018,2018-2019,Serie A,Premier League,Bologna,Watford,23,24,DF,2830.0,1004.0,0.0,0.0,0.0,0.03180212014134276,0.08964143426294821,0.05783931412160545,0.060424028268551234,0.008964143426294821,-0.051459884842256415,0.05724381625441696,0.07171314741035857,0.014469331155941609,,,,1.812720848056537,0.8964143426294822,-0.9163065054270549,65.09893992932862,63.10756972111554,-1.991370208213084
Cristiano Ronaldo,https://fbref.com/en/players/dea698d9/Cristiano-Ronaldo,2017-2018,2018-2019,La Liga,Serie A,Real Madrid,Juventus,32,33,FW,2285.0,2688.0,1.0240700218818382,0.703125,-0.32094502188183816,0.19693654266958424,0.26785714285714285,0.07092060018755861,0.9925601750547045,0.7433035714285714,-0.2492566036261331,0.19693654266958424,0.15401785714285712,-0.04291868552672712,,,,4.647702407002188,4.854910714285714,0.20720830728352624,42.81400437636761,50.02232142857143,7.208317052203817
Jonny Castro,https://fbref.com/en/players/e28868f3/Jonny-Castro,2017-2018,2018-2019,La Liga,Premier League,Celta Vigo,Wolves,23,24,DF,3202.0,2771.0,0.05621486570893192,0.03247924936845904,-0.02373561634047288,0.02810743285446596,0.03247924936845904,0.004371816513993081,0.05059337913803873,0.06495849873691809,0.014365119598879358,0.04497189256714554,0.05196679898953447,0.0069949064223889315,,,,2.6983135540287324,2.7607361963190185,0.062422642290286046,70.97126795752655,58.04041862143631,-12.93084933609024
Gianluigi Buffon,https://fbref.com/en/players/e40d028b/Gianluigi-Buffon,2017-2018,2018-2019,Serie A,Ligue 1,Juventus,Paris S-G,39,40,GK,1862.0,1530.0,0.0,0.0,0.0,0.0,0.0,0.0,0.0,0.0,0.0,0.0,0.0,0.0,,,,0.0,0.0,0.0,31.99785177228786,26.470588235294116,-5.527263536993743
Achraf Hakimi,https://fbref.com/en/players/e42d61c7/Achraf-Hakimi,2017-2018,2018-2019,La Liga,Bundesliga,Real Madrid,Dortmund,18,19,DF,757.0,1740.0,0.23778071334214002,0.10344827586206898,-0.13433243748007104,0.0,0.20689655172413796,0.20689655172413796,0.035667107001321,0.08793103448275863,0.05226392748143763,0.035667107001321,0.15,0.11433289299867899,,,,3.5667107001321003,3.724137931034483,0.15742723090238275,69.31307793923382,94.08620689655173,24.77312895731791
Luis Muriel,https://fbref.com/en/players/eb2fe5b6/Luis-Muriel,2017-2018,2018-2019,La Liga,Serie A,Sevilla,Fiorentina,26,27,FW,1608.0,1441.0,0.39179104477611937,0.3747397640527411,-0.017051280723378248,0.055970149253731345,0.0,-0.055970149253731345,0.41417910447761197,0.2185981956974323,-0.19558090878017967,0.12873134328358207,0.09368494101318528,-0.03504640227039679,,,,3.246268656716418,3.497571131158917,0.251302474442499,35.65298507462686,37.036780013879245,1.3837949392523825
Max Meyer,https://fbref.com/en/players/eba42d2b/Max-Meyer,2017-2018,2018-2019,Bundesliga,Premier League,Schalke 04,Crystal Palace,21,22,MF,1727.0,1416.0,0.0,0.0635593220338983,0.0635593220338983,0.0,0.1271186440677966,0.1271186440677966,0.010422698320787493,0.11440677966101696,0.10398408134022948,0.020845396641574986,0.07627118644067797,0.05542578979910298,,,,1.0943833236826868,2.9872881355932206,1.8929048119105338,63.734800231615516,55.93220338983051,-7.802596841785004
André Schürrle,https://fbref.com/en/players/ecbb3fdf/Andre-Schurrle,2017-2018,2018-2019,Bundesliga,Premier League,Dortmund,Fulham,26,27,FW,1236.0,1641.0,0.07281553398058253,0.3290676416819013,0.25625210770131873,0.4368932038834952,0.0,-0.4368932038834952,0.29854368932038833,0.19744058500914077,-0.10110310431124755,0.2694174757281554,0.10420475319926872,-0.16521272252888666,,,,3.9320388349514563,2.522851919561243,-1.4091869153902135,50.97087378640777,44.91773308957952,-6.053140696828251
Kevin Strootman,https://fbref.com/en/players/ef2e5e1a/Kevin-Strootman,2017-2018,2018-2019,Serie A,Ligue 1,Roma,Marseille,27,28,MF,2258.0,1942.0,0.03985828166519043,0.04634397528321318,0.006485693618022745,0.03985828166519043,0.2317198764160659,0.19186159475087547,0.10761736049601418,0.09268795056642636,-0.014929409929587828,0.05978742249778565,0.12049433573635426,0.06070691323856861,,,,1.6341895482728077,1.1122554067971162,-0.5219341414756915,67.79893711248893,64.18640576725025,-3.612531345238679
João Mário,https://fbref.com/en/players/f0021247/Joao-Mario,2017-2018,2018-2019,Premier League,Serie A,West Ham,Inter,24,25,MF,1022.0,1082.0,0.1761252446183953,0.08317929759704251,-0.09294594702135278,0.08806262230919765,0.16635859519408502,0.07829597288488738,0.149706457925636,0.08317929759704251,-0.06652716032859349,0.1232876712328767,0.16635859519408502,0.04307092396120832,,,,2.99412915851272,4.9075785582255085,1.9134493997127886,52.3972602739726,72.69870609981515,20.301445825842556
Naby Keïta,https://fbref.com/en/players/f25c8e3a/Naby-Keita,2017-2018,2018-2019,Bundesliga,Premier League,RB Leipzig,Liverpool,22,23,MF,1962.0,1390.0,0.27522935779816515,0.12949640287769784,-0.1457329549204673,0.2293577981651376,0.06474820143884892,-0.16460959672628867,0.16972477064220184,0.12949640287769784,-0.040228367764504,0.1926605504587156,0.06474820143884892,-0.1279123490198667,,,,4.724770642201834,4.402877697841727,-0.3218929443601075,70.59633027522935,79.38129496402878,8.784964688799434
Kevin-Prince Boateng,https://fbref.com/en/players/f4ec4fd0/Kevin-Prince-Boateng,2017-2018,2018-2019,Bundesliga,Serie A,Eint Frankfurt,Sassuolo,30,31,"MF,FW",2357.0,938.0,0.22910479422995333,0.3837953091684435,0.15469051493849018,0.03818413237165889,0.09594882729211088,0.05776469492045199,0.17946542214679678,0.3646055437100213,0.1851401215632245,0.053457785320322436,0.0767590618336887,0.02330127651336627,,,,1.1073398387781077,0.6716417910447761,-0.43569804773333165,53.19049639372083,40.10660980810234,-13.083886585618487
Albin Ekdal,https://fbref.com/en/players/f503ea63/Albin-Ekdal,2017-2018,2018-2019,Bundesliga,Serie A,Hamburger SV,Sampdoria,28,29,MF,1108.0,2646.0,0.0,0.0,0.0,0.0812274368231047,0.0,-0.0812274368231047,0.04061371841155235,0.030612244897959186,-0.010001473513593161,0.0812274368231047,0.034013605442176874,-0.04721383138092782,,,,1.1371841155234657,1.326530612244898,0.18934649672143244,57.75270758122743,67.27891156462586,9.526203983398425
Isaac Success,https://fbref.com/en/players/f573a8bf/Isaac-Success,2017-2018,2018-2019,La Liga,Premier League,Málaga,Watford,21,22,"MF,FW",492.0,1052.0,0.0,0.0855513307984791,0.0855513307984791,0.18292682926829268,0.0855513307984791,-0.09737549846981358,0.09146341463414634,0.29942965779467684,0.2079662431605305,0.38414634146341464,0.23954372623574144,-0.1446026152276732,,,,5.48780487804878,2.994296577946768,-2.493508300102012,40.0609756097561,45.51330798479088,5.4523323750347785
João Moutinho,https://fbref.com/en/players/f5a00fa4/Joao-Moutinho,2017-2018,2018-2019,Ligue 1,Premier League,Monaco,Wolves,30,31,MF,2803.0,3032.0,0.03210845522654299,0.029683377308707123,-0.002425077917835864,0.19265073135925792,0.23746701846965698,0.04481628711039906,0.03531930074919729,0.020778364116094985,-0.014540936633102308,0.18622904031394932,0.1929419525065963,0.006712912192646969,,,,1.7338565822333214,1.0092348284960422,-0.7246217537372792,73.81733856582233,71.06200527704485,-2.7553332887774786
Hamza Mendyl,https://fbref.com/en/players/f99fe221/Hamza-Mendyl,2017-2018,2018-2019,Ligue 1,Bundesliga,Lille,Schalke 04,19,20,"DF,MF",851.0,544.0,0.0,0.0,0.0,0.0,0.0,0.0,0.010575793184488837,0.016544117647058824,0.005968324462569986,0.09518213866039953,0.0,-0.09518213866039953,,,,2.4324324324324325,3.474264705882353,1.0418322734499204,54.99412455934195,53.60294117647059,-1.3911833828713611
Kevin Wimmer,https://fbref.com/en/players/faf55ce4/Kevin-Wimmer,2017-2018,2018-2019,Premier League,Bundesliga,Stoke City,Hannover 96,24,25,DF,1323.0,1683.0,0.0,0.0,0.0,0.0,0.0,0.0,0.006802721088435375,0.010695187165775402,0.0038924660773400274,0.01360544217687075,0.026737967914438502,0.013132525737567752,,,,0.20408163265306123,0.4812834224598931,0.27720178980683186,51.564625850340136,65.40106951871658,13.836443668376447
Martin Braithwaite,https://fbref.com/en/players/fd771f95/Martin-Braithwaite,2017-2018,2018-2019,Ligue 1,La Liga,Bordeaux,Leganés,26,27,FW,914.0,1402.0,0.39387308533916854,0.25677603423680456,-0.13709705110236398,0.2954048140043764,0.3209700427960057,0.025565228791629313,0.39387308533916854,0.3273894436519258,-0.06648364168724274,0.22647702407002188,0.0898716119828816,-0.13660541208714028,,,,1.0831509846827134,1.5406562054208275,0.45750522073811406,29.73741794310722,24.714693295292438,-5.022724647814783
Valentino Lazaro,https://fbref.com/en/players/016ff750/Valentino-Lazaro,2018-2019,2019-2020,Bundesliga,Premier League,Hertha BSC,Newcastle Utd,22,23,"DF,FW",2741.0,480.0,0.09850419554906968,0.1875,0.08899580445093032,0.19700839109813936,0.0,-0.19700839109813936,0.06895293688434878,0.07500000000000001,0.00604706311565123,0.21014228383801534,0.037500000000000006,-0.17264228383801533,,,,2.3969354250273622,1.3125,-1.0844354250273622,64.15906603429406,45.375,-18.784066034294057
Renato Sanches,https://fbref.com/en/players/032f894e/Renato-Sanches,2018-2019,2019-2020,Bundesliga,Ligue 1,Bayern Munich,Lille,20,21,MF,577.0,1483.0,0.1559792027729636,0.1820633850303439,0.026084182257380295,0.1559792027729636,0.060687795010114634,-0.09529140776284896,0.14038128249566725,0.09710047201618342,-0.04328081047948383,0.14038128249566725,0.16992582602832096,0.029544543532653705,,,,4.055459272097053,2.7309507754551583,-1.324508496641895,68.78682842287695,73.4322319622387,4.645403539361752
Jonjoe Kenny,https://fbref.com/en/players/099e666f/Jonjoe-Kenny,2018-2019,2019-2020,Premier League,Bundesliga,Everton,Schalke 04,21,22,DF,791.0,2717.0,0.0,0.06624953993375046,0.06624953993375046,0.11378002528445005,0.09937430990062569,-0.01440571538382436,0.011378002528445006,0.0430622009569378,0.031684198428492794,0.06826801517067003,0.04637467795362532,-0.021893337217044714,,,,1.8204804045512009,1.3249907986750091,-0.49548960587619173,78.73577749683943,62.07581891792418,-16.65995857891525
Antonio Sanabria,https://fbref.com/en/players/0a447501/Antonio-Sanabria,2018-2019,2019-2020,La Liga,Serie A,Betis,Genoa,22,23,FW,811.0,1387.0,0.2219482120838471,0.3893294881038212,0.16738127601997407,0.0,0.12977649603460706,0.12977649603460706,0.3662145499383477,0.29848594087959623,-0.06772860905875144,0.0,0.1232876712328767,0.1232876712328767,,,,1.3316892725030827,1.9466474405191059,0.6149581680160232,24.858199753390874,35.883201153568855,11.025001400177981
Mathias Jørgensen,https://fbref.com/en/players/0db5d2c8/Mathias-Jorgensen,2018-2019,2019-2020,Premier League,Bundesliga,Huddersfield,Düsseldorf,28,29,DF,2147.0,498.0,0.1257568700512343,0.0,-0.1257568700512343,0.04191895668374476,0.18072289156626506,0.1388039348825203,0.05868653935724266,0.0,-0.05868653935724266,0.012575687005123428,0.03614457831325302,0.02356889130812959,,,,0.88029809035864,0.0,-0.88029809035864,60.57289240801118,50.42168674698795,-10.151205661023226
Philippe Coutinho,https://fbref.com/en/players/0ef89a37/Philippe-Coutinho,2018-2019,2019-2020,La Liga,Bundesliga,Barcelona,Bayern Munich,26,27,"FW,MF",2018.0,1411.0,0.2229930624380575,0.5102763997165132,0.2872833372784557,0.089197224975223,0.3827072997873848,0.29351007481216185,0.3300297324083251,0.5485471296952515,0.21851739728692643,0.16501486620416256,0.2551381998582566,0.09012333365409403,,,,4.504459861248762,3.635719347980156,-0.8687405132686057,76.66501486620417,66.39971651311127,-10.265298353092902
Anastasios Donis,https://fbref.com/en/players/0f26fd24/Anastasios-Donis,2018-2019,2019-2020,Bundesliga,Ligue 1,Stuttgart,Reims,21,22,"FW,MF",962.0,609.0,0.4677754677754678,0.0,-0.4677754677754678,0.18711018711018712,0.0,-0.18711018711018712,0.2713097713097713,0.20689655172413793,-0.06441321958563337,0.09355509355509356,0.04433497536945813,-0.04922011818563543,,,,3.0873180873180877,3.8423645320197046,0.755046444701617,30.966735966735968,28.52216748768473,-2.444568479051238
Ryad Boudebouz,https://fbref.com/en/players/1001ae82/Ryad-Boudebouz,2018-2019,2019-2020,La Liga,Ligue 1,Celta Vigo,Saint-Étienne,28,29,"MF,FW",717.0,1597.0,0.12552301255230125,0.05635566687539136,-0.06916734567690988,0.2510460251046025,0.22542266750156545,-0.02562335760303705,0.18828451882845187,0.123982467125861,-0.06430205170259087,0.3138075313807531,0.2536005009392611,-0.060207030441492004,,,,2.2594142259414225,2.5923606762680027,0.3329464503265802,60.0,63.456480901690675,3.456480901690675
Ken Sema,https://fbref.com/en/players/1770bd68/Ken-Sema,2018-2019,2019-2020,Premier League,Serie A,Watford,Udinese,24,25,"MF,FW",754.0,2453.0,0.11936339522546419,0.07337953526294333,-0.04598385996252086,0.23872679045092837,0.036689767631471665,-0.2020370228194567,0.09549071618037136,0.022013860578883,-0.07347685560148837,0.0716180371352785,0.14309009376273948,0.07147205662746098,,,,3.5809018567639255,3.0085609457806766,-0.5723409109832489,43.687002652519894,49.64125560538116,5.9542529528612675
Lukas Lerager,https://fbref.com/en/players/1b82f8df/Lukas-Lerager,2018-2019,2019-2020,Ligue 1,Serie A,Bordeaux,Genoa,25,26,MF,1298.0,1387.0,0.0,0.06488824801730353,0.06488824801730353,0.06933744221879815,0.06488824801730353,-0.004449194201494616,0.03466872110939907,0.05191059841384283,0.017241877304443758,0.03466872110939907,0.0973323720259553,0.06266365091655622,,,,1.2480739599383668,0.3893294881038212,-0.8587444718345456,56.37134052388289,47.88752703677001,-8.483813487112883
Christian Pulisic,https://fbref.com/en/players/1bf33a9a/Christian-Pulisic,2018-2019,2019-2020,Bundesliga,Premier League,Dortmund,Chelsea,19,20,FW,932.0,1722.0,0.38626609442060084,0.47038327526132406,0.08411718084072323,0.38626609442060084,0.20905923344947736,-0.17720686097112348,0.463519313304721,0.47038327526132406,0.0068639619566030485,0.2510729613733906,0.18815331010452963,-0.06291965126886095,,,,6.3733905579399135,5.592334494773519,-0.7810560631663943,70.3969957081545,52.52613240418118,-17.870863303973323
Erik Pieters,https://fbref.com/en/players/1ef37668/Erik-Pieters,2018-2019,2019-2020,Ligue 1,Premier League,Amiens,Burnley,29,30,DF,1261.0,1878.0,0.07137192704203013,0.0,-0.07137192704203013,0.07137192704203013,0.19169329073482427,0.12032136369279414,0.07850911974623316,0.023961661341853034,-0.05454745840438013,0.04996034892942109,0.11980830670926518,0.0698479577798441,,,,1.4274385408406027,1.0063897763578276,-0.4210487644827752,66.23314829500397,57.98722044728434,-8.245927847719628
Rafael Leão,https://fbref.com/en/players/20730eae/Rafael-Leao,2018-2019,2019-2020,Ligue 1,Serie A,Lille,Milan,19,20,FW,1287.0,1404.0,0.5594405594405594,0.38461538461538464,-0.17482517482517473,0.2097902097902098,0.06410256410256411,-0.1456876456876457,0.3006993006993007,0.27564102564102566,-0.025058275058275015,0.11888111888111887,0.16666666666666669,0.04778554778554782,,,,1.1888111888111887,4.230769230769231,3.041958041958042,26.153846153846153,40.44871794871795,14.294871794871796
Pau López,https://fbref.com/en/players/20b9f052/Pau-Lopez,2018-2019,2019-2020,La Liga,Serie A,Betis,Roma,23,24,GK,2970.0,2880.0,0.0,0.0,0.0,0.0,0.0,0.0,0.0,0.0,0.0,0.0,0.0,0.0,,,,0.0,0.0,0.0,39.63636363636363,34.96875,-4.667613636363633
Kieran Trippier,https://fbref.com/en/players/21512407/Kieran-Trippier,2018-2019,2019-2020,Premier League,La Liga,Tottenham,Atlético Madrid,27,28,DF,2276.0,1979.0,0.03954305799648506,0.0,-0.03954305799648506,0.11862917398945519,0.1819100555836281,0.06328088159417292,0.01977152899824253,0.004547751389590703,-0.015223777608651828,0.16212653778558875,0.20464881253158163,0.04252227474599288,,,,1.5817223198594026,2.228398180899444,0.6466758610400416,89.64411247803164,68.98938858009096,-20.654723897940684
Giulio Donati,https://fbref.com/en/players/22051fbe/Giulio-Donati,2018-2019,2019-2020,Bundesliga,Serie A,Mainz 05,Lecce,28,29,DF,625.0,1760.0,0.0,0.05113636363636363,0.05113636363636363,0.0,0.0,0.0,0.0144,0.015340909090909089,0.0009409090909090895,0.08639999999999999,0.10738636363636363,0.020986363636363636,,,,1.8719999999999999,2.914772727272727,1.0427727272727272,61.632,58.90909090909091,-2.7229090909090914
Jony,https://fbref.com/en/players/244f57b9/Jony,2018-2019,2019-2020,La Liga,Serie A,Alavés,Lazio,27,28,"MF,FW",2971.0,1177.0,0.15146415348367553,0.0,-0.15146415348367553,0.3332211376640862,0.07646559048428207,-0.2567555471798041,0.13934702120498146,0.022939677145284623,-0.11640734405969684,0.29081117468865697,0.13763806287170774,-0.15317311181694923,,,,3.604846852911477,2.5233644859813085,-1.0814823669301687,48.13530797711208,58.19031435853866,10.05500638142658
Walace,https://fbref.com/en/players/26db8853/Walace,2018-2019,2019-2020,Bundesliga,Serie A,Hannover 96,Udinese,23,24,MF,1996.0,1139.0,0.045090180360721446,0.0,-0.045090180360721446,0.045090180360721446,0.0,-0.045090180360721446,0.036072144288577156,0.06321334503950835,0.02714120075093119,0.027054108216432865,0.04741000877963126,0.020355900563198394,,,,1.1723446893787575,1.5013169446883232,0.32897225530956575,61.322645290581164,66.6900790166813,5.367433726100131
Allan Saint-Maximin,https://fbref.com/en/players/2b16cb1a/Allan-Saint-Maximin,2018-2019,2019-2020,Ligue 1,Premier League,Nice,Newcastle Utd,21,22,FW,2900.0,1863.0,0.18620689655172415,0.14492753623188406,-0.041279360319840086,0.09310344827586207,0.1932367149758454,0.10013326669998333,0.24206896551724139,0.15942028985507245,-0.08264867566216894,0.20482758620689653,0.15942028985507245,-0.045407296351824084,,,,6.268965517241379,6.038647342995169,-0.23031817424620993,43.727586206896554,37.0048309178744,-6.722755289022153
Alexis Sánchez,https://fbref.com/en/players/2c0f8e9e/Alexis-Sanchez,2018-2019,2019-2020,Premier League,Serie A,Manchester Utd,Inter,29,30,"FW,MF",880.0,923.0,0.10227272727272727,0.390032502708559,0.28775977543583175,0.30681818181818177,0.780065005417118,0.4732468235989362,0.15340909090909088,0.41928494041170095,0.26587584950261006,0.30681818181818177,0.3120260021668472,0.0052078203486654595,,,,3.7840909090909087,2.1451787648970746,-1.6389121441938341,52.56818181818181,49.14409534127844,-3.4240864769033763
Nabil Bentaleb,https://fbref.com/en/players/3189f61a/Nabil-Bentaleb,2018-2019,2019-2020,Bundesliga,Premier League,Schalke 04,Newcastle Utd,23,24,MF,1792.0,751.0,0.15066964285714285,0.0,-0.15066964285714285,0.0,0.0,0.0,0.17578125,0.011984021304926764,-0.16379722869507324,0.045200892857142856,0.023968042609853527,-0.02123285024728933,,,,2.109375,0.23968042609853527,-1.8696945739014648,56.551339285714285,59.44074567243675,2.889406386722463
Arturo Calabresi,https://fbref.com/en/players/34bb6fbd/Arturo-Calabresi,2018-2019,2019-2020,Serie A,Ligue 1,Bologna,Amiens,22,23,DF,1412.0,1878.0,0.06373937677053824,0.04792332268370607,-0.015816054086832176,0.0,0.04792332268370607,0.04792332268370607,0.0254957507082153,0.038338658146964855,0.012842907438749555,0.0254957507082153,0.05271565495207668,0.027219904243861382,,,,0.8286118980169972,0.9584664536741214,0.12985455565712423,56.6643059490085,60.0,3.335694050991499
Ramy Bensebaini,https://fbref.com/en/players/378825c7/Ramy-Bensebaini,2018-2019,2019-2020,Ligue 1,Bundesliga,Rennes,M'Gladbach,23,24,DF,2152.0,1448.0,0.041821561338289966,0.31077348066298344,0.2689519193246935,0.0,0.18646408839779005,0.18646408839779005,0.05018587360594795,0.27348066298342544,0.2232947893774775,0.04600371747211896,0.14917127071823205,0.1031675532461131,,,,2.5511152416356877,1.9267955801104972,-0.6243196615251905,66.16171003717471,72.53453038674033,6.372820349565615
Edimilson Fernandes,https://fbref.com/en/players/3bb625ac/Edimilson-Fernandes,2018-2019,2019-2020,Serie A,Bundesliga,Fiorentina,Mainz 05,22,23,MF,1970.0,1484.0,0.09137055837563451,0.06064690026954179,-0.030723658106092726,0.0,0.0,0.0,0.054822335025380704,0.04851752021563343,-0.006304814809747275,0.05939086294416244,0.018194070080862535,-0.0411967928632999,,,,1.598984771573604,0.7277628032345014,-0.8712219683391027,50.80203045685279,55.491913746630736,4.689883289777946
Ferland Mendy,https://fbref.com/en/players/3cefcaef/Ferland-Mendy,2018-2019,2019-2020,Ligue 1,La Liga,Lyon,Real Madrid,23,24,DF,2531.0,1809.0,0.07111813512445674,0.04975124378109452,-0.021366891343362213,0.03555906756222837,0.14925373134328357,0.1136946637810552,0.03200316080600553,0.029850746268656712,-0.0021524145373488165,0.11378901619913077,0.11940298507462685,0.005613968875496075,,,,3.9470564994073487,3.432835820895522,-0.5142206785118266,80.64796523113394,73.08457711442786,-7.563388116706079
Moise Kean,https://fbref.com/en/players/3d50bcdb/Moise-Kean,2018-2019,2019-2020,Serie A,Premier League,Juventus,Everton,18,19,FW,541.0,852.0,0.9981515711645101,0.2112676056338028,-0.7868839655307074,0.0,0.2112676056338028,0.2112676056338028,0.5988909426987061,0.4225352112676056,-0.1763557314311005,0.04990757855822551,0.2112676056338028,0.1613600270755773,,,,1.8299445471349354,2.7464788732394365,0.9165343261045011,27.44916820702403,28.52112676056338,1.0719585535393499
André Silva,https://fbref.com/en/players/3effaa34/Andre-Silva,2018-2019,2019-2020,La Liga,Bundesliga,Sevilla,Eint Frankfurt,22,23,FW,2159.0,1575.0,0.37517369152385366,0.6857142857142857,0.31054059419043206,0.0,0.17142857142857143,0.17142857142857143,0.4293654469661881,0.6171428571428572,0.1877774101766691,0.1792496526169523,0.2742857142857143,0.095036061668762,,,,2.0842982862436314,2.4571428571428573,0.37284457089922585,34.34923575729505,38.68571428571428,4.336478528419235
Álvaro González,https://fbref.com/en/players/42dcf26d/Alvaro-Gonzalez,2018-2019,2019-2020,La Liga,Ligue 1,Villarreal,Marseille,28,29,DF,2964.0,1628.0,0.03036437246963563,0.0,-0.03036437246963563,0.06072874493927126,0.0,-0.06072874493927126,0.03643724696356276,0.05528255528255528,0.018845308318992525,0.03643724696356276,0.022113022113022116,-0.014324224850540641,,,,0.9109311740890689,0.4975429975429976,-0.4133881765460713,56.32591093117409,56.71990171990172,0.3939907887276277
Ander Herrera,https://fbref.com/en/players/436a9dd0/Ander-Herrera,2018-2019,2019-2020,Premier League,Ligue 1,Manchester Utd,Paris S-G,28,29,MF,1403.0,547.0,0.12829650748396293,0.16453382084095064,0.03623731335698771,0.19244476122594442,0.16453382084095064,-0.027910940384993782,0.08339272986457591,0.04936014625228519,-0.034032583612290716,0.10263720598717035,0.1480804387568556,0.04544323276968523,,,,1.3471133285816108,1.1517367458866545,-0.19537658269495628,77.29864575908768,90.6581352833638,13.359489524276128
Mauro Icardi,https://fbref.com/en/players/43b78598/Mauro-Icardi,2018-2019,2019-2020,Serie A,Ligue 1,Inter,Paris S-G,25,26,FW,2267.0,1267.0,0.43670048522276134,0.8524072612470402,0.4157067760242789,0.15880017644464048,0.1420678768745067,-0.01673229957013378,0.6034406704896338,0.8310970797158642,0.22765640922623043,0.13101014556682838,0.12786108918705605,-0.003149056379772336,,,,0.7543008381120423,0.6393054459352802,-0.11499539217676213,25.32862814292016,19.250197316495658,-6.078430826424501
Raúl Albiol,https://fbref.com/en/players/4bd414c1/Raul-Albiol,2018-2019,2019-2020,Serie A,La Liga,Napoli,Villarreal,32,33,DF,1713.0,3237.0,0.052539404553415055,0.027803521779425393,-0.02473588277398966,0.0,0.0,0.0,0.015761821366024515,0.0639481000926784,0.04818627872665389,0.021015761821366025,0.008341056533827617,-0.012674705287538408,,,,0.21015761821366022,0.3058387395736793,0.09568112136001908,67.88091068301226,63.447636700648744,-4.4332739823635166
Djibril Sidibé,https://fbref.com/en/players/4c5b714f/Djibril-Sidibe,2018-2019,2019-2020,Ligue 1,Premier League,Monaco,Everton,26,27,"DF,MF",2076.0,1824.0,0.0,0.0,0.0,0.08670520231213873,0.19736842105263158,0.11066321874049286,0.05635838150289017,0.01973684210526316,-0.03662153939762701,0.13005780346820808,0.11348684210526315,-0.016570961362944933,,,,2.514450867052023,3.009868421052632,0.4954175540006087,74.52312138728324,72.48355263157895,-2.0395687557042947
Jules Koundé,https://fbref.com/en/players/4d1666ff/Jules-Kounde,2018-2019,2019-2020,Ligue 1,La Liga,Bordeaux,Sevilla,19,20,DF,3330.0,2309.0,0.0,0.0389779125162408,0.0389779125162408,0.02702702702702703,0.0389779125162408,0.011950885489213768,0.02702702702702703,0.08575140753572977,0.05872438050870274,0.021621621621621623,0.0389779125162408,0.017356290894619174,,,,0.8648648648648649,1.0524036379385016,0.18753877307363664,65.4054054054054,67.50974447812906,2.1043390727236613
Alban Lafont,https://fbref.com/en/players/4e7db402/Alban-Lafont,2018-2019,2019-2020,Serie A,Ligue 1,Fiorentina,Nantes,19,20,GK,3015.0,2430.0,0.0,0.0,0.0,0.0,0.0,0.0,0.0,0.0,0.0,0.011940298507462687,0.0,-0.011940298507462687,,,,0.0,0.0,0.0,32.80597014925373,35.03703703703704,2.2310668877833066
Björn Engels,https://fbref.com/en/players/4fdf1fd9/Bjorn-Engels,2018-2019,2019-2020,Ligue 1,Premier League,Reims,Aston Villa,23,24,DF,2970.0,1447.0,0.030303030303030304,0.06219765031098825,0.031894620007957945,0.030303030303030304,0.0,-0.030303030303030304,0.03333333333333333,0.06219765031098825,0.028864316977654916,0.0393939393939394,0.018659295093296474,-0.020734644300642924,,,,0.6060606060606061,0.31098825155494125,-0.2950723545056648,49.24242424242424,50.939875604699374,1.6974513622751317
Keita Baldé,https://fbref.com/en/players/509a4ccb/Keita-Balde,2018-2019,2019-2020,Serie A,Ligue 1,Inter,Monaco,23,24,FW,889.0,858.0,0.5061867266591675,0.4195804195804196,-0.08660630707874795,0.20247469066366702,0.1048951048951049,-0.09757958576856213,0.3948256467941507,0.4195804195804196,0.024754772786268864,0.22272215973003376,0.07342657342657342,-0.14929558630346035,,,,5.7705286839145105,2.832167832167832,-2.9383608517466784,45.556805399325086,41.01398601398601,-4.542819385339072
Ante Rebić,https://fbref.com/en/players/536cebe5/Ante-Rebic,2018-2019,2019-2020,Bundesliga,Serie A,Eint Frankfurt,Milan,24,25,"FW,MF",1978.0,1395.0,0.40950455005055614,0.7096774193548387,0.3001728693042826,0.1820020222446916,0.1935483870967742,0.011546364852082575,0.41860465116279066,0.43870967741935485,0.020105026256564185,0.2457027300303337,0.2064516129032258,-0.03925111712710788,,,,4.004044489383215,3.2903225806451615,-0.7137219087380537,38.857431749241655,39.67741935483871,0.8199876055970563
Youri Tielemans,https://fbref.com/en/players/56f7a928/Youri-Tielemans,2018-2019,2019-2020,Ligue 1,Premier League,Monaco,Leicester City,21,22,MF,1680.0,2828.0,0.26785714285714285,0.09547383309759548,-0.17238330975954735,0.05357142857142857,0.19094766619519096,0.1373762376237624,0.1392857142857143,0.08592644978783594,-0.05335926449787835,0.11785714285714285,0.14321074964639322,0.02535360678925036,,,,1.982142857142857,1.463932107496464,-0.518210749646393,63.21428571428571,69.28217821782178,6.067892503536072
Nicolas Pépé,https://fbref.com/en/players/57e3f0c7/Nicolas-Pepe,2018-2019,2019-2020,Ligue 1,Premier League,Lille,Arsenal,23,24,"FW,MF",3324.0,2010.0,0.5956678700361011,0.22388059701492538,-0.37178727302117576,0.29783393501805056,0.26865671641791045,-0.02917721860014011,0.5712996389891698,0.21940298507462688,-0.35189665391454295,0.25992779783393505,0.21492537313432836,-0.04500242469960669,,,,3.7635379061371843,4.388059701492538,0.6245217953553537,49.49458483754513,50.01492537313433,0.5203405355891988
Tiemoué Bakayoko,https://fbref.com/en/players/59bf127b/Tiemoue-Bakayoko,2018-2019,2019-2020,Serie A,Ligue 1,Milan,Monaco,23,24,MF,2301.0,1719.0,0.03911342894393742,0.05235602094240837,0.01324259199847095,0.03911342894393742,0.10471204188481674,0.06559861294087932,0.06649282920469361,0.10994764397905758,0.04345481477436397,0.06258148631029987,0.06282722513089005,0.0002457388205901745,,,,1.9165580182529336,1.5706806282722512,-0.3458773899806824,65.67144719687093,62.565445026178004,-3.106002170692925
Gaël Kakuta,https://fbref.com/en/players/5b1bf5e3/Gael-Kakuta,2018-2019,2019-2020,La Liga,Ligue 1,Rayo Vallecano,Amiens,27,28,"MF,FW",717.0,2001.0,0.12552301255230125,0.08995502248875561,-0.035567990063545635,0.0,0.22488755622188905,0.22488755622188905,0.13807531380753138,0.12593703148425786,-0.01213828232327352,0.02510460251046025,0.11694152923538231,0.09183692672492207,,,,3.3891213389121337,2.833583208395802,-0.5555381305163318,46.19246861924686,51.31934032983508,5.126871710588219
Tanguy Ndombele,https://fbref.com/en/players/5cdddffa/Tanguy-Ndombele,2018-2019,2019-2020,Ligue 1,Premier League,Lyon,Tottenham,21,22,MF,2690.0,1009.0,0.03345724907063197,0.178394449950446,0.14493720087981404,0.2342007434944238,0.178394449950446,-0.055806293543977786,0.06356877323420074,0.0356788899900892,-0.027889883244111534,0.1204460966542751,0.062438057482656094,-0.058008039171619,,,,2.7100371747211898,1.962338949454906,-0.7476982252662838,76.31598513011153,69.66303270564916,-6.65295242446237
Patrik Schick,https://fbref.com/en/players/5d4f7d61/Patrik-Schick,2018-2019,2019-2020,Serie A,Bundesliga,Roma,RB Leipzig,22,23,"FW,MF",1314.0,1298.0,0.20547945205479454,0.6933744221879815,0.48789497013318694,0.0,0.1386748844375963,0.1386748844375963,0.36986301369863017,0.49922958397534667,0.1293665702767165,0.10273972602739727,0.1802773497688752,0.07753762374147792,,,,0.8904109589041096,0.9707241910631741,0.0803132321590645,30.958904109589042,36.124807395993834,5.165903286404792
Frederic Guilbert,https://fbref.com/en/players/5d8d7454/Frederic-Guilbert,2018-2019,2019-2020,Ligue 1,Premier League,Caen,Aston Villa,23,24,DF,2916.0,2041.0,0.0308641975308642,0.0,-0.0308641975308642,0.0617283950617284,0.08819206271435572,0.026463667652627317,0.009259259259259259,0.013228809407153356,0.003969550147894097,0.08333333333333334,0.06614404703576678,-0.017189286297566567,,,,1.7592592592592593,2.46937775600196,0.7101184967427006,57.9320987654321,61.073003429691326,3.1409046642592244
Romelu Lukaku,https://fbref.com/en/players/5eae500a/Romelu-Lukaku,2018-2019,2019-2020,Premier League,Serie A,Manchester Utd,Inter,25,26,FW,2136.0,2979.0,0.5056179775280899,0.6948640483383686,0.18924607081027867,0.0,0.060422960725075525,0.060422960725075525,0.44241573033707865,0.5740181268882175,0.13160239655113887,0.09269662921348315,0.13595166163141995,0.043255032417936795,,,,1.8539325842696628,1.4501510574018126,-0.4037815268678502,32.86516853932584,33.716012084592144,0.8508435452663008
Kenedy,https://fbref.com/en/players/5eebbfdf/Kenedy,2018-2019,2019-2020,Premier League,La Liga,Newcastle Utd,Getafe,22,23,"MF,DF",1348.0,586.0,0.06676557863501484,0.15358361774744028,0.08681803911242544,0.06676557863501484,0.46075085324232085,0.39398527460730604,0.14688427299703266,0.13822525597269625,-0.008659017024336413,0.04673590504451038,0.2764505119453925,0.2297146069008821,,,,2.002967359050445,3.0716723549488054,1.0687049958983605,50.80860534124629,47.45733788395904,-3.35126745728725
Moses Simon,https://fbref.com/en/players/5f3eaaf5/Moses-Simon,2018-2019,2019-2020,La Liga,Ligue 1,Levante,Nantes,23,24,"DF,MF",785.0,2177.0,0.11464968152866244,0.20670647680293983,0.09205679527427739,0.11464968152866244,0.20670647680293983,0.09205679527427739,0.14904458598726117,0.2728525493798805,0.12380796339261935,0.08025477707006369,0.19430408819476344,0.11404931112469975,,,,4.471337579617835,5.953146531924666,1.4818089523068316,47.0063694267516,38.447404685346804,-8.558964741404793
Filip Bradarić,https://fbref.com/en/players/605873e1/Filip-Bradaric,2018-2019,2019-2020,Serie A,La Liga,Cagliari,Celta Vigo,26,27,MF,1494.0,706.0,0.0,0.0,0.0,0.12048192771084336,0.0,-0.12048192771084336,0.03012048192771084,0.03824362606232295,0.008123144134612108,0.03012048192771084,0.01274787535410765,-0.01737260657360319,,,,0.6626506024096385,0.8923512747875354,0.22970067237789693,72.53012048192771,61.18980169971672,-11.340318782210993
Gerónimo Rulli,https://fbref.com/en/players/625c144a/Geronimo-Rulli,2018-2019,2019-2020,La Liga,Ligue 1,Real Sociedad,Montpellier,26,27,GK,2430.0,2250.0,0.0,0.0,0.0,0.0,0.0,0.0,0.0,0.0,0.0,0.0,0.0,0.0,,,,0.0,0.0,0.0,43.03703703703704,37.96,-5.077037037037037
Joselu,https://fbref.com/en/players/6265208f/Joselu,2018-2019,2019-2020,Premier League,La Liga,Newcastle Utd,Alavés,28,29,FW,596.0,2782.0,0.30201342281879195,0.3558590941768512,0.05384567135805923,0.0,0.06470165348670022,0.06470165348670022,0.2416107382550336,0.37850467289719625,0.13689393464216265,0.0,0.06470165348670022,0.06470165348670022,,,,0.6040268456375839,0.4205607476635514,-0.18346609797403252,44.54697986577182,44.8705966930266,0.32361682725478147
Rodri,https://fbref.com/en/players/6434f10d/Rodri,2018-2019,2019-2020,La Liga,Premier League,Atlético Madrid,Manchester City,22,23,MF,2735.0,2486.0,0.09872029250457039,0.10860820595333869,0.009887913448768298,0.03290676416819013,0.07240547063555913,0.039498706467369006,0.08884826325411335,0.03258246178600161,-0.05626580146811174,0.04606946983546618,0.09412711182622686,0.04805764199076069,,,,0.8555758683729433,1.484312148028962,0.6287362796560187,73.80987202925046,101.6934835076428,27.88361147839234
Antonio Barreca,https://fbref.com/en/players/6a189491/Antonio-Barreca,2018-2019,2019-2020,Ligue 1,Serie A,Monaco,Genoa,23,24,DF,593.0,1095.0,0.0,0.0,0.0,0.15177065767284992,0.08219178082191782,-0.0695788768509321,0.030354131534569985,0.016438356164383564,-0.013915775370186421,0.045531197301854974,0.057534246575342465,0.012003049273487491,,,,2.2765598650927488,2.712328767123288,0.4357689020305391,54.485666104553125,40.68493150684932,-13.800734597703809
Andre-Frank Zambo Anguissa,https://fbref.com/en/players/6bb2c084/Andre-Frank-Zambo-Anguissa,2018-2019,2019-2020,Premier League,La Liga,Fulham,Villarreal,22,23,MF,1517.0,2583.0,0.0,0.06968641114982578,0.06968641114982578,0.0,0.0,0.0,0.04746209624258405,0.09756097560975609,0.050098879367172035,0.011865524060646013,0.024390243902439022,0.012524719841793009,,,,2.017139090309822,1.8815331010452963,-0.13560598926452583,75.9986816084377,64.70383275261324,-11.294848855824469
Jürgen Locadia,https://fbref.com/en/players/6cc47ae1/Jurgen-Locadia,2018-2019,2019-2020,Premier League,Bundesliga,Brighton,Hoffenheim,24,25,"FW,MF",1236.0,530.0,0.14563106796116507,0.6792452830188679,0.5336142150577028,0.0,0.0,0.0,0.19660194174757284,0.6452830188679245,0.44868107712035166,0.07281553398058253,0.016981132075471698,-0.05583440190511084,,,,1.237864077669903,1.0188679245283019,-0.21899615314160115,35.46116504854369,31.41509433962264,-4.04607070892105
Douglas Luiz,https://fbref.com/en/players/6f7d826d/Douglas-Luiz,2018-2019,2019-2020,La Liga,Premier League,Girona,Aston Villa,20,21,MF,1490.0,2612.0,0.0,0.10336906584992343,0.10336906584992343,0.0,0.06891271056661562,0.06891271056661562,0.09664429530201342,0.08958652373660031,-0.00705777156541311,0.030201342281879193,0.05857580398162328,0.028374461699744086,,,,1.751677852348993,1.2059724349157734,-0.5457054174332197,54.60402684563758,53.44180704441041,-1.1622198012271667
Marcus Thuram,https://fbref.com/en/players/6f8cd6d0/Marcus-Thuram,2018-2019,2019-2020,Ligue 1,Bundesliga,Guingamp,M'Gladbach,20,21,"FW,MF",2571.0,2202.0,0.31505250875145857,0.40871934604904636,0.09366683729758779,0.03500583430571762,0.32697547683923706,0.2919696425335194,0.3500583430571762,0.42098092643051777,0.07092258337334156,0.10501750291715287,0.30653950953678477,0.2015220066196319,,,,4.655775962660443,3.923705722070845,-0.7320702405895982,43.37222870478413,41.15803814713897,-2.2141905576451606
Ivan Perišić,https://fbref.com/en/players/6fe90922/Ivan-Perisic,2018-2019,2019-2020,Serie A,Bundesliga,Inter,Bayern Munich,29,30,FW,2701.0,1206.0,0.2665679378008145,0.29850746268656714,0.031939524885752635,0.09996297667530543,0.22388059701492538,0.12391762033961995,0.3265457238059978,0.3059701492537313,-0.020575574552266496,0.22658274713069232,0.22388059701492538,-0.002702150115766938,,,,5.298037763791188,4.104477611940299,-1.1935601518508898,59.44465012958163,58.134328358208954,-1.3103217713726778
Bruno Ecuele Manga,https://fbref.com/en/players/72a0fb65/Bruno-Ecuele-Manga,2018-2019,2019-2020,Premier League,Ligue 1,Cardiff City,Dijon,30,31,DF,3376.0,2520.0,0.0,0.0,0.0,0.026658767772511846,0.0,-0.026658767772511846,0.029324644549763034,0.060714285714285714,0.03138964116452268,0.01066350710900474,0.010714285714285714,5.0778605280974234e-05,,,,0.47985781990521326,0.17857142857142858,-0.30128639133378465,40.76125592417061,58.17857142857143,17.41731550440082
Idrissa Gana Gueye,https://fbref.com/en/players/72c812f3/Idrissa-Gana-Gueye,2018-2019,2019-2020,Premier League,Ligue 1,Everton,Paris S-G,28,29,MF,2822.0,1653.0,0.0,0.0544464609800363,0.0544464609800363,0.06378454996456415,0.1088929219600726,0.04510837199550845,0.01913536498936924,0.07078039927404718,0.05164503428467794,0.025513819985825657,0.14700544464609802,0.12149162466027236,,,,1.2756909992912828,2.014519056261343,0.7388280569700603,68.47271438695961,98.5480943738657,30.075379986906086
Emil Krafth,https://fbref.com/en/players/77cf6852/Emil-Krafth,2018-2019,2019-2020,Ligue 1,Premier League,Amiens,Newcastle Utd,23,24,DF,2974.0,1020.0,0.03026227303295225,0.0,-0.03026227303295225,0.03026227303295225,0.08823529411764705,0.0579730210846948,0.021183591123066576,0.026470588235294114,0.005286997112227538,0.09683927370544722,0.05294117647058823,-0.04389809723485899,,,,1.6039004707464695,0.9705882352941176,-0.6333122354523518,54.26025554808339,46.85294117647059,-7.407314371612806
Kwon Chang-hoon,https://fbref.com/en/players/7961f7aa/Kwon-Chang-hoon,2018-2019,2019-2020,Ligue 1,Bundesliga,Dijon,Freiburg,24,25,"FW,MF",938.0,676.0,0.19189765458422176,0.26627218934911245,0.0743745347648907,0.0,0.0,0.0,0.1631130063965885,0.2795857988165681,0.1164727924199796,0.0767590618336887,0.13313609467455623,0.05637703284086752,,,,1.9189765458422174,1.863905325443787,-0.05507122039843049,45.67164179104478,49.92603550295858,4.254393711913799
Ondrej Duda,https://fbref.com/en/players/79ca3e23/Ondrej-Duda,2018-2019,2019-2020,Bundesliga,Premier League,Hertha BSC,Norwich City,23,24,MF,2563.0,724.0,0.38626609442060084,0.0,-0.38626609442060084,0.1755754974639095,0.0,-0.1755754974639095,0.24580569644947328,0.062154696132596686,-0.1836510003168766,0.20366757705813499,0.18646408839779005,-0.017203488660344934,,,,1.2641435817401483,0.994475138121547,-0.2696684436186013,56.21927428794382,58.425414364640886,2.206140076697068
Adama Soumaoro,https://fbref.com/en/players/7b075c75/Adama-Soumaoro,2018-2019,2019-2020,Ligue 1,Serie A,Lille,Genoa,26,27,DF,1723.0,637.0,0.0,0.141287284144427,0.141287284144427,0.0522344747533372,0.0,-0.0522344747533372,0.0261172373766686,0.0565149136577708,0.030397676281102202,0.015670342426001158,0.0141287284144427,-0.0015416140115584575,,,,0.4701102727800348,0.0,-0.4701102727800348,57.40568775391758,55.38461538461539,-2.021072369302196
Christopher Nkunku,https://fbref.com/en/players/7c56da38/Christopher-Nkunku,2018-2019,2019-2020,Ligue 1,Bundesliga,Paris S-G,RB Leipzig,20,21,"MF,FW",1156.0,1925.0,0.23356401384083045,0.23376623376623376,0.00020221992540331302,0.15570934256055363,0.6077922077922078,0.45208286523165414,0.20242214532871972,0.36467532467532465,0.16225317934660494,0.24134948096885814,0.4301298701298701,0.18878038916101195,,,,4.048442906574394,4.020779220779221,-0.027663685795173087,61.42733564013841,52.27012987012987,-9.157205770008538
Neven Subotić,https://fbref.com/en/players/821233cc/Neven-Subotic,2018-2019,2019-2020,Ligue 1,Bundesliga,Saint-Étienne,Union Berlin,29,30,DF,2149.0,1965.0,0.041879944160074456,0.04580152671755725,0.003921582557482796,0.0,0.0,0.0,0.08375988832014891,0.0549618320610687,-0.02879805625908021,0.012563983248022336,0.022900763358778626,0.01033678011075629,,,,0.041879944160074456,0.549618320610687,0.5077383764506126,58.045602605863195,46.48854961832061,-11.557052987542583
Pablo Fornals,https://fbref.com/en/players/82927de4/Pablo-Fornals,2018-2019,2019-2020,La Liga,Premier League,Villarreal,West Ham,22,23,"MF,FW",2479.0,2172.0,0.07260992335619201,0.08287292817679558,0.010263004820603563,0.10891488503428802,0.20718232044198895,0.09826743540770093,0.13432835820895522,0.09530386740331491,-0.03902449080564031,0.21419927390076646,0.10359116022099447,-0.11060811367977198,,,,1.9967728922952803,1.8646408839779005,-0.1321320083173798,55.147236789027836,48.02486187845304,-7.122374910574798
Fernando Llorente,https://fbref.com/en/players/82dbf623/Fernando-Llorente,2018-2019,2019-2020,Premier League,Serie A,Tottenham,Napoli,33,34,FW,694.0,501.0,0.12968299711815562,0.5389221556886228,0.40923915857046717,0.5187319884726225,0.17964071856287425,-0.33909126990974825,0.44092219020172907,0.8622754491017964,0.42135325890006736,0.207492795389049,0.14371257485029942,-0.06378022053874957,,,,0.38904899135446686,0.8982035928143713,0.5091546014599044,41.36887608069164,40.59880239520958,-0.7700736854820605
Dennis Praet,https://fbref.com/en/players/86695068/Dennis-Praet,2018-2019,2019-2020,Serie A,Premier League,Sampdoria,Leicester City,24,25,MF,2890.0,1134.0,0.06228373702422145,0.07936507936507936,0.01708134234085791,0.09342560553633217,0.15873015873015872,0.06530455319382655,0.07162629757785466,0.07142857142857144,-0.00019772614928321997,0.1557093425605536,0.10317460317460318,-0.05253473938595042,,,,2.1799307958477505,0.7936507936507937,-1.3862800021969568,67.98269896193771,56.58730158730159,-11.395397374636126
Pape Cheikh Diop,https://fbref.com/en/players/873ce3a2/Pape-Cheikh-Diop,2018-2019,2019-2020,Ligue 1,La Liga,Lyon,Celta Vigo,20,21,MF,454.0,599.0,0.0,0.0,0.0,0.0,0.15025041736227043,0.15025041736227043,0.07929515418502203,0.015025041736227046,-0.06427011244879499,0.019823788546255508,0.07512520868113522,0.05530142013487971,,,,0.7929515418502203,1.352253756260434,0.5593022144102137,52.33480176211454,47.779632721202,-4.5551690409125385
Adrien Rabiot,https://fbref.com/en/players/8794e251/Adrien-Rabiot,2018-2019,2019-2020,Ligue 1,Serie A,Paris S-G,Juventus,23,24,MF,1063.0,1912.0,0.16933207902163686,0.047071129707112976,-0.12226094931452389,0.08466603951081843,0.047071129707112976,-0.03759490980370545,0.12699905926622765,0.07060669456066945,-0.056392364705558196,0.025399811853245528,0.056485355648535567,0.03108554379529004,,,,3.9793038570084662,2.6359832635983267,-1.3433205934101395,99.2285983066792,64.01673640167364,-35.21186190500556
Yann Karamoh,https://fbref.com/en/players/8b66d9cc/Yann-Karamoh,2018-2019,2019-2020,Ligue 1,Serie A,Bordeaux,Parma,20,21,FW,1224.0,573.0,0.22058823529411764,0.15706806282722513,-0.06352017246689251,0.07352941176470588,0.15706806282722513,0.08353865106251925,0.3161764705882353,0.09424083769633508,-0.22193563289190021,0.1691176470588235,0.18848167539267016,0.01936402833384665,,,,4.338235294117647,2.0418848167539267,-2.29635047736372,52.64705882352941,35.183246073298434,-17.46381275023098
Simon Kjær,https://fbref.com/en/players/8b8a56ce/Simon-Kjaer,2018-2019,2019-2020,La Liga,Serie A,Sevilla,Milan,29,30,DF,2008.0,1240.0,0.0,0.0,0.0,0.0,0.0,0.0,0.0403386454183267,0.03629032258064516,-0.004048322837681542,0.022410358565737053,0.0,-0.022410358565737053,,,,0.08964143426294821,0.0,-0.08964143426294821,52.485059760956176,60.24193548387096,7.756875722914785
Mario Balotelli,https://fbref.com/en/players/8ff07990/Mario-Balotelli,2018-2019,2019-2020,Ligue 1,Serie A,Marseille,Brescia,27,28,FW,933.0,1404.0,0.7717041800643086,0.32051282051282054,-0.4511913595514881,0.0,0.0,0.0,0.5305466237942122,0.4551282051282051,-0.07541841866600713,0.067524115755627,0.038461538461538464,-0.029062577294088537,,,,1.6398713826366558,1.153846153846154,-0.4860252287905018,32.508038585209,34.67948717948718,2.171448594278182
Jetro Willems,https://fbref.com/en/players/9050ddc4/Jetro-Willems,2018-2019,2019-2020,Bundesliga,Premier League,Eint Frankfurt,Newcastle Utd,24,25,"MF,DF",730.0,1493.0,0.0,0.12056262558606833,0.12056262558606833,0.12328767123287672,0.12056262558606833,-0.002725045646808394,0.024657534246575345,0.0361687876758205,0.011511253429245152,0.24657534246575344,0.05425318151373074,-0.1923221609520227,,,,2.3424657534246576,1.4467515070328199,-0.8957142463918377,54.0,46.0549229738781,-7.945077026121901
Wissam Ben Yedder,https://fbref.com/en/players/942b4f90/Wissam-Ben-Yedder,2018-2019,2019-2020,La Liga,Ligue 1,Sevilla,Monaco,27,28,FW,2812.0,2164.0,0.5761024182076814,0.7486136783733827,0.17251126016570129,0.2880512091038407,0.16635859519408502,-0.12169261390975566,0.5761024182076814,0.5988909426987061,0.022788524491024753,0.2368421052631579,0.2578558225508318,0.021013717287673872,,,,2.3044096728307255,2.9528650646950094,0.6484553918642839,34.63015647226174,43.66913123844732,9.038974766185582
Danilo,https://fbref.com/en/players/94b2001f/Danilo,2018-2019,2019-2020,Premier League,Serie A,Manchester City,Juventus,27,28,DF,807.0,1440.0,0.11152416356877323,0.125,0.013475836431226768,0.0,0.0,0.0,0.0446096654275093,0.05625,0.011640334572490703,0.02230483271375465,0.04375,0.021445167286245348,,,,2.2304832713754648,2.5,0.26951672862453524,109.182156133829,86.375,-22.807156133828997
Pablo Sarabia,https://fbref.com/en/players/9744ff80/Pablo-Sarabia,2018-2019,2019-2020,La Liga,Ligue 1,Sevilla,Paris S-G,26,27,"MF,FW",2724.0,1164.0,0.39647577092511016,0.30927835051546393,-0.08719742040964623,0.42951541850220265,0.23195876288659795,-0.1975566556156047,0.39647577092511016,0.24742268041237114,-0.14905309051273902,0.3667400881057269,0.3015463917525773,-0.06519369635314959,,,,3.303964757709251,3.170103092783505,-0.13386166492574603,58.7114537444934,63.55670103092783,4.845247286434436
Stephan Lichtsteiner,https://fbref.com/en/players/99b1d0e6/Stephan-Lichtsteiner,2018-2019,2019-2020,Premier League,Bundesliga,Arsenal,Augsburg,34,35,DF,938.0,1343.0,0.0,0.0,0.0,0.0,0.06701414743112434,0.06701414743112434,0.0,0.0,0.0,0.009594882729211088,0.03350707371556217,0.023912190986351084,,,,2.302771855010661,1.4072970960536113,-0.8954747589570495,65.91684434968018,48.451228592702904,-17.46561575697727
Lucas Ocampos,https://fbref.com/en/players/a08b974a/Lucas-Ocampos,2018-2019,2019-2020,Ligue 1,La Liga,Marseille,Sevilla,24,25,"FW,MF",2708.0,2745.0,0.1329394387001477,0.45901639344262296,0.3260769547424752,0.2658788774002954,0.09836065573770492,-0.1675182216625905,0.1894387001477105,0.4163934426229508,0.2269547424752403,0.11299852289512555,0.10491803278688525,-0.008080490108240301,,,,2.824963072378139,4.295081967213115,1.4701188948349757,47.92466765140325,47.90163934426229,-0.023028307140954496
Lucas Pérez,https://fbref.com/en/players/a300ac7e/Lucas-Perez,2018-2019,2019-2020,Premier League,La Liga,West Ham,Alavés,29,30,"FW,MF",475.0,2496.0,0.5684210526315789,0.39663461538461536,-0.17178643724696357,0.0,0.18028846153846154,0.18028846153846154,0.2463157894736842,0.3894230769230769,0.14310728744939272,0.15157894736842106,0.24519230769230768,0.09361336032388662,,,,0.37894736842105264,1.6947115384615383,1.3157641700404856,35.62105263157895,32.88461538461539,-2.736437246963561
Eden Hazard,https://fbref.com/en/players/a39bb753/Eden-Hazard,2018-2019,2019-2020,Premier League,La Liga,Chelsea,Real Madrid,27,28,FW,2923.0,1077.0,0.4926445432774547,0.08356545961002786,-0.40907908366742685,0.4618542593226138,0.25069637883008355,-0.21115788049253026,0.32329798152582967,0.1754874651810585,-0.14781051634477116,0.3079028395484092,0.25069637883008355,-0.057206460718325636,,,,8.498118371536094,7.186629526462395,-1.3114888450736988,72.60348956551489,61.00278551532033,-11.600704050194558
Emre Can,https://fbref.com/en/players/a65ce836/Emre-Can,2018-2019,2019-2020,Serie A,Bundesliga,Juventus,Dortmund,24,25,MF,1811.0,955.0,0.1987852015461071,0.18848167539267016,-0.010303526153436937,0.049696300386526775,0.0,-0.049696300386526775,0.13418001104362232,0.1130890052356021,-0.021091005808020216,0.11927112092766426,0.04712041884816754,-0.07215070207949673,,,,2.3854224185532855,1.6963350785340314,-0.6890873400192541,63.81004969630038,79.72774869109948,15.917698994799096
Paco Alcácer,https://fbref.com/en/players/a7a9d95a/Paco-Alcacer,2018-2019,2019-2020,Bundesliga,La Liga,Dortmund,Villarreal,24,25,FW,1211.0,924.0,1.3377374071015689,0.3896103896103896,-0.9481270174911793,0.0,0.0974025974025974,0.0974025974025974,0.7060280759702725,0.36038961038961037,-0.34563846558066214,0.11890999174236169,0.13636363636363635,0.01745364462127466,,,,0.8918249380677126,1.2662337662337662,0.3744088281660536,29.430222956234516,29.8051948051948,0.37497184896028557
Moussa Diaby,https://fbref.com/en/players/aeed5c06/Moussa-Diaby,2018-2019,2019-2020,Ligue 1,Bundesliga,Paris S-G,Leverkusen,19,20,"MF,DF",1141.0,1771.0,0.1577563540753725,0.2540937323546019,0.09633737827922942,0.4732690622261175,0.2540937323546019,-0.21917532987151556,0.17353198948290974,0.25917560700169395,0.08564361751878422,0.30762489044697633,0.2896668548842462,-0.017958035562730124,,,,4.732690622261175,5.996612083568605,1.2639214613074303,54.58369851007888,47.108977978543194,-7.474720531535688
Sofiane Boufal,https://fbref.com/en/players/b0c71810/Sofiane-Boufal,2018-2019,2019-2020,La Liga,Premier League,Celta Vigo,Southampton,24,25,"MF,FW",2085.0,764.0,0.12949640287769784,0.0,-0.12949640287769784,0.12949640287769784,0.2356020942408377,0.10610569136313985,0.14676258992805755,0.11780104712041885,-0.0289615428076387,0.1553956834532374,0.3416230366492147,0.18622735319597727,,,,6.647482014388489,5.654450261780105,-0.9930317526083838,54.82014388489208,58.42931937172775,3.6091754868356674
Víctor Camarasa,https://fbref.com/en/players/b2d03887/Victor-Camarasa,2018-2019,2019-2020,Premier League,La Liga,Cardiff City,Alavés,24,25,MF,2569.0,1293.0,0.17516543402101986,0.0,-0.17516543402101986,0.1401323472168159,0.06960556844547564,-0.07052677877134025,0.1401323472168159,0.02088167053364269,-0.1192506766831732,0.1331257298559751,0.1531322505800464,0.020006520724071303,,,,1.7516543402101985,0.6264501160092807,-1.125204224200918,45.472946671856754,46.42691415313225,0.9539674812754981
Diego Carlos,https://fbref.com/en/players/b4a014b1/Diego-Carlos,2018-2019,2019-2020,Ligue 1,La Liga,Nantes,Sevilla,25,26,DF,3148.0,3134.0,0.02858958068614994,0.0574345883854499,0.028845007699299964,0.0,0.0,0.0,0.05717916137229988,0.06604977664326739,0.00887061527096751,0.01429479034307497,0.01723037651563497,0.0029355861725600015,,,,0.5717916137229988,0.1723037651563497,-0.3994878485666491,60.32401524777637,64.78621569878749,4.462200451011114
Chris Smalling,https://fbref.com/en/players/b6964eb6/Chris-Smalling,2018-2019,2019-2020,Premier League,Serie A,Manchester Utd,Roma,28,29,DF,2127.0,2566.0,0.042313117066290554,0.10522213561964146,0.0629090185533509,0.0,0.0701480904130943,0.0701480904130943,0.05077574047954866,0.06664068589243959,0.015864945412890928,0.00846262341325811,0.024551831644583005,0.016089208231324894,,,,0.12693935119887165,0.455962587685113,0.3290232364862413,51.11424541607899,61.5900233826968,10.475777966617812
Nicholas Opoku,https://fbref.com/en/players/b871bf55/Nicholas-Opoku,2018-2019,2019-2020,Serie A,Ligue 1,Udinese,Amiens,20,21,DF,910.0,630.0,0.0,0.0,0.0,0.0,0.0,0.0,0.039560439560439566,0.0,-0.039560439560439566,0.0,0.0,0.0,,,,0.7912087912087913,0.42857142857142855,-0.36263736263736274,46.681318681318686,41.285714285714285,-5.395604395604401
Sébastien Haller,https://fbref.com/en/players/ba115a40/Sebastien-Haller,2018-2019,2019-2020,Bundesliga,Premier League,Eint Frankfurt,West Ham,24,25,FW,2182.0,2266.0,0.618698441796517,0.2780229479258606,-0.34067549387065643,0.3712190650779102,0.03971756398940865,-0.3315015010885015,0.5403299725022915,0.3177405119152692,-0.22258946058702234,0.2516040329972502,0.09929390997352162,-0.1523101230237286,,,,1.237396883593034,0.675198587819947,-0.562198295773087,45.82493125572869,42.021182700794355,-3.8037485549343373
Pedro Obiang,https://fbref.com/en/players/ba1e04b3/Pedro-Obiang,2018-2019,2019-2020,Premier League,Serie A,West Ham,Sassuolo,26,27,MF,1128.0,1674.0,0.0,0.05376344086021505,0.05376344086021505,0.0797872340425532,0.05376344086021505,-0.026023793182338148,0.047872340425531915,0.09139784946236558,0.043525509036833665,0.0797872340425532,0.03763440860215053,-0.042152825440402664,,,,0.8776595744680851,0.8602150537634408,-0.017444520704644306,55.212765957446805,69.56989247311827,14.357126515671467
João Cancelo,https://fbref.com/en/players/bd6351cd/Joao-Cancelo,2018-2019,2019-2020,Serie A,Premier League,Juventus,Manchester City,24,25,DF,1968.0,1208.0,0.04573170731707317,0.0,-0.04573170731707317,0.13719512195121952,0.0,-0.13719512195121952,0.07774390243902439,0.04470198675496689,-0.0330419156840575,0.18292682926829268,0.2086092715231788,0.025682442254886112,,,,4.984756097560975,3.129139072847682,-1.8556170247132933,80.2591463414634,97.52483443708608,17.26568809562268
Ashley Young,https://fbref.com/en/players/be927d03/Ashley-Young,2018-2019,2019-2020,Premier League,Serie A,Manchester Utd,Inter,33,34,DF,2569.0,1185.0,0.07006617360840794,0.3037974683544304,0.23373129474602244,0.07006617360840794,0.3037974683544304,0.23373129474602244,0.017516543402101986,0.06835443037974684,0.05083788697764485,0.10860256909303231,0.25063291139240507,0.14203034229937275,,,,2.487349163098482,2.5822784810126582,0.09492931791417636,76.47722849357727,57.64556962025317,-18.831658873324102
Nabil Fekir,https://fbref.com/en/players/bece776f/Nabil-Fekir,2018-2019,2019-2020,Ligue 1,La Liga,Lyon,Betis,25,26,MF,1988.0,2638.0,0.4074446680080483,0.23881728582259287,-0.16862738218545542,0.31690140845070425,0.13646702047005307,-0.18043438798065117,0.4617706237424547,0.23540561031084156,-0.22636501343161314,0.244466800804829,0.08188021228203184,-0.16258658852279717,,,,2.806841046277666,3.582259287338893,0.7754182410612271,64.55734406438631,48.95754359363154,-15.599800470754772
Ismaila Sarr,https://fbref.com/en/players/bfdb33aa/Ismaila-Sarr,2018-2019,2019-2020,Ligue 1,Premier League,Rennes,Watford,20,21,"FW,MF",2788.0,2028.0,0.2582496413199426,0.22189349112426035,-0.03635615019568225,0.19368723098995697,0.17751479289940827,-0.01617243809054869,0.19368723098995697,0.2707100591715976,0.0770228281816406,0.19691535150645623,0.1997041420118343,0.002788790505378086,,,,5.261836441893831,4.7485207100591715,-0.5133157318346591,36.92969870875179,38.52071005917159,1.591011350419798
Federico Barba,https://fbref.com/en/players/c010b898/Federico-Barba,2018-2019,2019-2020,Serie A,La Liga,Chievo,Valladolid,24,25,DF,2483.0,450.0,0.0,0.0,0.0,0.0,0.0,0.0,0.028997180829641565,0.0,-0.028997180829641565,0.05799436165928313,0.0,-0.05799436165928313,,,,1.0873942811115587,0.6,-0.4873942811115587,56.79822795006041,53.8,-2.9982279500604108
Dani Ceballos,https://fbref.com/en/players/c0617e2b/Dani-Ceballos,2018-2019,2019-2020,La Liga,Premier League,Real Madrid,Arsenal,21,22,"MF,FW",1248.0,1692.0,0.21634615384615383,0.0,-0.21634615384615383,0.0,0.10638297872340426,0.10638297872340426,0.1658653846153846,0.031914893617021274,-0.13395049099836334,0.08653846153846154,0.09574468085106383,0.009206219312602293,,,,2.7403846153846154,3.1914893617021276,0.4511047463175122,86.97115384615384,80.31914893617021,-6.652004909983631
Joelinton,https://fbref.com/en/players/c17bfb65/Joelinton,2018-2019,2019-2020,Bundesliga,Premier League,Hoffenheim,Newcastle Utd,21,22,"FW,MF",2130.0,2683.0,0.29577464788732394,0.06708907938874395,-0.22868556849858,0.2112676056338028,0.06708907938874395,-0.14417852624505886,0.3507042253521127,0.18449496831904585,-0.16620925703306685,0.21971830985915491,0.09727916511367872,-0.1224391447454762,,,,2.2394366197183095,1.5765933656354827,-0.6628432540828268,44.239436619718305,41.427506522549386,-2.8119300971689185
Ellyes Skhiri,https://fbref.com/en/players/c2211709/Ellyes-Skhiri,2018-2019,2019-2020,Ligue 1,Bundesliga,Montpellier,Köln,23,24,MF,3090.0,2672.0,0.08737864077669902,0.033682634730538924,-0.053696006046160094,0.058252427184466014,0.10104790419161676,0.042795477007150744,0.034951456310679606,0.07410179640718563,0.039150340096506024,0.034951456310679606,0.0842065868263473,0.04925513051566769,,,,1.1067961165048543,0.9094311377245509,-0.19736497878030346,59.7378640776699,58.74251497005988,-0.9953491076100178
Lucas Hernández,https://fbref.com/en/players/c3ee18ef/Lucas-Hernandez,2018-2019,2019-2020,La Liga,Bundesliga,Atlético Madrid,Bayern Munich,22,23,DF,1117.0,920.0,0.08057296329453895,0.0,-0.08057296329453895,0.0,0.09782608695652174,0.09782608695652174,0.06445837063563116,0.0391304347826087,-0.02532793585302246,0.06445837063563116,0.10760869565217393,0.04315032501654277,,,,1.5308863025962398,1.6630434782608696,0.1321571756646298,56.32050134288272,88.72826086956522,32.4077595266825
Reiss Nelson,https://fbref.com/en/players/c5bdb6e3/Reiss-Nelson,2018-2019,2019-2020,Bundesliga,Premier League,Hoffenheim,Arsenal,18,19,"MF,FW",643.0,631.0,0.9797822706065318,0.14263074484944532,-0.8371515257570865,0.0,0.0,0.0,0.46189735614307925,0.1283676703645008,-0.33352968577857844,0.12597200622083982,0.05705229793977813,-0.06891970828106168,,,,4.898911353032659,4.27892234548336,-0.6199890075492993,48.289269051321924,45.35657686212361,-2.9326921891983133
Andreas Cornelius,https://fbref.com/en/players/c693347d/Andreas-Cornelius,2018-2019,2019-2020,Ligue 1,Serie A,Bordeaux,Parma,25,26,FW,792.0,1494.0,0.3409090909090909,0.7228915662650601,0.38198247535596924,0.11363636363636363,0.18072289156626503,0.0670865279299014,0.2613636363636363,0.4096385542168674,0.1482749178532311,0.056818181818181816,0.13253012048192772,0.0757119386637459,,,,0.6818181818181818,1.3855421686746987,0.7037239868565169,38.86363636363636,37.16867469879518,-1.6949616648411805
Maya Yoshida,https://fbref.com/en/players/caffaf5a/Maya-Yoshida,2018-2019,2019-2020,Premier League,Serie A,Southampton,Sampdoria,29,30,DF,1518.0,1187.0,0.0,0.0,0.0,0.05928853754940711,0.07582139848357203,0.016532860934164915,0.1126482213438735,0.02274641954507161,-0.08990180179880189,0.029644268774703556,0.030328559393428815,0.0006842906187252591,,,,0.05928853754940711,0.2274641954507161,0.168175657901309,46.126482213438734,54.13647851727043,8.009996303831699
Alfred Gomis,https://fbref.com/en/players/cecbce23/Alfred-Gomis,2018-2019,2019-2020,Serie A,Ligue 1,SPAL,Dijon,24,25,GK,1724.0,1619.0,0.0,0.0,0.0,0.0,0.0,0.0,0.0,0.0,0.0,0.0,0.0,0.0,,,,0.0,0.0,0.0,38.056844547563806,43.47127856701668,5.414434019452877
Erik Durm,https://fbref.com/en/players/cf623c78/Erik-Durm,2018-2019,2019-2020,Premier League,Bundesliga,Huddersfield,Eint Frankfurt,26,27,DF,2055.0,511.0,0.0,0.0,0.0,0.043795620437956206,0.0,-0.043795620437956206,0.017518248175182483,0.10567514677103718,0.0881568985958547,0.026277372262773723,0.03522504892367906,0.008947676660905336,,,,1.8394160583941608,1.761252446183953,-0.07816361221020784,57.197080291970806,56.53620352250489,-0.660876769465915
Nikola Kalinić,https://fbref.com/en/players/d4931a5a/Nikola-Kalinic,2018-2019,2019-2020,La Liga,Serie A,Atlético Madrid,Roma,30,31,FW,642.0,571.0,0.2803738317757009,0.788091068301226,0.5077172365255251,0.0,0.1576182136602452,0.1576182136602452,0.2523364485981308,0.8984238178633976,0.6460873692652669,0.028037383177570093,0.09457092819614711,0.06653354501857701,,,,0.7009345794392523,0.6304728546409808,-0.07046172479827151,22.990654205607477,28.371278458844134,5.3806242532366575
Theo Hernández,https://fbref.com/en/players/d4c9725f/Theo-Hernandez,2018-2019,2019-2020,La Liga,Serie A,Real Sociedad,Milan,20,21,DF,1976.0,2817.0,0.04554655870445344,0.19169329073482427,0.14614673203037082,0.09109311740890688,0.09584664536741214,0.004753527958505255,0.06376518218623481,0.1853035143769968,0.12153833219076199,0.08198380566801619,0.1405750798722045,0.058591274204188304,,,,3.9625506072874495,3.993610223642172,0.031059616354722763,65.95141700404858,76.00638977635782,10.054972772309242
Nacho Monreal,https://fbref.com/en/players/d4cb83cc/Nacho-Monreal,2018-2019,2019-2020,Premier League,La Liga,Arsenal,Real Sociedad,32,33,DF,1861.0,2390.0,0.04836109618484686,0.07531380753138076,0.026952711346533896,0.14508328855454058,0.0,-0.14508328855454058,0.06286942504030092,0.11673640167364016,0.05386697663333924,0.08221386351423966,0.06778242677824267,-0.014431436735996991,,,,1.5475550779150995,1.506276150627615,-0.0412789272874845,73.99247716281569,62.096234309623426,-11.896242853192263
Giovani Lo Celso,https://fbref.com/en/players/d7553721/Giovani-Lo-Celso,2018-2019,2019-2020,La Liga,Premier League,Betis,Tottenham,22,23,"MF,FW",2397.0,1492.0,0.3379224030037547,0.0,-0.3379224030037547,0.15018773466833543,0.12064343163538872,-0.02954430303294671,0.3078848560700876,0.07841823056300268,-0.2294666255070849,0.15018773466833543,0.09651474530831099,-0.053672989360024445,,,,4.76846057571965,3.7399463806970505,-1.0285141950225993,67.65957446808511,76.36729222520107,8.707717757115958
Guillermo Maripán,https://fbref.com/en/players/d9764034/Guillermo-Maripan,2018-2019,2019-2020,La Liga,Ligue 1,Alavés,Monaco,24,25,DF,2008.0,1753.0,0.08964143426294821,0.1026811180832858,0.013039683820337586,0.08964143426294821,0.0,-0.08964143426294821,0.11205179282868527,0.0975470621791215,-0.014504730649563771,0.044820717131474105,0.00513405590416429,-0.039686661227309815,,,,0.4482071713147411,0.6160867084997148,0.16787953718497373,44.820717131474105,65.25385054192812,20.433133410454012
Tomáš Koubek,https://fbref.com/en/players/dc366c36/Tomas-Koubek,2018-2019,2019-2020,Ligue 1,Bundesliga,Rennes,Augsburg,25,26,GK,2925.0,2160.0,0.0,0.0,0.0,0.0,0.0,0.0,0.0,0.0,0.0,0.0,0.0,0.0,,,,0.0,0.0,0.0,30.307692307692307,38.666666666666664,8.358974358974358
Rachid Ghezzal,https://fbref.com/en/players/dc3a9a0d/Rachid-Ghezzal,2018-2019,2019-2020,Premier League,Serie A,Leicester City,Fiorentina,26,27,"FW,MF",743.0,828.0,0.12113055181695827,0.10869565217391305,-0.012434899643045214,0.0,0.0,0.0,0.16958277254374157,0.05434782608695653,-0.11523494645678505,0.20592193808882905,0.14130434782608697,-0.06461759026274208,,,,4.360699865410497,4.021739130434783,-0.3389607349757142,69.52893674293405,65.54347826086958,-3.985458482064473
Henrikh Mkhitaryan,https://fbref.com/en/players/dd0daf32/Henrikh-Mkhitaryan,2018-2019,2019-2020,Premier League,Serie A,Arsenal,Roma,29,30,"FW,MF",1641.0,1530.0,0.3290676416819013,0.5294117647058824,0.20034412302398108,0.21937842778793418,0.29411764705882354,0.07473921927088936,0.2742230347349177,0.33529411764705885,0.06107108291214114,0.340036563071298,0.17647058823529413,-0.16356597483600385,,,,3.729433272394881,3.4705882352941178,-0.25884503710076334,61.864716636197436,53.05882352941177,-8.805893106785668
Chadrac Akolo,https://fbref.com/en/players/debc2f28/Chadrac-Akolo,2018-2019,2019-2020,Bundesliga,Ligue 1,Stuttgart,Amiens,23,24,"MF,FW",525.0,544.0,0.0,0.33088235294117646,0.33088235294117646,0.17142857142857143,0.16544117647058823,-0.0059873949579832,0.1542857142857143,0.18198529411764708,0.027699579831932775,0.08571428571428572,0.21507352941176472,0.129359243697479,,,,2.4,1.8198529411764706,-0.5801470588235293,39.42857142857143,46.32352941176471,6.8949579831932795
Joachim Andersen,https://fbref.com/en/players/e34fc66d/Joachim-Andersen,2018-2019,2019-2020,Serie A,Ligue 1,Sampdoria,Lyon,22,23,DF,2880.0,1531.0,0.0,0.058785107772697576,0.058785107772697576,0.03125,0.0,-0.03125,0.03125,0.052906596995427824,0.021656596995427824,0.021875,0.011757021554539516,-0.010117978445460482,,,,0.78125,0.35271064663618545,-0.42853935336381455,72.75,87.00195950359242,14.251959503592417
Gianluigi Buffon,https://fbref.com/en/players/e40d028b/Gianluigi-Buffon,2018-2019,2019-2020,Ligue 1,Serie A,Paris S-G,Juventus,40,41,GK,1530.0,810.0,0.0,0.0,0.0,0.0,0.0,0.0,0.0,0.0,0.0,0.0,0.0,0.0,,,,0.0,0.0,0.0,26.470588235294116,25.0,-1.470588235294116
Keylor Navas,https://fbref.com/en/players/ecada4fc/Keylor-Navas,2018-2019,2019-2020,La Liga,Ligue 1,Real Madrid,Paris S-G,31,32,GK,900.0,1890.0,0.0,0.0,0.0,0.0,0.0,0.0,0.0,0.0,0.0,0.0,0.0,0.0,,,,0.0,0.0,0.0,31.6,27.428571428571427,-4.171428571428574
Darwin Machís,https://fbref.com/en/players/ed6ea4d9/Darwin-Machis,2018-2019,2019-2020,Serie A,La Liga,Udinese,Granada,25,26,"FW,MF",463.0,2129.0,0.0,0.2959135744480977,0.2959135744480977,0.19438444924406045,0.21136683889149835,0.016982389647437895,0.21382289416846653,0.2832315641146078,0.06940866994614128,0.17494600431965443,0.19023015500234852,0.015284150682694092,,,,7.1922246220302375,3.9314232033818697,-3.260801418648368,49.1792656587473,38.6801315171442,-10.4991341416031
Adam Ounas,https://fbref.com/en/players/ed90babd/Adam-Ounas,2018-2019,2019-2020,Serie A,Ligue 1,Napoli,Nice,21,22,"MF,FW",538.0,1123.0,0.5018587360594795,0.16028495102404275,-0.3415737850354368,0.0,0.3205699020480855,0.3205699020480855,0.23420074349442377,0.16028495102404275,-0.07391579247038102,0.3178438661710037,0.26447016918967053,-0.05337369698133315,,,,7.5278810408921935,3.285841495992876,-4.242039544899317,63.90334572490706,52.17275155832591,-11.730594166581149
Aaron Ramsey,https://fbref.com/en/players/ef619b0b/Aaron-Ramsey,2018-2019,2019-2020,Premier League,Serie A,Arsenal,Juventus,27,28,MF,1331.0,1051.0,0.270473328324568,0.25689819219790677,-0.013575136126661225,0.40570999248685197,0.0856327307326356,-0.32007726175421636,0.2299023290758828,0.21408182683158897,-0.01582050224429382,0.135236664162284,0.09419600380589915,-0.041040660356384845,,,,3.1780616078136736,1.883920076117983,-1.2941415316956906,65.72501878287002,75.78496669838249,10.059947915512467
Laurent Koscielny,https://fbref.com/en/players/f5efb153/Laurent-Koscielny,2018-2019,2019-2020,Premier League,Ligue 1,Arsenal,Bordeaux,32,33,DF,1331.0,2183.0,0.20285499624342598,0.0,-0.20285499624342598,0.0,0.0,0.0,0.09466566491359879,0.016491067338524967,-0.07817459757507382,0.013523666416228399,0.0,-0.013523666416228399,,,,0.540946656649136,0.20613834173156206,-0.3348083149175739,71.40495867768594,65.96426935409986,-5.440689323586085
Franck Ribéry,https://fbref.com/en/players/f61c7c4e/Franck-Ribery,2018-2019,2019-2020,Bundesliga,Serie A,Bayern Munich,Fiorentina,35,36,"MF,FW",1174.0,1409.0,0.4599659284497445,0.19162526614620298,-0.2683406623035415,0.22998296422487224,0.19162526614620298,-0.03835769807866926,0.2989778534923339,0.1660752306600426,-0.13290262283229132,0.16865417376490632,0.1660752306600426,-0.002578943104863729,,,,8.58603066439523,6.3236337828246985,-2.262396881570531,71.52470187393527,59.53158268275373,-11.993119191181542
Hamza Mendyl,https://fbref.com/en/players/f99fe221/Hamza-Mendyl,2018-2019,2019-2020,Bundesliga,Ligue 1,Schalke 04,Dijon,20,21,DF,544.0,1441.0,0.0,0.06245662734212352,0.06245662734212352,0.0,0.0,0.0,0.016544117647058824,0.03122831367106176,0.014684196024002935,0.0,0.06245662734212352,0.06245662734212352,,,,3.474264705882353,3.4351145038167936,-0.03915020206555919,53.60294117647059,66.1415683553088,12.538627178838219
Diego Godín,https://fbref.com/en/players/fc4f85b1/Diego-Godin,2018-2019,2019-2020,La Liga,Serie A,Atlético Madrid,Inter,32,33,DF,2509.0,1628.0,0.10761259465922679,0.05528255528255528,-0.05233003937667151,0.03587086488640893,0.05528255528255528,0.019411690396146354,0.09326424870466322,0.049754299754299756,-0.04350994895036347,0.010761259465922678,0.05528255528255528,0.044521295816632604,,,,0.43045037863690716,1.769041769041769,1.3385913904048619,48.318055001992825,72.8071253071253,24.48907030513248
Abdou Diallo,https://fbref.com/en/players/fc62f087/Abdou-Diallo,2018-2019,2019-2020,Bundesliga,Ligue 1,Dortmund,Paris S-G,22,23,DF,2379.0,1201.0,0.03783102143757881,0.0,-0.03783102143757881,0.03783102143757881,0.07493755203996669,0.037106530602387874,0.0605296343001261,0.08992506244796003,0.029395428147833927,0.022698612862547287,0.037468776019983344,0.014770163157436057,,,,1.7402269861286255,1.5736885928393005,-0.16653839328932496,84.32534678436318,87.45212323064113,3.126776446277958
Valentino Lazaro,https://fbref.com/en/players/016ff750/Valentino-Lazaro,2019-2020,2020-2021,Premier League,Bundesliga,Newcastle Utd,M'Gladbach,23,24,"DF,MF",480.0,1240.0,0.1875,0.14516129032258063,-0.04233870967741937,0.0,0.0,0.0,0.07500000000000001,0.1669354838709677,0.0919354838709677,0.037500000000000006,0.08709677419354837,0.04959677419354837,,,,1.3125,2.3951612903225805,1.0826612903225805,45.375,51.314516129032256,5.939516129032256
Lisandro Magallán,https://fbref.com/en/players/01a49bd2/Lisandro-Magallan,2019-2020,2020-2021,La Liga,Serie A,Alavés,Crotone,25,26,DF,1197.0,2181.0,0.07518796992481203,0.04126547455295736,-0.03392249537185467,0.07518796992481203,0.08253094910591471,0.007342979181102688,0.06015037593984962,0.04951856946354883,-0.010631806476300791,0.022556390977443608,0.016506189821182946,-0.006050201156260662,,,,0.07518796992481203,0.4951856946354883,0.41999772471067626,42.556390977443606,56.07977991746905,13.523388940025441
Weston McKennie,https://fbref.com/en/players/01c3aff5/Weston-McKennie,2019-2020,2020-2021,Bundesliga,Serie A,Schalke 04,Juventus,20,21,"MF,DF",2074.0,1702.0,0.13018322082931533,0.26439482961222094,0.1342116087829056,0.0,0.10575793184488837,0.10575793184488837,0.1171648987463838,0.2591069330199765,0.1419420342735927,0.12584378013500483,0.1745005875440658,0.048656807409060976,,,,1.4754098360655739,1.8507638072855463,0.3753539712199725,58.10511089681774,52.931844888366626,-5.173266008451115
Nemanja Radonjić,https://fbref.com/en/players/0630eb63/Nemanja-Radonjic,2019-2020,2020-2021,Ligue 1,Bundesliga,Marseille,Hertha BSC,23,24,"FW,MF",880.0,611.0,0.5113636363636364,0.14729950900163666,-0.36406412736199967,0.10227272727272727,0.2945990180032733,0.19232629073054605,0.33749999999999997,0.27986906710310966,-0.05763093289689031,0.12272727272727271,0.14729950900163666,0.024572236274363946,,,,5.5227272727272725,5.8919803600654665,0.36925308733819406,50.72727272727273,49.345335515548285,-1.3819372117244413
Benjamin Henrichs,https://fbref.com/en/players/0a89e877/Benjamin-Henrichs,2019-2020,2020-2021,Ligue 1,Bundesliga,Monaco,RB Leipzig,22,23,"DF,MF",890.0,540.0,0.0,0.0,0.0,0.0,0.16666666666666666,0.16666666666666666,0.07078651685393257,0.03333333333333333,-0.03745318352059924,0.06067415730337078,0.09999999999999999,0.03932584269662921,,,,2.2247191011235956,2.0,-0.2247191011235956,65.2247191011236,69.5,4.275280898876403
Mohammed Salisu,https://fbref.com/en/players/0b33f6ad/Mohammed-Salisu,2019-2020,2020-2021,La Liga,Premier League,Valladolid,Southampton,20,21,DF,2725.0,844.0,0.03302752293577982,0.0,-0.03302752293577982,0.03302752293577982,0.0,-0.03302752293577982,0.04623853211009174,0.031990521327014215,-0.014248010783077525,0.01651376146788991,0.04265402843601896,0.02614026696812905,,,,0.06605504587155964,0.8530805687203791,0.7870255228488194,46.965137614678895,55.55687203791469,8.591734423235792
Rafinha,https://fbref.com/en/players/0c2ac3cb/Rafinha,2019-2020,2020-2021,La Liga,Ligue 1,Celta Vigo,Paris S-G,26,27,MF,2111.0,1361.0,0.1705352913311227,0.0,-0.1705352913311227,0.04263382283278067,0.2645113886847906,0.22187756585200996,0.06395073424917101,0.09257898603967671,0.028628251790505696,0.08100426338228327,0.1719324026451139,0.09092813926283062,,,,2.984367598294647,3.6370315944158707,0.6526639961212237,71.7100900047371,91.52094048493755,19.810850480200457
Eric Maxim Choupo-Moting,https://fbref.com/en/players/0e6bc38c/Eric-Maxim-Choupo-Moting,2019-2020,2020-2021,Ligue 1,Bundesliga,Paris S-G,Bayern Munich,30,31,"FW,MF",451.0,820.0,0.5986696230598669,0.32926829268292684,-0.2694013303769401,0.19955654101995565,0.0,-0.19955654101995565,0.5188470066518848,0.5158536585365854,-0.002993348115299388,0.1197339246119734,0.16463414634146342,0.04490022172949003,,,,1.5964523281596452,0.9878048780487805,-0.6086474501108647,33.92461197339246,34.353658536585364,0.42904656319290524
Philippe Coutinho,https://fbref.com/en/players/0ef89a37/Philippe-Coutinho,2019-2020,2020-2021,Bundesliga,La Liga,Bayern Munich,Barcelona,27,28,"MF,FW",1411.0,654.0,0.5102763997165132,0.27522935779816515,-0.23504704191834802,0.3827072997873848,0.27522935779816515,-0.10747794198921967,0.5485471296952515,0.5504587155963303,0.0019115859010787606,0.2551381998582566,0.09633027522935779,-0.1588079246288988,,,,3.635719347980156,5.229357798165138,1.5936384501849816,66.39971651311127,80.36697247706422,13.967255963952951
Ibrahima Diallo,https://fbref.com/en/players/11ff3d56/Ibrahima-Diallo,2019-2020,2020-2021,Ligue 1,Premier League,Brest,Southampton,20,21,MF,1561.0,1020.0,0.0,0.0,0.0,0.05765534913516976,0.0,-0.05765534913516976,0.011531069827033953,0.044117647058823525,0.03258657723178957,0.04035874439461883,0.05294117647058823,0.012582432075969395,,,,1.3837283792440742,0.9705882352941176,-0.4131401439499566,57.1941063420884,63.705882352941174,6.5117760108527705
Álvaro Morata,https://fbref.com/en/players/129af0db/Alvaro-Morata,2019-2020,2020-2021,La Liga,Serie A,Atlético Madrid,Juventus,26,27,FW,2098.0,2014.0,0.5147759771210677,0.4915590863952334,-0.023216890725834327,0.08579599618684462,0.4021847070506455,0.3163887108638009,0.686367969494757,0.47815292949354515,-0.20821504000121183,0.21020019065776932,0.2279046673286991,0.01770447667092978,,,,2.102001906577693,2.457795431976167,0.35579352539847386,33.8465204957102,38.028798411122146,4.1822779154119445
Wesley Fofana,https://fbref.com/en/players/132a82f1/Wesley-Fofana,2019-2020,2020-2021,Ligue 1,Premier League,Saint-Étienne,Leicester City,18,19,DF,1215.0,2262.0,0.07407407407407407,0.0,-0.07407407407407407,0.0,0.0,0.0,0.06666666666666667,0.03978779840848806,-0.026878868258178604,0.007407407407407408,0.011936339522546418,0.004528932115139011,,,,2.2222222222222223,1.4721485411140585,-0.7500736811081639,61.48148148148148,81.0079575596817,19.52647607820022
Krzysztof Piątek,https://fbref.com/en/players/17f3620a/Krzysztof-Piatek,2019-2020,2020-2021,Serie A,Bundesliga,Milan,Hertha BSC,24,25,FW,1183.0,1630.0,0.3043110735418428,0.38650306748466257,0.08219199394281979,0.0,0.05521472392638037,0.05521472392638037,0.555367709213863,0.35337423312883437,-0.20199347608502866,0.1293322062552832,0.06073619631901841,-0.06859600993626477,,,,1.2172442941673711,0.9938650306748467,-0.22337926349252446,28.30092983939138,31.472392638036812,3.1714627986454325
Timothy Castagne,https://fbref.com/en/players/197640fd/Timothy-Castagne,2019-2020,2020-2021,Serie A,Premier League,Atalanta,Leicester City,23,24,DF,1769.0,2345.0,0.05087620124364048,0.07675906183368869,0.025882860590048212,0.10175240248728096,0.11513859275053304,0.013386190263252079,0.10175240248728096,0.04221748400852879,-0.05953491847875217,0.11192764273600905,0.08443496801705758,-0.027492674718951476,,,,2.0859242509892595,1.995735607675906,-0.09018864331335341,66.95308083663086,69.08315565031982,2.130074813688964
Bouna Sarr,https://fbref.com/en/players/1a4b9094/Bouna-Sarr,2019-2020,2020-2021,Ligue 1,Bundesliga,Marseille,Bayern Munich,27,28,"DF,FW",2164.0,452.0,0.041589648798521256,0.0,-0.041589648798521256,0.12476894639556377,0.19911504424778761,0.07434609785222385,0.09981515711645102,0.01991150442477876,-0.07990365269167225,0.07486136783733827,0.01991150442477876,-0.0549498634125595,,,,4.28373382624769,3.584070796460177,-0.6996630297875126,69.74584103512015,88.80530973451327,19.059468699393122
Rodrigo,https://fbref.com/en/players/1fb1c435/Rodrigo,2019-2020,2020-2021,La Liga,Premier League,Valencia,Leeds United,28,29,FW,1880.0,1288.0,0.19148936170212766,0.48913043478260865,0.297641073080481,0.3351063829787234,0.13975155279503104,-0.19535483018369237,0.32074468085106383,0.35636645962732916,0.03562177877626532,0.27287234042553193,0.24456521739130432,-0.02830712303422761,,,,2.872340425531915,2.0962732919254656,-0.7760671336064493,39.54255319148936,51.56832298136646,12.025769789877096
Maxime Lopez,https://fbref.com/en/players/20094685/Maxime-Lopez,2019-2020,2020-2021,Ligue 1,Serie A,Marseille,Sassuolo,21,22,"MF,FW",1110.0,1864.0,0.0,0.09656652360515021,0.09656652360515021,0.24324324324324323,0.0,-0.24324324324324323,0.048648648648648644,0.05793991416309013,0.009291265514441482,0.07297297297297298,0.06759656652360514,-0.005376406449367835,,,,4.378378378378378,2.1727467811158796,-2.2056315972624985,81.0,87.73068669527896,6.730686695278962
Kaan Ayhan,https://fbref.com/en/players/2200181e/Kaan-Ayhan,2019-2020,2020-2021,Bundesliga,Serie A,Düsseldorf,Sassuolo,24,25,DF,2731.0,796.0,0.06590992310508971,0.0,-0.06590992310508971,0.09886488465763456,0.0,-0.09886488465763456,0.07250091541559868,0.05653266331658291,-0.01596825209901577,0.07579641157085316,0.0,-0.07579641157085316,,,,1.7136580007323325,2.148241206030151,0.43458320529781824,67.59062614426949,73.60552763819095,6.014901493921457
Jean-Victor Makengo,https://fbref.com/en/players/22bfb57e/Jean-Victor-Makengo,2019-2020,2020-2021,Ligue 1,Serie A,Toulouse,Udinese,21,22,MF,988.0,522.0,0.18218623481781376,0.0,-0.18218623481781376,0.0,0.0,0.0,0.07287449392712551,0.017241379310344827,-0.055633114616780686,0.06376518218623481,0.017241379310344827,-0.04652380287588998,,,,3.3704453441295548,1.7241379310344829,-1.646307413095072,50.55668016194332,45.17241379310345,-5.384266368839867
Jony,https://fbref.com/en/players/244f57b9/Jony,2019-2020,2020-2021,Serie A,La Liga,Lazio,Osasuna,28,29,"DF,FW",1177.0,871.0,0.0,0.0,0.0,0.07646559048428207,0.2066590126291619,0.13019342214487983,0.022939677145284623,0.07233065442020666,0.04939097727492203,0.13763806287170774,0.27898966704936856,0.14135160417766082,,,,2.5233644859813085,2.479908151549943,-0.04345633443136565,58.19031435853866,52.698048220436284,-5.492266138102373
Ola Aina,https://fbref.com/en/players/246d153b/Ola-Aina,2019-2020,2020-2021,Serie A,Premier League,Torino,Fulham,22,23,DF,2079.0,2664.0,0.0,0.06756756756756756,0.06756756756756756,0.08658008658008658,0.03378378378378378,-0.0527963027963028,0.017316017316017316,0.040540540540540536,0.02322452322452322,0.10822510822510822,0.05067567567567567,-0.05754943254943255,,,,3.7229437229437226,2.128378378378378,-1.5945653445653445,63.98268398268398,69.32432432432432,5.341640341640343
Aarón Martín,https://fbref.com/en/players/2f3e911a/Aaron-Martin,2019-2020,2020-2021,Bundesliga,La Liga,Mainz 05,Celta Vigo,22,23,DF,1792.0,1540.0,0.0,0.0,0.0,0.0,0.17532467532467533,0.17532467532467533,0.015066964285714284,0.011688311688311689,-0.0033786525974025955,0.14564732142857142,0.046753246753246755,-0.09889407467532467,,,,2.008928571428571,1.87012987012987,-0.1387987012987011,53.839285714285715,59.31818181818182,5.478896103896105
Nabil Bentaleb,https://fbref.com/en/players/3189f61a/Nabil-Bentaleb,2019-2020,2020-2021,Premier League,Bundesliga,Newcastle Utd,Schalke 04,24,25,MF,751.0,548.0,0.0,0.0,0.0,0.0,0.0,0.0,0.011984021304926764,0.13138686131386862,0.11940284000894186,0.023968042609853527,0.0,-0.023968042609853527,,,,0.23968042609853527,0.9854014598540146,0.7457210337554794,59.44074567243675,55.510948905109494,-3.929796767327254
Sergio Reguilón,https://fbref.com/en/players/3353737a/Sergio-Reguilon,2019-2020,2020-2021,La Liga,Premier League,Sevilla,Tottenham,22,23,DF,2509.0,2244.0,0.07174172977281786,0.0,-0.07174172977281786,0.1434834595456357,0.12032085561497326,-0.023162603930662454,0.08250298923874053,0.040106951871657755,-0.04239603736708277,0.1434834595456357,0.08021390374331551,-0.0632695558023202,,,,4.34037465125548,2.085561497326203,-2.2548131539292773,76.26145874850539,69.42513368983957,-6.836325058665821
Karim Rekik,https://fbref.com/en/players/3376a776/Karim-Rekik,2019-2020,2020-2021,Bundesliga,La Liga,Hertha BSC,Sevilla,24,25,DF,1260.0,653.0,0.07142857142857142,0.0,-0.07142857142857142,0.0,0.0,0.0,0.04285714285714286,0.013782542113323125,-0.029074600743819734,0.02142857142857143,0.02756508422664625,0.006136512798074822,,,,1.0714285714285714,2.2052067381316998,1.1337781667031284,60.57142857142857,76.63093415007657,16.059505578648
Edouard Mendy,https://fbref.com/en/players/33887998/Edouard-Mendy,2019-2020,2020-2021,Ligue 1,Premier League,Rennes,Chelsea,27,28,GK,2160.0,2745.0,0.0,0.0,0.0,0.0,0.0,0.0,0.0,0.0,0.0,0.0,0.0,0.0,,,,0.0,0.0,0.0,34.833333333333336,35.08196721311475,0.2486338797814156
Raphinha,https://fbref.com/en/players/3423f250/Raphinha,2019-2020,2020-2021,Ligue 1,Premier League,Rennes,Leeds United,22,23,"MF,FW",1690.0,2360.0,0.2662721893491124,0.2288135593220339,-0.0374586300270785,0.15976331360946744,0.3432203389830509,0.18345702537358344,0.27692307692307694,0.21737288135593222,-0.05955019556714472,0.2875739644970414,0.30127118644067796,0.01369722194363654,,,,3.4082840236686387,3.8898305084745766,0.48154648480593787,50.53846153846153,55.105932203389834,4.567470664928301
Sead Kolašinac,https://fbref.com/en/players/3935e52e/Sead-Kolasinac,2019-2020,2020-2021,Premier League,Bundesliga,Arsenal,Schalke 04,26,27,DF,1701.0,1426.0,0.0,0.06311360448807854,0.06311360448807854,0.10582010582010583,0.06311360448807854,-0.04270650133202729,0.021164021164021166,0.018934081346423562,-0.0022299398175976044,0.0687830687830688,0.08835904628330996,0.019575977500241162,,,,1.9047619047619049,2.082748948106592,0.17798704334468707,63.5978835978836,55.03506311360449,-8.562820484279115
Gerard Deulofeu,https://fbref.com/en/players/39583cfd/Gerard-Deulofeu,2019-2020,2020-2021,Premier League,Serie A,Watford,Udinese,25,26,FW,2098.0,598.0,0.17159199237368924,0.15050167224080266,-0.021090320132886586,0.21448999046711154,0.15050167224080266,-0.06398831822630888,0.2702573879885605,0.21070234113712372,-0.05955504685143681,0.17588179218303146,0.16555183946488294,-0.010329952718148516,,,,5.276453765490944,5.117056856187291,-0.1593969093036529,47.702573879885605,48.46153846153846,0.7589645816528545
Pedro,https://fbref.com/en/players/3ca7254a/Pedro,2019-2020,2020-2021,Premier League,Serie A,Chelsea,Roma,32,33,"FW,MF",661.0,1591.0,0.1361573373676248,0.28284098051539913,0.14668364314777432,0.1361573373676248,0.11313639220615965,-0.02302094516146516,0.2723146747352496,0.23758642363293528,-0.03472825110231434,0.12254160363086233,0.17536140791954746,0.05281980428868513,,,,3.2677760968229954,2.828409805153991,-0.4393662916690042,58.6838124054463,43.78378378378378,-14.900028621662514
Moise Kean,https://fbref.com/en/players/3d50bcdb/Moise-Kean,2019-2020,2020-2021,Premier League,Ligue 1,Everton,Paris S-G,19,20,FW,852.0,1698.0,0.2112676056338028,0.6890459363957597,0.4777783307619569,0.2112676056338028,0.0,-0.2112676056338028,0.4225352112676056,0.5406360424028268,0.11810083113522118,0.2112676056338028,0.04770318021201413,-0.16356442542178867,,,,2.7464788732394365,1.6431095406360423,-1.1033693326033942,28.52112676056338,26.342756183745582,-2.178370576817798
Shkodran Mustafi,https://fbref.com/en/players/3f2d59fe/Shkodran-Mustafi,2019-2020,2020-2021,Premier League,Bundesliga,Arsenal,Schalke 04,27,28,DF,1207.0,1037.0,0.0,0.08678881388621022,0.08678881388621022,0.07456503728251863,0.0,-0.07456503728251863,0.06710853355426678,0.052073288331726135,-0.015035245222540648,0.029826014913007456,0.0,-0.029826014913007456,,,,0.5219552609776305,0.6075216972034716,0.08556643622584115,73.67025683512841,65.3519768563163,-8.318279978812114
Gonzalo Escalante,https://fbref.com/en/players/3f79a1c8/Gonzalo-Escalante,2019-2020,2020-2021,La Liga,Serie A,Eibar,Lazio,26,27,MF,1674.0,733.0,0.0,0.0,0.0,0.05376344086021505,0.1227830832196453,0.06901964235943026,0.09139784946236558,0.08594815825375171,-0.005449691208613869,0.05913978494623656,0.03683492496589359,-0.02230485998034297,,,,0.6989247311827956,1.3506139154160983,0.6516891842333027,45.75268817204301,70.35470668485675,24.602018512813743
Arthur Melo,https://fbref.com/en/players/48b3dd60/Arthur-Melo,2019-2020,2020-2021,La Liga,Serie A,Barcelona,Juventus,22,23,MF,1182.0,1157.0,0.2284263959390863,0.07778738115816768,-0.15063901478091862,0.2284263959390863,0.0,-0.2284263959390863,0.09898477157360407,0.007778738115816768,-0.0912060334577873,0.12944162436548223,0.07778738115816768,-0.05165424320731456,,,,2.284263959390863,0.700086430423509,-1.5841775289673539,87.10659898477158,91.40017286084701,4.293573876075428
Timo Werner,https://fbref.com/en/players/49fe9070/Timo-Werner,2019-2020,2020-2021,Bundesliga,Premier League,RB Leipzig,Chelsea,23,24,FW,2795.0,2602.0,0.9016100178890876,0.207532667179093,-0.6940773507099945,0.257602862254025,0.2767102229054573,0.019107360651432315,0.6826475849731664,0.3943120676402767,-0.28833551733288965,0.30590339892665475,0.19369715603382012,-0.11220624289283462,,,,5.023255813953488,3.5626441199077634,-1.460611694045725,45.49910554561717,39.70791698693313,-5.791188558684041
Justin Kluivert,https://fbref.com/en/players/4c3a6744/Justin-Kluivert,2019-2020,2020-2021,Serie A,Bundesliga,Roma,RB Leipzig,20,21,FW,1514.0,813.0,0.23778071334214002,0.33210332103321033,0.09432260769107031,0.059445178335535004,0.11070110701107011,0.051255928675535106,0.14861294583883752,0.39852398523985244,0.24991103940101492,0.059445178335535004,0.11070110701107011,0.051255928675535106,,,,3.3289299867899604,4.649446494464945,1.3205165076749843,39.35270805812417,38.74538745387454,-0.6073206042496295
Djibril Sidibé,https://fbref.com/en/players/4c5b714f/Djibril-Sidibe,2019-2020,2020-2021,Premier League,Ligue 1,Everton,Monaco,27,28,"DF,MF",1824.0,1980.0,0.0,0.0,0.0,0.19736842105263158,0.09090909090909091,-0.10645933014354067,0.01973684210526316,0.009090909090909092,-0.010645933014354068,0.11348684210526315,0.10909090909090909,-0.004395933014354064,,,,3.009868421052632,2.3181818181818183,-0.6916866028708135,72.48355263157895,92.95454545454545,20.470992822966508
Suso,https://fbref.com/en/players/4e219ad2/Suso,2019-2020,2020-2021,Serie A,La Liga,Milan,Sevilla,25,26,"FW,MF",1359.0,2210.0,0.06622516556291391,0.12217194570135746,0.05594678013844355,0.13245033112582782,0.16289592760180993,0.030445596475982106,0.07284768211920531,0.08552036199095023,0.012672679871744919,0.2980132450331126,0.1832579185520362,-0.11475532648107642,,,,3.2450331125827816,2.8099547511312215,-0.4350783614515601,58.01324503311258,57.17647058823529,-0.8367744448772925
Keita Baldé,https://fbref.com/en/players/509a4ccb/Keita-Balde,2019-2020,2020-2021,Ligue 1,Serie A,Monaco,Sampdoria,24,25,"FW,MF",858.0,1197.0,0.4195804195804196,0.5263157894736842,0.1067353698932646,0.1048951048951049,0.07518796992481203,-0.02970713497029287,0.4195804195804196,0.42857142857142855,0.008991008991008964,0.07342657342657342,0.18045112781954886,0.10702455439297544,,,,2.832167832167832,3.007518796992481,0.17535096482464896,41.01398601398601,35.56390977443609,-5.450076239549922
Morgan Schneiderlin,https://fbref.com/en/players/51b41c5c/Morgan-Schneiderlin,2019-2020,2020-2021,Premier League,Ligue 1,Everton,Nice,29,30,MF,1001.0,2197.0,0.0,0.0,0.0,0.0,0.040964952207555756,0.040964952207555756,0.017982017982017984,0.02867546654528903,0.010693448563271046,0.008991008991008992,0.02867546654528903,0.019684457554280037,,,,0.3596403596403597,0.6144742831133364,0.25483392347297673,61.58841158841159,75.12972234865725,13.541310760245665
Lucas Torreira,https://fbref.com/en/players/52611641/Lucas-Torreira,2019-2020,2020-2021,Premier League,La Liga,Arsenal,Atlético Madrid,23,24,MF,1512.0,518.0,0.05952380952380952,0.17374517374517376,0.11422136422136424,0.05952380952380952,0.0,-0.05952380952380952,0.08333333333333333,0.017374517374517374,-0.06595881595881595,0.047619047619047616,0.08687258687258688,0.03925353925353926,,,,0.7738095238095237,1.0424710424710424,0.26866151866151866,65.11904761904762,64.63320463320463,-0.4858429858429929
Edinson Cavani,https://fbref.com/en/players/527f063d/Edinson-Cavani,2019-2020,2020-2021,Ligue 1,Premier League,Paris S-G,Manchester Utd,32,33,FW,605.0,1375.0,0.5950413223140496,0.6545454545454545,0.05950413223140494,0.1487603305785124,0.19636363636363635,0.04760330578512395,1.2942148760330576,0.5236363636363636,-0.7705785123966941,0.16363636363636364,0.14400000000000002,-0.01963636363636362,,,,0.4462809917355372,0.32727272727272727,-0.11900826446280993,30.793388429752067,30.50181818181818,-0.29157024793388686
Thomas Partey,https://fbref.com/en/players/529f49ab/Thomas-Partey,2019-2020,2020-2021,La Liga,Premier League,Atlético Madrid,Arsenal,26,27,MF,2549.0,1534.0,0.10592389172224402,0.0,-0.10592389172224402,0.0,0.11734028683181226,0.11734028683181226,0.05649274225186348,0.07627118644067797,0.01977844418881449,0.03883876029815614,0.05867014341590613,0.01983138311774999,,,,1.2357787367595134,1.9361147327249022,0.7003359959653888,70.15692428403295,78.20730117340287,8.050376889369915
Seko Fofana,https://fbref.com/en/players/5313ed43/Seko-Fofana,2019-2020,2020-2021,Serie A,Ligue 1,Udinese,Lens,24,25,MF,2249.0,2309.0,0.1200533570475767,0.0779558250324816,-0.04209753201509511,0.280124499777679,0.1169337375487224,-0.16319076222895662,0.13606047132058693,0.11303594629709832,-0.023024525023488618,0.1480658070253446,0.08964919878735383,-0.058416608237990775,,,,2.8412627834593156,2.9233434387180597,0.08208065525874408,51.903068030235666,58.349935036812475,6.4468670065768094
Tiemoué Bakayoko,https://fbref.com/en/players/59bf127b/Tiemoue-Bakayoko,2019-2020,2020-2021,Ligue 1,Serie A,Monaco,Napoli,24,25,MF,1719.0,1964.0,0.05235602094240837,0.09164969450101833,0.03929367355860996,0.10471204188481674,0.045824847250509164,-0.058887194634307576,0.10994764397905758,0.050407331975560084,-0.0595403120034975,0.06282722513089005,0.03665987780040733,-0.026167347330482718,,,,1.5706806282722512,0.6873727087576375,-0.8833079195146137,62.565445026178004,66.40020366598777,3.8347586398097704
Étienne Capoue,https://fbref.com/en/players/5acc4a10/Etienne-Capoue,2019-2020,2020-2021,Premier League,La Liga,Watford,Villarreal,31,32,MF,2627.0,1185.0,0.0,0.0759493670886076,0.0759493670886076,0.10277883517320137,0.0,-0.10277883517320137,0.027407689379520365,0.02278481012658228,-0.004622879252938087,0.1130567186905215,0.00759493670886076,-0.10546178198166074,,,,0.5481537875904073,0.759493670886076,0.21133988329566866,61.564522268747616,66.22784810126582,4.663325832518204
Karl Toko Ekambi,https://fbref.com/en/players/5ceba7fc/Karl-Toko-Ekambi,2019-2020,2020-2021,La Liga,Ligue 1,Villarreal,Lyon,26,27,FW,993.0,2811.0,0.5438066465256798,0.44823906083244397,-0.09556758569323581,0.18126888217522658,0.192102454642476,0.01083357246724942,0.7250755287009063,0.5538954108858057,-0.17118011781510056,0.13595166163141995,0.2209178228388474,0.08496616120742745,,,,2.6283987915407856,3.7780149413020276,1.149616149761242,31.178247734138974,42.19850586979722,11.02025813565825
Roger Assalé,https://fbref.com/en/players/5d5219b1/Roger-Assale,2019-2020,2020-2021,La Liga,Ligue 1,Leganés,Dijon,25,26,"FW,MF",531.0,828.0,0.3389830508474576,0.10869565217391305,-0.23028739867354456,0.1694915254237288,0.10869565217391305,-0.06079587324981575,0.28813559322033894,0.13043478260869565,-0.1577008106116433,0.1864406779661017,0.02173913043478261,-0.16470154753131908,,,,2.542372881355932,2.3913043478260874,-0.15106853352984473,32.20338983050847,29.782608695652176,-2.420781134856295
Frederic Guilbert,https://fbref.com/en/players/5d8d7454/Frederic-Guilbert,2019-2020,2020-2021,Premier League,Ligue 1,Aston Villa,Strasbourg,24,25,"DF,MF",2041.0,1114.0,0.0,0.0807899461400359,0.0807899461400359,0.08819206271435572,0.3231597845601436,0.2349677218457879,0.013228809407153356,0.04039497307001795,0.027166163662864597,0.06614404703576678,0.13734290843806105,0.07119886140229427,,,,2.46937775600196,3.1508078994614004,0.6814301434594405,61.073003429691326,67.0556552962298,5.982651866538475
Baptiste Santamaria,https://fbref.com/en/players/5e22e2a4/Baptiste-Santamaria,2019-2020,2020-2021,Ligue 1,Bundesliga,Angers,Freiburg,24,25,MF,2505.0,2209.0,0.03592814371257485,0.040742417383431415,0.004814273670856566,0.03592814371257485,0.08148483476686283,0.04555669105428798,0.05748502994011977,0.08963331824354913,0.03214828830342936,0.05029940119760479,0.05703938433680398,0.006739983139199192,,,,1.2934131736526946,1.2222725215029424,-0.07114065214975218,59.92814371257485,55.00226346763241,-4.925880244942441
Mattéo Guendouzi,https://fbref.com/en/players/5ea8ef20/Matteo-Guendouzi,2019-2020,2020-2021,Premier League,Bundesliga,Arsenal,Hertha BSC,20,21,MF,1748.0,1818.0,0.0,0.09900990099009901,0.09900990099009901,0.05148741418764302,0.04950495049504951,-0.001982463692593514,0.04118993135011442,0.04950495049504951,0.008315019144935085,0.056636155606407335,0.07920792079207921,0.022571765185671874,,,,2.5743707093821513,1.9801980198019802,-0.5941726895801711,71.3100686498856,58.663366336633665,-12.646702313251929
Paulo Gazzaniga,https://fbref.com/en/players/63d17038/Paulo-Gazzaniga,2019-2020,2020-2021,Premier League,La Liga,Tottenham,Elche,27,28,GK,1613.0,720.0,0.0,0.0,0.0,0.0,0.0,0.0,0.0,0.0,0.0,0.016738995660260384,0.0125,-0.0042389956602603834,,,,0.0,0.0,0.0,31.301921884686923,32.125,0.8230781153130771
Ronaël Pierre-Gabriel,https://fbref.com/en/players/64ba07c0/Ronael-Pierre-Gabriel,2019-2020,2020-2021,Bundesliga,Ligue 1,Mainz 05,Brest,21,22,DF,574.0,2305.0,0.0,0.039045553145336226,0.039045553145336226,0.156794425087108,0.0,-0.156794425087108,0.0156794425087108,0.019522776572668113,0.003843334063957312,0.078397212543554,0.039045553145336226,-0.039351659398217775,,,,0.940766550522648,1.3275488069414316,0.3867822564187836,55.34843205574912,64.62039045553145,9.271958399782328
Borja Mayoral,https://fbref.com/en/players/64e8ed6d/Borja-Mayoral,2019-2020,2020-2021,La Liga,Serie A,Levante,Roma,22,23,FW,2140.0,1551.0,0.3364485981308411,0.5802707930367504,0.24382219490590934,0.08411214953271028,0.17408123791102514,0.08996908837831487,0.4247663551401869,0.3945841392649903,-0.030182215875196594,0.11355140186915888,0.08704061895551257,-0.026510782913646308,,,,1.5981308411214952,1.5667311411992262,-0.03139969992226899,31.373831775700932,29.24564796905222,-2.1281838066487104
Kevin Volland,https://fbref.com/en/players/64f69877/Kevin-Volland,2019-2020,2020-2021,Bundesliga,Ligue 1,Leverkusen,Monaco,27,28,FW,2047.0,2769.0,0.43966780654616516,0.5200433369447454,0.0803755303985802,0.3077674645823156,0.22751895991332613,-0.08024850466898945,0.5056179775280899,0.37703141928494044,-0.12858655824314946,0.25500732779677576,0.16901408450704228,-0.08599324328973348,,,,1.714704445530044,1.3976164680390033,-0.3170879774910407,37.635564240351734,35.2329360780065,-2.4026281623452306
Andreas Pereira,https://fbref.com/en/players/6639e500/Andreas-Pereira,2019-2020,2020-2021,Premier League,Serie A,Manchester Utd,Lazio,23,24,"MF,FW",1484.0,543.0,0.06064690026954179,0.16574585635359115,0.10509895608404937,0.18194070080862534,0.3314917127071823,0.14955101189855696,0.1394878706199461,0.11602209944751381,-0.0234657711724323,0.24258760107816715,0.24861878453038674,0.006031183452219591,,,,2.9716981132075473,2.81767955801105,-0.15401855519649743,59.009433962264154,59.33701657458564,0.32758261232148556
Gabriel Dos Santos,https://fbref.com/en/players/67ac5bb8/Gabriel-Dos-Santos,2019-2020,2020-2021,Ligue 1,Premier League,Lille,Arsenal,21,22,DF,2087.0,1996.0,0.04312410158121706,0.09018036072144289,0.047056259140225834,0.0,0.0,0.0,0.056061332055582176,0.05861723446893788,0.0025559024133557026,0.004312410158121706,0.0045090180360721445,0.0001966078779504386,,,,1.0781025395304265,0.811623246492986,-0.26647929303744045,75.46717776712985,79.31362725450902,3.846449487379161
Arturo Vidal,https://fbref.com/en/players/67cdbc0e/Arturo-Vidal,2019-2020,2020-2021,La Liga,Serie A,Barcelona,Inter,32,33,MF,1671.0,1138.0,0.43087971274685816,0.07908611599297012,-0.35179359675388805,0.10771992818671454,0.07908611599297012,-0.028633812193744418,0.2800718132854578,0.18980667838312829,-0.09026513490232954,0.1561938958707361,0.08699472759226715,-0.06919916827846895,,,,1.1310592459605027,1.4235500878734624,0.2924908419129597,78.31238779174147,70.54481546572936,-7.767572326012115
Andre-Frank Zambo Anguissa,https://fbref.com/en/players/6bb2c084/Andre-Frank-Zambo-Anguissa,2019-2020,2020-2021,La Liga,Premier League,Villarreal,Fulham,23,24,MF,2583.0,2587.0,0.06968641114982578,0.0,-0.06968641114982578,0.0,0.10436799381523,0.10436799381523,0.09756097560975609,0.05566293003478934,-0.04189804557496675,0.024390243902439022,0.08697332817935834,0.06258308427691932,,,,1.8815331010452963,2.81793583301121,0.9364027319659138,64.70383275261324,63.56010823347507,-1.1437245191381678
Papu Gómez,https://fbref.com/en/players/6e4df551/Papu-Gomez,2019-2020,2020-2021,Serie A,La Liga,Atalanta,Sevilla,31,32,"MF,FW",2842.0,914.0,0.22167487684729062,0.2954048140043764,0.07372993715708578,0.5066854327938072,0.09846827133479213,-0.40821716145901504,0.247009148486981,0.06892778993435449,-0.17808135855262652,0.3135116115411682,0.12800875273522977,-0.18550285880593842,,,,7.63194933145672,3.938730853391685,-3.6932184780650354,73.21604503870513,67.84463894967178,-5.371406089033357
Ivan Perišić,https://fbref.com/en/players/6fe90922/Ivan-Perisic,2019-2020,2020-2021,Bundesliga,Serie A,Bayern Munich,Inter,30,31,"FW,MF",1206.0,1795.0,0.29850746268656714,0.20055710306406688,-0.09795035962250026,0.22388059701492538,0.15041782729805014,-0.07346276971687524,0.3059701492537313,0.2607242339832869,-0.04524591527044436,0.22388059701492538,0.22562674094707522,0.001746143932149835,,,,4.104477611940299,3.4596100278551534,-0.6448675840851452,58.134328358208954,50.791086350974936,-7.343242007234018
Lucas Tousart,https://fbref.com/en/players/71ec39ef/Lucas-Tousart,2019-2020,2020-2021,Ligue 1,Bundesliga,Lyon,Hertha BSC,22,23,MF,1763.0,2090.0,0.10209869540555871,0.0430622009569378,-0.05903649444862091,0.10209869540555871,0.0,-0.10209869540555871,0.10720363017583664,0.0645933014354067,-0.04261032874042994,0.035734543391945546,0.06889952153110049,0.03316497813915494,,,,0.7657402155416904,1.0334928229665072,0.2677526074248169,61.15711854792966,48.78947368421053,-12.367644863719136
Roberto Pereyra,https://fbref.com/en/players/75f2c59f/Roberto-Pereyra,2019-2020,2020-2021,Premier League,Serie A,Watford,Udinese,28,29,"FW,MF",1648.0,2925.0,0.1638349514563107,0.15384615384615385,-0.009988797610156835,0.0,0.2153846153846154,0.2153846153846154,0.16929611650485438,0.12307692307692308,-0.04621919342793129,0.08191747572815535,0.12307692307692308,0.04115944734876774,,,,2.7305825242718447,3.2615384615384615,0.5309559372666168,48.05825242718447,48.95384615384615,0.89559372666168
Kenny Tete,https://fbref.com/en/players/77d7c96f/Kenny-Tete,2019-2020,2020-2021,Ligue 1,Premier League,Lyon,Fulham,23,24,DF,1072.0,1481.0,0.0,0.0,0.0,0.08395522388059701,0.06076975016880486,-0.023185473711792144,0.05876865671641791,0.01823092505064146,-0.04053773166577645,0.1259328358208955,0.0850776502363268,-0.040855185584568715,,,,3.1902985074626864,2.3092505064145845,-0.8810480010481019,83.45149253731343,65.38825118163403,-18.063241355679395
Thiago Alcántara,https://fbref.com/en/players/77e84962/Thiago-Alcantara,2019-2020,2020-2021,Bundesliga,Premier League,Bayern Munich,Liverpool,28,29,MF,1771.0,1854.0,0.15245623941276115,0.04854368932038835,-0.1039125500923728,0.0,0.0,0.0,0.12196499153020893,0.058252427184466014,-0.0637125643457429,0.04573687182382835,0.11165048543689318,0.06591361361306483,,,,1.3721061547148503,1.3106796116504853,-0.06142654306436501,103.11123658949747,94.46601941747572,-8.645217172021745
Martin Ødegaard,https://fbref.com/en/players/79300479/Martin-Odegaard,2019-2020,2020-2021,La Liga,Premier League,Real Sociedad,Arsenal,20,21,MF,2527.0,866.0,0.14246141669964385,0.10392609699769054,-0.03853531970195331,0.21369212504946575,0.20785219399538107,-0.005839931054084674,0.10684606252473287,0.07274826789838337,-0.0340977946263495,0.23149980213692123,0.20785219399538107,-0.023647608141540155,,,,3.9889196675900274,1.6628175519630486,-2.3261021156269788,67.34863474475662,62.14780600461894,-5.2008287401376805
Ondrej Duda,https://fbref.com/en/players/79ca3e23/Ondrej-Duda,2019-2020,2020-2021,Premier League,Bundesliga,Norwich City,Köln,24,25,MF,724.0,2537.0,0.0,0.24832479306267244,0.24832479306267244,0.0,0.17737485218762317,0.17737485218762317,0.062154696132596686,0.22703981080015767,0.16488511466756098,0.18646408839779005,0.13835238470634606,-0.04811170369144399,,,,0.994475138121547,1.1351990540007884,0.14072391587924138,58.425414364640886,56.476152936539215,-1.9492614281016714
Fikayo Tomori,https://fbref.com/en/players/7edfbb8a/Fikayo-Tomori,2019-2020,2020-2021,Premier League,Serie A,Chelsea,Milan,21,22,DF,1291.0,1466.0,0.069713400464756,0.06139154160982265,-0.008321858854933355,0.0,0.0,0.0,0.027885360185902403,0.049113233287858125,0.021227873101955723,0.006971340046475601,0.0,-0.006971340046475601,,,,0.975987606506584,0.2455661664392906,-0.7304214400672934,92.16111541440743,66.42564802182811,-25.735467392579324
Arkadiusz Milik,https://fbref.com/en/players/85613cf0/Arkadiusz-Milik,2019-2020,2020-2021,Serie A,Ligue 1,Napoli,Marseille,25,26,FW,1747.0,1220.0,0.5666857469948483,0.6639344262295082,0.09724867923465985,0.0,0.07377049180327869,0.07377049180327869,0.5048654836863194,0.5459016393442623,0.04103615565794283,0.07727532913566114,0.06639344262295083,-0.010881886512710312,,,,0.7212364052661706,1.1065573770491803,0.3853209717830097,33.176874642243845,32.97540983606557,-0.20146480617827223
Thiago Silva,https://fbref.com/en/players/86e7deaf/Thiago-Silva,2019-2020,2020-2021,Ligue 1,Premier League,Paris S-G,Chelsea,34,35,DF,1571.0,1935.0,0.0,0.09302325581395349,0.09302325581395349,0.0,0.0,0.0,0.022915340547422024,0.07906976744186046,0.05615442689443844,0.0,0.013953488372093023,0.013953488372093023,,,,0.5728835136855506,0.27906976744186046,-0.2938137462436901,94.75493316359007,99.34883720930233,4.593904045712264
Pape Cheikh Diop,https://fbref.com/en/players/873ce3a2/Pape-Cheikh-Diop,2019-2020,2020-2021,La Liga,Ligue 1,Celta Vigo,Dijon,21,22,MF,599.0,1089.0,0.0,0.0,0.0,0.15025041736227043,0.0,-0.15025041736227043,0.015025041736227046,0.024793388429752067,0.009768346693525021,0.07512520868113522,0.049586776859504134,-0.025538431821631083,,,,1.352253756260434,1.15702479338843,-0.19522896287200409,47.779632721202,57.60330578512397,9.823673063921973
Victor Osimhen,https://fbref.com/en/players/8c90fd7a/Victor-Osimhen,2019-2020,2020-2021,Ligue 1,Serie A,Lille,Napoli,20,21,FW,2287.0,1573.0,0.5115872321818977,0.5721551176096631,0.06056788542776537,0.1574114560559685,0.17164653528289892,0.014235079226930403,0.609969392216878,0.6064844246662429,-0.0034849675506350986,0.11412330564057717,0.14303877940241577,0.028915473761838603,,,,1.3773502404897244,2.3458359821996186,0.9684857417098942,26.366418889374728,25.86141131595677,-0.5050075734179593
Adrien Tameze,https://fbref.com/en/players/8da74c05/Adrien-Tameze,2019-2020,2020-2021,Ligue 1,Serie A,Nice,Hellas Verona,25,26,MF,519.0,2304.0,0.17341040462427745,0.0390625,-0.13434790462427745,0.0,0.0,0.0,0.13872832369942198,0.04687499999999999,-0.09185332369942198,0.06936416184971099,0.023437499999999997,-0.04592666184971099,,,,1.907514450867052,1.2890625,-0.6184519508670521,50.115606936416185,49.8828125,-0.23279443641618514
Ibrahim Amadou,https://fbref.com/en/players/9260926b/Ibrahim-Amadou,2019-2020,2020-2021,La Liga,Ligue 1,Leganés,Angers,26,27,MF,770.0,1504.0,0.0,0.0,0.0,0.0,0.0,0.0,0.08181818181818182,0.08976063829787234,0.007942456479690524,0.0,0.011968085106382979,0.011968085106382979,,,,1.051948051948052,0.8377659574468085,-0.21418209450124348,39.97402597402598,50.086436170212764,10.112410196186786
Christian Eriksen,https://fbref.com/en/players/980522ec/Christian-Eriksen,2019-2020,2020-2021,Premier League,Serie A,Tottenham,Inter,27,28,"MF,FW",1097.0,1385.0,0.16408386508659983,0.19494584837545126,0.030861983288851425,0.16408386508659983,0.0,-0.16408386508659983,0.15587967183226983,0.09097472924187724,-0.06490494259039259,0.15587967183226983,0.1819494584837545,0.026069786651484655,,,,2.2971741112123976,1.819494584837545,-0.47767952637485256,72.27894257064722,77.00361010830325,4.724667537656032
Fernando Marçal,https://fbref.com/en/players/9ae9eaea/Fernando-Marcal,2019-2020,2020-2021,Ligue 1,Premier League,Lyon,Wolves,30,31,DF,829.0,623.0,0.0,0.0,0.0,0.10856453558504223,0.0,-0.10856453558504223,0.010856453558504224,0.014446227929373997,0.003589774370869773,0.10856453558504223,0.014446227929373997,-0.09411830765566823,,,,2.93124246079614,1.1556982343499198,-1.7755442264462202,94.3425814234017,67.03049759229535,-27.31208383110635
Rayan Aït Nouri,https://fbref.com/en/players/9b398aea/Rayan-Ait-Nouri,2019-2020,2020-2021,Ligue 1,Premier League,Angers,Wolves,18,19,DF,1282.0,1404.0,0.0,0.06410256410256411,0.06410256410256411,0.140405616224649,0.06410256410256411,-0.0763030521220849,0.0140405616224649,0.038461538461538464,0.024420976839073565,0.04914196567862714,0.038461538461538464,-0.01068042721708868,,,,3.159126365054602,3.0128205128205128,-0.14630585223408943,68.23712948517941,63.84615384615385,-4.390975639025562
Lucas Paquetá,https://fbref.com/en/players/9b6f7fd5/Lucas-Paqueta,2019-2020,2020-2021,Serie A,Ligue 1,Milan,Lyon,21,22,"MF,FW",1103.0,2275.0,0.0,0.35604395604395606,0.35604395604395606,0.08159564823209428,0.1978021978021978,0.11620654957010351,0.171350861287398,0.27692307692307694,0.10557221563567895,0.1387126019945603,0.20175824175824172,0.06304563976368144,,,,2.2846781504986398,1.5824175824175823,-0.7022605680810574,60.95194922937443,62.14945054945055,1.197501320076121
Ferrán Torres,https://fbref.com/en/players/9e1035f8/Ferran-Torres,2019-2020,2020-2021,La Liga,Premier League,Valencia,Manchester City,19,20,"MF,FW",2251.0,1306.0,0.15992892047978674,0.48238897396630936,0.3224600534865226,0.19991115059973344,0.13782542113323124,-0.062085729466502204,0.15992892047978674,0.33767228177641656,0.17774336129662982,0.1959129275877388,0.15160796324655437,-0.044304964341184416,,,,3.478454020435362,2.0673813169984685,-1.4110727034368935,41.86139493558418,41.8989280245023,0.03753308891811713
Gareth Bale,https://fbref.com/en/players/a58bb1e1/Gareth-Bale,2019-2020,2020-2021,La Liga,Premier League,Real Madrid,Tottenham,30,31,"FW,MF",1089.0,920.0,0.1652892561983471,1.0760869565217392,0.9107977003233921,0.1652892561983471,0.1956521739130435,0.030362917714696375,0.3305785123966942,0.5673913043478261,0.23681279195113192,0.14049586776859505,0.17608695652173914,0.035591088753144096,,,,3.9669421487603307,3.0326086956521743,-0.9343334531081564,51.404958677685954,55.173913043478265,3.768954365792311
Miralem Pjanić,https://fbref.com/en/players/ad6df2d5/Miralem-Pjanic,2019-2020,2020-2021,Serie A,La Liga,Juventus,Barcelona,29,30,MF,2277.0,627.0,0.11857707509881422,0.0,-0.11857707509881422,0.23715415019762845,0.0,-0.23715415019762845,0.039525691699604744,0.14354066985645933,0.10401497815685459,0.1739130434782609,0.08612440191387559,-0.0877886415643853,,,,0.5533596837944664,2.583732057416268,2.030372373621802,87.23320158102767,118.99521531100478,31.762013729977113
Mattia De Sciglio,https://fbref.com/en/players/ae4e2852/Mattia-De-Sciglio,2019-2020,2020-2021,Serie A,Ligue 1,Juventus,Lyon,26,27,DF,471.0,1467.0,0.0,0.0,0.0,0.0,0.06134969325153374,0.06134969325153374,0.0,0.006134969325153374,0.006134969325153374,0.01910828025477707,0.06134969325153374,0.04224141299675667,,,,2.484076433121019,1.5337423312883436,-0.9503341018326754,75.85987261146497,69.69325153374233,-6.166621077722638
Sofiane Boufal,https://fbref.com/en/players/b0c71810/Sofiane-Boufal,2019-2020,2020-2021,Premier League,Ligue 1,Southampton,Angers,25,26,"MF,FW",764.0,732.0,0.0,0.12295081967213116,0.12295081967213116,0.2356020942408377,0.0,-0.2356020942408377,0.11780104712041885,0.20901639344262296,0.09121534632220411,0.3416230366492147,0.012295081967213116,-0.32932795468200154,,,,5.654450261780105,3.19672131147541,-2.457728950304695,58.42931937172775,51.63934426229508,-6.7899751094326675
Diego Llorente,https://fbref.com/en/players/bba30585/Diego-Llorente,2019-2020,2020-2021,La Liga,Premier League,Real Sociedad,Leeds United,25,26,DF,2327.0,1204.0,0.03867640739149119,0.07475083056478406,0.03607442317329287,0.03867640739149119,0.0,-0.03867640739149119,0.04254404813064031,0.059800664451827246,0.017256616321186934,0.007735281478298239,0.03737541528239203,0.02964013380409379,,,,1.1602922217447358,0.5232558139534883,-0.6370364077912475,71.70605930382467,65.25747508305648,-6.448584220768197
Josh Maja,https://fbref.com/en/players/bc0bfc64/Josh-Maja,2019-2020,2020-2021,Ligue 1,Premier League,Bordeaux,Fulham,20,21,FW,735.0,810.0,0.7346938775510204,0.3333333333333333,-0.40136054421768713,0.2448979591836735,0.0,-0.2448979591836735,0.4408163265306123,0.5,0.05918367346938769,0.17142857142857143,0.05555555555555555,-0.11587301587301588,,,,1.1020408163265307,0.5555555555555556,-0.5464852607709751,35.87755102040816,28.444444444444443,-7.43310657596372
Federico Barba,https://fbref.com/en/players/c010b898/Federico-Barba,2019-2020,2020-2021,La Liga,Serie A,Valladolid,Benevento,25,26,DF,450.0,2659.0,0.0,0.0,0.0,0.0,0.06769462203836028,0.06769462203836028,0.0,0.027077848815344117,0.027077848815344117,0.0,0.0473862354268522,0.0473862354268522,,,,0.6,0.7784881534411433,0.17848815344114333,53.8,56.5927040240692,2.7927040240692023
Bertrand Traoré,https://fbref.com/en/players/c47541e0/Bertrand-Traore,2019-2020,2020-2021,Ligue 1,Premier League,Lyon,Aston Villa,23,24,"FW,MF",1253.0,2317.0,0.07182761372705507,0.2719033232628399,0.20007570953578482,0.2154828411811652,0.23305999136814848,0.017577150186983276,0.2657621707901038,0.25636599050496334,-0.009396180285140443,0.22984836392657623,0.16702632714717305,-0.06282203677940318,,,,2.5857940941739823,1.981009926629262,-0.6047841675447203,58.89864325618515,44.16486836426414,-14.733774891921016
Kamil Glik,https://fbref.com/en/players/c6056d58/Kamil-Glik,2019-2020,2020-2021,Ligue 1,Serie A,Monaco,Benevento,31,32,DF,2070.0,3206.0,0.043478260869565216,0.056144728633811605,0.012666467764246389,0.0,0.028072364316905803,0.028072364316905803,0.09565217391304348,0.09544603867747972,-0.00020613523556375912,0.004347826086956522,0.019650655021834062,0.015302828934877541,,,,0.2608695652173913,0.08421709295071741,-0.17665247226667388,59.56521739130435,46.68434185901435,-12.880875532289998
Allan,https://fbref.com/en/players/cc700722/Allan,2019-2020,2020-2021,Serie A,Premier League,Napoli,Everton,28,29,MF,1280.0,2051.0,0.140625,0.0,-0.140625,0.0703125,0.0,-0.0703125,0.03515625,0.013164310092637738,-0.021991939907362264,0.07734375000000002,0.035104826913700635,-0.04223892308629938,,,,1.7578125,1.3164310092637739,-0.4413814907362261,70.3828125,57.48415407118479,-12.89865842881521
Nélson Semedo,https://fbref.com/en/players/d04b94db/Nelson-Semedo,2019-2020,2020-2021,La Liga,Premier League,Barcelona,Wolves,25,26,DF,2097.0,2983.0,0.04291845493562232,0.030170968823332214,-0.012747486112290103,0.08583690987124463,0.030170968823332214,-0.05566594104791242,0.02575107296137339,0.03922225947033188,0.01347118650895849,0.09012875536480687,0.03922225947033188,-0.05090649589447499,,,,3.0472103004291844,3.348977539389876,0.3017672389606916,80.60085836909872,71.565538048944,-9.03532032015471
Valon Berisha,https://fbref.com/en/players/d5575935/Valon-Berisha,2019-2020,2020-2021,Bundesliga,Ligue 1,Düsseldorf,Reims,26,27,MF,941.0,1645.0,0.0,0.0,0.0,0.09564293304994687,0.1641337386018237,0.06849080555187684,0.08607863974495218,0.0547112462006079,-0.03136739354434428,0.0669500531349628,0.09848024316109422,0.031530190026131416,,,,0.9564293304994687,2.6261398176291793,1.6697104871297106,46.29117959617428,65.32522796352583,19.034048367351552
Adrien Silva,https://fbref.com/en/players/d6f88a1d/Adrien-Silva,2019-2020,2020-2021,Ligue 1,Serie A,Monaco,Sampdoria,30,31,MF,1221.0,1599.0,0.0,0.056285178236397754,0.056285178236397754,0.14742014742014742,0.056285178236397754,-0.09113496918374966,0.044226044226044224,0.028142589118198877,-0.016083455107845347,0.1547911547911548,0.045028142589118206,-0.10976301220203659,,,,1.031941031941032,0.45028142589118203,-0.58165960604985,72.60442260442261,63.151969981238274,-9.452452623184335
Willian José,https://fbref.com/en/players/d87e2cae/Willian-Jose,2019-2020,2020-2021,La Liga,Premier League,Real Sociedad,Wolves,27,28,FW,2011.0,1110.0,0.4922923918448533,0.08108108108108107,-0.4112113107637722,0.04475385380407757,0.0,-0.04475385380407757,0.47886623570363,0.12972972972972974,-0.3491365059739003,0.08503232222774738,0.09729729729729729,0.012264975069549905,,,,0.7160616608652411,0.9729729729729729,0.25691131210773177,33.07309796121333,31.378378378378375,-1.6947195828349528
Álex Berenguer,https://fbref.com/en/players/dc1c2fce/Alex-Berenguer,2019-2020,2020-2021,Serie A,La Liga,Torino,Athletic Club,24,25,"MF,DF",1823.0,2278.0,0.29621503017004935,0.3160667251975417,0.019851695027492344,0.09873834339001646,0.15803336259877085,0.05929501920875439,0.1974766867800329,0.24495171202809485,0.047475025248061936,0.1974766867800329,0.13432835820895522,-0.06314832857107769,,,,4.788809654415798,2.5285338015803336,-2.260275852835464,52.38069116840373,50.4126426690079,-1.9680484993958274
Diego Demme,https://fbref.com/en/players/dc3fa3b5/Diego-Demme,2019-2020,2020-2021,Bundesliga,Serie A,RB Leipzig,Napoli,27,28,MF,1211.0,1590.0,0.0,0.11320754716981131,0.11320754716981131,0.0,0.16981132075471697,0.16981132075471697,0.059454995871180846,0.06792452830188679,0.008469532430705945,0.07431874483897605,0.10754716981132074,0.0332284249723447,,,,1.3377374071015689,1.5283018867924527,0.19056447969088386,92.45251857968621,79.92452830188678,-12.527990277799432
Thomas Meunier,https://fbref.com/en/players/e162b013/Thomas-Meunier,2019-2020,2020-2021,Ligue 1,Bundesliga,Paris S-G,Dortmund,27,28,DF,1242.0,1472.0,0.0,0.061141304347826095,0.061141304347826095,0.07246376811594203,0.061141304347826095,-0.011322463768115937,0.028985507246376812,0.061141304347826095,0.03215579710144928,0.18115942028985507,0.09171195652173914,-0.08944746376811594,,,,3.550724637681159,4.707880434782609,1.1571557971014501,75.79710144927536,85.5366847826087,9.739583333333343
David Silva,https://fbref.com/en/players/e2716bd0/David-Silva,2019-2020,2020-2021,Premier League,La Liga,Manchester City,Real Sociedad,33,34,MF,1826.0,1399.0,0.29572836801752467,0.12866333095067906,-0.1670650370668456,0.4928806133625411,0.32165832737669764,-0.17122228598584344,0.3154435925520263,0.15439599714081487,-0.16104759541121144,0.3203723986856517,0.21229449606862044,-0.10807790261703126,,,,4.041621029572837,3.3452466047176554,-0.6963744248551813,84.23329682365828,64.91065046461759,-19.32264635904069
Alessandro Florenzi,https://fbref.com/en/players/e288d4b3/Alessandro-Florenzi,2019-2020,2020-2021,Serie A,Ligue 1,Roma,Paris S-G,28,29,"DF,FW",997.0,1538.0,0.0,0.11703511053315994,0.11703511053315994,0.09027081243731194,0.05851755526657997,-0.03175325717073197,0.04513540621865597,0.12873862158647595,0.08360321536781998,0.1624874623871615,0.14044213263979194,-0.022045329747369558,,,,2.79839518555667,1.5799739921976592,-1.218421193359011,70.95285857572718,66.00780234070221,-4.945056235024964
Joachim Andersen,https://fbref.com/en/players/e34fc66d/Joachim-Andersen,2019-2020,2020-2021,Ligue 1,Premier League,Lyon,Fulham,23,24,DF,1531.0,2730.0,0.058785107772697576,0.03296703296703297,-0.025818074805664608,0.0,0.03296703296703297,0.03296703296703297,0.052906596995427824,0.03956043956043956,-0.013346157434988265,0.011757021554539516,0.013186813186813189,0.0014297916322736724,,,,0.35271064663618545,0.6593406593406593,0.3066300127044739,87.00195950359242,75.0,-12.001959503592417
Pepe Reina,https://fbref.com/en/players/e358587b/Pepe-Reina,2019-2020,2020-2021,Premier League,Serie A,Aston Villa,Lazio,36,37,GK,1080.0,2610.0,0.0,0.0,0.0,0.0,0.0,0.0,0.0,0.0,0.0,0.0,0.0,0.0,,,,0.0,0.0,0.0,36.083333333333336,40.758620689655174,4.675287356321839
Achraf Hakimi,https://fbref.com/en/players/e42d61c7/Achraf-Hakimi,2019-2020,2020-2021,Bundesliga,Serie A,Dortmund,Inter,20,21,"DF,MF",2715.0,2665.0,0.16574585635359115,0.23639774859287055,0.0706518922392794,0.3314917127071823,0.2701688555347092,-0.0613228571724731,0.16243093922651936,0.15872420262664166,-0.0037067365998776913,0.17569060773480663,0.20938086303939962,0.03369025530459299,,,,5.2707182320441985,3.8161350844277675,-1.454583147616431,92.15469613259668,62.37523452157598,-29.7794616110207
Okay Yokuşlu,https://fbref.com/en/players/e49ce451/Okay-Yokuslu,2019-2020,2020-2021,La Liga,Premier League,Celta Vigo,West Brom,25,26,MF,1973.0,1317.0,0.0,0.0,0.0,0.0912316269640142,0.0683371298405467,-0.0228944971234675,0.02736948808920426,0.06150341685649203,0.03413392876728777,0.06842372022301065,0.04783599088838269,-0.020587729334627956,,,,0.7754688291941206,0.3416856492027335,-0.43378317999138716,59.43740496705525,49.61275626423691,-9.824648702818344
Robin Olsen,https://fbref.com/en/players/e7ee38c3/Robin-Olsen,2019-2020,2020-2021,Serie A,Premier League,Cagliari,Everton,29,30,GK,1524.0,630.0,0.0,0.0,0.0,0.0,0.0,0.0,0.0,0.0,0.0,0.0,0.0,0.0,,,,0.0,0.0,0.0,32.539370078740156,31.142857142857142,-1.3965129358830133
Robin Koch,https://fbref.com/en/players/ea6bc03a/Robin-Koch,2019-2020,2020-2021,Bundesliga,Premier League,Freiburg,Leeds United,23,24,"DF,MF",2705.0,1132.0,0.033271719038817,0.0,-0.033271719038817,0.0,0.0,0.0,0.133086876155268,0.05565371024734982,-0.07743316590791818,0.036598890942698706,0.00795053003533569,-0.028648360907363016,,,,0.532347504621072,0.6360424028268551,0.10369489820578304,60.25508317929759,72.34982332155477,12.094740142257173
Juan Miranda,https://fbref.com/en/players/ead61f73/Juan-Miranda,2019-2020,2020-2021,Bundesliga,La Liga,Schalke 04,Betis,19,20,DF,781.0,1652.0,0.0,0.054479418886198554,0.054479418886198554,0.0,0.10895883777239711,0.10895883777239711,0.01152368758002561,0.038135593220338986,0.026611905640313377,0.06914212548015365,0.08171912832929783,0.012577002849144175,,,,1.7285531370038414,1.1440677966101696,-0.5844853403936718,56.58130601792574,63.19612590799032,6.614819890064581
Adam Ounas,https://fbref.com/en/players/ed90babd/Adam-Ounas,2019-2020,2020-2021,Ligue 1,Serie A,Nice,Crotone,22,23,"FW,MF",1123.0,1199.0,0.16028495102404275,0.3002502085070892,0.13996525748304647,0.3205699020480855,0.3002502085070892,-0.020319693540996275,0.16028495102404275,0.1726438698915763,0.012358918867533542,0.26447016918967053,0.21768140116763968,-0.04678876802203086,,,,3.285841495992876,4.2035029190992494,0.9176614231063733,52.17275155832591,48.715596330275226,-3.457155228050688
Kevin Strootman,https://fbref.com/en/players/ef2e5e1a/Kevin-Strootman,2019-2020,2020-2021,Ligue 1,Serie A,Marseille,Genoa,29,30,MF,1416.0,1314.0,0.1271186440677966,0.0,-0.1271186440677966,0.19067796610169493,0.273972602739726,0.08329463663803108,0.11440677966101696,0.03424657534246575,-0.08016020431855121,0.0635593220338983,0.18493150684931509,0.12137218481541678,,,,1.3347457627118644,1.0273972602739727,-0.3073485024378917,71.3135593220339,68.69863013698631,-2.614929185047586
Oliver Burke,https://fbref.com/en/players/f631c17f/Oliver-Burke,2019-2020,2020-2021,La Liga,Premier League,Alavés,Sheffield Utd,22,23,"MF,FW",1429.0,1269.0,0.06298110566829951,0.07092198581560284,0.007940880147303334,0.12596221133659902,0.07092198581560284,-0.055040225520996175,0.18264520643806856,0.14893617021276598,-0.03370903622530258,0.10076976906927922,0.15602836879432624,0.05525859972504703,,,,3.086074177746676,2.127659574468085,-0.958414603278591,31.679496151154652,30.56737588652482,-1.11212026462983
Kai Havertz,https://fbref.com/en/players/fed7cb61/Kai-Havertz,2019-2020,2020-2021,Bundesliga,Premier League,Leverkusen,Chelsea,20,21,"MF,FW",2454.0,1520.0,0.4400977995110025,0.23684210526315788,-0.2032556942478446,0.22004889975550124,0.17763157894736842,-0.04241732080813282,0.33374083129584353,0.3256578947368421,-0.008082936559001441,0.2860635696821516,0.07697368421052632,-0.20908988547162527,,,,4.364303178484108,2.7828947368421053,-1.5814084416420027,65.6479217603912,59.625,-6.022921760391199
Pol Lirola,https://fbref.com/en/players/ff800ed8/Pol-Lirola,2019-2020,2020-2021,Serie A,Ligue 1,Fiorentina,Marseille,21,22,DF,2648.0,1553.0,0.0,0.1159047005795235,0.1159047005795235,0.06797583081570997,0.1159047005795235,0.047928869763813525,0.05098187311178248,0.07533805537669028,0.024356182264907794,0.10876132930513596,0.12749517063747587,0.018733841332339907,,,,3.3308157099697886,3.65099806825499,0.3201823582852015,52.71525679758309,58.821635544108176,6.106378746525088
David Alaba,https://fbref.com/en/players/05439de2/David-Alaba,2020-2021,2021-2022,Bundesliga,La Liga,Bayern Munich,Real Madrid,28,29,"DF,MF",2675.0,2642.0,0.06728971962616823,0.06813020439061318,0.0008404847644449542,0.13457943925233645,0.10219530658591976,-0.032384132666416696,0.04037383177570093,0.054504163512490544,0.014130331736789611,0.07065420560747664,0.0749432248296745,0.004289019222197862,,,,1.8841121495327102,1.3626040878122634,-0.5215080617204468,85.42429906542057,74.56850870552611,-10.855790359894456
Sergio Ramos,https://fbref.com/en/players/08511d65/Sergio-Ramos,2020-2021,2021-2022,La Liga,Ligue 1,Real Madrid,Paris S-G,34,35,DF,1275.0,801.0,0.1411764705882353,0.2247191011235955,0.08354263053536021,0.0,0.0,0.0,0.29647058823529415,0.20224719101123595,-0.0942233972240582,0.028235294117647063,0.0,-0.028235294117647063,,,,1.4823529411764707,0.898876404494382,-0.5834765366820887,86.4,101.12359550561797,14.723595505617965
Gianluigi Donnarumma,https://fbref.com/en/players/08f5afaa/Gianluigi-Donnarumma,2020-2021,2021-2022,Serie A,Ligue 1,Milan,Paris S-G,21,22,GK,3330.0,1530.0,0.0,0.0,0.0,0.0,0.0,0.0,0.0,0.0,0.0,0.0,0.0,0.0,,,,0.0,0.0,0.0,35.7027027027027,29.294117647058822,-6.408585055643879
Rafinha,https://fbref.com/en/players/0c2ac3cb/Rafinha,2020-2021,2021-2022,Ligue 1,La Liga,Paris S-G,Real Sociedad,27,28,"MF,FW",1361.0,1050.0,0.0,0.08571428571428572,0.08571428571428572,0.2645113886847906,0.0,-0.2645113886847906,0.09257898603967671,0.2142857142857143,0.1217067282460376,0.1719324026451139,0.04285714285714286,-0.12907525978797102,,,,3.6370315944158707,2.9142857142857146,-0.7227458801301561,91.52094048493755,72.68571428571428,-18.83522619922327
Vedat Muriqi,https://fbref.com/en/players/0cadc46d/Vedat-Muriqi,2020-2021,2021-2022,Serie A,La Liga,Lazio,Mallorca,26,27,FW,832.0,1438.0,0.10817307692307693,0.3129346314325452,0.20476155450946826,0.0,0.18776077885952713,0.18776077885952713,0.3461538461538462,0.3317107093184979,-0.014443136835348314,0.06490384615384616,0.08762169680111265,0.022717850647266488,,,,0.9735576923076924,1.1891515994436717,0.21559390713597926,41.53846153846154,41.620305980528514,0.0818444420669735
Philippe Coutinho,https://fbref.com/en/players/0ef89a37/Philippe-Coutinho,2020-2021,2021-2022,La Liga,Premier League,Barcelona,Aston Villa,28,29,"MF,FW",654.0,1329.0,0.27522935779816515,0.3386004514672686,0.06337109366910343,0.27522935779816515,0.20316027088036115,-0.072069086917804,0.5504587155963303,0.2573363431151241,-0.2931223724812062,0.09633027522935779,0.1963882618510158,0.100057986621658,,,,5.229357798165138,3.2505643340857784,-1.9787934640793594,80.36697247706422,55.191873589164786,-25.175098887899438
Ethan Ampadu,https://fbref.com/en/players/10b9fa99/Ethan-Ampadu,2020-2021,2021-2022,Premier League,Serie A,Sheffield Utd,Venezia,19,20,"DF,MF",2089.0,2282.0,0.0,0.0,0.0,0.0,0.11831726555652937,0.11831726555652937,0.012924844423168979,0.011831726555652936,-0.0010931178675160427,0.051699377692675914,0.063102541630149,0.011403163937473086,,,,1.077070368597415,1.0254163014899211,-0.05165406710749387,59.19578745811393,58.054338299737076,-1.141449158376851
Omar Mascarell,https://fbref.com/en/players/11fd2b75/Omar-Mascarell,2020-2021,2021-2022,Bundesliga,La Liga,Schalke 04,Elche,27,28,MF,1762.0,2493.0,0.0510783200908059,0.0,-0.0510783200908059,0.0510783200908059,0.0,-0.0510783200908059,0.02043132803632236,0.018050541516245487,-0.0023807865200768732,0.030646992054483537,0.007220216606498195,-0.02342677544798534,,,,0.510783200908059,0.4332129963898917,-0.07757020451816726,56.952326901248576,54.584837545126355,-2.3674893561222206
Jens Petter Hauge,https://fbref.com/en/players/12c35abe/Jens-Petter-Hauge,2020-2021,2021-2022,Serie A,Bundesliga,Milan,Eint Frankfurt,20,21,FW,532.0,1040.0,0.3383458646616541,0.17307692307692307,-0.16526894158473104,0.0,0.17307692307692307,0.17307692307692307,0.15225563909774437,0.17307692307692307,0.020821283979178706,0.2537593984962406,0.06923076923076923,-0.18452862926547134,,,,1.6917293233082706,1.8173076923076923,0.12557836899942165,43.815789473684205,49.15384615384615,5.338056680161948
Rodrigo De Paul,https://fbref.com/en/players/162efffd/Rodrigo-De-Paul,2020-2021,2021-2022,Serie A,La Liga,Udinese,Atlético Madrid,26,27,MF,3201.0,2151.0,0.2530459231490159,0.12552301255230125,-0.12752291059671467,0.2530459231490159,0.041841004184100423,-0.2112049189649155,0.17432052483598875,0.06694560669456068,-0.10737491814142808,0.31490159325210865,0.19246861924686193,-0.12243297400524672,,,,4.695407685098406,2.7196652719665275,-1.9757424131318784,71.64011246485472,69.4142259414226,-2.2258865234321235
Hwang Hee-chan,https://fbref.com/en/players/169fd162/Hwang-Hee-chan,2020-2021,2021-2022,Bundesliga,Premier League,RB Leipzig,Wolves,24,25,"FW,MF",460.0,1816.0,0.0,0.24779735682819384,0.24779735682819384,0.1956521739130435,0.04955947136563877,-0.14609270254740472,0.3521739130434783,0.2180616740088106,-0.13411223903466768,0.09782608695652174,0.0644273127753304,-0.033398774181191346,,,,2.739130434782609,3.2709251101321586,0.5317946753495497,35.02173913043479,41.82819383259912,6.806454702164331
Olivier Giroud,https://fbref.com/en/players/16ceb862/Olivier-Giroud,2020-2021,2021-2022,Premier League,Serie A,Chelsea,Milan,33,34,FW,748.0,1892.0,0.48128342245989303,0.5232558139534884,0.041972391493595385,0.0,0.1427061310782241,0.1427061310782241,0.5053475935828877,0.4661733615221988,-0.03917423206068893,0.1323529411764706,0.10940803382663847,-0.022944907349832122,,,,0.0,0.38054968287526425,0.38054968287526425,36.93850267379679,33.20295983086681,-3.7355428429299806
Krzysztof Piątek,https://fbref.com/en/players/17f3620a/Krzysztof-Piatek,2020-2021,2021-2022,Bundesliga,Serie A,Hertha BSC,Fiorentina,25,26,FW,1630.0,733.0,0.38650306748466257,0.3683492496589359,-0.01815381782572667,0.05521472392638037,0.0,-0.05521472392638037,0.35337423312883437,0.4420190995907231,0.08864486646188874,0.06073619631901841,0.11050477489768078,0.04976857857866237,,,,0.9938650306748467,0.859481582537517,-0.1343834481373296,31.472392638036812,30.57298772169168,-0.8994049163451336
Hassane Kamara,https://fbref.com/en/players/19a12bed/Hassane-Kamara,2020-2021,2021-2022,Ligue 1,Premier League,Nice,Watford,26,27,"DF,FW",2960.0,1623.0,0.060810810810810814,0.055452865064695,-0.005357945746115811,0.030405405405405407,0.0,-0.030405405405405407,0.04256756756756757,0.011090573012939002,-0.031476994554628566,0.07601351351351351,0.033271719038817,-0.04274179447469651,,,,3.3750000000000004,1.77449168207024,-1.6005083179297603,70.17567567567568,65.5452865064695,-4.6303891692061825
Álvaro Odriozola,https://fbref.com/en/players/1d1691ad/Alvaro-Odriozola,2020-2021,2021-2022,La Liga,Serie A,Real Madrid,Fiorentina,24,25,DF,829.0,1733.0,0.21712907117008445,0.05193306405077899,-0.16519600711930546,0.0,0.10386612810155799,0.10386612810155799,0.06513872135102533,0.0675129832660127,0.002374261914987366,0.06513872135102533,0.17657241777264857,0.11143369642162324,,,,3.256936067551267,3.8949798038084245,0.6380437362571576,59.601930036188186,61.90421234852856,2.302282312340374
Marc Cucurella,https://fbref.com/en/players/1daec722/Marc-Cucurella,2020-2021,2021-2022,La Liga,Premier League,Getafe,Brighton,22,23,MF,3244.0,3089.0,0.08323057953144267,0.029135642602784072,-0.05409493692865859,0.055487053020961775,0.029135642602784072,-0.026351410418177703,0.052712700369913684,0.02039494982194885,-0.03231775054796483,0.0998766954377312,0.078666235027517,-0.021210460410214196,,,,2.136251541307028,3.0301068306895433,0.8938552893825151,48.21824907521578,79.16154095176432,30.943291876548543
Jakub Jankto,https://fbref.com/en/players/1ea5f91c/Jakub-Jankto,2020-2021,2021-2022,Serie A,La Liga,Sampdoria,Getafe,24,25,MF,2409.0,587.0,0.22415940224159403,0.0,-0.22415940224159403,0.11207970112079702,0.30664395229982966,0.19456425117903264,0.1718555417185554,0.030664395229982967,-0.14119114648857245,0.1307596513075965,0.21465076660988075,0.08389111530228424,,,,1.9427148194271482,1.2265758091993186,-0.7161390102278296,43.89788293897883,45.689948892674614,1.7920659536957828
Pau López,https://fbref.com/en/players/20b9f052/Pau-Lopez,2020-2021,2021-2022,Serie A,Ligue 1,Roma,Marseille,25,26,GK,1817.0,2610.0,0.0,0.0,0.0,0.0,0.034482758620689655,0.034482758620689655,0.0,0.0,0.0,0.0,0.02413793103448276,0.02413793103448276,,,,0.0,0.0,0.0,35.415520088057235,47.724137931034484,12.308617842977249
Nicolás González,https://fbref.com/en/players/2374aaca/Nicolas-Gonzalez,2020-2021,2021-2022,Bundesliga,Serie A,Stuttgart,Fiorentina,22,23,"FW,MF",934.0,2357.0,0.5781584582441113,0.2672889266016122,-0.3108695316424991,0.19271948608137043,0.22910479422995333,0.0363853081485829,0.7130620985010707,0.3856597369537547,-0.327402361547316,0.19271948608137043,0.16037335596096733,-0.032346130120403105,,,,3.083511777301927,3.703860840050912,0.6203490627489852,37.67665952890792,50.13576580398812,12.459106275080202
Boulaye Dia,https://fbref.com/en/players/244bc2c8/Boulaye-Dia,2020-2021,2021-2022,Ligue 1,La Liga,Reims,Villarreal,23,24,"FW,MF",2930.0,1269.0,0.4300341296928327,0.3546099290780142,-0.07542420061481853,0.030716723549488054,0.3546099290780142,0.32389320552852613,0.3839590443686007,0.3829787234042554,-0.0009803209643453048,0.0552901023890785,0.1702127659574468,0.1149226635683683,,,,2.0887372013651877,1.5602836879432624,-0.5284535134219253,29.8259385665529,26.666666666666668,-3.1592718998862317
Ola Aina,https://fbref.com/en/players/246d153b/Ola-Aina,2020-2021,2021-2022,Premier League,Serie A,Fulham,Torino,23,24,DF,2664.0,1437.0,0.06756756756756756,0.0,-0.06756756756756756,0.03378378378378378,0.0,-0.03378378378378378,0.040540540540540536,0.012526096033402923,-0.028014444507137613,0.05067567567567567,0.1127348643006263,0.062059188624950634,,,,2.128378378378378,2.6304801670146136,0.5021017886362356,69.32432432432432,59.49895615866388,-9.825368165660443
Yoane Wissa,https://fbref.com/en/players/2500cef9/Yoane-Wissa,2020-2021,2021-2022,Ligue 1,Premier League,Lorient,Brentford,23,24,"MF,FW",2674.0,1284.0,0.3365744203440538,0.49065420560747663,0.1540797852634228,0.13462976813762154,0.07009345794392523,-0.06453631019369631,0.4072550486163051,0.21728971962616822,-0.1899653289901369,0.11780104712041885,0.0630841121495327,-0.054716934970886144,,,,2.726252804786836,1.3317757009345794,-1.3944771038522565,36.55198204936425,29.36915887850467,-7.182823170859578
Brandon Soppy,https://fbref.com/en/players/28f66c2e/Brandon-Soppy,2020-2021,2021-2022,Ligue 1,Serie A,Rennes,Udinese,18,19,DF,559.0,777.0,0.0,0.0,0.0,0.0,0.0,0.0,0.03220035778175313,0.04633204633204634,0.014131688550293203,0.03220035778175313,0.02316602316602317,-0.009034334615729965,,,,2.5760286225402504,2.8957528957528957,0.3197242732126453,77.7638640429338,41.23552123552124,-36.528342807412564
Mario Lemina,https://fbref.com/en/players/2b471f99/Mario-Lemina,2020-2021,2021-2022,Premier League,Ligue 1,Fulham,Nice,26,27,MF,1703.0,1967.0,0.052847915443335294,0.09150991357397052,0.03866199813063523,0.0,0.0,0.0,0.03699354081033471,0.09150991357397052,0.054516372763635815,0.04227833235466824,0.018301982714794104,-0.023976349639874137,,,,1.0041103934233706,1.6014234875444842,0.5973130941211136,59.87668819729889,65.4753431621759,5.598654964877014
Emmanuel Dennis,https://fbref.com/en/players/2c44a35d/Emmanuel-Dennis,2020-2021,2021-2022,Bundesliga,Premier League,Köln,Watford,22,23,FW,474.0,2581.0,0.0,0.3487020534676482,0.3487020534676482,0.189873417721519,0.20922123208058893,0.01934781435906993,0.11392405063291139,0.25455249903138316,0.14062844839847177,0.0379746835443038,0.14296784192173576,0.10499315837743195,,,,2.088607594936709,3.138318481208834,1.0497108862721252,40.063291139240505,37.59008136381247,-2.4732097754280318
Ozan Kabak,https://fbref.com/en/players/2d61d13a/Ozan-Kabak,2020-2021,2021-2022,Bundesliga,Premier League,Schalke 04,Norwich City,20,21,DF,1243.0,922.0,0.0,0.0,0.0,0.0,0.0,0.0,0.07240547063555913,0.02928416485900217,-0.04312130577655696,0.02172164119066774,0.0,-0.02172164119066774,,,,0.6516492357200322,0.8785249457700651,0.22687571005003293,61.617055510860816,51.93058568329718,-9.686469827563634
Jérôme Boateng,https://fbref.com/en/players/2db2fd7b/Jerome-Boateng,2020-2021,2021-2022,Bundesliga,Ligue 1,Bayern Munich,Lyon,31,32,DF,2368.0,1622.0,0.03800675675675676,0.0,-0.03800675675675676,0.03800675675675676,0.055487053020961775,0.01748029626420502,0.015202702702702704,0.016646115906288533,0.0014434132035858298,0.01900337837837838,0.09432799013563502,0.07532461175725663,,,,0.30405405405405406,0.2219482120838471,-0.08210584197020696,84.375,71.134401972873,-13.240598027127007
Aarón Martín,https://fbref.com/en/players/2f3e911a/Aaron-Martin,2020-2021,2021-2022,La Liga,Bundesliga,Celta Vigo,Mainz 05,23,24,DF,1540.0,2292.0,0.0,0.03926701570680628,0.03926701570680628,0.17532467532467533,0.03926701570680628,-0.13605765961786903,0.011688311688311689,0.03926701570680628,0.027578704018494594,0.046753246753246755,0.19633507853403143,0.14958183178078466,,,,1.87012987012987,1.256544502617801,-0.613585367512069,59.31818181818182,52.73560209424084,-6.582579723940981
Nabil Bentaleb,https://fbref.com/en/players/3189f61a/Nabil-Bentaleb,2020-2021,2021-2022,Bundesliga,Ligue 1,Schalke 04,Angers,25,26,MF,548.0,1515.0,0.0,0.05940594059405941,0.05940594059405941,0.0,0.0,0.0,0.13138686131386862,0.03564356435643565,-0.09574329695743297,0.0,0.0059405940594059415,0.0059405940594059415,,,,0.9854014598540146,0.712871287128713,-0.27253017272530167,55.510948905109494,64.93069306930694,9.419744164197446
Javairô Dilrosun,https://fbref.com/en/players/34a0f5ff/Javairo-Dilrosun,2020-2021,2021-2022,Bundesliga,Ligue 1,Hertha BSC,Bordeaux,22,23,"FW,MF",529.0,1732.0,0.0,0.10392609699769054,0.10392609699769054,0.17013232514177692,0.3117782909930716,0.14164596585129466,0.06805293005671077,0.1351039260969977,0.06705099604028693,0.051039697542533076,0.16628175519630486,0.1152420576537718,,,,2.722117202268431,3.741339491916859,1.0192222896484284,40.661625708884685,41.518475750577366,0.856850041692681
Leon Bailey,https://fbref.com/en/players/3a233281/Leon-Bailey,2020-2021,2021-2022,Bundesliga,Premier League,Leverkusen,Aston Villa,22,23,"FW,MF",2141.0,761.0,0.37832788416627744,0.11826544021024966,-0.2600624439560278,0.33629145259224663,0.23653088042049933,-0.0997605721717473,0.26062587575899115,0.1773981603153745,-0.08322771544361665,0.25221858944418496,0.09461235216819974,-0.15760623727598522,,,,4.708080336291453,4.021024967148489,-0.6870553691429642,52.041102288650166,41.156373193166885,-10.88472909548328
Rodrigo Bentancur,https://fbref.com/en/players/3b8674e6/Rodrigo-Bentancur,2020-2021,2021-2022,Serie A,Premier League,Juventus,Tottenham,23,24,MF,2324.0,1361.0,0.0,0.0,0.0,0.1549053356282272,0.2645113886847906,0.10960605305656343,0.023235800344234076,0.052902277736958124,0.029666477392724048,0.08907056798623063,0.1719324026451139,0.08286183465888326,,,,1.355421686746988,1.322556943423953,-0.032864743323034906,82.3709122203098,78.29537105069802,-4.075541169611782
Moise Kean,https://fbref.com/en/players/3d50bcdb/Moise-Kean,2020-2021,2021-2022,Ligue 1,Serie A,Paris S-G,Juventus,20,21,FW,1698.0,1098.0,0.6890459363957597,0.4098360655737705,-0.2792098708219892,0.0,0.1639344262295082,0.1639344262295082,0.5406360424028268,0.40163934426229514,-0.13899669814053167,0.04770318021201413,0.01639344262295082,-0.031309737589063316,,,,1.6431095406360423,1.639344262295082,-0.0037652783409602986,26.342756183745582,31.229508196721312,4.88675201297573
Shkodran Mustafi,https://fbref.com/en/players/3f2d59fe/Shkodran-Mustafi,2020-2021,2021-2022,Bundesliga,La Liga,Schalke 04,Levante,28,29,DF,1037.0,658.0,0.08678881388621022,0.13677811550151975,0.049989301615309525,0.0,0.0,0.0,0.052073288331726135,0.013677811550151978,-0.03839547678157416,0.0,0.0,0.0,,,,0.6075216972034716,0.547112462006079,-0.06040923519739261,65.3519768563163,61.550151975683896,-3.8018248806324024
Gonzalo Escalante,https://fbref.com/en/players/3f79a1c8/Gonzalo-Escalante,2020-2021,2021-2022,Serie A,La Liga,Lazio,Alavés,27,28,MF,733.0,1300.0,0.0,0.34615384615384615,0.34615384615384615,0.1227830832196453,0.0,-0.1227830832196453,0.08594815825375171,0.22153846153846155,0.13559030328470983,0.03683492496589359,0.013846153846153847,-0.022988771119739744,,,,1.3506139154160983,0.4846153846153846,-0.8659985308007137,70.35470668485675,40.292307692307695,-30.062398992549056
Kévin Gameiro,https://fbref.com/en/players/42276181/Kevin-Gameiro,2020-2021,2021-2022,La Liga,Ligue 1,Valencia,Strasbourg,33,34,FW,1077.0,2385.0,0.3342618384401114,0.41509433962264153,0.0808325011825301,0.08356545961002786,0.11320754716981132,0.029642087559783467,0.31754874651810583,0.5018867924528302,0.18433804593472436,0.07520891364902507,0.11320754716981132,0.03799863352078625,,,,0.584958217270195,2.6037735849056602,2.018815367635465,29.331476323119777,39.24528301886792,9.913806695748146
Justin Kluivert,https://fbref.com/en/players/4c3a6744/Justin-Kluivert,2020-2021,2021-2022,Bundesliga,Ligue 1,RB Leipzig,Nice,21,22,"FW,MF",813.0,1868.0,0.33210332103321033,0.19271948608137043,-0.1393838349518399,0.11070110701107011,0.24089935760171305,0.13019825059064294,0.39852398523985244,0.1349036402569593,-0.2636203449828931,0.11070110701107011,0.2360813704496788,0.1253802634386087,,,,4.649446494464945,3.9989293361884366,-0.6505171582765081,38.74538745387454,43.265524625267666,4.520137171393124
Jean-Philippe Mateta,https://fbref.com/en/players/50e6dc35/Jean-Philippe-Mateta,2020-2021,2021-2022,Bundesliga,Premier League,Mainz 05,Crystal Palace,23,24,FW,997.0,1145.0,0.6318956870611836,0.39301310043668125,-0.23888258662450235,0.09027081243731194,0.07860262008733625,-0.011668192349975695,0.7763289869608826,0.45589519650655025,-0.32043379045433235,0.1263791374122367,0.10218340611353713,-0.024195731298699563,,,,1.2637913741223672,1.25764192139738,-0.006149452724987237,33.309929789368105,30.419213973799128,-2.890715815568978
Lucas Torreira,https://fbref.com/en/players/52611641/Lucas-Torreira,2020-2021,2021-2022,La Liga,Serie A,Atlético Madrid,Fiorentina,24,25,MF,518.0,2195.0,0.17374517374517376,0.20501138952164008,0.03126621577646632,0.0,0.04100227790432802,0.04100227790432802,0.017374517374517374,0.2173120728929385,0.19993755551842113,0.08687258687258688,0.08610478359908884,-0.0007678032734980411,,,,1.0424710424710424,0.41002277904328016,-0.6324482634277622,64.63320463320463,63.512528473804096,-1.1206761594005314
Trevoh Chalobah,https://fbref.com/en/players/5515376c/Trevoh-Chalobah,2020-2021,2021-2022,Ligue 1,Premier League,Lorient,Chelsea,21,22,"DF,MF",2237.0,1449.0,0.08046490835940993,0.18633540372670807,0.10587049536729813,0.08046490835940993,0.06211180124223602,-0.018353107117173917,0.06437192668752795,0.06832298136645963,0.003951054678931684,0.028162717925793473,0.018633540372670804,-0.009529177553122669,,,,1.0058113544926242,1.4906832298136645,0.48487187532104037,59.785426911041576,89.56521739130434,29.77979048026277
Nadiem Amiri,https://fbref.com/en/players/555d5edd/Nadiem-Amiri,2020-2021,2021-2022,Bundesliga,Serie A,Leverkusen,Genoa,23,24,MF,1890.0,683.0,0.09523809523809523,0.0,-0.09523809523809523,0.2857142857142857,0.13177159590043924,-0.15394268981384646,0.10476190476190476,0.11859443631039532,0.013832531548490554,0.14761904761904762,0.27672035139092244,0.12910130377187481,,,,2.142857142857143,2.240117130307467,0.09725998745032438,64.33333333333333,52.972181551976576,-11.361151781356753
Mickaël Cuisance,https://fbref.com/en/players/5722eced/Mickael-Cuisance,2020-2021,2021-2022,Ligue 1,Serie A,Marseille,Venezia,20,21,MF,1024.0,918.0,0.17578125,0.0,-0.17578125,0.087890625,0.0,-0.087890625,0.0703125,0.058823529411764705,-0.011488970588235295,0.0439453125,0.12745098039215688,0.08350566789215688,,,,1.669921875,0.9803921568627452,-0.6895297181372548,55.546875,48.43137254901961,-7.115502450980387
Juraj Kucka,https://fbref.com/en/players/5aaef9ef/Juraj-Kucka,2020-2021,2021-2022,Serie A,Premier League,Parma,Watford,33,34,"MF,FW",2334.0,1920.0,0.2699228791773779,0.046875,-0.2230478791773779,0.07712082262210797,0.046875,-0.030245822622107968,0.2737789203084833,0.15000000000000002,-0.12377892030848325,0.07712082262210797,0.0421875,-0.034933322622107965,,,,1.3496143958868894,0.984375,-0.36523939588688936,48.20051413881748,48.28125,0.08073586118251797
Serge Aurier,https://fbref.com/en/players/5c2b4f07/Serge-Aurier,2020-2021,2021-2022,Premier League,La Liga,Tottenham,Villarreal,27,28,DF,1605.0,1010.0,0.11214953271028039,0.0,-0.11214953271028039,0.16822429906542058,0.08910891089108912,-0.07911538817433146,0.06168224299065422,0.0712871287128713,0.009604885722217078,0.19065420560747665,0.12475247524752475,-0.0659017303599519,,,,1.5700934579439254,1.8712871287128714,0.301193670768946,68.46728971962617,76.45544554455446,7.988155824928299
Tanguy Ndombele,https://fbref.com/en/players/5cdddffa/Tanguy-Ndombele,2020-2021,2021-2022,Premier League,Ligue 1,Tottenham,Lyon,23,24,MF,2091.0,701.0,0.1291248206599713,0.0,-0.1291248206599713,0.0860832137733142,0.25677603423680456,0.17069282046349038,0.06886657101865136,0.02567760342368046,-0.0431889675949709,0.07747489239598278,0.21825962910128388,0.14078473670530112,,,,2.582496413199426,1.6690442225392297,-0.9134521906601965,62.15208034433285,79.0870185449358,16.93493820060295
Baptiste Santamaria,https://fbref.com/en/players/5e22e2a4/Baptiste-Santamaria,2020-2021,2021-2022,Bundesliga,Ligue 1,Freiburg,Rennes,25,26,MF,2209.0,2518.0,0.040742417383431415,0.07148530579825259,0.030742888414821173,0.08148483476686283,0.035742652899126294,-0.045742181867736535,0.08963331824354913,0.06791104050833995,-0.021722277735209183,0.05703938433680398,0.032168387609213665,-0.024870996727590314,,,,1.2222725215029424,0.6791104050833995,-0.5431621164195429,55.00226346763241,66.05242255758539,11.050159089952977
Mattéo Guendouzi,https://fbref.com/en/players/5ea8ef20/Matteo-Guendouzi,2020-2021,2021-2022,Bundesliga,Ligue 1,Hertha BSC,Marseille,21,22,MF,1818.0,3152.0,0.09900990099009901,0.11421319796954314,0.015203296979444128,0.04950495049504951,0.1713197969543147,0.1218148464592652,0.04950495049504951,0.09993654822335024,0.050431597728300734,0.07920792079207921,0.10279187817258882,0.023583957380509613,,,,1.9801980198019802,2.855329949238578,0.875131929436598,58.663366336633665,70.32677664974618,11.663410313112514
Romelu Lukaku,https://fbref.com/en/players/5eae500a/Romelu-Lukaku,2020-2021,2021-2022,Serie A,Premier League,Inter,Chelsea,27,28,FW,2884.0,1589.0,0.7489597780859917,0.45311516677155445,-0.29584461131443723,0.3432732316227462,0.0,-0.3432732316227462,0.717753120665742,0.3738200125865324,-0.3439331080792096,0.2184466019417476,0.1699181875393329,-0.04852841440241468,,,,2.4029126213592233,1.6425424795468848,-0.7603701418123385,35.13869625520111,27.3568281938326,-7.78186806136851
Ibrahima Konaté,https://fbref.com/en/players/5ed9b537/Ibrahima-Konate,2020-2021,2021-2022,Bundesliga,Premier League,RB Leipzig,Liverpool,21,22,DF,695.0,990.0,0.12949640287769784,0.0,-0.12949640287769784,0.0,0.0,0.0,0.09064748201438848,0.018181818181818184,-0.07246566383257029,0.0,0.0,0.0,,,,0.776978417266187,0.6363636363636364,-0.14061478090255064,81.32374100719424,77.72727272727273,-3.5964682799215097
Sergio Rico,https://fbref.com/en/players/5f0241b2/Sergio-Rico,2020-2021,2021-2022,Ligue 1,La Liga,Paris S-G,Mallorca,26,27,GK,810.0,1260.0,0.0,0.0,0.0,0.0,0.0,0.0,0.0,0.0,0.0,0.0,0.0,0.0,,,,0.0,0.0,0.0,25.555555555555557,27.5,1.9444444444444429
Xherdan Shaqiri,https://fbref.com/en/players/6421ec64/Xherdan-Shaqiri,2020-2021,2021-2022,Premier League,Ligue 1,Liverpool,Lyon,28,29,"MF,FW",556.0,679.0,0.0,0.2650957290132548,0.2650957290132548,0.3237410071942446,0.3976435935198822,0.07390258632563762,0.08093525179856115,0.07952871870397643,-0.0014065330945847165,0.40467625899280574,0.22533136966126657,-0.17934488933153916,,,,0.8093525179856115,1.3254786450662739,0.5161261270806624,77.21223021582733,51.95876288659794,-25.253467329229395
Borja Mayoral,https://fbref.com/en/players/64e8ed6d/Borja-Mayoral,2020-2021,2021-2022,Serie A,La Liga,Roma,Getafe,23,24,FW,1551.0,1044.0,0.5802707930367504,0.5172413793103449,-0.06302941372640558,0.17408123791102514,0.08620689655172414,-0.087874341359301,0.3945841392649903,0.22413793103448276,-0.17044620823050755,0.08704061895551257,0.10344827586206896,0.016407656906556392,,,,1.5667311411992262,1.8103448275862069,0.24361368638698067,29.24564796905222,31.810344827586206,2.564696858533985
Ryan Sessegnon,https://fbref.com/en/players/6aa3e78b/Ryan-Sessegnon,2020-2021,2021-2022,Bundesliga,Premier League,Hoffenheim,Tottenham,20,21,"DF,FW",1574.0,1047.0,0.11435832274459976,0.0,-0.11435832274459976,0.17153748411689965,0.17191977077363899,0.00038228665673933904,0.0457433290978399,0.025787965616045846,-0.019955363481794056,0.09720457433290978,0.23209169054441264,0.13488711621150284,,,,2.5730622617534946,2.5787965616045847,0.0057342998510900856,66.15628970775096,49.34097421203439,-16.81531549571657
Andre-Frank Zambo Anguissa,https://fbref.com/en/players/6bb2c084/Andre-Frank-Zambo-Anguissa,2020-2021,2021-2022,Premier League,Serie A,Fulham,Napoli,24,25,MF,2587.0,1926.0,0.0,0.0,0.0,0.10436799381523,0.04672897196261683,-0.05763902185261317,0.05566293003478934,0.05140186915887851,-0.004261060875910827,0.08697332817935834,0.05140186915887851,-0.035571459020479826,,,,2.81793583301121,2.1028037383177574,-0.7151320946934527,63.56010823347507,69.62616822429906,6.0660599908239945
Milot Rashica,https://fbref.com/en/players/6c6a3300/Milot-Rashica,2020-2021,2021-2022,Bundesliga,Premier League,Werder Bremen,Norwich City,24,25,"FW,MF",1462.0,2229.0,0.18467852257181944,0.04037685060565276,-0.14430167196616667,0.12311901504787963,0.08075370121130553,-0.0423653138365741,0.2708618331053352,0.10497981157469718,-0.165882021530638,0.0984952120383037,0.0847913862718708,-0.013703825766432906,,,,3.20109439124487,3.0686406460296096,-0.13245374521526054,39.39808481532148,36.783310901749665,-2.614773913571817
Romain Perraud,https://fbref.com/en/players/6dfd8f05/Romain-Perraud,2020-2021,2021-2022,Ligue 1,Premier League,Brest,Southampton,22,23,DF,3140.0,1623.0,0.08598726114649682,0.0,-0.08598726114649682,0.20063694267515925,0.055452865064695,-0.14518407761046426,0.07738853503184714,0.0277264325323475,-0.04966210249949964,0.1031847133757962,0.0388170055452865,-0.0643677078305097,,,,3.06687898089172,1.8853974121996302,-1.1814815686920896,68.5891719745223,53.06839186691312,-15.520780107609184
Myziane Maolida,https://fbref.com/en/players/706a60e1/Myziane-Maolida,2020-2021,2021-2022,Ligue 1,Bundesliga,Nice,Hertha BSC,21,22,"FW,MF",1077.0,776.0,0.25069637883008355,0.11597938144329897,-0.13471699738678458,0.08356545961002786,0.11597938144329897,0.03241392183327112,0.18384401114206128,0.16237113402061856,-0.02147287712144272,0.15877437325905291,0.023195876288659795,-0.13557849697039312,,,,2.9247910863509747,3.015463917525773,0.09067283117479841,40.52924791086351,37.34536082474227,-3.1838870861212385
Cucho,https://fbref.com/en/players/71b47ab9/Cucho,2020-2021,2021-2022,La Liga,Premier League,Getafe,Watford,21,22,"FW,MF",1466.0,1147.0,0.1227830832196453,0.3923278116826504,0.2695447284630051,0.18417462482946795,0.15693112467306017,-0.02724350015640778,0.16575716234652116,0.1961639058413252,0.030406743494804045,0.07980900409276945,0.14908456843940715,0.0692755643466377,,,,3.1309686221009554,1.7262423714036619,-1.4047262506972935,43.710777626193725,42.763731473408896,-0.9470461527848286
Francisco Trincão,https://fbref.com/en/players/77e39b04/Francisco-Trincao,2020-2021,2021-2022,La Liga,Premier League,Barcelona,Wolves,20,21,"FW,MF",706.0,1336.0,0.3824362606232295,0.1347305389221557,-0.2477057217010738,0.254957507082153,0.06736526946107785,-0.18759223762107513,0.3314447592067989,0.24925149700598803,-0.08219326220081086,0.0509915014164306,0.10778443113772455,0.056792929721293954,,,,2.8045325779036827,3.772455089820359,0.9679225119166763,62.082152974504254,45.538922155688624,-16.54323081881563
Rui Patrício,https://fbref.com/en/players/79b0d6a0/Rui-Patricio,2020-2021,2021-2022,Premier League,Serie A,Wolves,Roma,32,33,GK,3329.0,3420.0,0.0,0.0,0.0,0.0,0.0,0.0,0.0,0.0,0.0,0.0,0.0,0.0,,,,0.0,0.0,0.0,23.52057674977471,29.94736842105263,6.426791671277922
Maxime Busi,https://fbref.com/en/players/7b082ec2/Maxime-Busi,2020-2021,2021-2022,Serie A,Ligue 1,Parma,Reims,20,21,DF,1195.0,1296.0,0.0,0.06944444444444445,0.06944444444444445,0.07531380753138076,0.0,-0.07531380753138076,0.03765690376569038,0.041666666666666664,0.004009762900976287,0.0903765690376569,0.0763888888888889,-0.013987680148768,,,,2.108786610878661,2.7777777777777777,0.6689911668991169,70.56903765690376,59.513888888888886,-11.055148768014874
Eduardo Camavinga,https://fbref.com/en/players/7b9c2d84/Eduardo-Camavinga,2020-2021,2021-2022,Ligue 1,La Liga,Rennes,Real Madrid,17,18,MF,2402.0,1236.0,0.037468776019983344,0.14563106796116507,0.10816229194118172,0.07493755203996669,0.07281553398058253,-0.0021220180593841537,0.06744379683597003,0.08737864077669903,0.019934843940729002,0.06744379683597003,0.07281553398058253,0.005371737144612504,,,,3.1848459616985845,2.1844660194174756,-1.0003799422811088,72.16486261448793,73.7621359223301,1.5972733078421726
Toma Bašić,https://fbref.com/en/players/80556f08/Toma-Basic,2020-2021,2021-2022,Ligue 1,Serie A,Bordeaux,Lazio,23,24,MF,2601.0,982.0,0.1384083044982699,0.0,-0.1384083044982699,0.03460207612456748,0.18329938900203666,0.14869731287746918,0.15916955017301038,0.14663951120162932,-0.012530038971381052,0.08650519031141869,0.0824847250509165,-0.00402046526050219,,,,1.0726643598615917,1.64969450101833,0.5770301411567382,54.325259515570934,52.240325865580445,-2.0849336499904894
Lassana Coulibaly,https://fbref.com/en/players/85a44ecc/Lassana-Coulibaly,2020-2021,2021-2022,Ligue 1,Serie A,Angers,Salernitana,24,25,MF,1687.0,2332.0,0.05334914048606995,0.0,-0.05334914048606995,0.05334914048606995,0.0,-0.05334914048606995,0.06401896858328393,0.038593481989708404,-0.025425486593575526,0.032009484291641965,0.01157804459691252,-0.020431439694729443,,,,1.066982809721399,1.5051457975986278,0.43816298787722885,48.867812685240075,43.95797598627787,-4.909836698962202
Dennis Praet,https://fbref.com/en/players/86695068/Dennis-Praet,2020-2021,2021-2022,Premier League,Serie A,Leicester City,Torino,26,27,MF,718.0,1539.0,0.12534818941504178,0.11695906432748537,-0.008389125087556404,0.12534818941504178,0.11695906432748537,-0.008389125087556404,0.05013927576601671,0.13450292397660815,0.08436364821059145,0.13788300835654596,0.2573099415204678,0.11942693316392186,,,,2.7576601671309193,1.9883040935672514,-0.769356073563668,50.76601671309192,42.28070175438596,-8.485314958705963
Anthony Martial,https://fbref.com/en/players/8b788c01/Anthony-Martial,2020-2021,2021-2022,Premier League,La Liga,Manchester Utd,Sevilla,24,25,FW,1480.0,490.0,0.24324324324324326,0.0,-0.24324324324324326,0.18243243243243246,0.18367346938775508,0.0012410369553226275,0.3952702702702703,0.07346938775510205,-0.32180088251516825,0.12162162162162163,0.018367346938775512,-0.10325427468284612,,,,2.9189189189189193,2.571428571428571,-0.34749034749034813,41.0472972972973,40.224489795918366,-0.8228075013789322
Lucien Agoume,https://fbref.com/en/players/8bc8829a/Lucien-Agoume,2020-2021,2021-2022,Serie A,Ligue 1,Spezia,Brest,18,19,MF,800.0,1868.0,0.0,0.0,0.0,0.0,0.0,0.0,0.01125,0.05781584582441113,0.04656584582441113,0.01125,0.03372591006423983,0.022475910064239827,,,,0.6749999999999999,0.7708779443254817,0.0958779443254818,63.3375,58.29764453961456,-5.039855460385439
Germán Pezzella,https://fbref.com/en/players/8c725b43/German-Pezzella,2020-2021,2021-2022,Serie A,La Liga,Fiorentina,Betis,29,30,DF,2743.0,1988.0,0.03281079110462997,0.04527162977867203,0.01246083867404206,0.0,0.0,0.0,0.04265402843601896,0.058853118712273646,0.016199090276254685,0.016405395552314985,0.0,-0.016405395552314985,,,,0.06562158220925994,0.09054325955734406,0.02492167734808412,47.345971563981045,57.6307847082495,10.284813144268455
Memphis,https://fbref.com/en/players/8f696594/Memphis,2020-2021,2021-2022,Ligue 1,La Liga,Lyon,Barcelona,26,27,FW,2923.0,1851.0,0.6158056790968184,0.5834683954619125,-0.032337283634905845,0.36948340745809105,0.09724473257698542,-0.27223867488110565,0.5111187136503593,0.5445705024311183,0.03345178878075894,0.43106397536777286,0.21393841166936792,-0.21712556369840494,,,,2.9250769757098873,4.035656401944895,1.1105794262350073,52.03557988368115,57.52025931928687,5.48467943560572
Samir Santos,https://fbref.com/en/players/92b4758e/Samir-Santos,2020-2021,2021-2022,Serie A,Premier League,Udinese,Watford,25,26,DF,2216.0,1673.0,0.04061371841155235,0.0,-0.04061371841155235,0.0,0.0,0.0,0.05279783393501805,0.026897788404064555,-0.025900045530953496,0.024368231046931407,0.005379557680812911,-0.018988673366118494,,,,0.9747292418772563,0.05379557680812911,-0.9209336650691272,63.438628158844764,46.909742976688584,-16.52888518215618
Christian Eriksen,https://fbref.com/en/players/980522ec/Christian-Eriksen,2020-2021,2021-2022,Serie A,Premier League,Inter,Brentford,28,29,MF,1385.0,939.0,0.19494584837545126,0.09584664536741214,-0.09909920300803912,0.0,0.38338658146964855,0.38338658146964855,0.09097472924187724,0.12460063897763578,0.03362590973575853,0.1819494584837545,0.33546325878594246,0.15351380030218797,,,,1.819494584837545,2.012779552715655,0.19328496787811011,77.00361010830325,70.92651757188499,-6.077092536418263
Ferrán Torres,https://fbref.com/en/players/9e1035f8/Ferran-Torres,2020-2021,2021-2022,Premier League,La Liga,Manchester City,Barcelona,20,21,"FW,MF",1306.0,1412.0,0.48238897396630936,0.254957507082153,-0.22743146688415639,0.13782542113323124,0.254957507082153,0.11713208594892174,0.33767228177641656,0.4461756373937677,0.10850335561735114,0.15160796324655437,0.19759206798866857,0.0459841047421142,,,,2.0673813169984685,2.1671388101983005,0.09975749319983196,41.8989280245023,49.07932011331445,7.180392088812155
Raphaël Varane,https://fbref.com/en/players/9f8e9423/Raphael-Varane,2020-2021,2021-2022,La Liga,Premier League,Real Madrid,Manchester Utd,27,28,DF,2715.0,1831.0,0.06629834254143646,0.049153468050245765,-0.017144874491190697,0.0,0.049153468050245765,0.049153468050245765,0.09281767955801104,0.03440742763517204,-0.058410251922839,0.009944751381215469,0.009830693610049153,-0.00011405777116631557,,,,0.9281767955801105,0.5406881485527034,-0.38748864702740704,67.22651933701657,65.66903331512835,-1.5574860218882236
Ludwig Augustinsson,https://fbref.com/en/players/9fec8860/Ludwig-Augustinsson,2020-2021,2021-2022,Bundesliga,La Liga,Werder Bremen,Sevilla,26,27,"DF,FW",1957.0,793.0,0.0,0.0,0.0,0.18395503321410323,0.11349306431273644,-0.07046196890136679,0.041389882473173226,0.045397225725094574,0.004007343251921348,0.12416964741951969,0.09079445145018915,-0.03337519596933054,,,,1.7475728155339807,1.3619167717528373,-0.3856560437811434,63.23454266734798,71.38713745271122,8.152594785363235
Ismail Jakobs,https://fbref.com/en/players/a0415710/Ismail-Jakobs,2020-2021,2021-2022,Bundesliga,Ligue 1,Köln,Monaco,20,21,"MF,FW",1726.0,1203.0,0.05214368482039398,0.0,-0.05214368482039398,0.05214368482039398,0.07481296758104738,0.022669282760653407,0.12514484356894554,0.029925187032418952,-0.09521965653652659,0.09907300115874855,0.26184538653366585,0.16277238537491728,,,,1.7728852838933953,3.366583541147132,1.5936982572537366,47.502896871378915,78.85286783042393,31.349970959045017
Cristian Romero,https://fbref.com/en/players/a3d94a58/Cristian-Romero,2020-2021,2021-2022,Serie A,Premier League,Atalanta,Tottenham,22,23,DF,2545.0,1844.0,0.07072691552062868,0.04880694143167029,-0.02191997408895839,0.07072691552062868,0.0,-0.07072691552062868,0.045972495088408644,0.024403470715835145,-0.0215690243725735,0.028290766208251474,0.014642082429501085,-0.013648683778750389,,,,0.9194499017681729,1.1225596529284165,0.20310975116024366,58.77406679764243,77.16377440347073,18.389707605828292
Mitchel Bakker,https://fbref.com/en/players/a8567629/Mitchel-Bakker,2020-2021,2021-2022,Ligue 1,Bundesliga,Paris S-G,Leverkusen,20,21,DF,1694.0,1822.0,0.0,0.04939626783754117,0.04939626783754117,0.10625737898465171,0.19758507135016468,0.09132769236551297,0.015938606847697757,0.01975850713501647,0.0038199002873187116,0.10094451003541911,0.09879253567508234,-0.0021519743603367752,,,,1.6469893742621016,1.8770581778265643,0.2300688035644627,78.94923258559622,71.2788144895719,-7.670418096024321
Josh Sargent,https://fbref.com/en/players/a8d4428b/Josh-Sargent,2020-2021,2021-2022,Bundesliga,Premier League,Werder Bremen,Norwich City,20,21,"FW,MF",2506.0,1572.0,0.17956903431763765,0.11450381679389314,-0.06506521752374451,0.07182761372705507,0.05725190839694657,-0.014575705330108497,0.19752593774940144,0.14312977099236643,-0.054396166757035014,0.13647246608140462,0.05152671755725192,-0.08494574852415271,,,,1.005586592178771,1.202290076335878,0.19670348415710692,33.39984038308061,36.29770992366412,2.897869540583514
Pablo Marí,https://fbref.com/en/players/aa54ec6f/Pablo-Mari,2020-2021,2021-2022,Premier League,Serie A,Arsenal,Udinese,26,27,DF,900.0,1341.0,0.0,0.1342281879194631,0.1342281879194631,0.0,0.0,0.0,0.01,0.046979865771812075,0.03697986577181207,0.03,0.046979865771812075,0.016979865771812076,,,,0.4,0.1342281879194631,-0.2657718120805369,70.0,52.61744966442953,-17.38255033557047
Érik Lamela,https://fbref.com/en/players/abe66106/Erik-Lamela,2020-2021,2021-2022,Premier League,La Liga,Tottenham,Sevilla,28,29,"FW,MF",717.0,1015.0,0.12552301255230125,0.44334975369458124,0.31782674114228,0.0,0.1773399014778325,0.1773399014778325,0.13807531380753138,0.2748768472906404,0.136801533483109,0.12552301255230125,0.15073891625615762,0.025215903703856374,,,,3.514644351464435,2.3054187192118225,-1.2092256322526125,59.49790794979079,55.6847290640394,-3.813178885751391
Mattia De Sciglio,https://fbref.com/en/players/ae4e2852/Mattia-De-Sciglio,2020-2021,2021-2022,Ligue 1,Serie A,Lyon,Juventus,27,28,DF,1467.0,1168.0,0.0,0.07705479452054795,0.07705479452054795,0.06134969325153374,0.1541095890410959,0.09275989578956215,0.006134969325153374,0.01541095890410959,0.009275989578956215,0.06134969325153374,0.20034246575342465,0.1389927725018909,,,,1.5337423312883436,2.773972602739726,1.2402302714513822,69.69325153374233,61.18150684931507,-8.511744684427256
Boubakary Soumaré,https://fbref.com/en/players/ae59b359/Boubakary-Soumare,2020-2021,2021-2022,Ligue 1,Premier League,Lille,Leicester City,21,22,MF,1919.0,1102.0,0.0,0.0,0.0,0.04689942678478374,0.08166969147005446,0.03477026468527072,0.014069828035435121,0.03266787658802178,0.018598048552586663,0.042209484106305366,0.03266787658802178,-0.009541607518283583,,,,1.3600833767587284,0.8166969147005445,-0.5433864620581839,80.94841063053674,54.22867513611616,-26.719735494420583
Takehiro Tomiyasu,https://fbref.com/en/players/b3af9be1/Takehiro-Tomiyasu,2020-2021,2021-2022,Serie A,Premier League,Bologna,Arsenal,21,22,DF,2715.0,1679.0,0.06629834254143646,0.0,-0.06629834254143646,0.0,0.05360333531864205,0.05360333531864205,0.06961325966850829,0.03216200119118523,-0.03745125847732306,0.013259668508287293,0.05360333531864205,0.040343666810354756,,,,1.856353591160221,1.7153067301965457,-0.14104686096367525,66.79558011049724,70.22036926742109,3.4247891569238504
Lyanco,https://fbref.com/en/players/b5bf1770/Lyanco,2020-2021,2021-2022,Serie A,Premier League,Torino,Southampton,23,24,DF,1959.0,911.0,0.0,0.0,0.0,0.0,0.0,0.0,0.045941807044410414,0.029637760702524697,-0.016304046341885717,0.022970903522205207,0.009879253567508234,-0.013091649954696973,,,,0.7350689127105666,0.296377607025247,-0.4386913056853196,68.17764165390506,52.36004390779364,-15.817597746111417
Omar Alderete,https://fbref.com/en/players/bb08bce9/Omar-Alderete,2020-2021,2021-2022,Bundesliga,La Liga,Hertha BSC,Valencia,23,24,DF,1299.0,2403.0,0.0,0.0749063670411985,0.0749063670411985,0.0,0.0,0.0,0.020785219399538105,0.029962546816479405,0.0091773274169413,0.006928406466512702,0.0037453183520599256,-0.003183088114452777,,,,0.5542725173210161,0.6367041198501873,0.08243160252917114,73.30254041570439,48.38951310861423,-24.913027307090154
Ashley Young,https://fbref.com/en/players/be927d03/Ashley-Young,2020-2021,2021-2022,Serie A,Premier League,Inter,Aston Villa,35,36,DF,1425.0,1250.0,0.06315789473684211,0.0,-0.06315789473684211,0.25263157894736843,0.144,-0.10863157894736844,0.08210526315789474,0.0288,-0.05330526315789474,0.13894736842105262,0.072,-0.06694736842105263,,,,1.9578947368421051,1.944,-0.013894736842105182,50.21052631578947,54.431999999999995,4.2214736842105225
Maxwel Cornet,https://fbref.com/en/players/beb391dd/Maxwel-Cornet,2020-2021,2021-2022,Ligue 1,Premier League,Lyon,Burnley,23,24,"DF,FW",2446.0,1766.0,0.07358953393295176,0.45866364665911663,0.3850741127261649,0.1839738348323794,0.05096262740656851,-0.13301120742581088,0.07726901062959936,0.34144960362400906,0.2641805929944097,0.12878168438266557,0.08663646659116647,-0.0421452177914991,,,,2.6860179885527393,1.4269535673839184,-1.259064421168821,73.95748160261653,33.83918459796149,-40.118297004655034
Darío Benedetto,https://fbref.com/en/players/bef0a7ac/Dario-Benedetto,2020-2021,2021-2022,Ligue 1,La Liga,Marseille,Elche,30,31,FW,1579.0,590.0,0.2849905003166561,0.3050847457627119,0.02009424544605576,0.17099430018999368,0.15254237288135594,-0.018451927308637733,0.4331855604813173,0.3050847457627119,-0.1281008147186054,0.10259658011399621,0.13728813559322034,0.03469155547922413,,,,0.8549715009499683,0.9152542372881356,0.060282736338167275,29.41101963267891,27.0,-2.4110196326789115
Saúl Ñíguez,https://fbref.com/en/players/c14bc029/Saul-Niguez,2020-2021,2021-2022,La Liga,Premier League,Atlético Madrid,Chelsea,25,26,"MF,DF",2033.0,480.0,0.08853910477127398,0.0,-0.08853910477127398,0.04426955238563699,0.0,-0.04426955238563699,0.12395474667978357,0.05625,-0.06770474667978357,0.07525823905558288,0.09375,0.018491760944417124,,,,0.8411214953271028,0.75,-0.09112149532710279,63.43826856861781,80.625,17.186731431382192
Josip Brekalo,https://fbref.com/en/players/d4a2533d/Josip-Brekalo,2020-2021,2021-2022,Bundesliga,Serie A,Wolfsburg,Torino,22,23,FW,1814.0,2286.0,0.3472987872105844,0.2755905511811024,-0.07170823602948201,0.14884233737596472,0.07874015748031496,-0.07010217989564976,0.17861080485115768,0.16929133858267717,-0.009319466268480514,0.18853362734288864,0.21653543307086615,0.028001805727977502,,,,3.4233737596471885,3.070866141732284,-0.3525076179149047,54.17861080485116,54.29133858267717,0.1127277778260094
Pierre-Emerick Aubameyang,https://fbref.com/en/players/d5dd5f1f/Pierre-Emerick-Aubameyang,2020-2021,2021-2022,Premier League,La Liga,Arsenal,Barcelona,31,32,FW,2332.0,1082.0,0.38593481989708406,0.9149722735674677,0.5290374536703837,0.1157804459691252,0.08317929759704251,-0.032601148372082694,0.3936535162950257,0.6487985212569316,0.2551450049619059,0.09262435677530016,0.09149722735674677,-0.0011271294185533909,,,,2.508576329331046,1.3308687615526802,-1.177707567778366,34.232418524871356,28.53049907578558,-5.701919449085775
Lionel Messi,https://fbref.com/en/players/d70ce98e/Lionel-Messi,2020-2021,2021-2022,La Liga,Ligue 1,Barcelona,Paris S-G,33,34,"FW,MF",3023.0,2153.0,0.8931524975190208,0.2508128193218765,-0.6423396781971443,0.26794574925570624,0.5852299117510451,0.31728416249533886,0.6579556731723454,0.4180213655364608,-0.23993430763588458,0.2828316242143566,0.3678588016720855,0.08502717745772892,,,,6.40092623221965,4.723641430562007,-1.6772848016576427,84.84948726430699,78.92243381328379,-5.927053451023198
Giovani Lo Celso,https://fbref.com/en/players/d7553721/Giovani-Lo-Celso,2020-2021,2021-2022,Premier League,La Liga,Tottenham,Villarreal,24,25,MF,945.0,994.0,0.09523809523809523,0.09054325955734406,-0.004694835680751172,0.09523809523809523,0.09054325955734406,-0.004694835680751172,0.13333333333333333,0.09959758551307848,-0.03373574782025485,0.09523809523809523,0.21730382293762576,0.12206572769953053,,,,2.0,2.9879275653923543,0.9879275653923543,68.47619047619048,59.034205231388334,-9.441985244802147
Willian José,https://fbref.com/en/players/d87e2cae/Willian-Jose,2020-2021,2021-2022,Premier League,La Liga,Wolves,Betis,28,29,FW,1110.0,1604.0,0.08108108108108107,0.44887780548628425,0.36779672440520317,0.0,0.22443890274314213,0.22443890274314213,0.12972972972972974,0.34226932668329174,0.212539596953562,0.09729729729729729,0.16832917705735662,0.07103187976005933,,,,0.9729729729729729,1.0099750623441397,0.03700208937116678,31.378378378378375,38.88403990024938,7.505661521871001
Diogo Dalot,https://fbref.com/en/players/d9565625/Diogo-Dalot,2020-2021,2021-2022,Serie A,Premier League,Milan,Manchester Utd,21,22,DF,1090.0,1801.0,0.08256880733944955,0.0,-0.08256880733944955,0.08256880733944955,0.0,-0.08256880733944955,0.03302752293577982,0.029983342587451414,-0.003044180348328405,0.07431192660550459,0.05996668517490283,-0.014345241430601764,,,,2.311926605504587,2.648528595224875,0.3366019897202879,63.825688073394495,71.06052193225985,7.2348338588653505
Jadon Sancho,https://fbref.com/en/players/dbf053da/Jadon-Sancho,2020-2021,2021-2022,Bundesliga,Premier League,Dortmund,Manchester Utd,20,21,"FW,MF",2062.0,1900.0,0.3491755577109602,0.14210526315789473,-0.20707029455306547,0.4801163918525703,0.14210526315789473,-0.3380111286946756,0.28806983511154216,0.1705263157894737,-0.11754351932206847,0.33608147429679924,0.19421052631578947,-0.14187094798100977,,,,4.975751697381183,5.257894736842105,0.2821430394609221,76.68768186226964,56.27368421052632,-20.413997651743323
Matheus Cunha,https://fbref.com/en/players/dc62b55d/Matheus-Cunha,2020-2021,2021-2022,Bundesliga,La Liga,Hertha BSC,Atlético Madrid,21,22,"FW,MF",2149.0,1063.0,0.2931596091205212,0.5079962370649106,0.2148366279443894,0.16751977664029782,0.3386641580432737,0.1711443814029759,0.35179153094462545,0.4910630291627469,0.13927149821812146,0.18845974872033505,0.18626528692380057,-0.002194461796534486,,,,3.8110749185667756,1.3546566321730948,-2.4564182863936805,47.91065611912518,32.34242709313264,-15.568229025992537
Cristiano Ronaldo,https://fbref.com/en/players/dea698d9/Cristiano-Ronaldo,2020-2021,2021-2022,Serie A,Premier League,Juventus,Manchester Utd,35,36,FW,2802.0,2456.0,0.9314775160599572,0.6596091205211727,-0.2718683955387845,0.06423982869379015,0.10993485342019545,0.0456950247264053,0.8897216274089935,0.6486156351791531,-0.24110599222984042,0.12205567451820128,0.10627035830618893,-0.015785316212012346,,,,4.946466809421842,2.455211726384365,-2.4912550830374767,46.3169164882227,42.80130293159609,-3.5156135566266116
Dejan Kulusevski,https://fbref.com/en/players/df3cda47/Dejan-Kulusevski,2020-2021,2021-2022,Serie A,Premier League,Juventus,Tottenham,20,21,"MF,FW",1923.0,1261.0,0.187207488299532,0.3568596352101507,0.1696521469106187,0.14040561622464898,0.570975416336241,0.43056980011159207,0.14040561622464898,0.19270420301348137,0.052298586788832396,0.29017160686427457,0.24266455194290246,-0.04750705492137211,,,,4.867394695787832,3.639968279143537,-1.227426416644295,47.83151326053042,45.89214908802538,-1.9393641725050443
Emerson,https://fbref.com/en/players/df8b52a5/Emerson,2020-2021,2021-2022,La Liga,Premier League,Betis,Tottenham,21,22,DF,2991.0,2286.0,0.03009027081243731,0.03937007874015748,0.009279807927720169,0.12036108324974924,0.03937007874015748,-0.08099100450959176,0.045135406218655964,0.05905511811023623,0.013919711891580262,0.08124373119358075,0.08661417322834647,0.005370442034765721,,,,2.738214643931795,2.677165354330709,-0.061049289601086354,71.07321965897692,69.48818897637796,-1.585030682598969
Imran Louza,https://fbref.com/en/players/e1df6989/Imran-Louza,2020-2021,2021-2022,Ligue 1,Premier League,Nantes,Watford,21,22,MF,2379.0,1416.0,0.2648171500630517,0.0,-0.2648171500630517,0.07566204287515763,0.0,-0.07566204287515763,0.21941992433795712,0.07627118644067797,-0.14314873789727917,0.06809583858764187,0.06991525423728814,0.0018194156496462721,,,,1.2484237074401008,1.0805084745762712,-0.1679152328638296,60.0,57.902542372881356,-2.0974576271186436
Alessandro Florenzi,https://fbref.com/en/players/e288d4b3/Alessandro-Florenzi,2020-2021,2021-2022,Ligue 1,Serie A,Paris S-G,Milan,29,30,DF,1538.0,1152.0,0.11703511053315994,0.15625,0.039214889466840055,0.05851755526657997,0.0,-0.05851755526657997,0.12873862158647595,0.05468749999999999,-0.07405112158647595,0.14044213263979194,0.0703125,-0.07012963263979194,,,,1.5799739921976592,2.34375,0.7637760078023408,66.00780234070221,72.265625,6.257822659297787
Ainsley Maitland-Niles,https://fbref.com/en/players/e3a5814e/Ainsley-Maitland-Niles,2020-2021,2021-2022,Premier League,Serie A,West Brom,Roma,22,23,MF,1230.0,487.0,0.0,0.0,0.0,0.0,0.0,0.0,0.04390243902439024,0.05544147843942505,0.011539039415034806,0.05121951219512195,0.1108829568788501,0.059663444683728147,,,,1.829268292682927,2.402464065708419,0.573195773025492,42.65853658536586,69.48665297741273,26.828116392046873
Achraf Hakimi,https://fbref.com/en/players/e42d61c7/Achraf-Hakimi,2020-2021,2021-2022,Serie A,Ligue 1,Inter,Paris S-G,21,22,DF,2665.0,2479.0,0.23639774859287055,0.14521984671238403,-0.09117790188048652,0.2701688555347092,0.21782977006857604,-0.05233908546613317,0.15872420262664166,0.09076240419524002,-0.06796179843140164,0.20938086303939962,0.1488503428801936,-0.060530520159206014,,,,3.8161350844277675,2.5776522791448166,-1.2384828052829508,62.37523452157598,75.80475998386446,13.429525462288474
Okay Yokuşlu,https://fbref.com/en/players/e49ce451/Okay-Yokuslu,2020-2021,2021-2022,Premier League,La Liga,West Brom,Getafe,26,27,MF,1317.0,465.0,0.0,0.0,0.0,0.0683371298405467,0.0,-0.0683371298405467,0.06150341685649203,0.058064516129032254,-0.0034389007274597747,0.04783599088838269,0.0,-0.04783599088838269,,,,0.3416856492027335,0.3870967741935484,0.0454111249908149,49.61275626423691,47.806451612903224,-1.806304651333683
Stefan Mitrović,https://fbref.com/en/players/e6777e6b/Stefan-Mitrovic,2020-2021,2021-2022,Ligue 1,La Liga,Strasbourg,Getafe,30,31,DF,2784.0,2667.0,0.06465517241379311,0.0,-0.06465517241379311,0.0,0.0,0.0,0.04202586206896552,0.006749156355455569,-0.03527670571350995,0.009698275862068966,0.0,-0.009698275862068966,,,,0.22629310344827586,0.06749156355455568,-0.15880153989372017,48.588362068965516,37.96400449943757,-10.624357569527945
Josuha Guilavogui,https://fbref.com/en/players/e6c43eec/Josuha-Guilavogui,2020-2021,2021-2022,Bundesliga,Ligue 1,Wolfsburg,Bordeaux,29,30,"MF,DF",747.0,1331.0,0.0,0.067618332081142,0.067618332081142,0.12048192771084336,0.067618332081142,-0.05286359562970136,0.048192771084337345,0.10142749812171299,0.05323472703737565,0.08433734939759036,0.054094665664913597,-0.03024268373267676,,,,0.24096385542168672,0.743801652892562,0.5028377974708752,65.18072289156626,66.73929376408715,1.5585708725208889
Amine Harit,https://fbref.com/en/players/e7d59f4f/Amine-Harit,2020-2021,2021-2022,Bundesliga,Ligue 1,Schalke 04,Marseille,23,24,"MF,FW",2101.0,1165.0,0.08567348881485007,0.30901287553648066,0.2233393867216306,0.21418372203712518,0.30901287553648066,0.09482915349935547,0.06425511661113756,0.19313304721030042,0.12887793059916286,0.21846739647786767,0.21630901287553647,-0.0021583836023311986,,,,3.5554497858162777,3.8626609442060085,0.3072111583897308,47.84864350309376,66.6695278969957,18.82088439390194
Alexander Sørloth,https://fbref.com/en/players/e92cd3f7/Alexander-Sorloth,2020-2021,2021-2022,Bundesliga,La Liga,RB Leipzig,Real Sociedad,24,25,FW,1443.0,1763.0,0.3118503118503118,0.20419739081111743,-0.10765292103919438,0.1871101871101871,0.0,-0.1871101871101871,0.39916839916839914,0.3011911514463982,-0.09797724772200095,0.16839916839916838,0.1735677821894498,0.005168613790281412,,,,2.6819126819126815,2.8077141236528647,0.12580144174018315,40.727650727650726,35.53034600113443,-5.197304726516293
Georginio Wijnaldum,https://fbref.com/en/players/eb58eef0/Georginio-Wijnaldum,2020-2021,2021-2022,Premier League,Ligue 1,Liverpool,Paris S-G,29,30,MF,2941.0,1653.0,0.061203672220333225,0.0544464609800363,-0.006757211240296927,0.0,0.16333938294010888,0.16333938294010888,0.0795647738864332,0.1088929219600726,0.0293281480736394,0.04284257055423325,0.09800362976406533,0.05516105920983208,,,,1.89731383883033,0.7078039927404719,-1.1895098460898579,61.35668140088406,48.13067150635209,-13.22600989453197
Álvaro Fernández,https://fbref.com/en/players/f127d782/Alvaro-Fernandez,2020-2021,2021-2022,La Liga,Premier League,Huesca,Brentford,22,23,GK,1980.0,1080.0,0.0,0.0,0.0,0.0,0.0,0.0,0.004545454545454546,0.0,-0.004545454545454546,0.0,0.0,0.0,,,,0.0,0.0,0.0,39.5,45.5,6.0
Hélder Costa,https://fbref.com/en/players/f13d02a6/Helder-Costa,2020-2021,2021-2022,Premier League,La Liga,Leeds United,Valencia,26,27,"MF,FW",1156.0,1118.0,0.23356401384083045,0.0,-0.23356401384083045,0.23356401384083045,0.08050089445438283,-0.15306311938644762,0.171280276816609,0.024150268336314847,-0.14713000848029417,0.046712802768166084,0.1449016100178891,0.09818880724972301,,,,3.65916955017301,3.13953488372093,-0.5196346664520801,38.693771626297575,37.432915921288014,-1.2608557050095612
Stevan Jovetić,https://fbref.com/en/players/f36c432f/Stevan-Jovetic,2020-2021,2021-2022,Ligue 1,Bundesliga,Monaco,Hertha BSC,30,31,"FW,MF",802.0,1017.0,0.6733167082294265,0.5309734513274336,-0.1423432569019929,0.0,0.08849557522123894,0.08849557522123894,0.6172069825436409,0.3893805309734513,-0.2278264515701896,0.06733167082294264,0.1415929203539823,0.07426124953103966,,,,3.366583541147132,2.47787610619469,-0.8887074349524418,55.88528678304239,43.36283185840708,-12.522454924635312
Pierre Lees-Melou,https://fbref.com/en/players/f5044e54/Pierre-Lees-Melou,2020-2021,2021-2022,Ligue 1,Premier League,Nice,Norwich City,27,28,MF,2063.0,2265.0,0.17450315075133302,0.03973509933774834,-0.13476805141358467,0.08725157537566651,0.0,-0.08725157537566651,0.20504120213281632,0.06357615894039735,-0.14146504319241898,0.03490063015026661,0.07549668874172184,0.040596058591455236,,,,1.6577799321376636,1.3112582781456954,-0.3465216539919682,63.78090159961222,50.264900662251655,-13.516000937360566
Tammy Abraham,https://fbref.com/en/players/f586779e/Tammy-Abraham,2020-2021,2021-2022,Premier League,Serie A,Chelsea,Roma,22,23,FW,1040.0,3084.0,0.5192307692307693,0.4961089494163424,-0.023121819814426847,0.08653846153846154,0.11673151750972763,0.030193055971266092,0.5105769230769232,0.6040856031128404,0.09350868003591728,0.06057692307692308,0.14007782101167315,0.07950089793475007,,,,1.0384615384615385,1.1964980544747081,0.1580365160131696,30.98076923076923,31.05058365758755,0.06981442681831851
Nehuén Pérez,https://fbref.com/en/players/f7c491f1/Nehuen-Perez,2020-2021,2021-2022,La Liga,Serie A,Granada,Udinese,20,21,DF,741.0,1692.0,0.0,0.0,0.0,0.0,0.05319148936170213,0.05319148936170213,0.08502024291497975,0.05851063829787234,-0.026509604617107413,0.0,0.031914893617021274,0.031914893617021274,,,,0.24291497975708504,0.851063829787234,0.6081488500301491,32.67206477732794,51.54255319148936,18.87048841416142
Héctor Bellerín,https://fbref.com/en/players/f874dd44/Hector-Bellerin,2020-2021,2021-2022,Premier League,La Liga,Arsenal,Betis,25,26,"DF,MF",2089.0,1979.0,0.0430828147438966,0.0,-0.0430828147438966,0.0861656294877932,0.09095502779181405,0.00478939830402085,0.03446625179511728,0.022738756947953513,-0.011727494847163768,0.10339875538535183,0.09550277918140476,-0.007895976203947067,,,,1.9818094782192435,1.9555330975240022,-0.026276380695241297,65.78745811393011,58.43860535624053,-7.348852757689585
Youssouf Sabaly,https://fbref.com/en/players/fbbb9269/Youssouf-Sabaly,2020-2021,2021-2022,Ligue 1,La Liga,Bordeaux,Betis,27,28,DF,2909.0,788.0,0.030938466827088347,0.0,-0.030938466827088347,0.061876933654176694,0.11421319796954314,0.05233626431536645,0.018563080096253008,0.011421319796954314,-0.007141760299298694,0.04640770024063252,0.05710659898477157,0.010698898744139054,,,,2.598831213475421,2.7411167512690353,0.1422855377936143,70.72533516672397,68.52791878172589,-2.1974163849980783
Mohamed Simakan,https://fbref.com/en/players/fcb27134/Mohamed-Simakan,2020-2021,2021-2022,Ligue 1,Bundesliga,Strasbourg,RB Leipzig,20,21,DF,1615.0,2009.0,0.05572755417956657,0.04479840716774514,-0.010929147011821426,0.05572755417956657,0.0,-0.05572755417956657,0.07244582043343654,0.04031856645097063,-0.032127253982465916,0.050154798761609914,0.0313588850174216,-0.018795913744188313,,,,1.0030959752321982,0.8511697361871577,-0.15192623904504043,56.6749226006192,73.37979094076655,16.704868340147357
Mike Maignan,https://fbref.com/en/players/fcb38f57/Mike-Maignan,2020-2021,2021-2022,Ligue 1,Serie A,Lille,Milan,25,26,GK,3420.0,2880.0,0.0,0.0,0.0,0.0,0.03125,0.03125,0.0,0.0,0.0,0.002631578947368421,0.0125,0.00986842105263158,,,,0.0,0.0,0.0,29.763157894736842,37.71875,7.9555921052631575
Thomas Delaney,https://fbref.com/en/players/fe641c1a/Thomas-Delaney,2020-2021,2021-2022,Bundesliga,La Liga,Dortmund,Sevilla,28,29,MF,1286.0,1549.0,0.06998444790046655,0.11620400258231116,0.046219554681844605,0.06998444790046655,0.05810200129115558,-0.011882446609310975,0.041990668740279936,0.06972240154938669,0.027731732809106756,0.013996889580093312,0.046481601032924466,0.032484711452831154,,,,0.3499222395023328,0.8134280180761781,0.46350577857384534,68.30482115085536,56.591349257585534,-11.713471893269826
Moussa Niakhate,https://fbref.com/en/players/00242715/Moussa-Niakhate,2021-2022,2022-2023,Bundesliga,Premier League,Mainz 05,Nott'ham Forest,25,26,DF,2567.0,1163.0,0.14024152707440593,0.0,-0.14024152707440593,0.0,0.0,0.0,0.13673548889754578,0.04643164230438521,-0.09030384659316057,0.01753019088430074,0.007738607050730869,-0.009791583833569872,,1.1607910576096303,,0.94663030775224,0.15477214101461736,-0.7918581667376227,65.38761199844176,40.85984522785898,-24.527766770582772
Anthony Caci,https://fbref.com/en/players/0118c54c/Anthony-Caci,2021-2022,2022-2023,Ligue 1,Bundesliga,Strasbourg,Mainz 05,24,25,DF,2395.0,2033.0,0.037578288100208766,0.08853910477127398,0.050960816671065216,0.1127348643006263,0.04426955238563699,-0.06846531191498931,0.03382045929018789,0.026561731431382192,-0.0072587278588057,0.15031315240083507,0.11510083620265618,-0.035212316198178883,,3.984259714707329,,2.44258872651357,0.8853910477127398,-1.5571976788008302,71.32359081419624,60.649286768322675,-10.674304045873562
Weston McKennie,https://fbref.com/en/players/01c3aff5/Weston-McKennie,2021-2022,2022-2023,Serie A,Premier League,Juventus,Leeds United,22,23,MF,1369.0,1437.0,0.19722425127830534,0.0,-0.19722425127830534,0.0,0.06263048016701461,0.06263048016701461,0.13805697589481375,0.05010438413361169,-0.08795259176120206,0.07888970051132213,0.043841336116910226,-0.035048364394411904,,5.135699373695198,,1.9722425127830534,0.8768267223382046,-1.0954157904448487,48.451424397370346,50.54279749478079,2.0913730974104467
Franck Kessié,https://fbref.com/en/players/05e19d6a/Franck-Kessie,2021-2022,2022-2023,Serie A,La Liga,Milan,Barcelona,24,25,MF,2308.0,990.0,0.2339688041594454,0.09090909090909091,-0.1430597132503545,0.0,0.09090909090909091,0.09090909090909091,0.17157712305025996,0.16363636363636364,-0.007940759413896326,0.06629116117850953,0.06363636363636363,-0.002654797542145898,,3.5454545454545454,,1.4038128249566724,1.2727272727272727,-0.13108555222939966,62.39168110918544,52.27272727272727,-10.118953836458168
Benoît Badiashile,https://fbref.com/en/players/06df8256/Benoit-Badiashile,2021-2022,2022-2023,Ligue 1,Premier League,Monaco,Chelsea,20,21,DF,1838.0,905.0,0.04896626768226333,0.09944751381215469,0.05048124612989136,0.0,0.0,0.0,0.07834602829162134,0.11933701657458563,0.0409909882829643,0.019586507072905334,0.049723756906077346,0.030137249833172012,,5.569060773480663,,0.7834602829162133,1.0939226519337018,0.31046236901748847,76.87704026115344,93.97790055248619,17.10086029133275
Matías Viña,https://fbref.com/en/players/08eb3b58/Matias-Vina,2021-2022,2022-2023,Serie A,Premier League,Roma,Bournemouth,23,24,"DF,FW",1565.0,458.0,0.0,0.39301310043668125,0.39301310043668125,0.05750798722044728,0.0,-0.05750798722044728,0.03450479233226837,0.17685589519650657,0.1423511028642382,0.06325878594249201,0.039301310043668124,-0.02395747589882389,,3.3406113537117905,,2.3578274760383384,1.9650655021834063,-0.39276197385493217,60.55591054313099,56.79039301310044,-3.76551753003055
Jonjoe Kenny,https://fbref.com/en/players/099e666f/Jonjoe-Kenny,2021-2022,2022-2023,Premier League,Bundesliga,Everton,Hertha BSC,24,25,DF,1018.0,2244.0,0.0,0.0,0.0,0.08840864440078584,0.040106951871657755,-0.04830169252912809,0.01768172888015717,0.012032085561497326,-0.005649643318659844,0.07072691552062868,0.08422459893048129,0.013497683409852607,,3.93048128342246,,0.7956777996070726,1.2032085561497325,0.4075307565426599,51.54223968565815,59.2379679144385,7.695728228780347
Breel Embolo,https://fbref.com/en/players/0b4f388a/Breel-Embolo,2021-2022,2022-2023,Bundesliga,Ligue 1,M'Gladbach,Monaco,24,25,FW,2166.0,1859.0,0.3739612188365651,0.5809575040344271,0.20699628519786206,0.12465373961218837,0.09682625067240452,-0.027827488939783845,0.3490304709141274,0.4115115653577192,0.06248109444359179,0.1952908587257618,0.15492200107584725,-0.04036885764991455,,2.5174825174825175,,1.5789473684210527,1.1619150080688543,-0.4170323603521984,34.61218836565097,34.2764927380312,-0.3356956276197707
Loïc Bade,https://fbref.com/en/players/114bbdee/Loic-Bade,2021-2022,2022-2023,Ligue 1,La Liga,Rennes,Sevilla,21,22,DF,985.0,1449.0,0.0,0.06211180124223602,0.06211180124223602,0.09137055837563451,0.0,-0.09137055837563451,0.027411167512690352,0.018633540372670804,-0.008777627140019548,0.04568527918781726,0.006211180124223602,-0.03947409906359366,,2.6086956521739126,,0.7309644670050761,0.43478260869565216,-0.29618185830942395,75.83756345177665,63.9751552795031,-11.862408172273547
Álvaro Morata,https://fbref.com/en/players/129af0db/Alvaro-Morata,2021-2022,2022-2023,Serie A,La Liga,Juventus,Atlético Madrid,28,29,FW,2302.0,1900.0,0.3518679409209383,0.6157894736842106,0.26392153276327224,0.15638575152041703,0.09473684210526316,-0.06164890941515387,0.34404865334491747,0.5589473684210526,0.21489871507613517,0.25803649000868806,0.09473684210526316,-0.16329964790342488,,0.8052631578947369,,2.5412684622067765,1.563157894736842,-0.9781105674699344,37.41529105125977,31.026315789473685,-6.388975261786086
Houboulang Mendes,https://fbref.com/en/players/1545cf15/Houboulang-Mendes,2021-2022,2022-2023,Ligue 1,La Liga,Lorient,Almería,23,24,DF,3220.0,886.0,0.0,0.0,0.0,0.027950310559006212,0.10158013544018057,0.07362982488117437,0.027950310559006212,0.0,-0.027950310559006212,0.04472049689440994,0.030474040632054174,-0.014246456262355767,,1.8284424379232505,,1.565217391304348,1.8284424379232505,0.26322504661890256,51.7639751552795,44.28893905191873,-7.475036103360772
Luiz Felipe,https://fbref.com/en/players/15d0c248/Luiz-Felipe,2021-2022,2022-2023,Serie A,La Liga,Lazio,Betis,24,25,DF,2491.0,1763.0,0.0,0.0,0.0,0.0,0.0,0.0,0.010839020473705338,0.01020986954055587,-0.0006291509331494676,0.007226013649136893,0.015314804310833806,0.008088790661696913,,2.144072603516733,,0.4335608189482136,0.05104934770277936,-0.3825114712454342,75.114411882778,57.63471355643789,-17.479698326340113
Callum Hudson-Odoi,https://fbref.com/en/players/15f3ec41/Callum-Hudson-Odoi,2021-2022,2022-2023,Premier League,Bundesliga,Chelsea,Leverkusen,20,21,"MF,FW",962.0,605.0,0.09355509355509356,0.0,-0.09355509355509356,0.18711018711018712,0.1487603305785124,-0.03834985653167472,0.2338877338877339,0.02975206611570248,-0.20413566777203143,0.19646569646569648,0.11900826446280992,-0.07745743200288656,,4.6115702479338845,,6.268191268191268,4.462809917355372,-1.805381350835896,46.4968814968815,42.84297520661157,-3.65390629026993
Aaron Hickey,https://fbref.com/en/players/1780bb4a/Aaron-Hickey,2021-2022,2022-2023,Serie A,Premier League,Bologna,Brentford,19,20,DF,2820.0,1916.0,0.1595744680851064,0.0,-0.1595744680851064,0.03191489361702128,0.04697286012526096,0.015057966508239679,0.028723404255319152,0.018789144050104387,-0.009934260205214766,0.057446808510638304,0.018789144050104387,-0.03865766446053392,,3.804801670146138,,1.819148936170213,1.9258872651356995,0.10673832896548663,51.12765957446809,48.28810020876827,-2.83955936569982
Antonio Rüdiger,https://fbref.com/en/players/18b896d6/Antonio-Rudiger,2021-2022,2022-2023,Premier League,La Liga,Chelsea,Real Madrid,28,29,DF,3035.0,2415.0,0.08896210873146623,0.037267080745341616,-0.05169502798612462,0.0,0.0,0.0,0.06820428336079078,0.06708074534161491,-0.0011235380191758626,0.020757825370675453,0.003726708074534162,-0.01703111729614129,,2.198757763975155,,1.601317957166392,0.782608695652174,-0.8187092615142181,83.62438220757825,67.6024844720497,-16.021897735528555
André Gomes,https://fbref.com/en/players/1961b2aa/Andre-Gomes,2021-2022,2022-2023,Premier League,Ligue 1,Everton,Lille,28,29,MF,619.0,1629.0,0.0,0.16574585635359115,0.16574585635359115,0.14539579967689822,0.11049723756906077,-0.034898562107837455,0.10177705977382874,0.06077348066298342,-0.04100357911084532,0.029079159935379646,0.06629834254143646,0.03721918260605682,,8.83977900552486,,0.8723747980613893,1.43646408839779,0.5640892903364007,54.668820678513725,83.97790055248618,29.30907987397245
Ángel Di María,https://fbref.com/en/players/19cda00b/Angel-Di-Maria,2021-2022,2022-2023,Ligue 1,Serie A,Paris S-G,Juventus,33,34,FW,1645.0,1363.0,0.2735562310030395,0.26412325752017607,-0.009432973482863427,0.3829787234042553,0.26412325752017607,-0.11885546588407925,0.2954407294832827,0.20469552457813647,-0.09074520490514623,0.3829787234042553,0.2971386647101981,-0.0858400586940572,,6.3389581804842265,,4.048632218844984,3.697725605282465,-0.3509066135625192,76.59574468085106,56.19222303741746,-20.403521643433592
Andreas Christensen,https://fbref.com/en/players/1cb49278/Andreas-Christensen,2021-2022,2022-2023,Premier League,La Liga,Chelsea,Barcelona,25,26,DF,1496.0,1760.0,0.0,0.05113636363636363,0.05113636363636363,0.0,0.05113636363636363,0.05113636363636363,0.03609625668449198,0.05113636363636363,0.015040106951871655,0.012032085561497326,0.025568181818181816,0.01353609625668449,,4.653409090909091,,0.8422459893048128,0.9204545454545454,0.07820855614973266,88.85695187165774,84.47727272727272,-4.3796791443850225
Erling Haaland,https://fbref.com/en/players/1f44ac21/Erling-Haaland,2021-2022,2022-2023,Bundesliga,Premier League,Dortmund,Manchester City,21,22,FW,1911.0,2769.0,1.0361067503924646,1.1700975081256773,0.13399075773321267,0.3767660910518053,0.2600216684723727,-0.11674442257943263,0.8430141287284143,0.923076923076923,0.08006279434850871,0.2543171114599686,0.1722643553629469,-0.0820527560970217,,1.8851570964247022,,1.8838304552590266,1.1375947995666307,-0.7462356556923959,33.01412872841444,24.799566630552548,-8.214562097861894
Kieran Trippier,https://fbref.com/en/players/21512407/Kieran-Trippier,2021-2022,2022-2023,La Liga,Premier League,Atlético Madrid,Newcastle Utd,30,31,"DF,FW",976.0,3341.0,0.0,0.02693804250224484,0.02693804250224484,0.0,0.18856629751571388,0.18856629751571388,0.009221311475409836,0.024244238252020354,0.015022926776610518,0.027663934426229504,0.334031727027836,0.3063677926016065,,7.003891050583658,,1.290983606557377,1.2122119126010178,-0.07877169395635919,79.48770491803278,83.56180784196349,4.07410292393071
Mikkel Damsgaard,https://fbref.com/en/players/215f3907/Mikkel-Damsgaard,2021-2022,2022-2023,Serie A,Premier League,Sampdoria,Brentford,21,22,"MF,FW",578.0,988.0,0.0,0.0,0.0,0.0,0.0,0.0,0.09342560553633217,0.2368421052631579,0.14341649972682574,0.07785467128027682,0.12753036437246962,0.0496756930921928,,4.008097165991903,,1.7128027681660898,0.819838056680162,-0.8929647114859278,54.80968858131487,48.188259109311744,-6.621429472003129
Jean-Victor Makengo,https://fbref.com/en/players/22bfb57e/Jean-Victor-Makengo,2021-2022,2022-2023,Serie A,Ligue 1,Udinese,Lorient,23,24,MF,2351.0,1064.0,0.038281582305401955,0.0,-0.038281582305401955,0.11484474691620586,0.0,-0.11484474691620586,0.11484474691620586,0.008458646616541353,-0.1063861002996645,0.0842194810718843,0.042293233082706765,-0.04192624798917754,,3.552631578947368,,2.1054870267971073,1.9454887218045112,-0.15999830499259615,41.0761378136963,55.150375939849624,14.074238126153325
Nahuel Molina,https://fbref.com/en/players/23610943/Nahuel-Molina,2021-2022,2022-2023,Serie A,La Liga,Udinese,Atlético Madrid,23,24,DF,2638.0,2867.0,0.23881728582259287,0.12556679455877223,-0.11325049126382064,0.06823351023502654,0.06278339727938612,-0.005450112955640421,0.12964366944655042,0.08161841646320196,-0.04802525298334846,0.1262319939347991,0.12242762469480294,-0.0038043692399961776,,3.5158702476456227,,2.0811220621683093,2.2915940006975934,0.21047193852928414,51.44806671721001,69.97209626787583,18.524029550665816
Boulaye Dia,https://fbref.com/en/players/244bc2c8/Boulaye-Dia,2021-2022,2022-2023,La Liga,Serie A,Villarreal,Salernitana,24,25,FW,1269.0,2518.0,0.3546099290780142,0.5718824463860207,0.2172725173080065,0.3546099290780142,0.21445591739475775,-0.14015401168325645,0.3829787234042554,0.3145353455123114,-0.06844337789194399,0.1702127659574468,0.1108022239872915,-0.0594105419701553,,1.7871326449563145,,1.5602836879432624,1.715647339158062,0.15536365121479956,26.666666666666668,31.632247815726767,4.9655811490601
Junior Sambia,https://fbref.com/en/players/24eb7ed6/Junior-Sambia,2021-2022,2022-2023,Ligue 1,Serie A,Montpellier,Salernitana,24,25,"DF,FW",1533.0,697.0,0.05870841487279843,0.0,-0.05870841487279843,0.0,0.1291248206599713,0.1291248206599713,0.09393346379647749,0.07747489239598278,-0.016458571400494712,0.041095890410958895,0.2065997130559541,0.1655038226449952,,3.486370157819225,,3.170254403131115,2.96987087517934,-0.20038352795177516,54.18786692759295,65.07890961262554,10.891042685032588
Nayef Aguerd,https://fbref.com/en/players/288e1e13/Nayef-Aguerd,2021-2022,2022-2023,Ligue 1,Premier League,Rennes,West Ham,25,26,DF,2735.0,1595.0,0.06581352833638025,0.11285266457680251,0.04703913624042226,0.06581352833638025,0.0,-0.06581352833638025,0.06910420475319927,0.12413793103448277,0.0550337262812835,0.009872029250457038,0.02821316614420063,0.01834113689374359,,1.4106583072100314,,0.3619744058500914,0.11285266457680251,-0.24912174127328887,81.24680073126143,53.54858934169279,-27.69821138956864
Marin Pongračić,https://fbref.com/en/players/2a6cd437/Marin-Pongracic,2021-2022,2022-2023,Bundesliga,Serie A,Dortmund,Lecce,23,24,DF,827.0,790.0,0.0,0.0,0.0,0.0,0.0,0.0,0.0,0.0,0.0,0.0,0.01139240506329114,0.01139240506329114,,2.1645569620253164,,0.7617896009673519,0.34177215189873417,-0.42001744906861777,79.87908101571948,49.55696202531645,-30.322118990403027
Moussa Sissoko,https://fbref.com/en/players/2acd49b9/Moussa-Sissoko,2021-2022,2022-2023,Premier League,Ligue 1,Watford,Nantes,31,32,MF,3220.0,1918.0,0.055900621118012424,0.09384775808133473,0.03794713696332231,0.027950310559006212,0.0,-0.027950310559006212,0.10621118012422359,0.11261730969760167,0.006406129573378078,0.08664596273291926,0.04223149113660063,-0.04441447159631863,,4.927007299270073,,1.4254658385093166,1.548488008342023,0.12302216983270631,43.43478260869565,45.18769551616267,1.7529129074670209
Tyler Adams,https://fbref.com/en/players/2b09d998/Tyler-Adams,2021-2022,2022-2023,Bundesliga,Premier League,RB Leipzig,Leeds United,22,23,MF,1351.0,2156.0,0.0,0.0,0.0,0.06661732050333087,0.0,-0.06661732050333087,0.013323464100666173,0.004174397031539889,-0.009149067069126285,0.05995558845299778,0.05844155844155844,-0.001514030011439342,,5.6771799628942485,,1.3323464100666174,0.7931354359925789,-0.5392109740740385,70.74759437453739,67.95918367346938,-2.7884107010680026
Mario Lemina,https://fbref.com/en/players/2b471f99/Mario-Lemina,2021-2022,2022-2023,Ligue 1,Premier League,Nice,Wolves,27,28,MF,1967.0,1299.0,0.09150991357397052,0.0,-0.09150991357397052,0.0,0.06928406466512702,0.06928406466512702,0.09150991357397052,0.020785219399538105,-0.07072469417443242,0.018301982714794104,0.020785219399538105,0.002483236684744001,,2.9099307159353347,,1.6014234875444842,0.4157043879907621,-1.1857190995537221,65.4753431621759,55.01154734411085,-10.463795818065051
Alexis Sánchez,https://fbref.com/en/players/2c0f8e9e/Alexis-Sanchez,2021-2022,2022-2023,Serie A,Ligue 1,Inter,Marseille,32,33,FW,881.0,2679.0,0.510783200908059,0.47032474804031354,-0.04045845286774541,0.2043132803632236,0.1007838745800672,-0.1035294057831564,0.4392735527809307,0.4232922732362822,-0.015981279544648508,0.2043132803632236,0.1948488241881299,-0.0094644561750937,,4.2665173572228445,,2.2474460839954595,1.4109742441209407,-0.8364718398745188,57.718501702610666,41.45576707726764,-16.26273462534303
Armand Lauriente,https://fbref.com/en/players/2d22cea7/Armand-Lauriente,2021-2022,2022-2023,Ligue 1,Serie A,Lorient,Sassuolo,22,23,"FW,MF",2477.0,2175.0,0.21800565199838515,0.28965517241379307,0.07164952041540792,0.07266855066612839,0.2482758620689655,0.17560731140283714,0.27250706499798144,0.19448275862068964,-0.0780243063772918,0.14533710133225677,0.25655172413793104,0.11121462280567426,,3.7241379310344827,,3.233750504642713,5.255172413793103,2.0214219091503898,38.25999192571659,45.51724137931034,7.257249453593751
Ozan Kabak,https://fbref.com/en/players/2d61d13a/Ozan-Kabak,2021-2022,2022-2023,Premier League,Bundesliga,Norwich City,Hoffenheim,21,22,DF,922.0,2388.0,0.0,0.07537688442211055,0.07537688442211055,0.0,0.07537688442211055,0.07537688442211055,0.02928416485900217,0.048994974874371856,0.019710810015369687,0.0,0.048994974874371856,0.048994974874371856,,2.8643216080402008,,0.8785249457700651,0.8668341708542713,-0.011690774915793845,51.93058568329718,59.849246231155774,7.918660547858593
Harry Winks,https://fbref.com/en/players/2f7acede/Harry-Winks,2021-2022,2022-2023,Premier League,Serie A,Tottenham,Sampdoria,25,26,MF,912.0,1716.0,0.0,0.0,0.0,0.09868421052631579,0.0,-0.09868421052631579,0.00986842105263158,0.031468531468531465,0.021600110415899883,0.1480263157894737,0.06818181818181819,-0.07984449760765551,,6.136363636363637,,0.986842105263158,0.9965034965034966,0.009661391240338602,75.78947368421053,58.58391608391609,-17.205557600294448
Zeki Çelik,https://fbref.com/en/players/31a62dc7/Zeki-Celik,2021-2022,2022-2023,Ligue 1,Serie A,Lille,Roma,24,25,DF,2696.0,1504.0,0.06676557863501484,0.0,-0.06676557863501484,0.10014836795252226,0.05984042553191489,-0.04030794242060737,0.036721068249258165,0.017952127659574466,-0.0187689405896837,0.06008902077151335,0.09574468085106383,0.035655660079550476,,4.009308510638298,,2.4035608308605343,2.0345744680851063,-0.36898636277542796,69.3026706231454,65.94414893617021,-3.3585216869751946
Raphinha,https://fbref.com/en/players/3423f250/Raphinha,2021-2022,2022-2023,Premier League,La Liga,Leeds United,Barcelona,24,25,"FW,MF",2915.0,2072.0,0.339622641509434,0.30405405405405406,-0.03556858745537994,0.09262435677530018,0.30405405405405406,0.21142969727875388,0.3149228130360206,0.403957528957529,0.08903471592150841,0.23156089193825044,0.4256756756756757,0.19411478373742527,,4.517374517374518,,2.7478559176672386,4.213320463320463,1.4654645456532247,55.45111492281304,69.32432432432432,13.873209401511282
Sekou Mara,https://fbref.com/en/players/3544641e/Sekou-Mara,2021-2022,2022-2023,Ligue 1,Premier League,Bordeaux,Southampton,19,20,"FW,MF",905.0,555.0,0.5966850828729282,0.16216216216216214,-0.43452292071076604,0.0,0.3243243243243243,0.3243243243243243,0.507182320441989,0.16216216216216214,-0.3450201582798268,0.06961325966850829,0.12972972972972974,0.06011647006122145,,1.135135135135135,,0.6961325966850829,1.135135135135135,0.4390025384500522,34.408839779005525,35.83783783783784,1.4289980588323132
Luca Pellegrini,https://fbref.com/en/players/3b61c9ec/Luca-Pellegrini,2021-2022,2022-2023,Serie A,Bundesliga,Juventus,Eint Frankfurt,22,23,DF,1107.0,557.0,0.0,0.0,0.0,0.08130081300813008,0.0,-0.08130081300813008,0.024390243902439022,0.09694793536804308,0.07255769146560406,0.1382113821138211,0.12926391382405744,-0.008947468289763671,,3.5547576301615798,,1.7073170731707317,3.0700179533213645,1.3627008801506328,65.04065040650406,83.05206463195691,18.011414225452853
Ivo Grbić,https://fbref.com/en/players/3f034750/Ivo-Grbic,2021-2022,2022-2023,Ligue 1,La Liga,Lille,Atlético Madrid,25,26,GK,1890.0,922.0,0.0,0.0,0.0,0.0,0.0,0.0,0.0,0.0,0.0,0.0,0.0,0.0,,0.0,,0.0,0.0,0.0,29.857142857142858,35.23861171366595,5.381468856523089
Mathías Olivera,https://fbref.com/en/players/41c12f75/Mathias-Olivera,2021-2022,2022-2023,La Liga,Serie A,Getafe,Napoli,23,24,DF,2803.0,1643.0,0.03210845522654299,0.10955569080949482,0.07744723558295183,0.09632536567962896,0.10955569080949482,0.013230325129865855,0.07706029254370317,0.038344491783323185,-0.03871580076037998,0.07706029254370317,0.11503347534996956,0.037973182806266395,,4.820450395617772,,2.343917231537638,3.2866707242848445,0.9427534927472063,59.68961826614341,86.98721850273888,27.29760023659547
Jonathan Ikone,https://fbref.com/en/players/42eaa028/Jonathan-Ikone,2021-2022,2022-2023,Ligue 1,Serie A,Lille,Fiorentina,23,24,"MF,FW",1062.0,2007.0,0.0847457627118644,0.17937219730941703,0.09462643459755263,0.0,0.17937219730941703,0.17937219730941703,0.17796610169491525,0.18385650224215244,0.00589040054723719,0.1864406779661017,0.16591928251121077,-0.02052139545489093,,3.004484304932735,,2.8813559322033897,3.7219730941704037,0.840617161967014,48.813559322033896,41.30044843049327,-7.513110891540627
Malang Sarr,https://fbref.com/en/players/4315f30d/Malang-Sarr,2021-2022,2022-2023,Premier League,Ligue 1,Chelsea,Monaco,22,23,DF,546.0,716.0,0.0,0.0,0.0,0.0,0.0,0.0,0.0,0.0,0.0,0.06593406593406594,0.0,-0.06593406593406594,,7.416201117318436,,1.4835164835164836,0.6284916201117319,-0.8550248634047517,91.48351648351648,74.16201117318435,-17.321505310332128
Ander Herrera,https://fbref.com/en/players/436a9dd0/Ander-Herrera,2021-2022,2022-2023,Ligue 1,La Liga,Paris S-G,Athletic Club,31,32,MF,1091.0,697.0,0.24747937671860679,0.0,-0.24747937671860679,0.16498625114573787,0.1291248206599713,-0.035861430485766566,0.06599450045829515,0.06456241032998565,-0.0014320901283094989,0.1154903758020165,0.11621233859397417,0.0007219627919576727,,5.164992826398852,,0.9074243813015582,1.0329985652797704,0.12557418397821218,97.67186067827681,69.72740315638451,-27.944457521892303
Ludovic Ajorque,https://fbref.com/en/players/462475ed/Ludovic-Ajorque,2021-2022,2022-2023,Ligue 1,Bundesliga,Strasbourg,Mainz 05,27,28,FW,2738.0,1211.0,0.3944485025566107,0.4459124690338563,0.051463966477245604,0.26296566837107377,0.07431874483897605,-0.18864692353209772,0.34842951059167276,0.3418662262592898,-0.006563284332382957,0.23009495982468955,0.1263418662262593,-0.10375309359843027,,2.303881090008258,,0.6902848794740687,0.37159372419488024,-0.31869115527918845,40.49671292914536,41.24690338563171,0.7501904564863509
El Bilal Touré,https://fbref.com/en/players/47c609d5/El-Bilal-Toure,2021-2022,2022-2023,Ligue 1,La Liga,Reims,Almería,19,20,FW,1194.0,1264.0,0.1507537688442211,0.49841772151898733,0.34766395267476624,0.3015075376884422,0.14240506329113925,-0.15910247439730293,0.3090452261306532,0.4485759493670886,0.1395307232364354,0.12814070351758794,0.09256329113924051,-0.035577412378347426,,0.9968354430379747,,1.658291457286432,1.2816455696202531,-0.3766458876661789,36.859296482412056,28.979430379746837,-7.879866102665218
Ruslan Malinovskyi,https://fbref.com/en/players/48d5bd33/Ruslan-Malinovskyi,2021-2022,2022-2023,Serie A,Ligue 1,Atalanta,Marseille,28,29,"MF,FW",1592.0,1227.0,0.33919597989949746,0.07334963325183375,-0.2658463466476637,0.28266331658291455,0.07334963325183375,-0.2093136833310808,0.1865577889447236,0.1687041564792176,-0.017853632465506003,0.3335427135678392,0.17603911980440098,-0.15750359376343823,,4.69437652811736,,3.3354271356783918,2.567237163814181,-0.7681899718642109,65.63442211055276,51.198044009779956,-14.436378100772806
Timo Werner,https://fbref.com/en/players/49fe9070/Timo-Werner,2021-2022,2022-2023,Premier League,Bundesliga,Chelsea,RB Leipzig,25,26,"FW,MF",1283.0,1937.0,0.2805923616523772,0.4181724315952504,0.1375800699428732,0.0701480904130943,0.13939081053175012,0.06924272011865581,0.4770070148090413,0.4228187919463087,-0.05418822286273256,0.021044427123928292,0.14403717088280849,0.1229927437588802,,2.369643779039752,,3.226812159002338,3.0201342281879193,-0.20667793081441888,38.58144972720187,42.00309757356737,3.4216478463655022
Jordan Veretout,https://fbref.com/en/players/4a56052c/Jordan-Veretout,2021-2022,2022-2023,Serie A,Ligue 1,Roma,Marseille,28,29,MF,2319.0,2863.0,0.1552393272962484,0.12574222843171498,-0.029497098864533416,0.3104786545924968,0.09430667132378624,-0.21617198326871057,0.17852522639068563,0.1225986727209221,-0.055926553669763526,0.20957309184993533,0.11945511701012923,-0.0901179748398061,,7.796018162766329,,1.9016817593790427,1.854697869367796,-0.0469838900112467,62.75549805950841,74.6908836884387,11.935385628930291
Oriol Romeu,https://fbref.com/en/players/4b511457/Oriol-Romeu,2021-2022,2022-2023,Premier League,La Liga,Southampton,Girona,29,30,MF,2889.0,2950.0,0.06230529595015576,0.06101694915254237,-0.0012883467976133947,0.06230529595015576,0.0,-0.06230529595015576,0.04361370716510903,0.05491525423728814,0.011301547072179105,0.09034267912772585,0.02745762711864407,-0.06288505200908179,,4.057627118644068,,1.1838006230529594,0.4576271186440678,-0.7261735044088916,62.80373831775701,59.552542372881355,-3.251195944875654
Justin Kluivert,https://fbref.com/en/players/4c3a6744/Justin-Kluivert,2021-2022,2022-2023,Ligue 1,La Liga,Nice,Valencia,22,23,MF,1868.0,1447.0,0.19271948608137043,0.3731859018659295,0.18046641578455905,0.24089935760171305,0.0,-0.24089935760171305,0.1349036402569593,0.4105044920525224,0.27560085179556304,0.2360813704496788,0.1492743607463718,-0.08680700970330701,,2.052522460262612,,3.9989293361884366,3.607463718037318,-0.39146561815111847,43.265524625267666,36.26123013130615,-7.004294493961517
Casemiro,https://fbref.com/en/players/4d224fe8/Casemiro,2021-2022,2022-2023,La Liga,Premier League,Real Madrid,Manchester Utd,29,30,MF,2569.0,2124.0,0.03503308680420397,0.1694915254237288,0.13445843861952483,0.10509926041261192,0.1271186440677966,0.022019383655184688,0.08758271701050993,0.14406779661016947,0.05648507959965954,0.09809264305177111,0.1313559322033898,0.033263289151618705,,6.440677966101695,,0.8057609964966913,0.5932203389830508,-0.21254065751364049,82.46788633709615,74.4915254237288,-7.976360913367344
Aurélien Tchouaméni,https://fbref.com/en/players/4f255115/Aurelien-Tchouameni,2021-2022,2022-2023,Ligue 1,La Liga,Monaco,Real Madrid,21,22,MF,2929.0,2119.0,0.09218163195629908,0.0,-0.09218163195629908,0.06145442130419938,0.16989145823501653,0.10843703693081715,0.06145442130419938,0.07645115620575743,0.014996734901558048,0.08603618982587913,0.0934403020292591,0.00740411220337997,,6.0311467673430865,,1.4441789006486856,1.7413874469089192,0.29720854626023363,76.38784568111984,84.52100047192071,8.133154790800873
Clément Lenglet,https://fbref.com/en/players/4f28a6ff/Clement-Lenglet,2021-2022,2022-2023,La Liga,Premier League,Barcelona,Tottenham,26,27,DF,826.0,2019.0,0.0,0.0,0.0,0.10895883777239711,0.08915304606240713,-0.019805791709989973,0.02179176755447942,0.04457652303120357,0.022784755476724147,0.03268765133171913,0.02674591381872214,-0.005941737512996991,,3.789004457652303,,2.070217917675545,1.4710252600297176,-0.5991926576458273,97.30024213075062,74.26448736998515,-23.03575476076547
Felipe,https://fbref.com/en/players/51a3c4c8/Felipe,2021-2022,2022-2023,La Liga,Premier League,Atlético Madrid,Nott'ham Forest,32,33,DF,1504.0,1418.0,0.11968085106382978,0.0,-0.11968085106382978,0.05984042553191489,0.06346967559943582,0.003629250067520934,0.04188829787234042,0.07616361071932298,0.03427531284698256,0.023936170212765957,0.057122708039492244,0.03318653782672629,,1.396332863187588,,0.29920212765957444,0.19040902679830746,-0.10879310086126698,57.74601063829787,50.64880112834979,-7.09720950994808
Thilo Kehrer,https://fbref.com/en/players/51dbeea9/Thilo-Kehrer,2021-2022,2022-2023,Ligue 1,Premier League,Paris S-G,West Ham,24,25,DF,1513.0,2230.0,0.11896893588896233,0.0,-0.11896893588896233,0.0,0.08071748878923767,0.08071748878923767,0.059484467944481166,0.020179372197309416,-0.03930509574717175,0.0,0.024215246636771298,0.024215246636771298,,2.42152466367713,,0.7732980832782552,0.6053811659192825,-0.16791691735897274,80.30403172504957,53.87892376681614,-26.425107958233426
Edinson Cavani,https://fbref.com/en/players/527f063d/Edinson-Cavani,2021-2022,2022-2023,Premier League,La Liga,Manchester Utd,Valencia,34,35,FW,766.0,1449.0,0.2349869451697128,0.3105590062111801,0.0755720610414673,0.1174934725848564,0.12422360248447203,0.006730129899615633,0.39947780678851175,0.37267080745341613,-0.026806999335095616,0.14099216710182766,0.10559006211180123,-0.035402104990026426,,1.2422360248447204,,0.2349869451697128,0.49689440993788814,0.26190746476817534,35.0130548302872,29.565217391304344,-5.447837438982859
Kevin Schade,https://fbref.com/en/players/52afb588/Kevin-Schade,2021-2022,2022-2023,Bundesliga,Premier League,Freiburg,Brentford,19,20,"MF,FW",831.0,732.0,0.43321299638989175,0.0,-0.43321299638989175,0.10830324909747294,0.12295081967213116,0.014647570574658222,0.22743682310469318,0.2581967213114754,0.030759898206782238,0.09747292418772564,0.13524590163934427,0.03777297745161863,,1.8442622950819674,,2.4909747292418776,2.9508196721311477,0.45984494288927014,38.014440433213,35.778688524590166,-2.235751908622831
Kasper Schmeichel,https://fbref.com/en/players/53af52f3/Kasper-Schmeichel,2021-2022,2022-2023,Premier League,Ligue 1,Leicester City,Nice,34,35,GK,3330.0,3240.0,0.0,0.0,0.0,0.0,0.0,0.0,0.0,0.0,0.0,0.0,0.011111111111111112,0.011111111111111112,,0.0,,0.02702702702702703,0.0,-0.02702702702702703,37.45945945945946,34.94444444444444,-2.515015015015017
Nadiem Amiri,https://fbref.com/en/players/555d5edd/Nadiem-Amiri,2021-2022,2022-2023,Serie A,Bundesliga,Genoa,Leverkusen,24,25,"MF,FW",683.0,977.0,0.0,0.36847492323439096,0.36847492323439096,0.13177159590043924,0.09211873080859774,-0.0396528650918415,0.11859443631039532,0.1750255885363357,0.05643115222594039,0.27672035139092244,0.10133060388945753,-0.1753897475014649,,5.066530194472876,,2.240117130307467,2.763561924257932,0.523444793950465,52.972181551976576,57.482088024564995,4.509906472588419
Nicolas Pépé,https://fbref.com/en/players/57e3f0c7/Nicolas-Pepe,2021-2022,2022-2023,Premier League,Ligue 1,Arsenal,Nice,26,27,"FW,MF",696.0,1495.0,0.12931034482758622,0.3612040133779264,0.2318936685503402,0.25862068965517243,0.0,-0.25862068965517243,0.33620689655172414,0.48762541806020065,0.1514185215084765,0.21982758620689655,0.1565217391304348,-0.06330584707646175,,3.190635451505017,,2.586206896551724,2.8896321070234112,0.303425210471687,65.6896551724138,55.264214046822744,-10.42544112559105
Tanguy Nianzou,https://fbref.com/en/players/5853ac44/Tanguy-Nianzou,2021-2022,2022-2023,Bundesliga,La Liga,Bayern Munich,Sevilla,19,20,DF,582.0,1366.0,0.15463917525773196,0.06588579795021962,-0.08875337730751234,0.15463917525773196,0.0,-0.15463917525773196,0.061855670103092786,0.03294289897510981,-0.028912771127982975,0.23195876288659795,0.0,-0.23195876288659795,,4.3484626647144955,,0.9278350515463918,0.2635431918008785,-0.6642918597455133,93.71134020618557,58.901903367496345,-34.80943683868922
Predrag Rajković,https://fbref.com/en/players/58ad9383/Predrag-Rajkovic,2021-2022,2022-2023,Ligue 1,La Liga,Reims,Mallorca,25,26,GK,3420.0,3240.0,0.0,0.0,0.0,0.0,0.0,0.0,0.0,0.0,0.0,0.0,0.013888888888888888,0.013888888888888888,,0.08333333333333333,,0.0,0.0,0.0,35.94736842105263,35.666666666666664,-0.2807017543859658
Serge Aurier,https://fbref.com/en/players/5c2b4f07/Serge-Aurier,2021-2022,2022-2023,La Liga,Premier League,Villarreal,Nott'ham Forest,28,29,DF,1010.0,1943.0,0.0,0.04632012352032939,0.04632012352032939,0.08910891089108912,0.0,-0.08910891089108912,0.0712871287128713,0.03705609881626351,-0.034231029896607784,0.12475247524752475,0.04632012352032939,-0.07843235172719537,,3.2887287699433867,,1.8712871287128714,1.7138445702521874,-0.157442558460684,76.45544554455446,57.34431291816778,-19.111132626386684
Tanguy Ndombele,https://fbref.com/en/players/5cdddffa/Tanguy-Ndombele,2021-2022,2022-2023,Ligue 1,Serie A,Lyon,Napoli,24,25,MF,701.0,807.0,0.0,0.11152416356877323,0.11152416356877323,0.25677603423680456,0.0,-0.25677603423680456,0.02567760342368046,0.11152416356877323,0.08584656014509277,0.21825962910128388,0.055762081784386616,-0.16249754731689725,,5.799256505576208,,1.6690442225392297,3.0111524163568775,1.3421081938176478,79.0870185449358,76.39405204460967,-2.6929665003261363
Axel Witsel,https://fbref.com/en/players/5dfc6ad5/Axel-Witsel,2021-2022,2022-2023,Bundesliga,La Liga,Dortmund,Atlético Madrid,32,33,"MF,DF",1941.0,2258.0,0.09273570324574962,0.0,-0.09273570324574962,0.0,0.0,0.0,0.03709428129829985,0.02391496899911426,-0.013179312299185592,0.03245749613601236,0.02391496899911426,-0.008542527136898105,,3.2683790965456154,,0.46367851622874806,0.2391496899911426,-0.22452882623760545,69.13446676970634,60.62444641275465,-8.510020356951685
Romelu Lukaku,https://fbref.com/en/players/5eae500a/Romelu-Lukaku,2021-2022,2022-2023,Premier League,Serie A,Chelsea,Inter,28,29,FW,1589.0,1660.0,0.45311516677155445,0.5421686746987953,0.08905350792724082,0.0,0.32530120481927716,0.32530120481927716,0.3738200125865324,0.4879518072289157,0.11413179464238327,0.1699181875393329,0.22228915662650603,0.05237096908717312,,2.2228915662650603,,1.6425424795468848,1.8433734939759037,0.20083101442901885,27.3568281938326,31.174698795180724,3.8178706013481225
Corentin Tolisso,https://fbref.com/en/players/652d4c37/Corentin-Tolisso,2021-2022,2022-2023,Bundesliga,Ligue 1,Bayern Munich,Lyon,26,27,MF,703.0,2036.0,0.25604551920341395,0.04420432220039292,-0.21184119700302104,0.12802275960170698,0.08840864440078584,-0.03961411520092113,0.26884779516358465,0.07514734774066797,-0.19370044742291667,0.24324324324324323,0.1944990176817289,-0.04874422556151434,,10.166994106090373,,1.2802275960170697,1.4145383104125735,0.1343107143955038,80.65433854907539,95.65815324165028,15.003814692574892
Ivan Perišić,https://fbref.com/en/players/6fe90922/Ivan-Perisic,2021-2022,2022-2023,Serie A,Premier League,Inter,Tottenham,32,33,DF,2821.0,2108.0,0.25522864232541653,0.04269449715370019,-0.21253414517171634,0.1914214817440624,0.3415559772296015,0.15013449548553912,0.13718539524991136,0.11100569259962051,-0.026179702650290848,0.24565756823821341,0.26043643263757116,0.014778864399357744,,2.6043643263757117,,4.306983339241404,3.714421252371917,-0.5925620868694867,57.96880538816023,58.49146110056926,0.5226557124090334
Pape Gueye,https://fbref.com/en/players/7155e3e1/Pape-Gueye,2021-2022,2022-2023,Ligue 1,La Liga,Marseille,Sevilla,22,23,MF,1528.0,1171.0,0.0,0.07685738684884715,0.07685738684884715,0.058900523560209424,0.23057216054654142,0.171671636986332,0.10013089005235602,0.09991460290350128,-0.00021628714885474354,0.03534031413612565,0.09222886421861656,0.05688855008249091,,4.534585824081981,,1.4136125654450262,0.6917164816396243,-0.7218960838054019,67.97120418848168,53.72331340734415,-14.247890781137528
Idrissa Gana Gueye,https://fbref.com/en/players/72c812f3/Idrissa-Gana-Gueye,2021-2022,2022-2023,Ligue 1,Premier League,Paris S-G,Everton,31,32,MF,1641.0,2577.0,0.16453382084095064,0.0,-0.16453382084095064,0.054844606946983544,0.034924330616996506,-0.01992027632998704,0.07678244972577696,0.024447031431897553,-0.0523354182938794,0.09323583180987202,0.03841676367869616,-0.05481906813117586,,3.4225844004656576,,1.5356489945155392,0.9429569266589057,-0.5926920678566334,86.87385740402193,54.586728754365545,-32.28712864965639
Mattia Viti,https://fbref.com/en/players/75438a9a/Mattia-Viti,2021-2022,2022-2023,Serie A,Ligue 1,Empoli,Nice,19,20,DF,1491.0,634.0,0.0,0.14195583596214512,0.14195583596214512,0.0,0.0,0.0,0.024144869215291753,0.014195583596214513,-0.00994928561907724,0.0,0.0,0.0,,2.697160883280757,,0.6036217303822937,0.14195583596214512,-0.4616658944201486,52.27364185110664,60.18927444794953,7.91563259684289
Kingsley Ehizibue,https://fbref.com/en/players/76b2817e/Kingsley-Ehizibue,2021-2022,2022-2023,Bundesliga,Serie A,Köln,Udinese,26,27,DF,681.0,1535.0,0.0,0.11726384364820845,0.11726384364820845,0.13215859030837004,0.0,-0.13215859030837004,0.02643171806167401,0.11726384364820845,0.09083212558653445,0.13215859030837004,0.05276872964169381,-0.07938986066667623,,2.345276872964169,,2.907488986784141,1.7003257328990227,-1.2071632538851182,63.83259911894273,45.6742671009772,-18.158332017965535
Ondrej Duda,https://fbref.com/en/players/79ca3e23/Ondrej-Duda,2021-2022,2022-2023,Bundesliga,Serie A,Köln,Hellas Verona,26,27,"MF,FW",1611.0,1061.0,0.111731843575419,0.0,-0.111731843575419,0.0,0.0,0.0,0.21787709497206706,0.06786050895381715,-0.1500165860182499,0.12290502793296092,0.02544769085768143,-0.09745733707527948,,3.7323279924599433,,1.3966480446927376,1.2723845428840717,-0.12426350180866597,50.39106145251397,48.60508953817153,-1.78597191434244
Ademola Lookman,https://fbref.com/en/players/7c104bb7/Ademola-Lookman,2021-2022,2022-2023,Premier League,Serie A,Leicester City,Atalanta,23,24,"FW,MF",1453.0,1729.0,0.3716448726772195,0.6766917293233082,0.3050468566460887,0.0,0.3123192596876807,0.3123192596876807,0.27873365450791465,0.47368421052631576,0.1949505560184011,0.11768754301445285,0.34355118565644877,0.22586364264199593,,4.112203585887796,,2.6634549208534066,3.7998843262001154,1.1364294053467088,46.76531314521679,45.13013302486986,-1.6351801203469236
Tino Kadewere,https://fbref.com/en/players/7d08063d/Tino-Kadewere,2021-2022,2022-2023,Ligue 1,La Liga,Lyon,Mallorca,25,26,FW,506.0,542.0,0.17786561264822134,0.16605166051660517,-0.011813952131616179,0.0,0.0,0.0,0.4446640316205534,0.2656826568265683,-0.17898137479398513,0.19565217391304351,0.0996309963099631,-0.09602117760308042,,0.6642066420664207,,2.1343873517786562,2.3247232472324724,0.19033589545381613,41.26482213438735,37.19557195571956,-4.069250178667794
Flavius Daniliuc,https://fbref.com/en/players/7ef972c3/Flavius-Daniliuc,2021-2022,2022-2023,Ligue 1,Serie A,Nice,Salernitana,20,21,DF,1293.0,2195.0,0.0,0.0,0.0,0.0,0.08200455580865604,0.08200455580865604,0.013921113689095129,0.02460136674259681,0.010680253053501681,0.006960556844547564,0.02050113895216401,0.013540582107616446,,2.870159453302961,,0.4176334106728538,0.5740318906605922,0.15639847998773843,70.92807424593967,56.337129840546694,-14.590944405392975
Stefan Posch,https://fbref.com/en/players/7f609bfc/Stefan-Posch,2021-2022,2022-2023,Bundesliga,Serie A,Hoffenheim,Bologna,24,25,DF,2199.0,2532.0,0.08185538881309685,0.2132701421800948,0.13141475336699793,0.0,0.07109004739336493,0.07109004739336493,0.045020463847203276,0.11729857819905212,0.07227811435184885,0.0286493860845839,0.07109004739336493,0.042440661308781026,,5.260663507109005,,1.1050477489768076,1.599526066350711,0.49447831737390335,68.39017735334242,76.24407582938389,7.853898476041465
Bruno Guimarães,https://fbref.com/en/players/82518f62/Bruno-Guimaraes,2021-2022,2022-2023,Ligue 1,Premier League,Lyon,Newcastle Utd,23,24,MF,1634.0,2726.0,0.0,0.13206162876008803,0.13206162876008803,0.16523867809057527,0.16507703595011006,-0.00016164214046521241,0.05507955936352509,0.09244314013206163,0.03736358076853654,0.20379436964504286,0.13206162876008803,-0.07173274088495482,,7.3294203961848865,,3.084455324357405,1.3536316947909024,-1.7308236295665027,85.70379436964504,66.49303008070433,-19.21076428894071
Amadou Onana,https://fbref.com/en/players/828657ff/Amadou-Onana,2021-2022,2022-2023,Ligue 1,Premier League,Lille,Everton,19,20,MF,1359.0,2488.0,0.06622516556291391,0.03617363344051447,-0.030051532122399444,0.0,0.07234726688102894,0.07234726688102894,0.17218543046357618,0.1085209003215434,-0.06366453014203277,0.07284768211920531,0.09405144694533762,0.021203764826132315,,2.857717041800643,,1.589403973509934,0.9766881028938906,-0.6127158706160433,53.311258278145694,47.38745980707395,-5.923798471071741
Arkadiusz Milik,https://fbref.com/en/players/85613cf0/Arkadiusz-Milik,2021-2022,2022-2023,Ligue 1,Serie A,Marseille,Juventus,27,28,FW,1416.0,1586.0,0.44491525423728817,0.39722572509457754,-0.04768952914271063,0.1271186440677966,0.05674653215636822,-0.07037211191142839,0.521186440677966,0.3688524590163934,-0.15233398166157264,0.10805084745762712,0.11916771752837327,0.011116870070746146,,1.9293820933165193,,0.9533898305084746,0.5674653215636821,-0.38592450894479247,34.067796610169495,35.353089533417396,1.2852929232479013
Martin Satriano,https://fbref.com/en/players/86383d0e/Martin-Satriano,2021-2022,2022-2023,Ligue 1,Serie A,Brest,Empoli,20,21,FW,932.0,1705.0,0.38626609442060084,0.10557184750733138,-0.28069424691326944,0.0,0.05278592375366569,0.05278592375366569,0.3283261802575107,0.2058651026392962,-0.12246107761821451,0.009656652360515022,0.06334310850439882,0.0536864561438838,,1.1612903225806452,,0.5793991416309012,1.5307917888563052,0.951392647225404,26.362660944206006,31.51319648093842,5.150535536732413
Dennis Praet,https://fbref.com/en/players/86695068/Dennis-Praet,2021-2022,2022-2023,Serie A,Premier League,Torino,Leicester City,27,28,MF,1539.0,649.0,0.11695906432748537,0.1386748844375963,0.021715820110110917,0.11695906432748537,0.0,-0.11695906432748537,0.13450292397660815,0.1386748844375963,0.004171960460988139,0.2573099415204678,0.06933744221879815,-0.18797249930166968,,2.357473035439137,,1.9883040935672514,2.0801232665639446,0.09181917299669329,42.28070175438596,47.42681047765794,5.146108723271979
Gianluca Scamacca,https://fbref.com/en/players/8790f988/Gianluca-Scamacca,2021-2022,2022-2023,Serie A,Premier League,Sassuolo,West Ham,22,23,FW,2146.0,926.0,0.6710158434296365,0.2915766738660907,-0.3794391695635458,0.0,0.0,0.0,0.4613233923578751,0.24298056155507558,-0.21834283080279954,0.07968313140726933,0.06803455723542115,-0.011648574171848183,,1.6522678185745139,,0.880708294501398,1.263498920086393,0.3827906255849951,33.886300093196645,26.533477321814253,-7.352822771382392
Manuel Akanji,https://fbref.com/en/players/89ac64a6/Manuel-Akanji,2021-2022,2022-2023,Bundesliga,Premier League,Dortmund,Manchester City,26,27,DF,2261.0,2287.0,0.039805395842547546,0.0,-0.039805395842547546,0.0,0.03935286401399213,0.03935286401399213,0.07563025210084033,0.05115872321818977,-0.024471528882650563,0.003980539584254755,0.015741145605596852,0.011760606021342098,,4.564932225623087,,0.7164971251658557,0.9444687363358111,0.22797161116995535,87.37284387439186,87.79623961521644,0.4233957408245743
João Félix,https://fbref.com/en/players/8aafd64f/Joao-Felix,2021-2022,2022-2023,La Liga,Premier League,Atlético Madrid,Chelsea,21,22,"FW,MF",1263.0,941.0,0.5700712589073634,0.38257173219978746,-0.18749952670757597,0.2850356294536817,0.0,-0.2850356294536817,0.40617577197149646,0.4686503719447397,0.06247459997324323,0.334916864608076,0.04782146652497343,-0.2870953980831026,,4.495217853347502,,2.992874109263658,3.2518597236981934,0.25898561443453527,42.75534441805226,47.53453772582359,4.77919330777133
Anthony Martial,https://fbref.com/en/players/8b788c01/Anthony-Martial,2021-2022,2022-2023,La Liga,Premier League,Sevilla,Manchester Utd,25,26,"FW,MF",490.0,978.0,0.0,0.5521472392638036,0.5521472392638036,0.18367346938775508,0.18404907975460122,0.00037561036684613525,0.07346938775510205,0.5705521472392638,0.4970827594841618,0.018367346938775512,0.12883435582822084,0.11046700888944533,,3.2208588957055215,,2.571428571428571,1.656441717791411,-0.9149868536371601,40.224489795918366,40.76687116564417,0.5423813697258026
Robert Lewandowski,https://fbref.com/en/players/8d78e732/Robert-Lewandowski,2021-2022,2022-2023,Bundesliga,La Liga,Bayern Munich,Barcelona,32,33,FW,2946.0,2847.0,1.0692464358452138,0.7270811380400422,-0.3421652978051717,0.09164969450101833,0.22128556375131717,0.12963586925029885,1.014256619144603,0.7681770284510011,-0.24607959069360186,0.13441955193482688,0.19915700737618547,0.06473745544135859,,3.161222339304531,,1.405295315682281,1.6438356164383563,0.23854030075607535,35.437881873727086,36.512118018967335,1.0742361452402491
Alexander Isak,https://fbref.com/en/players/8e92be30/Alexander-Isak,2021-2022,2022-2023,La Liga,Premier League,Real Sociedad,Newcastle Utd,21,22,FW,2140.0,1522.0,0.2523364485981308,0.5913272010512484,0.33899075245311755,0.08411214953271028,0.05913272010512483,-0.024979429427585444,0.4121495327102804,0.4848883048620236,0.07273877215174324,0.13457943925233645,0.13009198423127466,-0.0044874550210617925,,2.838370565045992,,2.439252336448598,2.4244415243101183,-0.01481081213847979,29.271028037383175,34.47437582128778,5.203347783904604
Mattias Svanberg,https://fbref.com/en/players/92d83c27/Mattias-Svanberg,2021-2022,2022-2023,Serie A,Bundesliga,Bologna,Wolfsburg,22,23,MF,2564.0,1835.0,0.10530421216848675,0.19618528610354222,0.09088107393505547,0.10530421216848675,0.29427792915531337,0.18897371698682663,0.07371294851794072,0.21580381471389648,0.14209086619595576,0.09828393135725429,0.24523160762942778,0.14694767627217348,,3.629427792915531,,1.3689547581903276,1.422343324250681,0.05338856606035347,46.5795631825273,39.776566757493185,-6.802996425034117
Duje Ćaleta-Car,https://fbref.com/en/players/94f8d10c/Duje-Caleta-Car,2021-2022,2022-2023,Ligue 1,Premier League,Marseille,Southampton,24,25,DF,2057.0,946.0,0.08750607681088965,0.09513742071881606,0.007631343907926413,0.0,0.0,0.0,0.07875546912980069,0.07610993657505286,-0.002645532554747837,0.026251823043266894,0.0,-0.026251823043266894,,3.13953488372093,,0.6125425376762276,0.47568710359408034,-0.13685543408214723,85.84346135148274,66.12050739957716,-19.72295395190558
Gonçalo Paciência,https://fbref.com/en/players/962e54cb/Goncalo-Paciencia,2021-2022,2022-2023,Bundesliga,La Liga,Eint Frankfurt,Celta Vigo,26,27,FW,516.0,662.0,0.5232558139534884,0.2719033232628399,-0.2513524906906485,0.0,0.0,0.0,0.6104651162790697,0.2583081570996979,-0.35215695917937184,0.03488372093023256,0.08157099697885196,0.04668727604861941,,1.4954682779456194,,1.2209302325581395,0.9516616314199396,-0.26926860113819984,42.03488372093023,40.377643504531726,-1.657240216398506
William Saliba,https://fbref.com/en/players/972aeb2a/William-Saliba,2021-2022,2022-2023,Ligue 1,Premier League,Marseille,Arsenal,20,21,DF,3240.0,2415.0,0.0,0.07453416149068323,0.07453416149068323,0.0,0.037267080745341616,0.037267080745341616,0.04722222222222222,0.03354037267080746,-0.013681849551414764,0.011111111111111112,0.04472049689440994,0.03360938578329883,,3.68944099378882,,1.3888888888888888,0.484472049689441,-0.9044168391994478,93.0,76.62111801242236,-16.378881987577643
Remo Freuler,https://fbref.com/en/players/98d2c2c4/Remo-Freuler,2021-2022,2022-2023,Serie A,Premier League,Atalanta,Nott'ham Forest,29,30,MF,2369.0,2161.0,0.03799071338117349,0.0,-0.03799071338117349,0.11397214014352047,0.0,-0.11397214014352047,0.05318699873364288,0.016658954187875982,-0.0365280445457669,0.05318699873364288,0.033317908375751965,-0.019869090357890917,,2.2489588153632574,,1.9755170958210215,0.2915316982878297,-1.6839853975331918,77.34909244406923,44.062933826931975,-33.286158617137254
Lucas Paquetá,https://fbref.com/en/players/9b6f7fd5/Lucas-Paqueta,2021-2022,2022-2023,Ligue 1,Premier League,Lyon,West Ham,23,24,"MF,FW",2699.0,2151.0,0.30011115227862173,0.1673640167364017,-0.13274713554222003,0.20007410151908114,0.12552301255230125,-0.0745510889667799,0.32678769914783257,0.18410041841004188,-0.1426872807377907,0.15005557613931086,0.10460251046025106,-0.04545306567905981,,6.150627615062762,,1.967395331604298,1.0460251046025104,-0.9213702270017876,68.25861430159318,61.71548117154812,-6.543133130045064
Enzo Ebosse,https://fbref.com/en/players/9ba7b4fa/Enzo-Ebosse,2021-2022,2022-2023,Ligue 1,Serie A,Angers,Udinese,22,23,DF,1890.0,930.0,0.0,0.0,0.0,0.0,0.0,0.0,0.004761904761904762,0.00967741935483871,0.004915514592933948,0.02857142857142857,0.0,-0.02857142857142857,,4.935483870967742,,1.2380952380952381,1.064516129032258,-0.17357910906298013,59.333333333333336,64.54838709677419,5.2150537634408565
Wout Faes,https://fbref.com/en/players/9c221d14/Wout-Faes,2021-2022,2022-2023,Ligue 1,Premier League,Reims,Leicester City,23,24,DF,3330.0,2786.0,0.10810810810810811,0.03230437903804738,-0.07580372907006074,0.0,0.06460875807609476,0.06460875807609476,0.05675675675675676,0.038765254845656856,-0.017991501911099904,0.005405405405405406,0.019382627422828428,0.013977222017423022,,2.390524048815506,,0.35135135135135137,0.35534816941852115,0.003996818067169783,49.810810810810814,70.32663316582915,20.515822355018337
Alexandre Lacazette,https://fbref.com/en/players/9dbb75ca/Alexandre-Lacazette,2021-2022,2022-2023,Premier League,Ligue 1,Arsenal,Lyon,30,31,FW,1782.0,2929.0,0.20202020202020202,0.8296346876066917,0.6276144855864897,0.35353535353535354,0.15363605326049845,-0.19989930027485509,0.42424242424242425,0.7405257767156026,0.31628335247317835,0.15151515151515152,0.16592693752133836,0.014411786006186839,,3.3185387504267667,,0.9595959595959596,1.2290884260839876,0.26949246648802805,32.22222222222222,39.08501194947081,6.86278972724859
Jorge Meré,https://fbref.com/en/players/9f979eb2/Jorge-Mere,2021-2022,2022-2023,Bundesliga,La Liga,Köln,Cádiz,24,25,DF,490.0,601.0,0.0,0.0,0.0,0.0,0.0,0.0,0.0,0.029950083194675542,0.029950083194675542,0.0,0.0,0.0,,2.0965058236272878,,0.18367346938775508,0.1497504159733777,-0.033923053414377374,65.93877551020408,42.379367720465886,-23.559407789738195
Armel Bella Kotchap,https://fbref.com/en/players/a39d11bc/Armel-Bella-Kotchap,2021-2022,2022-2023,Bundesliga,Premier League,Bochum,Southampton,19,20,DF,1768.0,1879.0,0.0,0.0,0.0,0.0,0.09579563597658329,0.09579563597658329,0.030542986425339362,0.047897817988291645,0.017354831562952283,0.005090497737556561,0.047897817988291645,0.04280732025073508,,1.8680149015433742,,0.4581447963800905,0.43108036189462484,-0.027064434485465638,49.12330316742081,58.004257583821186,8.880954416400378
Orel Mangala,https://fbref.com/en/players/a572e291/Orel-Mangala,2021-2022,2022-2023,Bundesliga,Premier League,Stuttgart,Nott'ham Forest,23,24,MF,1853.0,1550.0,0.048569886670264434,0.05806451612903226,0.009494629458767827,0.1457096600107933,0.05806451612903226,-0.08764514388176103,0.10199676200755532,0.03483870967741935,-0.06715805233013597,0.11656772800863464,0.023225806451612905,-0.09334192155702174,,2.4967741935483874,,1.651376146788991,0.8129032258064517,-0.8384729209825392,48.66702644360497,38.03225806451613,-10.63476837908884
Kamaldeen Sulemana,https://fbref.com/en/players/a62f8bf1/Kamaldeen-Sulemana,2021-2022,2022-2023,Ligue 1,Premier League,Rennes,Southampton,19,20,"MF,FW",1015.0,966.0,0.354679802955665,0.1863354037267081,-0.1683443992289569,0.1773399014778325,0.09316770186335405,-0.08417219961447844,0.20394088669950736,0.15838509316770188,-0.04555579353180547,0.16847290640394086,0.12111801242236027,-0.04735489398158059,,3.3540372670807455,,4.96551724137931,2.9813664596273295,-1.9841507817519801,46.995073891625616,40.1552795031056,-6.839794388520019
Nuno Tavares,https://fbref.com/en/players/a65c844b/Nuno-Tavares,2021-2022,2022-2023,Premier League,Ligue 1,Arsenal,Marseille,21,22,DF,1176.0,2349.0,0.07653061224489796,0.22988505747126436,0.1533544452263664,0.07653061224489796,0.0,-0.07653061224489796,0.14540816326530612,0.17241379310344826,0.027005629838142142,0.08418367346938777,0.09961685823754789,0.015433184768160121,,4.406130268199234,,3.5969387755102042,3.67816091954023,0.08122214403002559,69.03061224489797,68.16091954022988,-0.8696927046680827
Carles Pérez,https://fbref.com/en/players/a8f21b9f/Carles-Perez,2021-2022,2022-2023,Serie A,La Liga,Roma,Celta Vigo,23,24,"MF,FW",554.0,2144.0,0.1624548736462094,0.1259328358208955,-0.03652203782531388,0.1624548736462094,0.20988805970149252,0.04743318605528313,0.24368231046931407,0.11753731343283581,-0.12614499703647825,0.1624548736462094,0.08395522388059701,-0.07849964976561238,,2.7705223880597014,,4.061371841155235,3.903917910447761,-0.1574539307074736,54.25992779783393,42.1035447761194,-12.156383021714532
Nikola Vlašić,https://fbref.com/en/players/aa8e289e/Nikola-Vlasic,2021-2022,2022-2023,Premier League,Serie A,West Ham,Torino,23,24,"FW,MF",560.0,2728.0,0.1607142857142857,0.16495601173020527,0.0042417260159195724,0.0,0.19794721407624635,0.19794721407624635,0.20892857142857144,0.14186217008797655,-0.06706640134059488,0.09642857142857142,0.13526392961876832,0.0388353581901969,,3.497067448680352,,3.375,2.8042521994134897,-0.5707478005865103,44.51785714285714,42.75659824046921,-1.7612589023879295
Nordi Mukiele,https://fbref.com/en/players/ac73ec79/Nordi-Mukiele,2021-2022,2022-2023,Bundesliga,Ligue 1,RB Leipzig,Paris S-G,23,24,"DF,FW",1842.0,1137.0,0.048859934853420196,0.0,-0.048859934853420196,0.1465798045602606,0.237467018469657,0.09088721390939641,0.09283387622149837,0.079155672823219,-0.013678203398279368,0.1710097719869707,0.1662269129287599,-0.004782859058210798,,2.058047493403694,,1.2703583061889252,1.503957783641161,0.23359947745223586,68.4527687296417,63.40369393139842,-5.049074798243282
Julian Chabot,https://fbref.com/en/players/ae7058f9/Julian-Chabot,2021-2022,2022-2023,Serie A,Bundesliga,Sampdoria,Köln,23,24,DF,490.0,1803.0,0.0,0.0,0.0,0.0,0.09983361064891846,0.09983361064891846,0.0,0.07986688851913477,0.07986688851913477,0.0,0.09983361064891846,0.09983361064891846,,2.59567387687188,,0.0,0.24958402662229615,0.24958402662229615,60.795918367346935,71.58069883527453,10.784780467927597
Filip Kostić,https://fbref.com/en/players/b1cd37e6/Filip-Kostic,2021-2022,2022-2023,Bundesliga,Serie A,Eint Frankfurt,Juventus,28,29,"DF,FW",2522.0,2564.0,0.14274385408406026,0.10530421216848675,-0.037439641915573516,0.32117367168913563,0.280811232449298,-0.04036243923983762,0.08564631245043616,0.0842433697347894,-0.0014029427156467683,0.3283108643933386,0.24921996879875194,-0.07909089559458668,,2.7379095163806553,,4.639175257731959,3.5452418096723872,-1.093933448059572,68.48136399682791,52.23088923556943,-16.25047476125848
Jeison Murillo,https://fbref.com/en/players/b233e8e4/Jeison-Murillo,2021-2022,2022-2023,La Liga,Serie A,Celta Vigo,Sampdoria,29,30,DF,1117.0,1057.0,0.0,0.0,0.0,0.0,0.0,0.0,0.04028648164726947,0.017029328287606435,-0.023257153359663038,0.0,0.0,0.0,,2.980132450331126,,0.7251566696508505,0.6811731315042574,-0.04398353814659306,64.94180841539838,57.13339640491959,-7.808412010478797
Martin Hongla,https://fbref.com/en/players/b85bf253/Martin-Hongla,2021-2022,2022-2023,Serie A,La Liga,Hellas Verona,Valladolid,23,24,MF,651.0,1306.0,0.1382488479262673,0.0,-0.1382488479262673,0.0,0.0,0.0,0.2073732718894009,0.0,-0.2073732718894009,0.013824884792626729,0.020673813169984685,0.006848928377357956,,3.445635528330781,,0.8294930875576036,0.41347626339969373,-0.4160168241579099,52.534562211981566,51.339969372128635,-1.1945928398529304
Maxime Gonalons,https://fbref.com/en/players/b8c1de25/Maxime-Gonalons,2021-2022,2022-2023,La Liga,Ligue 1,Granada,Clermont Foot,32,33,MF,1550.0,1449.0,0.0,0.06211180124223602,0.06211180124223602,0.11612903225806452,0.0,-0.11612903225806452,0.017419354838709676,0.03105590062111801,0.013636545782408332,0.04064516129032258,0.03105590062111801,-0.009589260669204569,,6.149068322981366,,0.7548387096774194,0.6211180124223602,-0.1337206972550592,48.193548387096776,61.92546583850931,13.731917451412535
Randal Kolo Muani,https://fbref.com/en/players/c0b3669f/Randal-Kolo-Muani,2021-2022,2022-2023,Ligue 1,Bundesliga,Nantes,Eint Frankfurt,22,23,"FW,MF",2948.0,2631.0,0.3663500678426052,0.5131128848346637,0.14676281699205845,0.1221166892808684,0.37628278221208666,0.2541660929312183,0.3266621438263229,0.45153933865450396,0.12487719482818105,0.13432835820895525,0.22234891676168755,0.0880205585527323,,2.086659064994299,,2.472862957937585,3.3181299885974913,0.8452670306599064,29.03324287652646,36.157354618015965,7.124111741489504
Fabián Ruiz Peña,https://fbref.com/en/players/c0c7ff58/Fabian-Ruiz-Pena,2021-2022,2022-2023,Serie A,Ligue 1,Napoli,Paris S-G,25,26,MF,2384.0,1892.0,0.26426174496644295,0.1427061310782241,-0.12155561388821884,0.15100671140939598,0.09513742071881606,-0.055869290690579915,0.0604026845637584,0.13319238900634248,0.07278970444258408,0.10947986577181208,0.09989429175475688,-0.009585574017055204,,6.088794926004228,,2.1895973154362416,1.522198731501057,-0.6673985839351846,92.68036912751678,93.75792811839324,1.0775589908764545
Saúl Ñíguez,https://fbref.com/en/players/c14bc029/Saul-Niguez,2021-2022,2022-2023,Premier League,La Liga,Chelsea,Atlético Madrid,26,27,"DF,MF",480.0,1100.0,0.0,0.24545454545454548,0.24545454545454548,0.0,0.08181818181818182,0.08181818181818182,0.05625,0.19636363636363638,0.14011363636363638,0.09375,0.057272727272727274,-0.036477272727272726,,2.781818181818182,,0.75,0.9818181818181819,0.23181818181818192,80.625,56.86363636363637,-23.761363636363633
Reinildo Mandava,https://fbref.com/en/players/c20bdcd7/Reinildo-Mandava,2021-2022,2022-2023,Ligue 1,La Liga,Lille,Atlético Madrid,27,28,DF,1524.0,1857.0,0.05905511811023622,0.0,-0.05905511811023622,0.0,0.0,0.0,0.02952755905511811,0.019386106623586433,-0.010141452431531677,0.011811023622047244,0.024232633279483037,0.012421609657435793,,3.392568659127625,,2.2440944881889764,1.3570274636510502,-0.8870670245379262,68.3267716535433,62.859450726979,-5.467320926564305
Sam Lammers,https://fbref.com/en/players/c283ddef/Sam-Lammers,2021-2022,2022-2023,Bundesliga,Serie A,Eint Frankfurt,Sampdoria,24,25,"FW,MF",517.0,1100.0,0.17408123791102514,0.08181818181818182,-0.09226305609284333,0.0,0.08181818181818182,0.08181818181818182,0.1914893617021277,0.20454545454545456,0.013056092843326872,0.017408123791102514,0.09818181818181819,0.08077369439071568,,1.5545454545454547,,0.3481624758220503,1.390909090909091,1.0427466150870408,36.20889748549323,33.46363636363637,-2.7452611218568634
Wout Weghorst,https://fbref.com/en/players/c4e87b8b/Wout-Weghorst,2021-2022,2022-2023,Bundesliga,Premier League,Wolfsburg,Manchester Utd,28,29,FW,1553.0,797.0,0.3477141017385705,0.0,-0.3477141017385705,0.05795235028976175,0.11292346298619824,0.05497111269643649,0.4578235672891178,0.22584692597239647,-0.23197664131672135,0.11010946555054732,0.13550815558343787,0.025398690032890553,,1.91969887076537,,0.927237604636188,0.33877038895859474,-0.5884672156775932,34.365743721828714,32.86072772898369,-1.5050159928450242
Jonas Omlin,https://fbref.com/en/players/c631f952/Jonas-Omlin,2021-2022,2022-2023,Ligue 1,Bundesliga,Montpellier,M'Gladbach,27,28,GK,2587.0,1290.0,0.0,0.0,0.0,0.0,0.0,0.0,0.0,0.0,0.0,0.0,0.027906976744186046,0.027906976744186046,,0.0,,0.0,0.0,0.0,40.4599922690375,53.93023255813953,13.47024028910203
Sadio Mané,https://fbref.com/en/players/c691bfe2/Sadio-Mane,2021-2022,2022-2023,Premier League,Bundesliga,Liverpool,Bayern Munich,29,30,FW,2819.0,1425.0,0.5108194395175594,0.4421052631578947,-0.06871417635966465,0.06385242993969492,0.3157894736842105,0.2519370437445156,0.5491308974813763,0.5621052631578948,0.01297436567651844,0.1660163178432068,0.24631578947368418,0.08029947163047738,,2.7157894736842105,,3.3522525718339837,3.7263157894736842,0.3740632176397005,47.633912735012416,39.28421052631579,-8.349702208696627
Tonny Vilhena,https://fbref.com/en/players/c7069d87/Tonny-Vilhena,2021-2022,2022-2023,La Liga,Serie A,Espanyol,Salernitana,26,27,"MF,FW",928.0,2265.0,0.09698275862068965,0.15894039735099336,0.0619576387303037,0.09698275862068965,0.03973509933774834,-0.057247659282941316,0.07758620689655173,0.09536423841059602,0.017778031514044293,0.08728448275862069,0.06754966887417219,-0.019734813884448504,,3.1788079470198674,,1.648706896551724,1.1920529801324502,-0.4566539164192738,43.54525862068965,43.35099337748344,-0.19426524320621041
Maya Yoshida,https://fbref.com/en/players/caffaf5a/Maya-Yoshida,2021-2022,2022-2023,Serie A,Bundesliga,Sampdoria,Schalke 04,32,33,DF,1823.0,2553.0,0.09873834339001646,0.0,-0.09873834339001646,0.14810751508502468,0.0,-0.14810751508502468,0.04936917169500823,0.03525264394829612,-0.014116527746712106,0.09380142622051563,0.0035252643948296123,-0.09027616182568601,,2.99647473560517,,0.34558420186505756,0.24676850763807284,-0.09881569422698472,56.23148656061437,60.49353701527615,4.262050454661775
Boubacar Kamara,https://fbref.com/en/players/cc77354e/Boubacar-Kamara,2021-2022,2022-2023,Ligue 1,Premier League,Marseille,Aston Villa,21,22,"MF,DF",2778.0,1777.0,0.03239740820734341,0.0,-0.03239740820734341,0.0,0.050647158131682614,0.050647158131682614,0.03239740820734341,0.010129431626336524,-0.022267976581006883,0.09719222462203024,0.040517726505346095,-0.056674498116684145,,4.254361283061339,,0.8099352051835853,0.8103545301069218,0.00041932492333651705,88.0561555075594,57.990996060776595,-30.0651594467828
Sven Botman,https://fbref.com/en/players/ccce7025/Sven-Botman,2021-2022,2022-2023,Ligue 1,Premier League,Lille,Newcastle Utd,21,22,DF,2250.0,3127.0,0.12,0.0,-0.12,0.04,0.0,-0.04,0.064,0.0719539494723377,0.007953949472337699,0.008,0.02878157978893508,0.02078157978893508,,2.503997441637352,,0.48,0.23025263831148063,-0.24974736168851935,70.48,59.69299648225135,-10.787003517748651
Cheick Doucouré,https://fbref.com/en/players/ce4f40c7/Cheick-Doucoure,2021-2022,2022-2023,Ligue 1,Premier League,Lens,Crystal Palace,21,22,MF,2946.0,2769.0,0.03054989816700611,0.0,-0.03054989816700611,0.12219959266802444,0.09750812567713976,-0.024691466990884675,0.048879837067209775,0.04550379198266522,-0.003376045084544553,0.109979633401222,0.06175514626218852,-0.048224487139033476,,4.550379198266523,,1.64969450101833,0.5850487540628386,-1.0646457469554913,66.9959266802444,51.25677139761647,-15.739155282627927
Morten Thorsby,https://fbref.com/en/players/d1b49282/Morten-Thorsby,2021-2022,2022-2023,Serie A,Bundesliga,Sampdoria,Union Berlin,25,26,MF,2943.0,833.0,0.09174311926605504,0.10804321728691475,0.016300098020859716,0.030581039755351678,0.10804321728691475,0.07746217753156308,0.09785932721712538,0.0864345738295318,-0.011424753387593578,0.03363914373088685,0.054021608643457376,0.02038246491257053,,1.6206482593037213,,0.5504587155963302,0.0,-0.5504587155963302,41.07033639143731,32.08883553421368,-8.98150085722363
Pervis Estupiñán,https://fbref.com/en/players/d38fdf53/Pervis-Estupinan,2021-2022,2022-2023,La Liga,Premier League,Villarreal,Brighton,23,24,DF,1575.0,2675.0,0.0,0.03364485981308411,0.03364485981308411,0.05714285714285714,0.16822429906542055,0.11108144192256342,0.045714285714285714,0.05719626168224299,0.011481975967957275,0.14285714285714285,0.18168224299065422,0.03882510013351137,,5.282242990654206,,2.857142857142857,3.0616822429906545,0.2045393858477973,72.11428571428571,74.38878504672897,2.2744993324432556
Pierre-Emerick Aubameyang,https://fbref.com/en/players/d5dd5f1f/Pierre-Emerick-Aubameyang,2021-2022,2022-2023,La Liga,Premier League,Barcelona,Chelsea,32,33,FW,1082.0,554.0,0.9149722735674677,0.1624548736462094,-0.7525173999212583,0.08317929759704251,0.0,-0.08317929759704251,0.6487985212569316,0.24368231046931407,-0.4051162107876175,0.09149722735674677,0.06498194945848375,-0.026515277898263023,,0.48736462093862815,,1.3308687615526802,1.4620938628158844,0.1312251012632042,28.53049907578558,26.15523465703971,-2.3752644187458714
Matthijs de Ligt,https://fbref.com/en/players/d6e53a3a/Matthijs-de-Ligt,2021-2022,2022-2023,Serie A,Bundesliga,Juventus,Bayern Munich,21,22,DF,2674.0,2403.0,0.10097232610321616,0.11235955056179775,0.01138722445858159,0.033657442034405384,0.03745318352059925,0.003795741486193868,0.05385190725504862,0.04119850187265918,-0.012653405382389439,0.033657442034405384,0.018726591760299626,-0.014930850274105758,,5.355805243445693,,0.605833956619297,0.6367041198501873,0.030870163230890313,66.20418848167539,86.96629213483146,20.762103653156075
Jere Uronen,https://fbref.com/en/players/d75f3980/Jere-Uronen,2021-2022,2022-2023,Ligue 1,Bundesliga,Brest,Schalke 04,27,28,DF,878.0,676.0,0.0,0.0,0.0,0.0,0.0,0.0,0.010250569476082005,0.013313609467455622,0.003063039991373617,0.010250569476082005,0.11982248520710059,0.10957191573101858,,3.9940828402366866,,1.1275626423690204,1.198224852071006,0.07066220970198556,56.7881548974943,59.51183431952663,2.723679422032326
Kalidou Koulibaly,https://fbref.com/en/players/da974c7b/Kalidou-Koulibaly,2021-2022,2022-2023,Serie A,Premier League,Napoli,Chelsea,30,31,DF,2405.0,1800.0,0.11226611226611227,0.1,-0.012266112266112267,0.037422037422037424,0.05,0.012577962577962579,0.04864864864864865,0.045,-0.003648648648648653,0.04864864864864865,0.02,-0.02864864864864865,,4.05,,0.7858627858627859,0.5,-0.2858627858627859,71.66320166320166,84.35,12.686798336798333
Matheus Cunha,https://fbref.com/en/players/dc62b55d/Matheus-Cunha,2021-2022,2022-2023,La Liga,Premier League,Atlético Madrid,Wolves,22,23,FW,1063.0,965.0,0.5079962370649106,0.18652849740932645,-0.3214677396555842,0.3386641580432737,0.0,-0.3386641580432737,0.4910630291627469,0.18652849740932645,-0.3045345317534205,0.18626528692380057,0.05595854922279793,-0.13030673770100265,,1.3056994818652852,,1.3546566321730948,1.4922279792746116,0.13757134710151675,32.34242709313264,34.69430051813472,2.3518734250020756
Adam Masina,https://fbref.com/en/players/de0f152c/Adam-Masina,2021-2022,2022-2023,Premier League,Serie A,Watford,Udinese,27,28,DF,1077.0,789.0,0.0,0.22813688212927755,0.22813688212927755,0.08356545961002786,0.0,-0.08356545961002786,0.025069637883008356,0.011406844106463879,-0.013662793776544477,0.0584958217270195,0.022813688212927757,-0.03568213351409174,,2.7376425855513307,,0.7520891364902507,0.4562737642585551,-0.2958153722316956,56.82451253481894,56.57794676806083,-0.24656576675810982
Arthur Theate,https://fbref.com/en/players/df8d6029/Arthur-Theate,2021-2022,2022-2023,Serie A,Ligue 1,Bologna,Rennes,21,22,DF,2424.0,3127.0,0.07425742574257425,0.11512631915574031,0.04086889341316606,0.03712871287128713,0.0,-0.03712871287128713,0.055693069306930694,0.12951710905020786,0.07382403974327717,0.022277227722772276,0.017268947873361046,-0.00500827984941123,,7.1378317876559,,1.3737623762376237,1.0649184521905979,-0.30884392404702576,63.97277227722772,82.20019187719859,18.227419599970872
Leandro Paredes,https://fbref.com/en/players/dff153a4/Leandro-Paredes,2021-2022,2022-2023,Ligue 1,Serie A,Paris S-G,Juventus,27,28,MF,838.0,977.0,0.10739856801909307,0.09211873080859774,-0.015279837210495334,0.21479713603818615,0.0,-0.21479713603818615,0.04295942720763723,0.05527123848515864,0.012311811277521414,0.04295942720763723,0.1750255885363357,0.13206616132869847,,6.632548618219038,,0.6443914081145584,1.0133060388945752,0.36891463078001674,107.0763723150358,79.95905834186284,-27.117313973172955
Emerson Palmieri,https://fbref.com/en/players/e0bc6fdc/Emerson-Palmieri,2021-2022,2022-2023,Ligue 1,Premier League,Lyon,West Ham,26,27,DF,2264.0,1320.0,0.03975265017667844,0.06818181818181819,0.028429168005139747,0.07950530035335689,0.0,-0.07950530035335689,0.035777385159010605,0.05454545454545455,0.018768069386443945,0.14310954063604242,0.06136363636363637,-0.08174590427240605,,3.0681818181818183,,2.941696113074205,2.590909090909091,-0.35078702216511415,83.59982332155477,60.95454545454546,-22.645277867009305
Santiago Ascacíbar,https://fbref.com/en/players/e26fcca3/Santiago-Ascacibar,2021-2022,2022-2023,Bundesliga,Serie A,Hertha BSC,Cremonese,24,25,MF,2375.0,727.0,0.0,0.0,0.0,0.037894736842105266,0.0,-0.037894736842105266,0.034105263157894736,0.04951856946354884,0.015413306305654101,0.018947368421052633,0.04951856946354884,0.030571201042496204,,5.075653370013756,,0.4926315789473684,0.12379642365887208,-0.3688351552884963,55.32631578947368,68.45942228335626,13.133106493882579
Pepe Reina,https://fbref.com/en/players/e358587b/Pepe-Reina,2021-2022,2022-2023,Serie A,La Liga,Lazio,Villarreal,38,39,GK,1350.0,1980.0,0.0,0.0,0.0,0.06666666666666667,0.0,-0.06666666666666667,0.0,0.0,0.0,0.02666666666666667,0.031818181818181815,0.0051515151515151465,,0.0,,0.0,0.0,0.0,36.93333333333333,40.90909090909091,3.9757575757575765
Ainsley Maitland-Niles,https://fbref.com/en/players/e3a5814e/Ainsley-Maitland-Niles,2021-2022,2022-2023,Serie A,Premier League,Roma,Southampton,23,24,DF,487.0,1407.0,0.0,0.0,0.0,0.0,0.0,0.0,0.05544147843942505,0.0,-0.05544147843942505,0.1108829568788501,0.04477611940298507,-0.06610683747586502,,3.6460554371002134,,2.402464065708419,0.9594882729211087,-1.4429757927873101,69.48665297741273,58.336886993603414,-11.149765983809317
Taiwo Awoniyi,https://fbref.com/en/players/e5478b87/Taiwo-Awoniyi,2021-2022,2022-2023,Bundesliga,Premier League,Union Berlin,Nott'ham Forest,23,24,FW,2174.0,1404.0,0.6209751609935603,0.6410256410256411,0.020050480032080764,0.04139834406623735,0.06410256410256411,0.022704220036326758,0.563017479300828,0.4230769230769231,-0.13994055622390494,0.09935602575896964,0.07051282051282053,-0.028843205246149112,,0.7692307692307693,,1.4903403863845446,1.153846153846154,-0.3364942325383906,34.31922723091076,27.884615384615387,-6.434611846295375
Kiko Femenía,https://fbref.com/en/players/e5d01ecf/Kiko-Femenia,2021-2022,2022-2023,Premier League,La Liga,Watford,Villarreal,30,31,DF,2142.0,1133.0,0.0,0.0,0.0,0.21008403361344538,0.0,-0.21008403361344538,0.004201680672268907,0.007943512797881731,0.0037418321256128236,0.15126050420168066,0.05560458958517211,-0.09565591461650855,,5.242718446601942,,1.680672268907563,2.859664607237423,1.17899233832986,60.12605042016806,69.66460723742277,9.538556817254708
Gonçalo Guedes,https://fbref.com/en/players/e6bc67d7/Goncalo-Guedes,2021-2022,2022-2023,La Liga,Premier League,Valencia,Wolves,24,25,"FW,MF",2606.0,707.0,0.37989255564082886,0.1272984441301273,-0.25259411151070155,0.20721412125863392,0.1272984441301273,-0.07991567712850661,0.22102839600920954,0.15275813295615276,-0.06827026305305678,0.13814274750575595,0.06364922206506365,-0.0744935254406923,,2.036775106082037,,3.211818879508826,2.545968882602546,-0.6658499969062799,41.7191097467383,35.64356435643565,-6.075545390302651
Josuha Guilavogui,https://fbref.com/en/players/e6c43eec/Josuha-Guilavogui,2021-2022,2022-2023,Ligue 1,Bundesliga,Bordeaux,Wolfsburg,30,31,"MF,DF",1331.0,1180.0,0.067618332081142,0.07627118644067797,0.008652854359535972,0.067618332081142,0.0,-0.067618332081142,0.10142749812171299,0.038135593220338986,-0.06329190490137401,0.054094665664913597,0.030508474576271188,-0.02358619108864241,,4.88135593220339,,0.743801652892562,0.3050847457627119,-0.43871690712985006,66.73929376408715,72.38135593220339,5.64206216811624
Alex Telles,https://fbref.com/en/players/e73c9bb2/Alex-Telles,2021-2022,2022-2023,Premier League,La Liga,Manchester Utd,Sevilla,28,29,DF,1660.0,1427.0,0.0,0.0,0.0,0.2168674698795181,0.12613875262789068,-0.09072871725162743,0.02168674698795181,0.025227750525578137,0.0035410035376263263,0.10301204819277109,0.11352487736510161,0.010512829172330526,,2.648913805185704,,1.9518072289156627,1.324456902592852,-0.6273503263228106,75.6867469879518,55.5010511562719,-20.185695831679908
Remi Oudin,https://fbref.com/en/players/ea02beaf/Remi-Oudin,2021-2022,2022-2023,Ligue 1,Serie A,Bordeaux,Lecce,24,25,"MF,FW",1737.0,1321.0,0.20725388601036268,0.2043906131718395,-0.0028632728385231676,0.25906735751295334,0.0,-0.25906735751295334,0.15544041450777202,0.13626040878122636,-0.019180005726545657,0.19689119170984454,0.1566994700984103,-0.04019172161143425,,4.29220287660863,,1.6062176165803108,1.635124905374716,0.028907288794405295,46.787564766839374,52.869038607115826,6.081473840276452
Georginio Wijnaldum,https://fbref.com/en/players/eb58eef0/Georginio-Wijnaldum,2021-2022,2022-2023,Ligue 1,Serie A,Paris S-G,Roma,30,31,MF,1653.0,769.0,0.0544464609800363,0.2340702210663199,0.17962376008628358,0.16333938294010888,0.0,-0.16333938294010888,0.1088929219600726,0.2574772431729519,0.1485843212128793,0.09800362976406533,0.08192457737321196,-0.016079052390853374,,2.1066319895968793,,0.7078039927404719,1.8725617685305591,1.164757775790087,48.13067150635209,32.06762028608583,-16.06305122026626
Nemanja Matić,https://fbref.com/en/players/eb7822d7/Nemanja-Matic,2021-2022,2022-2023,Premier League,Serie A,Manchester Utd,Roma,32,33,MF,1382.0,1852.0,0.0,0.09719222462203023,0.09719222462203023,0.26049204052098407,0.09719222462203023,-0.16329981589895384,0.013024602026049204,0.04859611231101511,0.03557151028496591,0.13024602026049203,0.1263498920086393,-0.003896128251852732,,6.5118790496760255,,2.0839363241678726,2.4298056155507557,0.34586929138288314,79.1244573082489,71.6792656587473,-7.445191649501609
Keylor Navas,https://fbref.com/en/players/ecada4fc/Keylor-Navas,2021-2022,2022-2023,Ligue 1,Premier League,Paris S-G,Nott'ham Forest,34,35,GK,1856.0,1529.0,0.0,0.0,0.0,0.0,0.0,0.0,0.0,0.0,0.0,0.0,0.0,0.0,,0.05886200130804448,,0.0,0.0,0.0,28.076508620689655,34.02223675604971,5.945728135360053
Renan Lodi,https://fbref.com/en/players/ed9f7cfe/Renan-Lodi,2021-2022,2022-2023,La Liga,Premier League,Atlético Madrid,Nott'ham Forest,23,24,DF,1181.0,2214.0,0.15241320914479256,0.0,-0.15241320914479256,0.15241320914479256,0.04065040650406504,-0.11176280264072752,0.05334462320067739,0.04065040650406504,-0.012694216696612352,0.1371718882303133,0.048780487804878044,-0.08839140042543525,,1.2601626016260161,,2.972057578323455,0.975609756097561,-1.996447822225894,59.288738357324306,46.46341463414634,-12.825323723177966
Dylan Bronn,https://fbref.com/en/players/edd81e2a/Dylan-Bronn,2021-2022,2022-2023,Ligue 1,Serie A,Metz,Salernitana,26,27,DF,2545.0,1683.0,0.03536345776031434,0.0,-0.03536345776031434,0.07072691552062868,0.0,-0.07072691552062868,0.06365422396856582,0.0374331550802139,-0.02622106888835192,0.04243614931237721,0.021390374331550804,-0.021045774980826402,,3.7433155080213907,,0.4950884086444008,0.5347593582887701,0.03967094964436929,50.180746561886046,63.9572192513369,13.776472689450856
Moritz Jenz,https://fbref.com/en/players/ee644761/Moritz-Jenz,2021-2022,2022-2023,Ligue 1,Bundesliga,Lorient,Schalke 04,22,23,DF,1381.0,945.0,0.06517016654598116,0.0,-0.06517016654598116,0.0,0.0,0.0,0.0782041998551774,0.09523809523809523,0.01703389538291783,0.0065170166545981175,0.0,-0.0065170166545981175,,1.7142857142857142,,0.5865314989138305,0.5714285714285714,-0.015102927485259099,55.329471397538015,58.476190476190474,3.1467190786524597
Álvaro Fernández,https://fbref.com/en/players/f127d782/Alvaro-Fernandez,2021-2022,2022-2023,Premier League,La Liga,Brentford,Espanyol,23,24,GK,1080.0,990.0,0.0,0.0,0.0,0.0,0.0,0.0,0.0,0.0,0.0,0.0,0.018181818181818184,0.018181818181818184,,0.0,,0.0,0.0,0.0,45.5,34.72727272727273,-10.772727272727273
Marcos Alonso,https://fbref.com/en/players/f4290206/Marcos-Alonso,2021-2022,2022-2023,Premier League,La Liga,Chelsea,Barcelona,30,31,DF,2167.0,1172.0,0.16612828795569912,0.07679180887372014,-0.08933647908197898,0.16612828795569912,0.0,-0.16612828795569912,0.11628980156898937,0.06911262798634812,-0.047177173582641244,0.1868943239501615,0.02303754266211604,-0.16385678128804546,,5.452218430034129,,2.1181356714351636,1.9965870307167235,-0.12154864071844007,74.38394093216428,85.54607508532423,11.162134153159954
Pierre Lees-Melou,https://fbref.com/en/players/f5044e54/Pierre-Lees-Melou,2021-2022,2022-2023,Premier League,Ligue 1,Norwich City,Brest,28,29,MF,2265.0,2767.0,0.03973509933774834,0.16263100831225155,0.12289590897450321,0.0,0.16263100831225155,0.16263100831225155,0.06357615894039735,0.06830502349114564,0.0047288645507482935,0.07549668874172184,0.0748102638236357,-0.0006864249180861398,,5.822190097578605,,1.3112582781456954,1.0733646548608602,-0.2378936232848352,50.264900662251655,59.84821105890857,9.583310396656913
Mohamed Ali Cho,https://fbref.com/en/players/f8405304/Mohamed-Ali-Cho,2021-2022,2022-2023,Ligue 1,La Liga,Angers,Real Sociedad,17,18,FW,1837.0,587.0,0.195971692977681,0.15332197614991483,-0.042649716827766165,0.04899292324442025,0.30664395229982966,0.25765102905540943,0.3135547087642896,0.27597955706984667,-0.03757515169444292,0.13228089275993468,0.24531516183986374,0.11303426907992906,,1.2265758091993186,,2.939575394665215,4.599659284497445,1.6600838898322303,27.925966249319544,43.08347529812607,15.157509048806524
Abdou Diallo,https://fbref.com/en/players/fc62f087/Abdou-Diallo,2021-2022,2022-2023,Ligue 1,Bundesliga,Paris S-G,RB Leipzig,25,26,DF,877.0,478.0,0.0,0.1882845188284519,0.1882845188284519,0.10262257696693274,0.0,-0.10262257696693274,0.010262257696693275,0.07531380753138076,0.06505154983468749,0.07183580387685291,0.01882845188284519,-0.053007351994007725,,4.518828451882845,,1.6419612314709238,2.071129707112971,0.4291684756420471,81.89281641961232,83.41004184100419,1.5172254213918706
Carlos Soler,https://fbref.com/en/players/fed17f5a/Carlos-Soler,2021-2022,2022-2023,La Liga,Ligue 1,Valencia,Paris S-G,24,25,MF,2474.0,1187.0,0.4001616814874697,0.2274641954507161,-0.1726974860367536,0.18189167340339532,0.15164279696714406,-0.030248876436251265,0.33104284559417946,0.12131423757371526,-0.2097286080204642,0.14551333872271627,0.10614995787700084,-0.03936338084571543,,4.018534119629318,,1.4551333872271626,1.3647851727042966,-0.09034821452286601,44.45432497978982,56.79022746419545,12.335902484405636
Pol Lirola,https://fbref.com/en/players/ff800ed8/Pol-Lirola,2021-2022,2022-2023,Ligue 1,La Liga,Marseille,Elche,23,24,"DF,FW",1770.0,628.0,0.05084745762711864,0.14331210191082802,0.09246464428370937,0.10169491525423728,0.0,-0.10169491525423728,0.07118644067796609,0.028662420382165606,-0.042524020295800484,0.14237288135593218,0.10031847133757961,-0.04205441001835257,,2.7229299363057327,,3.7627118644067794,3.0095541401273884,-0.753157724279391,66.15254237288136,56.751592356687894,-9.400950016193462
Konstantinos Mavropanos,https://fbref.com/en/players/00963611/Konstantinos-Mavropanos,2022-2023,2023-2024,Bundesliga,Premier League,Stuttgart,West Ham,24,26-171,DF,2286.0,1500.0,0.07874015748031496,0.06,-0.018740157480314962,0.03937007874015748,0.0,-0.03937007874015748,0.15748031496062992,0.072,-0.08548031496062992,0.043307086614173235,0.012,-0.03130708661417324,4.724409448818898,2.28,-2.4444094488188983,1.3385826771653544,0.6,-0.7385826771653544,73.81889763779527,49.26,-24.558897637795276
Weston McKennie,https://fbref.com/en/players/01c3aff5/Weston-McKennie,2022-2023,2023-2024,Premier League,Serie A,Leeds United,Juventus,23,25-276,MF,1437.0,2594.0,0.0,0.0,0.0,0.06263048016701461,0.24286815728604472,0.1802376771190301,0.05010438413361169,0.1040863531225906,0.053981968988978904,0.043841336116910226,0.13531225905936778,0.09147092294245755,5.135699373695198,3.191981495759445,-1.9437178779357533,0.8768267223382046,2.220508866615266,1.3436821442770612,50.54279749478079,50.55127216653816,0.008474671757369379
Sergio Ramos,https://fbref.com/en/players/08511d65/Sergio-Ramos,2022-2023,2023-2024,Ligue 1,La Liga,Paris S-G,Sevilla,36,38-061,DF,2704.0,2517.0,0.06656804733727811,0.10727056019070322,0.040702512853425105,0.03328402366863906,0.0,-0.03328402366863906,0.05658284023668639,0.06793802145411204,0.011355181217425653,0.006656804733727811,0.0035756853396901075,-0.0030811193940377033,5.425295857988166,2.896305125148987,-2.528990732839179,0.4992603550295858,0.3933253873659118,-0.105934967663674,92.32988165680473,66.86531585220501,-25.464565804599715
Matías Viña,https://fbref.com/en/players/08eb3b58/Matias-Vina,2022-2023,2023-2024,Premier League,Serie A,Bournemouth,Sassuolo,24,26-203,DF,458.0,1014.0,0.39301310043668125,0.0,-0.39301310043668125,0.0,0.2662721893491124,0.2662721893491124,0.17685589519650657,0.02662721893491124,-0.15022867626159533,0.039301310043668124,0.12426035502958578,0.08495904498591766,3.3406113537117905,4.0828402366863905,0.7422288829746,1.9650655021834063,2.130177514792899,0.16511201260949293,56.79039301310044,59.73372781065088,2.943334797550442
Mohammed Salisu,https://fbref.com/en/players/0b33f6ad/Mohammed-Salisu,2022-2023,2023-2024,Premier League,Ligue 1,Southampton,Monaco,23,25-043,DF,1973.0,1035.0,0.0,0.0,0.0,0.0456158134820071,0.08695652173913043,0.04134070825712333,0.06842372022301065,0.017391304347826087,-0.05103241587518456,0.02736948808920426,0.017391304347826087,-0.009978183741378172,3.740496705524582,6.260869565217392,2.5203728596928094,0.2280790674100355,0.6086956521739131,0.3806165847638776,68.60618347693868,78.69565217391305,10.089468696974365
Ansu Fati,https://fbref.com/en/players/0ba976e4/Ansu-Fati,2022-2023,2023-2024,La Liga,Premier League,Barcelona,Brighton,19,21-212,FW,1393.0,521.0,0.45226130653266333,0.345489443378119,-0.10677186315454434,0.19382627422828427,0.0,-0.19382627422828427,0.5879396984924623,0.5873320537428023,-0.000607644749660019,0.10983488872936109,0.1381957773512476,0.028360888621886515,3.1012203876525484,4.836852207293666,1.7356318196411178,3.036611629576454,2.763915547024952,-0.2726960825515019,52.01005025125628,51.82341650671785,-0.18663374453843318
Dodi Lukebakio,https://fbref.com/en/players/0c61c77c/Dodi-Lukebakio,2022-2023,2023-2024,Bundesliga,La Liga,Hertha BSC,Sevilla,24,26-249,"FW,MF",2397.0,1125.0,0.41301627033792243,0.4,-0.013016270337922409,0.11264080100125157,0.08,-0.032640801001251565,0.32290362953692114,0.44799999999999995,0.1250963704630788,0.165206508135169,0.055999999999999994,-0.109206508135169,1.5769712140175218,2.08,0.5030287859824782,3.60450563204005,3.84,0.2354943679599497,36.7584480600751,41.6,4.841551939924905
Yasser Larouci,https://fbref.com/en/players/0ed063d6/Yasser-Larouci,2022-2023,2023-2024,Ligue 1,Premier League,Troyes,Sheffield Utd,21,23-150,"DF,MF",1797.0,531.0,0.05008347245409015,0.0,-0.05008347245409015,0.05008347245409015,0.0,-0.05008347245409015,0.025041736227045076,0.03389830508474576,0.008856568857700687,0.08013355592654425,0.05084745762711864,-0.029286098299425613,3.1552587646076797,2.3728813559322033,-0.7823774086754764,3.606010016694491,3.0508474576271185,-0.5551625590673726,53.73956594323874,44.40677966101695,-9.33278628222179
Sardar Azmoun,https://fbref.com/en/players/10549b49/Sardar-Azmoun,2022-2023,2023-2024,Bundesliga,Serie A,Leverkusen,Roma,27,29-150,"FW,MF",927.0,585.0,0.3883495145631068,0.46153846153846156,0.07318894697535477,0.0970873786407767,0.0,-0.0970873786407767,0.3398058252427184,0.4461538461538461,0.10634802091112772,0.24271844660194172,0.21538461538461537,-0.027333831217326354,3.1067961165048543,2.1538461538461537,-0.9529499626587006,1.0679611650485437,0.7692307692307693,-0.2987303958177744,33.398058252427184,35.69230769230769,2.2942494398805096
Rogério,https://fbref.com/en/players/10e7f486/Rogerio,2022-2023,2023-2024,Serie A,Bundesliga,Sassuolo,Wolfsburg,24,26-138,DF,2996.0,906.0,0.0,0.09933774834437087,0.09933774834437087,0.09012016021361816,0.0,-0.09012016021361816,0.015020026702269693,0.029801324503311258,0.014781297801041565,0.08110814419225634,0.039735099337748346,-0.041373044854508,5.557409879839786,5.662251655629139,0.10484177578935316,3.304405874499332,2.6821192052980134,-0.6222866692013187,69.3324432576769,65.4635761589404,-3.8688670987365015
Jean-Ricner Bellegarde,https://fbref.com/en/players/10f0fdd3/Jean-Ricner-Bellegarde,2022-2023,2023-2024,Ligue 1,Premier League,Strasbourg,Wolves,24,25-338,"MF,FW",2419.0,958.0,0.07441091360066143,0.18789144050104384,0.1134805269003824,0.2232327408019843,0.09394572025052192,-0.12928702055146238,0.09673418768085987,0.1503131524008351,0.053578964719975225,0.19346837536171974,0.09394572025052192,-0.09952265511119782,5.6924348904506,3.663883089770355,-2.028551800680245,3.8693675072343945,2.8183716075156577,-1.0509958997187367,59.11947085572551,44.90605427974948,-14.213416575976026
Samu Castillejo,https://fbref.com/en/players/130a7a3f/Samu-Castillejo,2022-2023,2023-2024,La Liga,Serie A,Valencia,Sassuolo,27,29-133,"FW,MF",1362.0,536.0,0.2643171806167401,0.0,-0.2643171806167401,0.0,0.0,0.0,0.19162995594713655,0.05037313432835821,-0.14125682161877834,0.19823788546255508,0.16791044776119401,-0.030327437701361065,5.022026431718062,4.365671641791045,-0.6563547899270166,3.5682819383259914,4.5335820895522385,0.9653001512262471,55.50660792951542,62.29477611940298,6.788168189887564
Eray Cömert,https://fbref.com/en/players/15937e17/Eray-Comert,2022-2023,2023-2024,La Liga,Ligue 1,Valencia,Nantes,24,26-116,DF,1672.0,1995.0,0.053827751196172245,0.09022556390977443,0.036397812713602186,0.0,0.0,0.0,0.026913875598086123,0.03157894736842105,0.004665071770334924,0.005382775119617224,0.009022556390977444,0.00363978127136022,2.906698564593301,2.571428571428571,-0.33526999316472983,0.32296650717703346,0.3157894736842105,-0.0071770334928229484,60.77153110047846,57.744360902255636,-3.0271701982228265
Nampalys Mendy,https://fbref.com/en/players/1598599e/Nampalys-Mendy,2022-2023,2023-2024,Premier League,Ligue 1,Leicester City,Lens,30,31-342,MF,757.0,1052.0,0.11889035667107001,0.0,-0.11889035667107001,0.0,0.0855513307984791,0.0855513307984791,0.011889035667107,0.017110266159695818,0.005221230492588817,0.0,0.09410646387832701,0.09410646387832701,3.3289299867899604,7.186311787072244,3.8573818002822833,0.23778071334214002,1.796577946768061,1.558797233425921,58.256274768824305,65.78897338403043,7.532698615206122
Daichi Kamada,https://fbref.com/en/players/15b287da/Daichi-Kamada,2022-2023,2023-2024,Bundesliga,Serie A,Eint Frankfurt,Lazio,25,27-299,MF,2265.0,1544.0,0.3576158940397351,0.11658031088082901,-0.24103558315890608,0.23841059602649006,0.11658031088082901,-0.12183028514566105,0.3933774834437086,0.10492227979274613,-0.28845520365096244,0.13509933774834437,0.16321243523316062,0.028113097484816246,6.357615894039735,5.595854922279793,-0.7617609717599416,1.8675496688741722,2.3316062176165806,0.4640565487424084,59.721854304635755,64.64378238341969,4.921928078783935
Callum Hudson-Odoi,https://fbref.com/en/players/15f3ec41/Callum-Hudson-Odoi,2022-2023,2023-2024,Bundesliga,Premier League,Leverkusen,Nott'ham Forest,21,23-205,"FW,MF",605.0,1854.0,0.0,0.3883495145631068,0.3883495145631068,0.1487603305785124,0.04854368932038835,-0.10021664125812405,0.02975206611570248,0.13106796116504854,0.10131589504934606,0.11900826446280992,0.13592233009708737,0.016914065634277456,4.6115702479338845,2.815533980582524,-1.7960362673513606,4.462809917355372,5.388349514563107,0.9255395972077345,42.84297520661157,45.14563106796116,2.302655861349592
Álex Moreno,https://fbref.com/en/players/16e9d0ea/Alex-Moreno,2022-2023,2023-2024,La Liga,Premier League,Betis,Aston Villa,29,30-357,DF,1350.0,1031.0,0.0,0.1745877788554801,0.1745877788554801,0.2,0.0,-0.2,0.08666666666666667,0.09602327837051407,0.009356611703847398,0.1,0.09602327837051407,-0.003976721629485938,2.933333333333333,2.0950533462657615,-0.8382799870675717,3.2666666666666666,2.7934044616876816,-0.47326220497898497,58.86666666666667,60.23278370514064,1.3661170384739734
André Gomes,https://fbref.com/en/players/1961b2aa/Andre-Gomes,2022-2023,2023-2024,Ligue 1,Premier League,Lille,Everton,29,30-305,MF,1629.0,508.0,0.16574585635359115,0.17716535433070865,0.011419497977117499,0.11049723756906077,0.0,-0.11049723756906077,0.06077348066298342,0.053149606299212594,-0.007623874363770829,0.06629834254143646,0.07086614173228346,0.004567799190847002,8.83977900552486,6.377952755905511,-2.4618262496193495,1.43646408839779,1.4173228346456692,-0.019141253752120724,83.97790055248618,62.362204724409445,-21.61569582807673
Maxime Estève,https://fbref.com/en/players/1a066e69/Maxime-Esteve,2022-2023,2023-2024,Ligue 1,Premier League,Montpellier,Burnley,20,22-004,DF,1646.0,1309.0,0.0,0.0,0.0,0.0,0.0,0.0,0.032806804374240585,0.020626432391138275,-0.01218037198310231,0.0054678007290400975,0.0,-0.0054678007290400975,2.405832320777643,2.750190985485103,0.34435866470746035,0.49210206561360875,1.0313216195569137,0.5392195539433049,51.61603888213852,67.3109243697479,15.694885487609376
Christian Pulisic,https://fbref.com/en/players/1bf33a9a/Christian-Pulisic,2022-2023,2023-2024,Premier League,Serie A,Chelsea,Milan,23,25-255,"FW,DF",821.0,2602.0,0.10962241169305725,0.415065334358186,0.30544292266512874,0.10962241169305725,0.2767102229054573,0.16708781121240007,0.18635809987819732,0.2767102229054573,0.09035212302726,0.07673568818514007,0.1660261337432744,0.08929044555813434,2.5213154689403168,3.0092236740968485,0.48790820515653177,3.836784409257004,4.531129900076864,0.6943454908198596,47.02801461632156,48.04381245196003,1.015797835638466
M'Baye Niang,https://fbref.com/en/players/2054d037/MBaye-Niang,2022-2023,2023-2024,Ligue 1,Serie A,Auxerre,Empoli,27,29-163,FW,1482.0,708.0,0.3643724696356276,0.7627118644067797,0.39833939477115216,0.0,0.1271186440677966,0.1271186440677966,0.4372469635627531,0.6864406779661018,0.24919371440334864,0.03643724696356276,0.11440677966101696,0.07796953269745421,1.8218623481781377,1.3983050847457628,-0.423557263432375,1.0323886639676114,1.652542372881356,0.6201537089137446,32.73279352226721,32.16101694915255,-0.5717765731146613
Nicolás Domínguez,https://fbref.com/en/players/20b3a502/Nicolas-Dominguez,2022-2023,2023-2024,Serie A,Premier League,Bologna,Nott'ham Forest,24,25-337,MF,2300.0,1495.0,0.11739130434782608,0.12040133779264214,0.003010033444816068,0.07826086956521738,0.12040133779264214,0.04214046822742476,0.10173913043478261,0.0782608695652174,-0.023478260869565212,0.11347826086956521,0.06020066889632107,-0.05327759197324414,5.752173913043478,5.478260869565218,-0.2739130434782604,1.526086956521739,0.842809364548495,-0.683277591973244,66.6391304347826,63.15050167224081,-3.4886287625417935
Harry Kane,https://fbref.com/en/players/21a66f6a/Harry-Kane,2022-2023,2023-2024,Premier League,Bundesliga,Tottenham,Bayern Munich,29,30-307,FW,3405.0,2839.0,0.7929515418502202,1.1412469179288482,0.34829537607862804,0.07929515418502202,0.2536104262064107,0.1743152720213887,0.5682819383259912,0.970059880239521,0.4017779419135299,0.18502202643171806,0.2028883409651286,0.017866314533410532,4.757709251101321,3.2335329341317367,-1.5241763169695846,1.5859030837004404,1.1412469179288482,-0.44465616577159217,35.10132158590308,31.54279675942233,-3.558524826480749
Benoît Costil,https://fbref.com/en/players/2434f24a/Benoit-Costil,2022-2023,2023-2024,Ligue 1,Serie A,Auxerre,Salernitana,35,36-332,GK,1710.0,1170.0,0.0,0.0,0.0,0.0,0.0,0.0,0.0,0.0,0.0,0.0,0.0,0.0,0.05263157894736842,0.0,-0.05263157894736842,0.0,0.0,0.0,33.578947368421055,35.61538461538461,2.0364372469635583
Ola Aina,https://fbref.com/en/players/246d153b/Ola-Aina,2022-2023,2023-2024,Serie A,Premier League,Torino,Nott'ham Forest,25,27-235,DF,876.0,1692.0,0.10273972602739727,0.05319148936170213,-0.04954823666569514,0.10273972602739727,0.05319148936170213,-0.04954823666569514,0.08219178082191782,0.015957446808510637,-0.06623433401340718,0.21575342465753428,0.047872340425531915,-0.16788108423200238,4.417808219178083,3.6170212765957444,-0.8007869425823384,3.5958904109589045,2.8191489361702127,-0.7767414747886918,69.76027397260275,54.202127659574465,-15.558146313028281
Kepa Arrizabalaga,https://fbref.com/en/players/28d596a0/Kepa-Arrizabalaga,2022-2023,2023-2024,Premier League,La Liga,Chelsea,Real Madrid,27,29-240,GK,2565.0,1198.0,0.0,0.0,0.0,0.0,0.0,0.0,0.0,0.0,0.0,0.0,0.0,0.0,0.0,0.0,0.0,0.0,0.0,0.0,39.26315789473684,35.609348914858096,-3.6538089798787468
Alexis Sánchez,https://fbref.com/en/players/2c0f8e9e/Alexis-Sanchez,2022-2023,2023-2024,Ligue 1,Serie A,Marseille,Inter,33,35-163,"FW,MF",2679.0,763.0,0.47032474804031354,0.23591087811271297,-0.23441386992760058,0.1007838745800672,0.5897771952817824,0.4889933207017152,0.4232922732362822,0.3774574049803408,-0.04583486825594141,0.1948488241881299,0.3656618610747051,0.1708130368865752,4.2665173572228445,6.251638269986894,1.9851209127640495,1.4109742441209407,1.8872870249017037,0.476312780780763,41.45576707726764,53.433813892529486,11.978046815261848
Robin Gosens,https://fbref.com/en/players/2d970560/Robin-Gosens,2022-2023,2023-2024,Serie A,Bundesliga,Inter,Union Berlin,28,29-330,DF,1184.0,2283.0,0.22804054054054054,0.23653088042049933,0.008490339879958786,0.0,0.11826544021024966,0.11826544021024966,0.22804054054054054,0.08278580814717477,-0.14525473239336578,0.18243243243243243,0.11826544021024966,-0.06416699222218276,3.1165540540540544,3.823915900131406,0.7073618460773514,2.204391891891892,0.8278580814717477,-1.3765338104201446,61.79898648648649,58.975032851511166,-2.823953634975325
Aarón Martín,https://fbref.com/en/players/2f3e911a/Aaron-Martin,2022-2023,2023-2024,Bundesliga,Serie A,Mainz 05,Genoa,25,27-038,DF,1847.0,1376.0,0.24363833243096913,0.0,-0.24363833243096913,0.1461829994585815,0.06540697674418604,-0.08077602271439545,0.10720086626962642,0.01308139534883721,-0.09411947092078922,0.1364374661613427,0.11119186046511627,-0.025245605696226428,4.190579317812669,2.2892441860465116,-1.9013351317661575,1.2181916621548456,1.8313953488372092,0.6132036866823636,58.08337845154304,45.98110465116279,-12.102273800380253
Dango Ouattara,https://fbref.com/en/players/2f9e4435/Dango-Ouattara,2022-2023,2023-2024,Ligue 1,Premier League,Lorient,Bournemouth,20,22-109,"FW,MF",1548.0,1229.0,0.3488372093023256,0.07323026851098455,-0.27560694079134107,0.29069767441860467,0.1464605370219691,-0.14423713739663557,0.3023255813953489,0.1903986981285598,-0.11192688326678907,0.1802325581395349,0.10984540276647682,-0.07038715537305808,2.2674418604651163,2.563059397884459,0.2956175374193428,3.7209302325581395,3.4418226200162736,-0.2791076125418659,41.86046511627907,57.3393002441009,15.478835127821824
Angeliño,https://fbref.com/en/players/30941e96/Angelino,2022-2023,2023-2024,Bundesliga,Serie A,Hoffenheim,Roma,25,27-147,DF,2617.0,1141.0,0.0,0.0,0.0,0.27512418800152844,0.07887817703768625,-0.1962460109638422,0.03782957585021016,0.01577563540753725,-0.022053940442672913,0.24761176920137562,0.126205083260298,-0.12140668594107762,3.714176538020634,3.15512708150745,-0.559049456513184,0.8253725640045854,0.946538124452235,0.12116556044764959,61.83416125334352,65.46888694127958,3.6347256879360614
Milan Škriniar,https://fbref.com/en/players/30f5ffa9/Milan-Skriniar,2022-2023,2023-2024,Serie A,Ligue 1,Inter,Paris S-G,27,29-109,DF,1769.0,1629.0,0.0,0.0,0.0,0.0,0.0,0.0,0.04070096099491238,0.011049723756906077,-0.029651237238006306,0.015262860373092142,0.0055248618784530384,-0.009737998494639103,4.120972300734879,3.370165745856353,-0.7508065548785257,0.8140192198982477,0.2762430939226519,-0.5377761259755958,78.65460712266818,108.23204419889503,29.577437076226843
Wilson Odobert,https://fbref.com/en/players/35516eac/Wilson-Odobert,2022-2023,2023-2024,Ligue 1,Premier League,Troyes,Burnley,17,19-184,"MF,FW",1764.0,2098.0,0.2040816326530612,0.12869399428026693,-0.07538763837279427,0.1020408163265306,0.08579599618684462,-0.016244820139685978,0.1326530612244898,0.12011439466158245,-0.01253866656290735,0.09183673469387754,0.1415633937082936,0.04972665901441606,2.397959183673469,2.488083889418494,0.09012470574502496,3.6734693877551017,4.375595805529075,0.7021264177739734,39.03061224489796,36.20591039084843,-2.824701854049529
Fares Chaïbi,https://fbref.com/en/players/357103bd/Fares-Chaibi,2022-2023,2023-2024,Ligue 1,Bundesliga,Toulouse,Eint Frankfurt,19,21-184,"FW,MF",2340.0,1912.0,0.19230769230769232,0.09414225941422595,-0.09816543289346637,0.19230769230769232,0.1882845188284519,-0.004023173479240416,0.22692307692307695,0.1459205020920502,-0.08100257483102674,0.18846153846153849,0.32008368200836823,0.13162214354682975,3.8846153846153846,4.048117154811716,0.16350177019633128,2.730769230769231,2.4947698744769875,-0.23599935629224333,50.53846153846154,53.04916317991632,2.51070164145478
Gonzalo Montiel,https://fbref.com/en/players/374d5158/Gonzalo-Montiel,2022-2023,2023-2024,La Liga,Premier League,Sevilla,Nott'ham Forest,25,27-150,DF,1524.0,801.0,0.0,0.0,0.0,0.17716535433070865,0.2247191011235955,0.04755374679288685,0.047244094488188976,0.011235955056179775,-0.0360081394320092,0.12401574803149606,0.15730337078651685,0.033287622755020785,3.3661417322834644,3.1460674157303368,-0.2200743165531276,2.0078740157480315,1.1235955056179774,-0.8842785101300541,60.41338582677165,53.146067415730336,-7.267318411041316
Shon Weissman,https://fbref.com/en/players/379dc075/Shon-Weissman,2022-2023,2023-2024,La Liga,Serie A,Valladolid,Salernitana,26,28-106,FW,747.0,494.0,0.12048192771084336,0.18218623481781376,0.061704307106970405,0.0,0.0,0.0,0.2771084337349397,0.18218623481781376,-0.09492219891712594,0.024096385542168672,0.01821862348178138,-0.005877762060387294,0.48192771084337344,0.728744939271255,0.24681722842788162,0.8433734939759036,0.0,-0.8433734939759036,19.277108433734938,21.497975708502025,2.2208672747670875
Sead Kolašinac,https://fbref.com/en/players/3935e52e/Sead-Kolasinac,2022-2023,2023-2024,Ligue 1,Serie A,Marseille,Atalanta,29,30-345,DF,2214.0,2178.0,0.16260162601626016,0.04132231404958678,-0.12127931196667338,0.04065040650406504,0.0,-0.04065040650406504,0.16666666666666663,0.05371900826446281,-0.11294765840220382,0.036585365853658534,0.04545454545454546,0.008869179600886928,4.430894308943089,3.884297520661157,-0.5465967882819323,1.9918699186991868,1.322314049586777,-0.6695558691124099,62.886178861788615,60.82644628099174,-2.059732580796876
Ross Barkley,https://fbref.com/en/players/3a24769f/Ross-Barkley,2022-2023,2023-2024,Ligue 1,Premier League,Nice,Luton Town,28,30-177,"MF,FW",960.0,2618.0,0.375,0.17188693659281895,-0.20311306340718105,0.1875,0.13750954927425516,-0.049990450725744845,0.403125,0.14094728800611153,-0.2621777119938885,0.225,0.12719633307868602,-0.09780366692131398,4.5,5.6035141329258975,1.1035141329258975,2.8125,1.650114591291062,-1.162385408708938,56.8125,61.12299465240642,4.310494652406419
Luca Pellegrini,https://fbref.com/en/players/3b61c9ec/Luca-Pellegrini,2022-2023,2023-2024,Bundesliga,Serie A,Eint Frankfurt,Lazio,23,25-084,DF,557.0,786.0,0.0,0.11450381679389314,0.11450381679389314,0.0,0.0,0.0,0.09694793536804308,0.02290076335877863,-0.07404717200926444,0.12926391382405744,0.03435114503816794,-0.0949127687858895,3.5547576301615798,5.2671755725190845,1.7124179423575048,3.0700179533213645,2.0610687022900764,-1.008949251031288,83.05206463195691,70.19083969465649,-12.86122493730042
Fabien Centonze,https://fbref.com/en/players/3c6bbbab/Fabien-Centonze,2022-2023,2023-2024,Ligue 1,Serie A,Nantes,Hellas Verona,26,28-135,DF,1689.0,676.0,0.0,0.0,0.0,0.0,0.13313609467455623,0.13313609467455623,0.037300177619893425,0.0,-0.037300177619893425,0.04795737122557727,0.13313609467455623,0.08517872344897895,5.435168738898757,1.863905325443787,-3.5712634134549703,2.238010657193606,2.1301775147928996,-0.10783314240070618,64.84902309058614,54.718934911242606,-10.130088179343538
Mateusz Wieteska,https://fbref.com/en/players/3ecc8c5f/Mateusz-Wieteska,2022-2023,2023-2024,Ligue 1,Serie A,Clermont Foot,Cagliari,25,27-109,DF,3117.0,965.0,0.0,0.0,0.0,0.028873917228103948,0.09326424870466322,0.06439033147655927,0.060635226179018294,0.027979274611398965,-0.03265595156761933,0.008662175168431183,0.05595854922279793,0.04729637405436675,2.8585178055822906,3.0777202072538863,0.21920240167159566,0.4331087584215592,1.4922279792746116,1.0591192208530524,55.5822906641001,52.32124352331606,-3.2610471407840365
André Silva,https://fbref.com/en/players/3effaa34/Andre-Silva,2022-2023,2023-2024,Bundesliga,La Liga,RB Leipzig,Real Sociedad,26,28-206,FW,1738.0,729.0,0.20713463751438435,0.3703703703703704,0.16323573285598605,0.15535097813578827,0.0,-0.15535097813578827,0.476409666283084,0.4074074074074074,-0.06900225887567663,0.15017261219792866,0.037037037037037035,-0.11313557516089162,1.9159953970080554,0.8641975308641976,-1.0517978661438578,1.8124280782508633,0.617283950617284,-1.1951441276335792,37.1288837744534,29.506172839506174,-7.622710934947225
Ivo Grbić,https://fbref.com/en/players/3f034750/Ivo-Grbic,2022-2023,2023-2024,La Liga,Premier League,Atlético Madrid,Sheffield Utd,26,28-133,GK,922.0,771.0,0.0,0.0,0.0,0.0,0.0,0.0,0.0,0.0,0.0,0.0,0.0,0.0,0.0,0.0,0.0,0.0,0.0,0.0,35.23861171366595,37.82101167315175,2.582399959485805
Brahim Díaz,https://fbref.com/en/players/407feb71/Brahim-Diaz,2022-2023,2023-2024,Serie A,La Liga,Milan,Real Madrid,22,24-301,"MF,FW",1925.0,1545.0,0.2805194805194805,0.4660194174757281,0.1854999369562476,0.32727272727272727,0.3495145631067961,0.0222418358340688,0.2805194805194805,0.3320388349514563,0.051519354431975806,0.2618181818181818,0.2563106796116505,-0.0055075022065312895,5.6571428571428575,4.368932038834951,-1.2882108183079062,3.74025974025974,4.427184466019417,0.6869247257596771,46.285714285714285,56.5631067961165,10.277392510402215
Yann Sommer,https://fbref.com/en/players/420c18a1/Yann-Sommer,2022-2023,2023-2024,Bundesliga,Serie A,Bayern Munich,Inter,33,35-165,GK,1710.0,3060.0,0.0,0.0,0.0,0.0,0.0,0.0,0.0,0.0,0.0,0.0,0.0,0.0,0.05263157894736842,0.0,-0.05263157894736842,0.0,0.0,0.0,41.0,38.029411764705884,-2.970588235294116
Divock Origi,https://fbref.com/en/players/43a166b4/Divock-Origi,2022-2023,2023-2024,Serie A,Premier League,Milan,Nott'ham Forest,27,29-042,FW,1027.0,606.0,0.17526777020447906,0.0,-0.17526777020447906,0.08763388510223953,0.1485148514851485,0.06088096638290898,0.18403115871470302,0.2079207920792079,0.023889633364504892,0.10516066212268743,0.3118811881188119,0.20672052599612445,1.5774099318403116,2.0792079207920793,0.5017979889517676,2.103213242453749,2.8217821782178216,0.7185689357640728,29.444985394352482,33.415841584158414,3.9708561898059322
Obite N'Dicka,https://fbref.com/en/players/441197b8/Obite-NDicka,2022-2023,2023-2024,Bundesliga,Serie A,Eint Frankfurt,Roma,22,24-284,DF,2692.0,2168.0,0.033432392273402674,0.0,-0.033432392273402674,0.0,0.12453874538745388,0.12453874538745388,0.04680534918276374,0.04151291512915129,-0.0052924340536124465,0.0066864784546805354,0.04151291512915129,0.03482643667447076,3.1426448736998513,3.6116236162361623,0.468978742536311,0.5349182763744428,1.0793357933579335,0.5444175169834907,72.18053491827638,73.47785977859779,1.2973248603214103
Benjamin Pavard,https://fbref.com/en/players/45a03961/Benjamin-Pavard,2022-2023,2023-2024,Bundesliga,Serie A,Bayern Munich,Inter,26,28-063,DF,2431.0,1672.0,0.14808720691073632,0.0,-0.14808720691073632,0.03702180172768408,0.10765550239234449,0.0706337006646604,0.0925545043192102,0.03767942583732057,-0.054875078481889626,0.08885232414644179,0.07535885167464114,-0.013493472471800647,7.478403948992184,4.7906698564593295,-2.687734092532854,1.369806663924311,1.345693779904306,-0.024112884020004888,99.92184286301932,79.28827751196171,-20.633565351057612
Marco Asensio,https://fbref.com/en/players/45af8a54/Marco-Asensio,2022-2023,2023-2024,La Liga,Ligue 1,Real Madrid,Paris S-G,26,28-130,"FW,MF",1442.0,1113.0,0.5617198335644937,0.32345013477088946,-0.23826969879360427,0.37447988904299584,0.40431266846361186,0.029832779420616018,0.3932038834951456,0.2587601078167116,-0.13444377567843402,0.30582524271844663,0.4690026954177897,0.16317745269934308,4.368932038834951,5.741239892183288,1.372307853348337,3.4951456310679614,2.911051212938005,-0.5840944181299563,59.35506241331484,60.40431266846361,1.0492502551487703
Ruslan Malinovskyi,https://fbref.com/en/players/48d5bd33/Ruslan-Malinovskyi,2022-2023,2023-2024,Ligue 1,Serie A,Marseille,Genoa,29,31-026,"MF,FW",1227.0,1544.0,0.07334963325183375,0.23316062176165803,0.15981098850982428,0.07334963325183375,0.05829015544041451,-0.015059477811419239,0.1687041564792176,0.06411917098445596,-0.10458498549476164,0.17603911980440098,0.034974093264248704,-0.1410650265401523,4.69437652811736,4.8380829015544045,0.14370637343704473,2.567237163814181,1.3989637305699483,-1.1682734332442326,51.198044009779956,51.93652849740933,0.7384844876293712
Rasmus Højlund,https://fbref.com/en/players/491a433d/Rasmus-Hojlund,2022-2023,2023-2024,Serie A,Premier League,Atalanta,Manchester Utd,19,21-116,FW,1834.0,2158.0,0.44165757906215924,0.4170528266913809,-0.02460475237077836,0.09814612868047984,0.08341056533827618,-0.014735563342203661,0.4661941112322792,0.3169601482854495,-0.14923396294682972,0.1177753544165758,0.06672845227062095,-0.05104690214595485,1.815703380588877,1.376274328081557,-0.4394290525073199,1.9629225736095965,1.5013901760889712,-0.46153239752062536,34.35114503816794,25.52363299351251,-8.827512044655432
Timo Werner,https://fbref.com/en/players/49fe9070/Timo-Werner,2022-2023,2023-2024,Bundesliga,Premier League,RB Leipzig,Tottenham,26,28-085,"FW,MF",1937.0,809.0,0.4181724315952504,0.22249690976514214,-0.19567552183010828,0.13939081053175012,0.3337453646477132,0.19435455411596309,0.4228187919463087,0.411619283065513,-0.011199508880795739,0.14403717088280849,0.3003708281829419,0.15633365730013343,2.369643779039752,4.561186650185414,2.191542871145662,3.0201342281879193,8.788627935723115,5.768493707535196,42.00309757356737,50.17305315203956,8.169955578472184
Maximilian Wöber,https://fbref.com/en/players/4b803b3c/Maximilian-Wober,2022-2023,2023-2024,Premier League,Bundesliga,Leeds United,Gladbach,24,26-116,DF,1266.0,2066.0,0.0,0.08712487899322362,0.08712487899322362,0.0,0.13068731848983542,0.13068731848983542,0.04976303317535545,0.05663117134559535,0.006868138170239901,0.042654028436018954,0.0696999031945789,0.02704587475855995,3.838862559241706,5.5759922555663115,1.7371296963246055,1.066350710900474,1.3939980638915779,0.3276473529911039,60.99526066350711,78.32526621490804,17.33000555140093
Justin Kluivert,https://fbref.com/en/players/4c3a6744/Justin-Kluivert,2022-2023,2023-2024,La Liga,Premier League,Valencia,Bournemouth,23,25-025,"FW,MF",1447.0,1916.0,0.3731859018659295,0.32881002087682676,-0.04437588098910272,0.0,0.04697286012526096,0.04697286012526096,0.4105044920525224,0.29123173277661796,-0.11927275927590442,0.1492743607463718,0.08924843423799582,-0.060025926508375974,2.052522460262612,2.3486430062630483,0.29612054600043614,3.607463718037318,3.0532359081419624,-0.5542278098953557,36.26123013130615,32.59916492693111,-3.6620652043750397
Djibril Sow,https://fbref.com/en/players/4c6facae/Djibril-Sow,2022-2023,2023-2024,Bundesliga,La Liga,Eint Frankfurt,Sevilla,25,27-114,MF,2646.0,1460.0,0.1360544217687075,0.06164383561643836,-0.07441058615226914,0.0,0.06164383561643836,0.06164383561643836,0.05782312925170068,0.09246575342465754,0.03464262417295686,0.034013605442176874,0.04931506849315069,0.015301463050973817,6.326530612244898,4.5,-1.8265306122448983,1.1904761904761905,1.541095890410959,0.3506196999347686,61.564625850340136,51.78082191780822,-9.783803932531917
Victor Bernth Kristiansen,https://fbref.com/en/players/505486d6/Victor-Bernth-Kristiansen,2022-2023,2023-2024,Premier League,Serie A,Leicester City,Bologna,19,21-166,DF,892.0,2307.0,0.0,0.0,0.0,0.10089686098654709,0.11703511053315994,0.01613824954661286,0.010089686098654708,0.011703511053315994,0.0016138249546612856,0.08071748878923767,0.09362808842652795,0.012910599637290285,3.1278026905829597,4.798439531859558,1.6706368412765986,1.7152466367713004,0.8972691807542262,-0.8179774560170742,61.24439461883408,73.73211963589077,12.48772501705669
Thilo Kehrer,https://fbref.com/en/players/51dbeea9/Thilo-Kehrer,2022-2023,2023-2024,Premier League,Ligue 1,West Ham,Monaco,25,27-252,DF,2230.0,1323.0,0.0,0.06802721088435375,0.06802721088435375,0.08071748878923767,0.06802721088435375,-0.012690277904883918,0.020179372197309416,0.047619047619047616,0.0274396754217382,0.024215246636771298,0.07482993197278913,0.05061468533601783,2.42152466367713,6.122448979591837,3.7009243159147074,0.6053811659192825,0.8843537414965987,0.27897257557731625,53.87892376681614,76.19047619047619,22.311552423660046
Leonardo Bonucci,https://fbref.com/en/players/52ec54d0/Leonardo-Bonucci,2022-2023,2023-2024,Serie A,Bundesliga,Juventus,Union Berlin,35,37-029,DF,879.0,460.0,0.10238907849829351,0.1956521739130435,0.09326309541474997,0.0,0.0,0.0,0.11262798634812286,0.1565217391304348,0.04389375278231193,0.020477815699658702,0.058695652173913045,0.03821783647425434,2.866894197952218,4.108695652173913,1.241801454221695,0.20477815699658702,0.0,-0.20477815699658702,67.37201365187713,57.1304347826087,-10.241578869268423
Pau Torres,https://fbref.com/en/players/532e1e4f/Pau-Torres,2022-2023,2023-2024,La Liga,Premier League,Villarreal,Aston Villa,25,27-135,DF,3054.0,2464.0,0.02946954813359529,0.07305194805194806,0.04358239991835278,0.0,0.0,0.0,0.0707269155206287,0.03652597402597403,-0.03420094149465466,0.02946954813359529,0.014610389610389612,-0.014859158523205677,5.8055009823182715,4.675324675324676,-1.1301763069935955,2.239685658153242,1.5340909090909092,-0.7055947490623327,73.52652259332024,72.50405844155844,-1.0224641517617954
César Azpilicueta,https://fbref.com/en/players/53cad200/Cesar-Azpilicueta,2022-2023,2023-2024,Premier League,La Liga,Chelsea,Atlético Madrid,32,34-276,DF,1527.0,1423.0,0.0,0.0,0.0,0.0,0.12649332396345747,0.12649332396345747,0.02357563850687623,0.03794799718903724,0.01437235868216101,0.06483300589390964,0.15179198875614897,0.08695898286223933,4.18467583497053,4.869992972593113,0.6853171376225822,1.3555992141453832,2.466619817287421,1.1110206031420378,73.37917485265227,73.87210119465917,0.49292634200689633
Jude Bellingham,https://fbref.com/en/players/57d88cf9/Jude-Bellingham,2022-2023,2023-2024,Bundesliga,La Liga,Dortmund,Real Madrid,19,20-336,MF,2691.0,2315.0,0.26755852842809363,0.7386609071274298,0.4711023786993362,0.13377926421404682,0.23326133909287258,0.09948207487882577,0.27424749163879597,0.43153347732181424,0.15728598568301827,0.13377926421404682,0.2060475161987041,0.07226825198465728,8.42809364548495,7.619870410367171,-0.8082232351177785,3.2441471571906355,3.304535637149028,0.06038847995839269,69.93311036789298,73.74946004319655,3.81634967530357
Saïd Benrahma,https://fbref.com/en/players/5a04fd92/Said-Benrahma,2022-2023,2023-2024,Premier League,Ligue 1,West Ham,Lyon,26,28-294,"FW,MF",2069.0,770.0,0.2609956500724988,0.35064935064935066,0.08965370057685185,0.1304978250362494,0.35064935064935066,0.22015152561310125,0.3044949250845819,0.18701298701298702,-0.1174819380715949,0.1957467375543741,0.4207792207792208,0.2250324832248467,3.566940550990817,3.9740259740259742,0.40708542303515705,4.741420976317062,5.376623376623376,0.6352024003063148,47.4577090381827,52.24675324675325,4.789044208570552
Sofyan Amrabat,https://fbref.com/en/players/5a2cb25d/Sofyan-Amrabat,2022-2023,2023-2024,Serie A,Premier League,Fiorentina,Manchester Utd,25,27-283,MF,1998.0,938.0,0.0,0.0,0.0,0.04504504504504505,0.0,-0.04504504504504505,0.022522522522522525,0.009594882729211088,-0.012927639793311437,0.04954954954954956,0.02878464818763326,-0.020764901361916298,7.927927927927928,6.332622601279318,-1.5953053266486101,1.6216216216216217,0.5756929637526652,-1.0459286578689566,73.91891891891892,73.88059701492537,-0.03832190399354829
Joško Gvardiol,https://fbref.com/en/players/5ad50391/Josko-Gvardiol,2022-2023,2023-2024,Bundesliga,Premier League,RB Leipzig,Manchester City,20,22-128,DF,2170.0,2328.0,0.041474654377880185,0.15463917525773196,0.11316452087985178,0.0,0.03865979381443299,0.03865979381443299,0.07465437788018434,0.11984536082474227,0.045190982944557936,0.02488479262672811,0.05412371134020618,0.02923891871347807,4.811059907834101,5.257731958762887,0.44667205092878515,1.119815668202765,2.435567010309278,1.3157513421065132,98.25345622119816,84.23969072164948,-14.013765499548683
Hugo Ekitike,https://fbref.com/en/players/5b92d896/Hugo-Ekitike,2022-2023,2023-2024,Ligue 1,Bundesliga,Paris S-G,Eint Frankfurt,20,21-345,FW,1155.0,716.0,0.23376623376623376,0.5027932960893855,0.26902706232315177,0.3116883116883117,0.25139664804469275,-0.06029166364361893,0.2883116883116883,0.30167597765363124,0.013364289341942948,0.12467532467532468,0.2136871508379888,0.08901182616266413,1.7922077922077921,1.1312849162011174,-0.6609228760066748,1.7922077922077921,2.011173184357542,0.21896539214974986,36.857142857142854,39.09217877094972,2.2350359138068683
Castello Lukeba,https://fbref.com/en/players/5b9512c5/Castello-Lukeba,2022-2023,2023-2024,Ligue 1,Bundesliga,Lyon,RB Leipzig,19,21-165,DF,2986.0,2191.0,0.06028131279303416,0.041077133728890915,-0.019204179064143248,0.0,0.0,0.0,0.0361687876758205,0.032861706983112735,-0.003307080692707763,0.009042196918955124,0.004107713372889092,-0.004934483546066033,5.003348961821835,4.395253308991328,-0.6080956528305075,0.7233757535164099,0.9447740757644911,0.2213983222480812,77.76289350301407,86.83706070287539,9.074167199861321
Brenden Aaronson,https://fbref.com/en/players/5bc43860/Brenden-Aaronson,2022-2023,2023-2024,Premier League,Bundesliga,Leeds United,Union Berlin,21,23-221,"MF,FW",2372.0,1267.0,0.03794266441821248,0.1420678768745067,0.10412521245629422,0.11382799325463744,0.1420678768745067,0.02823988361986926,0.14797639123102868,0.1420678768745067,-0.005908514356521982,0.15935919055649242,0.13496448303078137,-0.024394707525711046,3.2630691399662735,3.977900552486188,0.7148314125199144,1.6315345699831367,2.628255722178374,0.9967211521952375,43.36846543001687,47.94790844514601,4.579443015129144
Mattéo Guendouzi,https://fbref.com/en/players/5ea8ef20/Matteo-Guendouzi,2022-2023,2023-2024,Ligue 1,Serie A,Marseille,Lazio,23,25-046,MF,2108.0,2367.0,0.08538899430740038,0.07604562737642585,-0.009343366930974525,0.17077798861480076,0.11406844106463879,-0.05670954755016197,0.14089184060721063,0.060836501901140684,-0.08005533870606996,0.08965844402277041,0.08745247148288972,-0.002205972539880696,7.258064516129033,4.524714828897339,-2.7333496872316942,2.1347248576850095,1.7490494296577945,-0.385675428027215,61.522770398481974,50.3041825095057,-11.218587888976273
Dion Lopy,https://fbref.com/en/players/64c14d49/Dion-Lopy,2022-2023,2023-2024,Ligue 1,La Liga,Reims,Almería,20,22-118,MF,1379.0,1916.0,0.0,0.0,0.0,0.06526468455402465,0.0,-0.06526468455402465,0.05873821609862219,0.06106471816283925,0.0023265020642170633,0.10442349528643945,0.05636743215031315,-0.048056063136126294,6.59173313995649,4.227557411273486,-2.364175728683003,1.1094996374184192,1.0803757828810021,-0.02912385453741706,61.02248005801305,52.045929018789145,-8.976551039223907
Kevin Volland,https://fbref.com/en/players/64f69877/Kevin-Volland,2022-2023,2023-2024,Ligue 1,Bundesliga,Monaco,Union Berlin,30,31-305,"FW,MF",639.0,1345.0,0.4225352112676057,0.20074349442379183,-0.22179171684381385,0.28169014084507044,0.26765799256505574,-0.0140321482800147,0.23943661971830987,0.35464684014869885,0.11521022043038898,0.22535211267605637,0.17397769516728626,-0.051374417508770115,4.366197183098592,3.2118959107806693,-1.1543012723179227,0.8450704225352114,0.9368029739776952,0.09173255144248382,37.605633802816904,38.47583643122677,0.8702026284098636
Vinicius Souza,https://fbref.com/en/players/6a8a7af8/Vinicius-Souza,2022-2023,2023-2024,La Liga,Premier League,Espanyol,Sheffield Utd,23,24-348,MF,2428.0,2668.0,0.03706754530477759,0.03373313343328336,-0.0033344118714942333,0.03706754530477759,0.0,-0.03706754530477759,0.02965403624382208,0.020239880059970013,-0.009414156183852065,0.022240527182866555,0.006746626686656672,-0.015493900496209884,3.039538714991763,2.2263868065967016,-0.8131519083950614,0.4818780889621087,0.2361319340329835,-0.24574615492912522,46.03789126853377,46.58545727136432,0.5475660028305498
Reinier,https://fbref.com/en/players/6b21b7b5/Reinier,2022-2023,2023-2024,La Liga,Serie A,Girona,Frosinone,20,22-132,"MF,FW",647.0,1059.0,0.2782071097372488,0.16997167138810196,-0.10823543834914687,0.1391035548686244,0.16997167138810196,0.030868116519477545,0.18083462132921174,0.11048158640226628,-0.07035303492694546,0.08346213292117464,0.16147308781869688,0.07801095489752223,3.4775888717156103,2.7195467422096313,-0.7580421295059789,1.8083462132921173,0.8498583569405098,-0.9584878563516075,45.76506955177743,44.87252124645892,-0.8925483053185062
Yerry Mina,https://fbref.com/en/players/6d5701f2/Yerry-Mina,2022-2023,2023-2024,Premier League,Serie A,Everton,Cagliari,27,29-250,DF,594.0,1215.0,0.30303030303030304,0.14814814814814814,-0.1548821548821549,0.0,0.0,0.0,0.2272727272727273,0.0962962962962963,-0.130976430976431,0.015151515151515154,0.0,-0.015151515151515154,1.9696969696969697,1.7037037037037037,-0.265993265993266,0.15151515151515152,0.2962962962962963,0.14478114478114476,60.909090909090914,52.81481481481482,-8.094276094276097
Marcus Thuram,https://fbref.com/en/players/6f8cd6d0/Marcus-Thuram,2022-2023,2023-2024,Bundesliga,Serie A,M'Gladbach,Inter,24,26-298,FW,2513.0,2687.0,0.4655789892558695,0.4354298474134723,-0.030149141842397198,0.21488261042578594,0.23446222553033125,0.01957961510454531,0.5909271786709113,0.47897283215481956,-0.11195434651609171,0.18623159570234782,0.12393003349460366,-0.06230156220774416,1.647433346597692,1.5742463714179382,-0.07318697517975381,2.686032630322324,2.277633048008932,-0.4083995823133919,33.844011142061284,32.3892817268329,-1.4547294152283854
Pape Gueye,https://fbref.com/en/players/7155e3e1/Pape-Gueye,2022-2023,2023-2024,La Liga,Ligue 1,Sevilla,Marseille,23,25-127,MF,1171.0,765.0,0.07685738684884715,0.11764705882352941,0.040789671974682265,0.23057216054654142,0.0,-0.23057216054654142,0.09991460290350128,0.047058823529411764,-0.052855779374089515,0.09222886421861656,0.09411764705882353,0.001888782840206965,4.534585824081981,7.176470588235294,2.641884764153313,0.6917164816396243,0.9411764705882353,0.249459988948611,53.72331340734415,70.82352941176471,17.10021600442056
Mattia Viti,https://fbref.com/en/players/75438a9a/Mattia-Viti,2022-2023,2023-2024,Ligue 1,Serie A,Nice,Sassuolo,20,22-127,DF,634.0,979.0,0.14195583596214512,0.09193054136874361,-0.050025294593401506,0.0,0.0,0.0,0.014195583596214513,0.09193054136874361,0.07773495777252909,0.0,0.0,0.0,2.697160883280757,3.3094994892747702,0.612338605994013,0.14195583596214512,0.18386108273748722,0.0419052467753421,60.18927444794953,55.4341164453524,-4.755158002597128
Guglielmo Vicario,https://fbref.com/en/players/77d6fd4d/Guglielmo-Vicario,2022-2023,2023-2024,Serie A,Premier League,Empoli,Tottenham,25,27-236,GK,2783.0,3420.0,0.0,0.0,0.0,0.0,0.0,0.0,0.0,0.0,0.0,0.0,0.0,0.0,0.0,0.07894736842105263,0.07894736842105263,0.0,0.0,0.0,44.14301113905857,44.21052631578947,0.06751517673090035
Tino Kadewere,https://fbref.com/en/players/7d08063d/Tino-Kadewere,2022-2023,2023-2024,La Liga,Ligue 1,Mallorca,Nantes,26,28-146,"FW,MF",542.0,781.0,0.16605166051660517,0.11523687580025609,-0.05081478471634908,0.0,0.0,0.0,0.2656826568265683,0.21895006402048656,-0.04673259280608172,0.0996309963099631,0.20742637644046097,0.10779538013049787,0.6642066420664207,2.9961587708066584,2.331952128740238,2.3247232472324724,1.7285531370038414,-0.596170110228631,37.19557195571956,36.29961587708067,-0.8959560786388892
İlkay Gündoğan,https://fbref.com/en/players/819b3158/Ilkay-Gundogan,2022-2023,2023-2024,Premier League,La Liga,Manchester City,Barcelona,31,33-219,MF,2353.0,2994.0,0.3059923501912452,0.15030060120240482,-0.1556917489888404,0.1529961750956226,0.27054108216432865,0.11754490706870604,0.28686782830429236,0.21943887775551102,-0.06742895054878134,0.12622184445388865,0.30961923847695394,0.1833973940230653,6.50233744156396,6.733466933867736,0.23112949230377566,2.0271993200169995,2.1342685370741483,0.10706921705714878,69.0777730556736,82.15430861723448,13.076535561560874
Pablo Fornals,https://fbref.com/en/players/82927de4/Pablo-Fornals,2022-2023,2023-2024,Premier League,La Liga,West Ham,Betis,26,28-098,"FW,MF",1503.0,1148.0,0.17964071856287425,0.235191637630662,0.05555091906778775,0.059880239520958084,0.156794425087108,0.09691418556614992,0.1317365269461078,0.14111498257839722,0.009378455632289423,0.10179640718562874,0.1254355400696864,0.023639132884057668,5.3293413173652695,6.977351916376306,1.6480105990110365,1.9760479041916168,2.900696864111498,0.924648959919881,54.91017964071857,63.580139372822295,8.669959732103727
Martin Satriano,https://fbref.com/en/players/86383d0e/Martin-Satriano,2022-2023,2023-2024,Serie A,Ligue 1,Empoli,Brest,21,23-100,FW,1705.0,1864.0,0.10557184750733138,0.19313304721030042,0.08756119970296904,0.05278592375366569,0.19313304721030042,0.14034712345663472,0.2058651026392962,0.29452789699570814,0.08866279435641194,0.06334310850439882,0.1400214592274678,0.07667835072306899,1.1612903225806452,1.786480686695279,0.6251903641146337,1.5307917888563052,1.351931330472103,-0.17886045838420217,31.51319648093842,34.47424892703862,2.9610524461002043
Loïs Openda,https://fbref.com/en/players/8652a85c/Lois-Openda,2022-2023,2023-2024,Ligue 1,Bundesliga,Lens,RB Leipzig,22,24-104,FW,2517.0,2697.0,0.7508939213349226,0.8008898776418243,0.04999595630690168,0.1430274135876043,0.2335928809788654,0.09056546739126112,0.6615017878426699,0.7374860956618465,0.07598430781917664,0.15017878426698453,0.1935483870967742,0.04336960282978966,1.5017878426698452,1.5016685205784206,-0.00011932209142462291,2.1811680572109657,2.5695216907675196,0.38835363355655383,25.458879618593564,28.698553948832036,3.239674330238472
Rominigue Kouamé,https://fbref.com/en/players/86a2ba20/Rominigue-Kouame,2022-2023,2023-2024,Ligue 1,La Liga,Troyes,Cádiz,25,27-165,MF,2661.0,821.0,0.033821871476888386,0.0,-0.033821871476888386,0.033821871476888386,0.0,-0.033821871476888386,0.04735062006764374,0.03288672350791717,-0.014463896559726568,0.07102593010146561,0.010962241169305725,-0.06006368893215989,5.715896279594138,3.7271619975639467,-1.9887342820301912,1.995490417136415,1.753958587088916,-0.2415318300474989,57.429537767756486,54.92082825822168,-2.5087095095348033
Gianluca Scamacca,https://fbref.com/en/players/8790f988/Gianluca-Scamacca,2022-2023,2023-2024,Premier League,Serie A,West Ham,Atalanta,23,25-150,FW,926.0,1418.0,0.2915766738660907,0.7616361071932298,0.4700594333271391,0.0,0.3808180535966149,0.3808180535966149,0.24298056155507558,0.3871650211565585,0.1441844596014829,0.06803455723542115,0.22214386459802538,0.15410930736260423,1.6522678185745139,2.6022566995768686,0.9499888810023547,1.263498920086393,1.396332863187588,0.1328339431011949,26.533477321814253,40.55712270803949,14.02364538622524
João Félix,https://fbref.com/en/players/8aafd64f/Joao-Felix,2022-2023,2023-2024,Premier League,La Liga,Chelsea,Barcelona,22,24-202,"FW,MF",941.0,1540.0,0.38257173219978746,0.4090909090909091,0.026519176891121654,0.0,0.17532467532467533,0.17532467532467533,0.4686503719447397,0.5084415584415584,0.039791186496818676,0.04782146652497343,0.18116883116883117,0.13334736464385774,4.495217853347502,3.9740259740259742,-0.521191879321528,3.2518597236981934,4.032467532467533,0.7806078087693393,47.53453772582359,54.29220779220779,6.7576700663842
Wilfried Singo,https://fbref.com/en/players/8b609c34/Wilfried-Singo,2022-2023,2023-2024,Serie A,Ligue 1,Torino,Monaco,21,23-157,DF,2046.0,2187.0,0.0879765395894428,0.0411522633744856,-0.04682427621495721,0.0439882697947214,0.0411522633744856,-0.0028360064202358065,0.1187683284457478,0.03292181069958848,-0.08584651774615933,0.08357771260997067,0.0411522633744856,-0.04242544923548507,2.9472140762463344,5.967078189300412,3.0198641130540773,2.375366568914956,1.5637860082304527,-0.8115805606845035,59.56011730205278,72.18106995884773,12.620952656794948
Lucien Agoume,https://fbref.com/en/players/8bc8829a/Lucien-Agoume,2022-2023,2023-2024,Ligue 1,La Liga,Troyes,Sevilla,20,22-111,MF,1094.0,777.0,0.0,0.0,0.0,0.08226691042047532,0.0,-0.08226691042047532,0.06581352833638027,0.10424710424710426,0.038433575910723994,0.09049360146252286,0.0694980694980695,-0.020995531964453362,7.650822669104205,4.054054054054054,-3.5967686150501503,0.740402193784278,0.8108108108108109,0.0704086170265329,73.46435100548446,49.80694980694981,-23.65740119853465
Sheraldo Becker,https://fbref.com/en/players/8eb55dbb/Sheraldo-Becker,2022-2023,2023-2024,Bundesliga,La Liga,Union Berlin,Real Sociedad,27,29-111,FW,2554.0,771.0,0.3876272513703994,0.23346303501945526,-0.15416421635094413,0.2466718872357087,0.23346303501945526,-0.013208852216253453,0.22905246671887236,0.16342412451361868,-0.06562834220525368,0.19733750978856696,0.21011673151750973,0.012779221728942775,1.5505090054815975,1.517509727626459,-0.032999277855138454,3.7000783085356304,3.2684824902723735,-0.4315958182632569,31.996867658574786,35.01945525291829,3.0225875943435057
Timothy Weah,https://fbref.com/en/players/8eec784d/Timothy-Weah,2022-2023,2023-2024,Ligue 1,Serie A,Lille,Juventus,22,24-098,"DF,FW",1748.0,1258.0,0.0,0.0,0.0,0.10297482837528604,0.07154213036565978,-0.03143269800962627,0.12871853546910755,0.10731319554848967,-0.021405339920617883,0.08237986270022885,0.07869634340222575,-0.0036835192980030906,4.067505720823799,3.4340222575516695,-0.6334834632721291,3.5526315789473686,2.503974562798092,-1.0486570161492765,60.9096109839817,51.08108108108108,-9.82852990290062
Micky van de Ven,https://fbref.com/en/players/8fe2a392/Micky-van-de-Ven,2022-2023,2023-2024,Bundesliga,Premier League,Wolfsburg,Tottenham,21,23-041,DF,2970.0,2339.0,0.030303030303030304,0.11543394613082515,0.08513091582779485,0.030303030303030304,0.0,-0.030303030303030304,0.0393939393939394,0.023086789226165028,-0.01630715016777437,0.04242424242424242,0.0,-0.04242424242424242,3.3636363636363638,4.155622060709705,0.7919856970733412,1.303030303030303,0.7310816588285592,-0.5719486442017437,61.90909090909091,77.80247969217615,15.893388783085243
Jens Cajuste,https://fbref.com/en/players/928a4a61/Jens-Cajuste,2022-2023,2023-2024,Ligue 1,Serie A,Reims,Napoli,22,24-294,MF,1530.0,1016.0,0.17647058823529413,0.0,-0.17647058823529413,0.058823529411764705,0.17716535433070865,0.11834182491894395,0.08823529411764706,0.13287401574803148,0.04463872163038442,0.07058823529411765,0.09744094488188977,0.026852709587772125,6.411764705882353,3.27755905511811,-3.134205650764243,2.7058823529411766,1.6830708661417322,-1.0228114867994444,57.0,51.112204724409445,-5.887795275590555
Dominik Szoboszlai,https://fbref.com/en/players/934e1968/Dominik-Szoboszlai,2022-2023,2023-2024,Bundesliga,Premier League,RB Leipzig,Liverpool,21,23-218,"MF,FW",2444.0,2104.0,0.220949263502455,0.12832699619771865,-0.09262226730473636,0.2945990180032733,0.0855513307984791,-0.20904768720479422,0.20253682487725042,0.15826996197718632,-0.0442668629000641,0.29828150572831424,0.24809885931558937,-0.05018264641272488,5.560556464811784,6.501901140684411,0.9413446758726272,2.7618657937806876,3.208174904942966,0.44630911116227834,70.26186579378069,77.08174904942966,6.819883255648975
Duje Ćaleta-Car,https://fbref.com/en/players/94f8d10c/Duje-Caleta-Car,2022-2023,2023-2024,Premier League,Ligue 1,Southampton,Lyon,25,27-256,DF,946.0,1993.0,0.09513742071881606,0.0,-0.09513742071881606,0.0,0.0,0.0,0.07610993657505286,0.022579026593075764,-0.05353090998197709,0.0,0.04515805318615153,0.04515805318615153,3.13953488372093,2.754641244355243,-0.384893639365687,0.47568710359408034,0.22579026593075763,-0.2498968376633227,66.12050739957716,63.40190667335675,-2.7186007262204157
Gonçalo Paciência,https://fbref.com/en/players/962e54cb/Goncalo-Paciencia,2022-2023,2023-2024,La Liga,Bundesliga,Celta Vigo,Bochum,27,29-303,"FW,MF",662.0,650.0,0.2719033232628399,0.41538461538461535,0.14348129212177546,0.0,0.13846153846153847,0.13846153846153847,0.2583081570996979,0.41538461538461535,0.15707645828491745,0.08157099697885196,0.18,0.09842900302114803,1.4954682779456194,2.9076923076923076,1.4122240297466881,0.9516616314199396,1.2461538461538462,0.2944922147339065,40.377643504531726,41.676923076923075,1.2992795723913488
Remo Freuler,https://fbref.com/en/players/98d2c2c4/Remo-Freuler,2022-2023,2023-2024,Premier League,Serie A,Nott'ham Forest,Bologna,30,32-045,MF,2161.0,2624.0,0.0,0.03429878048780488,0.03429878048780488,0.0,0.03429878048780488,0.03429878048780488,0.016658954187875982,0.041158536585365856,0.024499582397489873,0.033317908375751965,0.03772865853658537,0.004410750160833407,2.2489588153632574,5.659298780487805,3.4103399651245474,0.2915316982878297,1.2690548780487805,0.9775231797609507,44.062933826931975,74.70274390243902,30.63981007550705
Nicolò Zaniolo,https://fbref.com/en/players/9907b1c8/Nicolo-Zaniolo,2022-2023,2023-2024,Serie A,Premier League,Roma,Aston Villa,23,24-333,"MF,FW",890.0,839.0,0.10112359550561797,0.2145411203814064,0.11341752487578843,0.0,0.0,0.0,0.2932584269662921,0.2789034564958284,-0.014354970470463746,0.09101123595505618,0.1072705601907032,0.01625932423564702,1.9213483146067416,3.2181168057210963,1.2967684911143547,3.438202247191011,3.754469606674612,0.31626735948360096,34.78651685393258,43.12276519666269,8.336248342730109
Anthony Rouault,https://fbref.com/en/players/9b545925/Anthony-Rouault,2022-2023,2023-2024,Ligue 1,Bundesliga,Toulouse,Stuttgart,21,23-001,DF,3314.0,1010.0,0.05431502715751358,0.0,-0.05431502715751358,0.02715751357875679,0.17821782178217824,0.15106030820342145,0.0896197948098974,0.008910891089108912,-0.08070890372078848,0.02172601086300543,0.0712871287128713,0.04956111784986586,3.6934218467109234,6.0594059405940595,2.365984093883136,0.27157513578756787,0.712871287128713,0.4412961513411451,66.56306578153288,91.7821782178218,25.21911243628891
Djed Spence,https://fbref.com/en/players/9bc9a519/Djed-Spence,2022-2023,2023-2024,Ligue 1,Serie A,Rennes,Genoa,21,23-295,DF,573.0,859.0,0.0,0.0,0.0,0.0,0.0,0.0,0.06282722513089006,0.020954598370197905,-0.04187262676069216,0.015706806282722516,0.03143189755529686,0.01572509127257434,3.298429319371728,2.619324796274738,-0.6791045230969899,3.298429319371728,1.7811408614668218,-1.517288457904906,61.88481675392671,48.61466821885914,-13.27014853506757
Nicolas Jackson,https://fbref.com/en/players/9c36ed83/Nicolas-Jackson,2022-2023,2023-2024,La Liga,Premier League,Villarreal,Chelsea,21,22-345,FW,1598.0,2799.0,0.6758448060075094,0.45016077170418006,-0.22568403430332934,0.2252816020025031,0.1607717041800643,-0.0645098978224388,0.4505632040050062,0.5980707395498392,0.14750753554483303,0.18585732165206506,0.13826366559485528,-0.04759365605720978,2.252816020025031,2.1543408360128615,-0.09847518401216959,2.759699624530663,2.2508038585209,-0.508895766009763,29.51188986232791,32.09003215434083,2.5781422920129238
Eric Bailly,https://fbref.com/en/players/a1232f4e/Eric-Bailly,2022-2023,2023-2024,Ligue 1,La Liga,Marseille,Villarreal,28,30-048,DF,543.0,839.0,0.0,0.0,0.0,0.0,0.0,0.0,0.03314917127071824,0.021454112038140644,-0.011695059232577593,0.0,0.0,0.0,1.988950276243094,1.9308700834326578,-0.05808019281043619,0.6629834254143646,0.3218116805721096,-0.341171744842255,59.171270718232044,49.23718712753277,-9.934083590699274
Carlos Baleba,https://fbref.com/en/players/a1390d2f/Carlos-Baleba,2022-2023,2023-2024,Ligue 1,Premier League,Lille,Brighton,18,20-148,MF,478.0,1325.0,0.0,0.0,0.0,0.0,0.0,0.0,0.09414225941422595,0.05433962264150944,-0.03980263677271651,0.01882845188284519,0.020377358490566037,0.0015489066077208485,6.2133891213389125,3.3962264150943398,-2.8171627062445728,3.0125523012552304,1.2905660377358492,-1.7219862635193812,72.30125523012552,65.54716981132076,-6.754085418804763
Hamari Traoré,https://fbref.com/en/players/a4b1028a/Hamari-Traore,2022-2023,2023-2024,Ligue 1,La Liga,Rennes,Real Sociedad,30,32-124,DF,2528.0,2292.0,0.03560126582278481,0.0,-0.03560126582278481,0.14240506329113925,0.07853403141361257,-0.06387103187752668,0.06764240506329114,0.01963350785340314,-0.048008897209888,0.09256329113924051,0.05890052356020943,-0.03366276757903108,5.660601265822785,5.06544502617801,-0.5951562396447745,1.9580696202531647,1.924083769633508,-0.03398585061965664,74.15743670886076,68.20680628272251,-5.950630426138247
Igor,https://fbref.com/en/players/a4e85758/Igor,2022-2023,2023-2024,Serie A,Premier League,Fiorentina,Brighton,24,26-113,DF,2057.0,1637.0,0.0,0.0,0.0,0.0,0.0,0.0,0.021876519202722412,0.016493585827733658,-0.005382933374988755,0.008750607681088965,0.0384850335980452,0.029734425916956235,3.3252309188138067,5.882712278558338,2.557481359744531,0.8313077297034517,1.6493585827733659,0.8180508530699142,66.59212445308702,90.7697006719609,24.17757621887388
Houssem Aouar,https://fbref.com/en/players/a5db0bec/Houssem-Aouar,2022-2023,2023-2024,Ligue 1,Serie A,Lyon,Roma,24,25-335,MF,526.0,756.0,0.1711026615969582,0.47619047619047616,0.30508781459351797,0.1711026615969582,0.0,-0.1711026615969582,0.23954372623574144,0.2738095238095238,0.03426579757378234,0.18821292775665402,0.05952380952380952,-0.1286891182328445,6.330798479087453,3.095238095238095,-3.235560383849358,2.0532319391634983,2.0238095238095237,-0.029422415353974607,78.87832699619773,52.38095238095238,-26.49737461524535
Nuno Tavares,https://fbref.com/en/players/a65c844b/Nuno-Tavares,2022-2023,2023-2024,Ligue 1,Premier League,Marseille,Nott'ham Forest,22,24-125,"DF,MF",2349.0,457.0,0.22988505747126436,0.0,-0.22988505747126436,0.0,0.0,0.0,0.17241379310344826,0.03938730853391685,-0.13302648456953142,0.09961685823754789,0.09846827133479213,-0.0011485869027557521,4.406130268199234,4.7264770240700225,0.32034675587078887,3.67816091954023,2.7571115973741795,-0.9210493221660503,68.16091954022988,67.5492341356674,-0.6116854045624791
Mark Flekken,https://fbref.com/en/players/a92ab7be/Mark-Flekken,2022-2023,2023-2024,Bundesliga,Premier League,Freiburg,Brentford,29,30-352,GK,3060.0,3285.0,0.0,0.0,0.0,0.0,0.0273972602739726,0.0273972602739726,0.0,0.0,0.0,0.008823529411764706,0.0136986301369863,0.004875100725221595,0.0,0.136986301369863,0.136986301369863,0.0,0.0,0.0,45.588235294117645,45.42465753424658,-0.16357775987106749
Vicente Guaita,https://fbref.com/en/players/ab13a5aa/Vicente-Guaita,2022-2023,2023-2024,Premier League,La Liga,Crystal Palace,Celta Vigo,35,37-141,GK,2430.0,2403.0,0.0,0.0,0.0,0.0,0.0,0.0,0.0,0.0,0.0,0.0,0.0,0.0,0.037037037037037035,0.0,-0.037037037037037035,0.0,0.0,0.0,33.148148148148145,32.734082397003746,-0.41406575114439903
Eric Dier,https://fbref.com/en/players/ac861941/Eric-Dier,2022-2023,2023-2024,Premier League,Bundesliga,Tottenham,Bayern Munich,28,30-136,DF,2818.0,1166.0,0.063875088715401,0.0,-0.063875088715401,0.0319375443577005,0.0,-0.0319375443577005,0.0511000709723208,0.054030874785591765,0.002930803813270967,0.0383250532292406,0.007718696397941681,-0.030606356831298916,2.778566359119943,4.090909090909091,1.3123427317891476,0.28743789921930446,0.6174957118353345,0.33005781261603,72.62597586941094,96.40651801029159,23.780542140880655
Axel Disasi,https://fbref.com/en/players/ad82197c/Axel-Disasi,2022-2023,2023-2024,Ligue 1,Premier League,Monaco,Chelsea,24,26-080,DF,3330.0,2579.0,0.08108108108108109,0.06979449398991858,-0.011286587091162509,0.08108108108108109,0.0,-0.08108108108108109,0.1027027027027027,0.08375339278790228,-0.018949309914800413,0.032432432432432434,0.010469174098487785,-0.02196325833394465,5.5675675675675675,3.90849166343544,-1.6590759041321275,1.7297297297297298,1.0469174098487786,-0.6828123198809513,61.972972972972975,87.10352849941837,25.1305555264454
Boubakary Soumaré,https://fbref.com/en/players/ae59b359/Boubakary-Soumare,2022-2023,2023-2024,Premier League,La Liga,Leicester City,Sevilla,23,25-093,MF,1629.0,2286.0,0.0,0.0,0.0,0.0,0.03937007874015748,0.03937007874015748,0.0,0.0,0.0,0.022099447513812154,0.03543307086614173,0.013333623352329578,4.0331491712707175,4.015748031496063,-0.017401139774654517,0.9392265193370165,1.141732283464567,0.2025057641275504,60.276243093922645,55.944881889763785,-4.33136120415886
Moussa Diaby,https://fbref.com/en/players/aeed5c06/Moussa-Diaby,2022-2023,2023-2024,Bundesliga,Premier League,Leverkusen,Aston Villa,23,24-328,"FW,MF",2699.0,2174.0,0.30011115227862173,0.24839006439742412,-0.051721087881197614,0.2667654686921082,0.3311867525298988,0.06442128383779061,0.36680251945164877,0.28978840846366144,-0.07701411098798733,0.2734346054094109,0.2732290708371665,-0.00020553457224437022,3.4679510929974064,2.980680772769089,-0.4872703202283173,4.16821044831419,3.891444342226311,-0.2767661060878792,42.6491293071508,34.11223551057958,-8.53689379657122
Alexander Nübel,https://fbref.com/en/players/afb0c500/Alexander-Nubel,2022-2023,2023-2024,Ligue 1,Bundesliga,Monaco,Stuttgart,25,27-243,GK,3420.0,2700.0,0.0,0.0,0.0,0.0,0.0,0.0,0.0,0.0,0.0,0.0,0.0,0.0,0.02631578947368421,0.03333333333333333,0.007017543859649124,0.0,0.0,0.0,31.973684210526315,42.6,10.626315789473686
Ousmane Dembélé,https://fbref.com/en/players/b19db005/Ousmane-Dembele,2022-2023,2023-2024,La Liga,Ligue 1,Barcelona,Paris S-G,25,27-015,FW,1410.0,1506.0,0.3191489361702128,0.1792828685258964,-0.1398660676443164,0.4468085106382979,0.4780876494023904,0.031279138764092496,0.24893617021276596,0.26294820717131473,0.014012036958548774,0.3127659574468085,0.40039840637450197,0.08763244892769345,4.723404255319149,7.94820717131474,3.224802915995591,7.914893617021277,9.561752988047807,1.6468593710265305,66.4468085106383,75.0597609561753,8.61295244553699
Jonathan Bamba,https://fbref.com/en/players/b2bd0f6c/Jonathan-Bamba,2022-2023,2023-2024,Ligue 1,La Liga,Lille,Celta Vigo,26,28-065,FW,2783.0,1981.0,0.19403521379805966,0.13629480060575466,-0.057740413192304996,0.22637441609773626,0.09086320040383644,-0.13551121569389982,0.2651814588573482,0.13629480060575466,-0.1288866582515935,0.21020481494789797,0.21352852094901564,0.003323706001117671,4.721523535752785,3.6345280161534577,-1.086995519599327,3.5896514552641037,4.86118122160525,1.2715297663411462,58.30758174631693,47.112569409389195,-11.195012336927732
Suat Serdar,https://fbref.com/en/players/b3325a30/Suat-Serdar,2022-2023,2023-2024,Bundesliga,Serie A,Hertha BSC,Hellas Verona,25,27-049,MF,2021.0,1659.0,0.1781296387926769,0.0,-0.1781296387926769,0.08906481939633845,0.10849909584086799,0.01943427644452954,0.08461157842652152,0.054249547920433995,-0.030362030506087524,0.07125185551707076,0.07594936708860758,0.004697511571536819,3.4735279564571995,3.6889692585895117,0.21544130213231227,1.4695695200395844,1.0849909584086799,-0.38457856163090454,41.68233547748639,44.10488245931284,2.42254698182645
Yunus Musah,https://fbref.com/en/players/b51b1b9c/Yunus-Musah,2022-2023,2023-2024,La Liga,Serie A,Valencia,Milan,19,21-183,MF,2110.0,1478.0,0.0,0.0,0.0,0.08530805687203792,0.12178619756427606,0.036478140692238134,0.07677725118483412,0.036535859269282815,-0.04024139191555131,0.07677725118483412,0.07307171853856563,-0.0037055326462684945,3.9668246445497632,3.8971583220568338,-0.06966632249292948,3.071090047393365,2.9228687415426253,-0.14822130585073978,43.93364928909953,50.602165087956706,6.668515798857179
Martin Hongla,https://fbref.com/en/players/b85bf253/Martin-Hongla,2022-2023,2023-2024,La Liga,Serie A,Valladolid,Hellas Verona,24,26-075,"DF,MF",1306.0,1084.0,0.0,0.0,0.0,0.0,0.0,0.0,0.0,0.008302583025830259,0.008302583025830259,0.020673813169984685,0.024907749077490774,0.004233935907506089,3.445635528330781,4.732472324723247,1.2868367963924658,0.41347626339969373,0.4981549815498155,0.08467871815012179,51.339969372128635,47.32472324723247,-4.015246124896166
Samuel Chukwueze,https://fbref.com/en/players/b8a642fc/Samuel-Chukwueze,2022-2023,2023-2024,La Liga,Serie A,Villarreal,Milan,23,25-008,"FW,MF",2339.0,1017.0,0.2308678922616503,0.08849557522123894,-0.14237231704041137,0.19238991021804192,0.2654867256637168,0.07309681544567487,0.2501068832834545,0.15044247787610618,-0.0996644054073483,0.16545532278751604,0.20353982300884954,0.0380845002213335,3.2706284737067124,4.513274336283185,1.242645862576473,5.117571611799915,4.601769911504425,-0.5158017002954898,47.751175716118006,50.97345132743362,3.2222756113156166
Ryan Gravenberch,https://fbref.com/en/players/b8e740fb/Ryan-Gravenberch,2022-2023,2023-2024,Bundesliga,Premier League,Bayern Munich,Liverpool,20,22-014,MF,576.0,1121.0,0.0,0.08028545941123996,0.08028545941123996,0.0,0.0,0.0,0.140625,0.16057091882247992,0.019945918822479924,0.078125,0.07225691347011597,-0.005868086529884034,6.875,6.262265834076717,-0.6127341659232828,1.71875,3.1311329170383586,1.4123829170383586,75.46875,55.878679750223014,-19.590070249776986
Niklas Schmidt,https://fbref.com/en/players/b9ae8560/Niklas-Schmidt,2022-2023,2023-2024,Bundesliga,Ligue 1,Werder Bremen,Toulouse,24,26-090,MF,1087.0,1269.0,0.24839006439742412,0.07092198581560284,-0.1774680785818213,0.0,0.07092198581560284,0.07092198581560284,0.13247470101195954,0.0851063829787234,-0.04736831803323614,0.10763569457221711,0.1702127659574468,0.0625770713852297,5.298988040478381,7.5177304964539005,2.2187424559755193,2.152713891444342,1.4184397163120568,-0.7342741751322854,59.44802207911684,68.01418439716312,8.566162318046281
Diego Llorente,https://fbref.com/en/players/bba30585/Diego-Llorente,2022-2023,2023-2024,Premier League,Serie A,Leeds United,Roma,28,30-288,DF,649.0,2170.0,0.0,0.041474654377880185,0.041474654377880185,0.0,0.041474654377880185,0.041474654377880185,0.0970724191063174,0.012442396313364055,-0.08463002279295335,0.0,0.02488479262672811,0.02488479262672811,3.7442218798151,3.110599078341014,-0.6336228014740861,0.2773497688751926,0.8294930875576036,0.5521433186824111,70.16949152542372,77.35023041474655,7.180738889322825
Kelvin Amian,https://fbref.com/en/players/bcc81786/Kelvin-Amian,2022-2023,2023-2024,Serie A,Ligue 1,Spezia,Nantes,24,26-112,DF,2372.0,798.0,0.0,0.0,0.0,0.03794266441821248,0.11278195488721804,0.07483929046900556,0.1024451939291737,0.011278195488721804,-0.0911669984404519,0.0872681281618887,0.06766917293233082,-0.019598955229557874,3.870151770657673,3.1578947368421053,-0.7122570338155678,2.0109612141652615,1.3533834586466165,-0.6575777555186451,52.93001686340641,48.49624060150376,-4.433776261902651
João Cancelo,https://fbref.com/en/players/bd6351cd/Joao-Cancelo,2022-2023,2023-2024,Premier League,La Liga,Manchester City,Barcelona,28,30-003,DF,1274.0,2503.0,0.141287284144427,0.07191370355573312,-0.06937358058869389,0.0706436420722135,0.14382740711146624,0.07318376503925274,0.0565149136577708,0.0575309628445865,0.0010160491868156998,0.06357927786499215,0.219336795844986,0.15575751797999385,7.4882260596546315,5.069916100679185,-2.4183099589754464,5.0863422291993725,3.8114262884538554,-1.274915940745517,96.287284144427,79.32081502197363,-16.966469122453375
Gonzalo Villar,https://fbref.com/en/players/bdc74a8f/Gonzalo-Villar,2022-2023,2023-2024,Serie A,La Liga,Sampdoria,Granada,24,26-068,MF,696.0,1803.0,0.0,0.04991680532445923,0.04991680532445923,0.0,0.14975041597337768,0.14975041597337768,0.0,0.09484193011647253,0.09484193011647253,0.0,0.10981697171381032,0.10981697171381032,3.3620689655172415,3.693843594009983,0.33177462849274164,1.1637931034482758,1.3477537437603992,0.18396064031212345,58.57758620689655,57.50415973377704,-1.0734264731195111
Issa Kaboré,https://fbref.com/en/players/c066d1a5/Issa-Kabore,2022-2023,2023-2024,Ligue 1,Premier League,Marseille,Luton Town,21,23-018,DF,1028.0,1729.0,0.08754863813229571,0.0,-0.08754863813229571,0.0,0.10410641989589357,0.10410641989589357,0.07879377431906615,0.010410641989589358,-0.06838313232947679,0.07879377431906615,0.10931174089068826,0.030517966571622118,4.727626459143969,2.8108733371891264,-1.9167531219548426,3.414396887159533,3.123192596876807,-0.2912042902827259,64.26070038910505,51.27241179872759,-12.988288590377465
Randal Kolo Muani,https://fbref.com/en/players/c0b3669f/Randal-Kolo-Muani,2022-2023,2023-2024,Bundesliga,Ligue 1,Eint Frankfurt,Paris S-G,23,25-177,FW,2631.0,1268.0,0.5131128848346637,0.42586750788643535,-0.08724537694822831,0.37628278221208666,0.3548895899053628,-0.021393192306723874,0.45153933865450396,0.43296529968454256,-0.018574038969961404,0.22234891676168755,0.23422712933753942,0.011878212575851865,2.086659064994299,2.9810725552050474,0.8944134902107486,3.3181299885974913,2.555205047318612,-0.7629249412788792,36.157354618015965,38.68296529968455,2.5256106816685815
Wataru Endo,https://fbref.com/en/players/c149016b/Wataru-Endo,2022-2023,2023-2024,Bundesliga,Premier League,Stuttgart,Liverpool,29,31-111,MF,2922.0,1722.0,0.15400410677618068,0.05226480836236934,-0.10173929841381134,0.12320328542094455,0.0,-0.12320328542094455,0.11704312114989732,0.02613240418118467,-0.09091071696871264,0.14476386036960986,0.08885017421602788,-0.055913686153581985,5.26694045174538,5.2787456445993035,0.011805192853923785,0.9856262833675564,0.5226480836236934,-0.462978199743863,57.689938398357285,79.12891986062718,21.438981462269894
Lucas Hernández,https://fbref.com/en/players/c3ee18ef/Lucas-Hernandez,2022-2023,2023-2024,Bundesliga,Ligue 1,Bayern Munich,Paris S-G,26,28-106,DF,476.0,1909.0,0.0,0.047145102147721316,0.047145102147721316,0.0,0.047145102147721316,0.047145102147721316,0.0,0.023572551073860658,0.023572551073860658,0.03781512605042017,0.07543216343635412,0.037617037385933944,6.428571428571429,7.354635935044525,0.9260645064730966,0.5672268907563025,1.4143530644316396,0.847126173675337,76.95378151260505,96.2231534834992,19.269371970894156
Joakim Mæhle,https://fbref.com/en/players/c459a650/Joakim-Maehle,2022-2023,2023-2024,Serie A,Bundesliga,Atalanta,Wolfsburg,25,27-010,"DF,MF",2209.0,2452.0,0.12222725215029426,0.0734094616639478,-0.04881779048634646,0.12222725215029426,0.1101141924959217,-0.012113059654372552,0.12222725215029426,0.05138662316476346,-0.0708406289855308,0.1181530104119511,0.09910277324632953,-0.01905023716562157,5.581711181530104,4.367862969004894,-1.2138482125252104,3.3001358080579446,3.0831973898858074,-0.21693841817213722,69.54730647351742,67.94045676998368,-1.6068497035337401
Wout Weghorst,https://fbref.com/en/players/c4e87b8b/Wout-Weghorst,2022-2023,2023-2024,Premier League,Bundesliga,Manchester Utd,Hoffenheim,29,31-297,"FW,MF",797.0,1977.0,0.0,0.31866464339908956,0.31866464339908956,0.11292346298619824,0.13657056145675267,0.023647098470554434,0.22584692597239647,0.3277693474962064,0.10192242152380993,0.13550815558343787,0.15933232169954478,0.02382416611610691,1.91969887076537,2.5948406676783007,0.6751417969129307,0.33877038895859474,0.6373292867981791,0.2985588978395844,32.86072772898369,35.96358118361154,3.102853454627848
Saša Lukić,https://fbref.com/en/players/c6e8cf1f/Sasa-Lukic,2022-2023,2023-2024,Serie A,Premier League,Torino,Fulham,25,27-291,MF,1195.0,1122.0,0.1506276150627615,0.08021390374331551,-0.070413711319446,0.0,0.0,0.0,0.12803347280334726,0.12834224598930483,0.0003087731859575671,0.10543933054393304,0.06417112299465241,-0.04126820754928062,3.313807531380753,3.449197860962567,0.13539032958181396,1.9581589958158994,0.9625668449197861,-0.9955921508961133,64.01673640167364,50.13368983957219,-13.883046562101448
Geoffrey Kondogbia,https://fbref.com/en/players/cce181df/Geoffrey-Kondogbia,2022-2023,2023-2024,La Liga,Ligue 1,Atlético Madrid,Marseille,29,31-105,MF,1006.0,1463.0,0.0,0.0,0.0,0.17892644135188868,0.0,-0.17892644135188868,0.06262425447316103,0.02460697197539303,-0.038017282497768,0.0805168986083499,0.030758714969241284,-0.04975818363910862,3.7574552683896623,5.721120984278879,1.9636657158892166,0.5367793240556661,0.43062200956937796,-0.10615731448628812,67.1868787276342,68.83800410116199,1.6511253735277904
Morten Thorsby,https://fbref.com/en/players/d1b49282/Morten-Thorsby,2022-2023,2023-2024,Bundesliga,Serie A,Union Berlin,Genoa,26,28-025,MF,833.0,1157.0,0.10804321728691475,0.15557476231633535,0.0475315450294206,0.10804321728691475,0.15557476231633535,0.0475315450294206,0.0864345738295318,0.14001728608470182,0.053582712255170015,0.054021608643457376,0.10890233362143473,0.05488072497797735,1.6206482593037213,2.1780466724286947,0.5573984131249734,0.0,0.46672428694900603,0.46672428694900603,32.08883553421368,36.560069144338804,4.471233610125125
Malo Gusto,https://fbref.com/en/players/d56b9520/Malo-Gusto,2022-2023,2023-2024,Ligue 1,Premier League,Lyon,Chelsea,19,21-011,DF,1595.0,1751.0,0.0,0.0,0.0,0.05642633228840126,0.3083952027412907,0.2519688704528894,0.022570532915360503,0.04625928041119361,0.023688747495833103,0.1749216300940439,0.22101656196459166,0.04609493187054775,4.626959247648903,4.4203312392918335,-0.20662800835706996,3.724137931034483,4.009137635636779,0.2849997046022956,91.24137931034483,84.34608794974301,-6.895291360601817
Pierre-Emerick Aubameyang,https://fbref.com/en/players/d5dd5f1f/Pierre-Emerick-Aubameyang,2022-2023,2023-2024,Premier League,Ligue 1,Chelsea,Marseille,33,34-347,FW,554.0,2622.0,0.1624548736462094,0.5835240274599542,0.4210691538137449,0.0,0.2745995423340961,0.2745995423340961,0.24368231046931407,0.7036613272311213,0.4599790167618072,0.06498194945848375,0.19221967963386727,0.12723773017538353,0.48736462093862815,1.9908466819221968,1.5034820609835686,1.4620938628158844,2.334096109839817,0.8720022470239326,26.15523465703971,32.951945080091534,6.796710423051824
Giovani Lo Celso,https://fbref.com/en/players/d7553721/Giovani-Lo-Celso,2022-2023,2023-2024,La Liga,Premier League,Villarreal,Tottenham,26,28-051,"MF,FW",1126.0,506.0,0.15985790408525755,0.3557312252964427,0.19587332121118514,0.23978685612788633,0.3557312252964427,0.11594436916855635,0.19982238010657194,0.10671936758893281,-0.09310301251763912,0.26376554174067496,0.33794466403162055,0.07417912229094559,7.753108348134991,12.094861660079053,4.3417533119440614,2.797513321492007,4.446640316205534,1.649126994713527,68.17939609236234,101.38339920948617,33.20400311712383
Marc Roca,https://fbref.com/en/players/da27e268/Marc-Roca,2022-2023,2023-2024,Premier League,La Liga,Leeds United,Betis,25,27-186,MF,2315.0,1980.0,0.038876889848812095,0.09090909090909091,0.05203220106027882,0.07775377969762419,0.09090909090909091,0.013155311211466722,0.08164146868250541,0.05,-0.031641468682505405,0.11274298056155507,0.06363636363636363,-0.04910661692519144,6.686825053995681,5.7272727272727275,-0.9595523267229531,0.9719222462203024,1.0909090909090908,0.1189868446887884,61.0755939524838,63.77272727272727,2.6971333202434735
Valentín Castellanos,https://fbref.com/en/players/da76bab4/Valentin-Castellanos,2022-2023,2023-2024,La Liga,Serie A,Girona,Lazio,23,25-240,FW,2597.0,1682.0,0.45051983057373896,0.2140309155766944,-0.23648891499704455,0.0,0.1605231866825208,0.1605231866825208,0.38120908740854836,0.3906064209274673,0.009397333518918916,0.058914131690412014,0.09096313912009511,0.0320490074296831,1.1782826338082404,2.514863258026159,1.3365806242179188,1.0396611474778592,0.802615933412604,-0.23704521406525525,23.288409703504044,36.33174791914387,13.043338215639828
Franck Honorat,https://fbref.com/en/players/db7849ca/Franck-Honorat,2022-2023,2023-2024,Ligue 1,Bundesliga,Brest,Gladbach,25,27-293,"FW,MF",2535.0,2345.0,0.21301775147928992,0.11513859275053304,-0.09787915872875688,0.17751479289940827,0.34541577825159914,0.16790098535219086,0.17041420118343195,0.06140724946695096,-0.10900695171648099,0.3337278106508876,0.35692963752665247,0.023201826875764886,2.485207100591716,3.569296375266524,1.0840892746748083,3.4792899408284024,3.722814498933902,0.24352455810549944,46.75739644970414,54.230277185501066,7.472880735796927
Jadon Sancho,https://fbref.com/en/players/dbf053da/Jadon-Sancho,2022-2023,2023-2024,Premier League,Bundesliga,Manchester Utd,Dortmund,22,24-066,"FW,MF",1686.0,947.0,0.32028469750889677,0.1900739176346357,-0.13021077987426108,0.16014234875444838,0.1900739176346357,0.029931568880187304,0.22419928825622776,0.06652587117212248,-0.15767341708410526,0.2669039145907473,0.28511087645195354,0.01820696186120624,4.056939501779359,5.892291446673706,1.835351944894347,4.697508896797153,5.797254487856389,1.0997455910592357,52.15302491103203,59.112988384371704,6.959963473339677
Jakub Kiwior,https://fbref.com/en/players/dc3e663e/Jakub-Kiwior,2022-2023,2023-2024,Serie A,Premier League,Spezia,Arsenal,22,24-105,DF,1443.0,946.0,0.0,0.09513742071881606,0.09513742071881606,0.0,0.2854122621564482,0.2854122621564482,0.03742203742203742,0.07610993657505286,0.03868789915301544,0.012474012474012473,0.08562367864693446,0.07314966617292198,2.3076923076923075,5.232558139534884,2.9248658318425766,0.8108108108108107,0.38054968287526425,-0.4302611279355465,59.438669438669436,68.11839323467231,8.679723796002875
Deniz Undav,https://fbref.com/en/players/dd549382/Deniz-Undav,2022-2023,2023-2024,Premier League,Bundesliga,Brighton,Stuttgart,26,27-316,"FW,MF",628.0,2089.0,0.7165605095541401,0.7754906653901388,0.0589301558359987,0.0,0.43082814743896597,0.43082814743896597,0.6449044585987261,0.646242221158449,0.0013377625597228437,0.15764331210191085,0.2800382958353279,0.12239498373341706,1.4331210191082802,5.169937769267592,3.7368167501593117,1.7197452229299364,1.938726663475347,0.2189814405454107,33.105095541401276,46.917185256103394,13.812089714702118
Kim Min-jae,https://fbref.com/en/players/e0f8151c/Kim-Min-jae,2022-2023,2023-2024,Serie A,Bundesliga,Napoli,Bayern Munich,25,27-197,DF,3050.0,1970.0,0.05901639344262296,0.04568527918781726,-0.013331114254805702,0.05901639344262296,0.04568527918781726,-0.013331114254805702,0.02950819672131148,0.03654822335025381,0.00704002662894233,0.0560655737704918,0.018274111675126905,-0.037791462095364894,4.9868852459016395,5.9847715736040605,0.997886327702421,1.239344262295082,0.6395939086294417,-0.5997503536656404,92.71475409836066,107.4517766497462,14.737022551385536
Ainsley Maitland-Niles,https://fbref.com/en/players/e3a5814e/Ainsley-Maitland-Niles,2022-2023,2023-2024,Premier League,Ligue 1,Southampton,Lyon,24,26-275,"DF,MF",1407.0,1432.0,0.0,0.06284916201117319,0.06284916201117319,0.0,0.25139664804469275,0.25139664804469275,0.0,0.18854748603351956,0.18854748603351956,0.04477611940298507,0.1319832402234637,0.08720712082047863,3.6460554371002134,4.776536312849162,1.1304808757489484,0.9594882729211087,1.6340782122905027,0.6745899393693939,58.336886993603414,59.64385474860335,1.3069677549999383
Granit Xhaka,https://fbref.com/en/players/e61b8aee/Granit-Xhaka,2022-2023,2023-2024,Premier League,Bundesliga,Arsenal,Leverkusen,29,31-246,MF,2993.0,2821.0,0.2104911460073505,0.0957107408720312,-0.1147804051353193,0.2104911460073505,0.0,-0.2104911460073505,0.1413297694620782,0.05742644452321872,-0.08390332493885949,0.1563648513197461,0.08613966678482808,-0.07022518453491801,5.893752088205814,12.506203473945408,6.612451385739594,1.262946876044103,1.914214817440624,0.651267941396521,56.86267958569997,113.51293867422899,56.65025908852902
Gonçalo Guedes,https://fbref.com/en/players/e6bc67d7/Goncalo-Guedes,2022-2023,2023-2024,Premier League,La Liga,Wolves,Villarreal,25,27-183,"FW,MF",707.0,951.0,0.1272984441301273,0.28391167192429023,0.15661322779416292,0.1272984441301273,0.18927444794952683,0.06197600381939952,0.15275813295615276,0.21766561514195581,0.06490748218580306,0.06364922206506365,0.14195583596214512,0.07830661389708146,2.036775106082037,4.73186119873817,2.6950860926561333,2.545968882602546,3.5962145110410098,1.0502456284384638,35.64356435643565,41.07255520504732,5.428990848611676
Jordan Zemura,https://fbref.com/en/players/e8271ad9/Jordan-Zemura,2022-2023,2023-2024,Premier League,Serie A,Bournemouth,Udinese,22,24-198,DF,1454.0,1038.0,0.0,0.08670520231213873,0.08670520231213873,0.06189821182943604,0.0,-0.06189821182943604,0.02475928473177442,0.06936416184971099,0.04460487711793657,0.11760660247592847,0.034682080924855495,-0.08292452155107297,2.785419532324622,2.7745664739884393,-0.010853058336182553,2.414030261348006,1.9942196531791907,-0.4198106081688151,50.013755158184324,41.01156069364162,-9.002194464542704
Ruben Loftus-Cheek,https://fbref.com/en/players/e97fd090/Ruben-Loftus-Cheek,2022-2023,2023-2024,Premier League,Serie A,Chelsea,Milan,26,28-128,"MF,DF",1536.0,2068.0,0.0,0.2611218568665377,0.2611218568665377,0.05859375,0.043520309477756286,-0.015073440522243714,0.046875,0.16102514506769827,0.11415014506769827,0.087890625,0.10444874274661509,0.016558117746615086,5.2734375,3.220502901353965,-2.052934598646035,3.28125,3.1769825918762087,-0.10426740812379132,62.578125,41.47485493230174,-21.10327006769826
André Onana,https://fbref.com/en/players/e9c0c1b2/Andre-Onana,2022-2023,2023-2024,Serie A,Premier League,Inter,Manchester Utd,26,28-058,GK,2160.0,3420.0,0.0,0.0,0.0,0.0,0.0,0.0,0.0,0.0,0.0,0.004166666666666667,0.002631578947368421,-0.0015350877192982456,0.08333333333333333,0.13157894736842105,0.04824561403508772,0.0,0.02631578947368421,0.02631578947368421,44.625,42.86842105263158,-1.7565789473684177
Robin Koch,https://fbref.com/en/players/ea6bc03a/Robin-Koch,2022-2023,2023-2024,Premier League,Bundesliga,Leeds United,Eint Frankfurt,26,27-318,DF,3175.0,2738.0,0.0,0.06574141709276844,0.06574141709276844,0.0,0.0,0.0,0.04251968503937008,0.1018991964937911,0.059379511454421025,0.011338582677165355,0.006574141709276845,-0.00476444096788851,3.231496062992126,3.81300219138057,0.581506128388444,0.3118110236220472,0.4601899196493791,0.1483788960273319,55.644094488188976,81.15777940102265,25.513684912833675
Nemanja Matić,https://fbref.com/en/players/eb7822d7/Nemanja-Matic,2022-2023,2023-2024,Serie A,Ligue 1,Roma,Lyon,33,35-303,MF,1852.0,1254.0,0.09719222462203023,0.0,-0.09719222462203023,0.09719222462203023,0.0,-0.09719222462203023,0.04859611231101511,0.021531100478468897,-0.027065011832546216,0.1263498920086393,0.043062200956937795,-0.0832876910517015,6.5118790496760255,8.4688995215311,1.957020471855074,2.4298056155507557,1.8660287081339713,-0.5637769074167844,71.6792656587473,78.94736842105263,7.2681027623053325
Beto,https://fbref.com/en/players/ed5c0319/Beto,2022-2023,2023-2024,Serie A,Premier League,Udinese,Everton,24,26-120,FW,2129.0,951.0,0.4227336777829967,0.28391167192429023,-0.13882200585870647,0.042273367778299674,0.0,-0.042273367778299674,0.46077970878346647,0.6435331230283912,0.1827534142449247,0.10991075622357915,0.08517350157728706,-0.02473725464629209,0.5495537811178958,1.3249211356466877,0.7753673545287919,1.0568341944574917,1.3249211356466877,0.26808694118919596,27.562235791451386,35.29968454258675,7.737448751135368
Renan Lodi,https://fbref.com/en/players/ed9f7cfe/Renan-Lodi,2022-2023,2023-2024,Premier League,Ligue 1,Nott'ham Forest,Marseille,24,26-052,DF,2214.0,1235.0,0.0,0.0,0.0,0.04065040650406504,0.0,-0.04065040650406504,0.04065040650406504,0.02186234817813765,-0.01878805832592739,0.048780487804878044,0.09473684210526316,0.04595635430038512,1.2601626016260161,3.716599190283401,2.456436588657385,0.975609756097561,1.8218623481781377,0.8462525920805768,46.46341463414634,63.69230769230769,17.228893058161354
Santiago Bueno,https://fbref.com/en/players/edc98fac/Santiago-Bueno,2022-2023,2023-2024,La Liga,Premier League,Girona,Wolves,23,25-203,DF,3010.0,822.0,0.0,0.0,0.0,0.029900332225913623,0.0,-0.029900332225913623,0.03887043189368771,0.0,-0.03887043189368771,0.03289036544850499,0.010948905109489052,-0.021941460339015936,4.425249169435216,1.2043795620437956,-3.2208696073914203,0.8970099667774086,0.3284671532846716,-0.568542813492737,62.73089700996678,61.970802919708035,-0.7600940902587467
Arnaut Danjuma,https://fbref.com/en/players/f08490a6/Arnaut-Danjuma,2022-2023,2023-2024,La Liga,Premier League,Villarreal,Everton,25,27-120,FW,479.0,595.0,0.3757828810020877,0.1512605042016807,-0.224522376800407,0.0,0.0,0.0,0.5073068893528184,0.3932773109243698,-0.11402957842844863,0.07515657620041755,0.16638655462184876,0.09122997842143121,0.3757828810020877,1.361344537815126,0.9855616568130384,2.2546972860125263,3.6302521008403366,1.3755548148278103,25.36534446764092,33.73109243697479,8.36574796933387
Mohamed Ali Cho,https://fbref.com/en/players/f8405304/Mohamed-Ali-Cho,2022-2023,2023-2024,La Liga,Ligue 1,Real Sociedad,Nice,18,20-132,"FW,MF",587.0,861.0,0.15332197614991483,0.10452961672473868,-0.04879235942517615,0.30664395229982966,0.20905923344947736,-0.0975847188503523,0.27597955706984667,0.11498257839721256,-0.16099697867263413,0.24531516183986374,0.20905923344947736,-0.03625592839038638,1.2265758091993186,2.6132404181184667,1.3866646089191481,4.599659284497445,5.017421602787457,0.41776231829001187,43.08347529812607,38.78048780487805,-4.302987493248018
Lovro Majer,https://fbref.com/en/players/fc46aab1/Lovro-Majer,2022-2023,2023-2024,Ligue 1,Bundesliga,Rennes,Wolfsburg,24,26-134,"MF,FW",1668.0,2106.0,0.1079136690647482,0.2136752136752137,0.1057615446104655,0.2697841726618705,0.2136752136752137,-0.0561089589866568,0.1780575539568345,0.2307692307692308,0.0527116768123963,0.23741007194244604,0.13675213675213677,-0.10065793519030927,7.230215827338129,5.2991452991453,-1.931070528192829,3.5611510791366903,2.606837606837607,-0.9543134722990834,64.04676258992805,55.042735042735046,-9.004027547193004
Kieran Tierney,https://fbref.com/en/players/fce2302c/Kieran-Tierney,2022-2023,2023-2024,Premier League,La Liga,Arsenal,Real Sociedad,25,26-360,DF,795.0,1238.0,0.0,0.0,0.0,0.11320754716981131,0.14539579967689822,0.032188252507086915,0.033962264150943396,0.014539579967689823,-0.019422684183253575,0.033962264150943396,0.04361873990306946,0.009656475752126067,4.0754716981132075,5.597738287560581,1.5222665894473737,2.830188679245283,1.5993537964458804,-1.2308348827994025,65.54716981132076,76.76898222940225,11.221812418081498
Jeremie Boga,https://fbref.com/en/players/fe012aca/Jeremie-Boga,2022-2023,2023-2024,Serie A,Ligue 1,Atalanta,Nice,25,27-148,"MF,FW",782.0,1998.0,0.23017902813299235,0.2702702702702703,0.04009124213727794,0.5754475703324808,0.2702702702702703,-0.30517730006221055,0.21867007672634273,0.19369369369369369,-0.02497638303264904,0.32225063938618925,0.1891891891891892,-0.13306145019700005,6.099744245524297,2.882882882882883,-3.216861362641414,7.365728900255755,4.81981981981982,-2.5459090804359352,69.0537084398977,43.96396396396396,-25.089744475933742
Pol Lirola,https://fbref.com/en/players/ff800ed8/Pol-Lirola,2022-2023,2023-2024,La Liga,Serie A,Elche,Frosinone,24,26-291,DF,628.0,1536.0,0.14331210191082802,0.1171875,-0.02612460191082802,0.0,0.05859375,0.05859375,0.028662420382165606,0.076171875,0.047509454617834394,0.10031847133757961,0.064453125,-0.03586534633757961,2.7229299363057327,3.80859375,1.0856638136942673,3.0095541401273884,1.7578125,-1.2517416401273884,56.751592356687894,51.2109375,-5.540654856687894
Jeremy Doku,https://fbref.com/en/players/fffea3e5/Jeremy-Doku,2022-2023,2023-2024,Ligue 1,Premier League,Rennes,Manchester City,20,22-003,"MF,FW",1291.0,1595.0,0.418280402788536,0.16927899686520376,-0.24900140592333225,0.139426800929512,0.45141065830721006,0.31198385737769807,0.18822618125484122,0.14106583072100315,-0.047160350533838075,0.3415956622773044,0.25956112852664576,-0.08203453375065867,4.949651432997676,3.2163009404388716,-1.7333504925588046,7.041053446940356,12.300940438871473,5.2598869919311175,51.866769945778465,65.51097178683386,13.644201841055398
Moussa Niakhate,https://fbref.com/en/players/00242715/Moussa-Niakhate,2023-2024,2024-2025,Premier League,Ligue 1,Nott'ham Forest,Lyon,28-083,28,DF,1460.0,2726.0,0.06164383561643836,0.0,-0.06164383561643836,0.0,0.0,0.0,0.0678082191780822,0.0033015407190022015,-0.06450667845908001,0.006164383561643836,0.03301540719002201,0.02685102362837817,2.404109589041096,3.6647101980924432,1.2606006090513473,0.8013698630136987,0.16507703595011006,-0.6362928270635887,57.08219178082192,10.366837857666912,-46.71535392315501
Filip Jørgensen,https://fbref.com/en/players/0107757e/Filip-Jorgensen,2023-2024,2024-2025,La Liga,Premier League,Villarreal,Chelsea,22-044,22,GK,3240.0,540.0,0.0,0.0,0.0,0.0,0.0,0.0,0.0,0.0,0.0,0.0,0.0,0.0,0.0,0.0,0.0,0.0,,,38.80555555555556,,
Wojciech Szczęsny,https://fbref.com/en/players/01b8a2b2/Wojciech-Szczesny,2023-2024,2024-2025,Serie A,La Liga,Juventus,Barcelona,34-042,34,GK,3150.0,1350.0,0.0,0.0,0.0,0.0,0.0,0.0,0.0,0.0,0.0,0.0,0.0,0.0,0.0,0.0,0.0,0.0,,,30.571428571428573,,
Souleymane Touré,https://fbref.com/en/players/01fd01e8/Souleymane-Toure,2023-2024,2024-2025,Ligue 1,Serie A,Lorient,Udinese,21-063,21,DF,2051.0,733.0,0.0438810336421258,0.1227830832196453,0.0789020495775195,0.0438810336421258,0.0,-0.0438810336421258,0.07459775719161385,0.049113233287858125,-0.025484523903755725,0.017552413456850317,0.0,-0.017552413456850317,3.203315455875183,3.1923601637107777,-0.010955292164405162,1.053144807411019,0.0,-1.053144807411019,67.44514870794734,13.628922237380628,-53.81622647056671
Joshua Zirkzee,https://fbref.com/en/players/028e70b9/Joshua-Zirkzee,2023-2024,2024-2025,Serie A,Premier League,Bologna,Manchester Utd,23-008,23,FW,2759.0,1402.0,0.35882566147154765,0.19258202567760344,-0.16624363579394422,0.13048205871692642,0.06419400855920114,-0.06628805015772528,0.29358463211308444,0.30813124108416545,0.01454660897108101,0.16962667633200434,0.09629101283880172,-0.07333566349320263,2.805364262413918,2.82453637660485,0.01917211419093201,1.7288872779992752,0.12838801711840228,-1.600499260880873,44.82058716926423,9.179743223965763,-35.640843945298464
Walid Cheddira,https://fbref.com/en/players/0545a08e/Walid-Cheddira,2023-2024,2024-2025,Serie A,La Liga,Frosinone,Espanyol,26-129,26,FW,2120.0,640.0,0.2971698113207547,0.140625,-0.1565448113207547,0.04245283018867924,0.140625,0.09817216981132076,0.3820754716981132,0.140625,-0.24145047169811318,0.05943396226415094,0.16875,0.10931603773584908,0.9339622641509433,1.6875,0.7535377358490567,1.3160377358490565,0.28125,-1.0347877358490565,26.533018867924525,10.40625,-16.126768867924525
Mats Hummels,https://fbref.com/en/players/05d548d8/Mats-Hummels,2023-2024,2024-2025,Bundesliga,Serie A,Dortmund,Roma,35-166,35,DF,1581.0,915.0,0.17077798861480076,0.0,-0.17077798861480076,0.0,0.0,0.0,0.1821631878557875,0.049180327868852465,-0.13298285998693504,0.05123339658444023,0.009836065573770493,-0.04139733101066974,4.667931688804554,2.557377049180328,-2.110554639624226,0.6261859582542695,,,93.87096774193549,,
Sergio Akieme,https://fbref.com/en/players/06efa9dc/Sergio-Akieme,2023-2024,2024-2025,La Liga,Ligue 1,Almería,Reims,26-166,26,DF,1675.0,2523.0,0.10746268656716418,0.0713436385255648,-0.03611904804159938,0.0,0.1070154577883472,0.1070154577883472,0.06447761194029851,0.0535077288941736,-0.01096988304612491,0.11820895522388061,0.089179548156956,-0.029029407066924612,1.5044776119402985,3.067776456599286,1.5632988446589877,1.4507462686567165,0.356718192627824,-1.0940280760288925,51.528358208955225,5.4934601664684894,-46.03489804248674
Đorđe Petrović,https://fbref.com/en/players/0cf321c8/Djordje-Petrovic,2023-2024,2024-2025,Premier League,Ligue 1,Chelsea,Strasbourg,24-235,24,GK,1987.0,2790.0,0.0,0.0,0.0,0.0,0.0,0.0,0.0,0.0,0.0,0.0,0.0,0.0,0.04529441368897836,0.03225806451612903,-0.013036349172849328,0.0,0.0,0.0,38.72672370407649,6.774193548387097,-31.952530155689395
Ibrahima Sissoko,https://fbref.com/en/players/0f8418aa/Ibrahima-Sissoko,2023-2024,2024-2025,Ligue 1,Bundesliga,Strasbourg,Bochum,26-216,26,MF,1642.0,2610.0,0.0,0.06896551724137931,0.06896551724137931,0.05481120584652863,0.034482758620689655,-0.020328447225838972,0.05481120584652863,0.05862068965517241,0.0038094838086437863,0.09317904993909866,0.055172413793103454,-0.038006636145995205,4.823386114494519,3.6206896551724137,-1.2026964593221052,0.8221680876979294,0.1724137931034483,-0.6497542945944811,52.180267965895254,9.206896551724139,-42.97337141417111
Alberto Moreno,https://fbref.com/en/players/11b9265b/Alberto-Moreno,2023-2024,2024-2025,La Liga,Serie A,Villarreal,Como,31-330,32,DF,1484.0,1727.0,0.12129380053908358,0.0,-0.12129380053908358,0.12129380053908358,0.0,-0.12129380053908358,0.04245283018867925,0.020845396641574986,-0.021607433547104263,0.09703504043126686,0.06253618992472496,-0.0344988505065419,3.335579514824798,4.221192819918934,0.8856133050941359,1.5768194070080863,0.20845396641574984,-1.3683654405923364,53.67250673854448,22.98204979733642,-30.69045694120806
Álvaro Morata,https://fbref.com/en/players/129af0db/Alvaro-Morata,2023-2024,2024-2025,La Liga,Serie A,Atlético Madrid,Milan,31-220,31,FW,1904.0,1099.0,0.7090336134453782,0.40946314831665154,-0.29957046512872665,0.14180672268907563,0.0,-0.14180672268907563,0.6523109243697479,0.31938125568698816,-0.33292966868275975,0.08035714285714286,0.06551410373066424,-0.014843039126478622,0.9453781512605042,2.129208371246588,1.1838302199860837,1.0399159663865547,0.5732484076433121,-0.4666675587432426,29.11764705882353,8.598726114649683,-20.518920944173846
Takuma Asano,https://fbref.com/en/players/13ddc856/Takuma-Asano,2023-2024,2024-2025,Bundesliga,La Liga,Bochum,Mallorca,29-202,29,"FW,MF",1986.0,1054.0,0.2719033232628399,0.17077798861480076,-0.10112533464803913,0.045317220543806644,0.08538899430740038,0.040071773763593735,0.3580060422960725,0.23055028462998106,-0.12745575766609146,0.05891238670694864,0.05977229601518026,0.0008599093082316198,1.4501510574018126,1.7077798861480078,0.2576288287461952,2.5377643504531724,1.366223908918406,-1.1715404415347663,28.82175226586103,9.734345351043643,-19.087406914817386
Eray Cömert,https://fbref.com/en/players/15937e17/Eray-Comert,2023-2024,2024-2025,Ligue 1,La Liga,Nantes,Valladolid,26-116,26,DF,1995.0,1779.0,0.09022556390977443,0.0,-0.09022556390977443,0.0,0.0,0.0,0.03157894736842105,0.04553119730185498,0.013952249933433934,0.009022556390977444,0.0,-0.009022556390977444,2.571428571428571,2.4283305227655987,-0.1430980486629725,0.3157894736842105,0.15177065767284992,-0.1640188160113606,57.744360902255636,15.935919055649242,-41.80844184660639
Julián Álvarez,https://fbref.com/en/players/15ab5a2b/Julian-Alvarez,2023-2024,2024-2025,Premier League,La Liga,Manchester City,Atlético Madrid,24-120,24,"MF,FW",2647.0,2509.0,0.3740083112958066,0.6098047030689518,0.23579639177314526,0.2720060445787684,0.1434834595456357,-0.1285225850331327,0.4420098224404987,0.5057791948983659,0.06376937245786718,0.21760483566301475,0.19011558389796732,-0.027489251765047434,3.5020778239516432,3.3001195695496217,-0.20195825440202153,2.1760483566301474,0.4663212435233161,-1.7097271131068312,52.837174159425764,6.994818652849741,-45.84235550657603
Daichi Kamada,https://fbref.com/en/players/15b287da/Daichi-Kamada,2023-2024,2024-2025,Serie A,Premier League,Lazio,Crystal Palace,27-299,27,MF,1544.0,1564.0,0.11658031088082901,0.0,-0.11658031088082901,0.11658031088082901,0.0,-0.11658031088082901,0.10492227979274613,0.0632992327365729,-0.04162304705617323,0.16321243523316062,0.10933503836317136,-0.053877396869989255,5.595854922279793,5.121483375959079,-0.47437154632071366,2.3316062176165806,0.5754475703324808,-1.7561586472840998,64.64378238341969,13.580562659846548,-51.06321972357314
Yan Couto,https://fbref.com/en/players/1944818c/Yan-Couto,2023-2024,2024-2025,La Liga,Bundesliga,Girona,Dortmund,21-362,22,"DF,FW",2245.0,895.0,0.0400890868596882,0.0,-0.0400890868596882,0.3207126948775056,0.0,-0.3207126948775056,0.060133630289532294,0.030167597765363128,-0.029966032524169166,0.16837416481069045,0.09050279329608939,-0.07787137151460106,3.888641425389755,6.837988826815642,2.9493474014258867,6.053452115812918,1.106145251396648,-4.94730686441627,65.46547884187083,22.726256983240223,-42.739221858630614
André Gomes,https://fbref.com/en/players/1961b2aa/Andre-Gomes,2023-2024,2024-2025,Premier League,Ligue 1,Everton,Lille,30-305,31,"MF,FW",508.0,1276.0,0.17716535433070865,0.0,-0.17716535433070865,0.0,0.0,0.0,0.053149606299212594,0.03526645768025079,-0.017883148618961807,0.07086614173228346,0.0493730407523511,-0.021493100979932366,6.377952755905511,7.123824451410659,0.7458716955051479,1.4173228346456692,0.07053291536050157,-1.3467899192851676,62.362204724409445,12.55485893416928,-49.80734579024016
Albert Sambi Lokonga,https://fbref.com/en/players/1b4f1169/Albert-Sambi-Lokonga,2023-2024,2024-2025,Premier League,La Liga,Luton Town,Sevilla,24-221,24,MF,1303.0,1471.0,0.06907137375287797,0.0,-0.06907137375287797,0.20721412125863392,0.12236573759347383,-0.0848483836651601,0.04144282425172678,0.05506458191706322,0.013621757665336437,0.09669992325402915,0.061182868796736914,-0.03551705445729224,4.973138910207214,5.690006798096533,0.7168678878893191,2.0030698388334613,0.18354860639021073,-1.8195212324432506,62.0951650038373,7.52549286199864,-54.56967214183866
Jake O'Brien,https://fbref.com/en/players/25f2ef01/Jake-OBrien,2023-2024,2024-2025,Ligue 1,Premier League,Lyon,Everton,23-015,23,DF,2369.0,1571.0,0.15196285352469396,0.11457670273711013,-0.03738615078758384,0.07598142676234698,0.0,-0.07598142676234698,0.13676656817222457,0.04583068109484405,-0.09093588707738053,0.041789784719290846,0.03437301082113303,-0.0074167738981578135,2.583368509919797,2.864417568427753,0.2810490585079557,0.5698607007176023,0.0,-0.5698607007176023,61.96285352469396,1.1457670273711011,-60.81708649732286
Maxence Lacroix,https://fbref.com/en/players/277c49ed/Maxence-Lacroix,2023-2024,2024-2025,Bundesliga,Premier League,Wolfsburg,Crystal Palace,24-054,24,DF,2362.0,3116.0,0.15241320914479256,0.028883183568677796,-0.12353002557611477,0.03810330228619814,0.028883183568677796,-0.009220118717520345,0.03048264182895851,0.0982028241335045,0.06772018230454599,0.03048264182895851,0.028883183568677796,-0.0015994582602807152,3.010160880609653,1.8774069319640565,-1.1327539486455966,0.1905165114309907,0.028883183568677796,-0.16163332786231288,65.99491955969518,7.2785622593068044,-58.716357300388374
Nayef Aguerd,https://fbref.com/en/players/288e1e13/Nayef-Aguerd,2023-2024,2024-2025,Premier League,La Liga,West Ham,Real Sociedad,28-061,28,DF,1857.0,1760.0,0.048465266558966075,0.0,-0.048465266558966075,0.0,0.0,0.0,0.07269789983844911,0.12272727272727271,0.0500293728888236,0.014539579967689823,0.005113636363636364,-0.00942594360405346,3.295638126009693,3.8352272727272725,0.5395891467175793,0.48465266558966075,0.3579545454545454,-0.12669812013511533,66.54281098546042,21.83522727272727,-44.707583712733154
Kepa Arrizabalaga,https://fbref.com/en/players/28d596a0/Kepa-Arrizabalaga,2023-2024,2024-2025,La Liga,Premier League,Real Madrid,Bournemouth,29-240,29,GK,1198.0,2790.0,0.0,0.0,0.0,0.0,0.0,0.0,0.0,0.0032258064516129032,0.0032258064516129032,0.0,0.0,0.0,0.0,0.06451612903225806,0.06451612903225806,0.0,0.0,0.0,35.609348914858096,4.32258064516129,-31.286768269696807
Frank Onyeka,https://fbref.com/en/players/2944f86f/Frank-Onyeka,2023-2024,2024-2025,Premier League,Bundesliga,Brentford,Augsburg,26-150,26,MF,1161.0,2586.0,0.07751937984496124,0.0,-0.07751937984496124,0.15503875968992248,0.03480278422273782,-0.12023597546718466,0.17054263565891473,0.048723897911832945,-0.12181873774708178,0.13953488372093023,0.04524361948955916,-0.09429126423137107,2.558139534883721,3.6890951276102086,1.1309555927264876,1.317829457364341,0.27842227378190254,-1.0394071835824383,45.348837209302324,6.821345707656612,-38.52749150164571
Amir Richardson,https://fbref.com/en/players/2b7cdb79/Amir-Richardson,2023-2024,2024-2025,Ligue 1,Serie A,Reims,Fiorentina,22-127,22,MF,1352.0,1099.0,0.1997041420118343,0.0818926296633303,-0.11781151234850401,0.06656804733727811,0.0818926296633303,0.015324582326052189,0.10650887573964497,0.07370336669699727,-0.0328055090426477,0.07322485207100593,0.04913557779799818,-0.02408927427300775,4.792899408284024,3.8489535941765243,-0.9439458141074994,1.863905325443787,0.0818926296633303,-1.7820126957804567,56.91568047337278,6.960873521383076,-49.9548069519897
Robin Gosens,https://fbref.com/en/players/2d970560/Robin-Gosens,2023-2024,2024-2025,Bundesliga,Serie A,Union Berlin,Fiorentina,29-330,30,"DF,MF",2283.0,2521.0,0.23653088042049933,0.17850059500198334,-0.05803028541851599,0.11826544021024966,0.17850059500198334,0.06023515479173368,0.08278580814717477,0.064260214200714,-0.018525593946460778,0.11826544021024966,0.08568028560095199,-0.03258515460929767,3.823915900131406,3.64141213804046,-0.182503762090946,0.8278580814717477,0.14280047600158666,-0.685057605470161,58.975032851511166,10.638635462118206,-48.33639738939296
Sergi Roberto,https://fbref.com/en/players/335fa267/Sergi-Roberto,2023-2024,2024-2025,La Liga,Serie A,Barcelona,Como,32-113,32,"MF,DF",860.0,696.0,0.313953488372093,0.0,-0.313953488372093,0.20930232558139536,0.12931034482758622,-0.07999198075380914,0.17790697674418604,0.09051724137931035,-0.0873897353648757,0.08372093023255815,0.09051724137931035,0.006796311146752193,5.232558139534884,4.655172413793103,-0.5773857257417809,1.3604651162790697,0.5172413793103449,-0.8432237369687249,77.12790697674419,45.64655172413793,-31.481355252606257
Guido Rodríguez,https://fbref.com/en/players/34e393f2/Guido-Rodriguez,2023-2024,2024-2025,La Liga,Premier League,Betis,West Ham,30-048,30,MF,1846.0,1149.0,0.09750812567713975,0.0,-0.09750812567713975,0.0,0.07832898172323759,0.07832898172323759,0.03412784398699891,0.015665796344647518,-0.018462047642351393,0.0390032502708559,0.015665796344647518,-0.023337453926208385,3.169014084507042,2.5848563968668405,-0.5841576876402015,0.390032502708559,0.07832898172323759,-0.3117035209853214,61.38136511375947,25.37859007832898,-36.00277503543049
Rasmus Kristensen,https://fbref.com/en/players/39769cff/Rasmus-Kristensen,2023-2024,2024-2025,Serie A,Bundesliga,Roma,Eint Frankfurt,26-324,27,DF,1744.0,2513.0,0.051605504587155966,0.17906884202148826,0.1274633374343323,0.051605504587155966,0.10744130521289297,0.055835800625737,0.025802752293577983,0.08953442101074413,0.06373166871716615,0.04644495412844037,0.11102268205332273,0.06457772792488237,2.064220183486239,6.159968165539197,4.095747982052957,0.8256880733944955,0.3939514524472742,-0.43173662094722126,62.597477064220186,11.961798647035417,-50.63567841718477
Hans Hateboer,https://fbref.com/en/players/3b333ac3/Hans-Hateboer,2023-2024,2024-2025,Serie A,Ligue 1,Atalanta,Rennes,30-142,30,DF,1106.0,1684.0,0.0,0.0,0.0,0.081374321880651,0.0,-0.081374321880651,0.024412296564195295,0.021377672209026127,-0.003034624355169168,0.162748643761302,0.08016627078384797,-0.08258237297745402,3.2549728752260396,4.9168646080760094,1.6618917328499698,1.5461121157323687,0.3741092636579572,-1.1720028520744115,57.12477396021699,14.216152019002374,-42.90862194121462
Edimilson Fernandes,https://fbref.com/en/players/3bb625ac/Edimilson-Fernandes,2023-2024,2024-2025,Bundesliga,Ligue 1,Mainz 05,Brest,28-045,28,DF,1290.0,1105.0,0.0,0.0,0.0,0.13953488372093023,0.08144796380090497,-0.058086919920025265,0.03488372093023256,0.03257918552036199,-0.0023045354098705645,0.048837209302325574,0.04886877828054298,3.156897821740556e-05,3.697674418604651,3.257918552036199,-0.439755866568452,0.627906976744186,0.08144796380090497,-0.5464590129432811,66.34883720930232,6.271493212669683,-60.077343996632635
Fali Candé,https://fbref.com/en/players/3cc4bb19/Fali-Cande,2023-2024,2024-2025,Ligue 1,Serie A,Metz,Venezia,26-127,26,DF,1849.0,1530.0,0.0,0.058823529411764705,0.058823529411764705,0.048674959437533805,0.058823529411764705,0.0101485699742309,0.038939967550027044,0.06470588235294118,0.02576591480291414,0.024337479718766902,0.03529411764705882,0.01095663792829192,1.8496484586262845,2.764705882352941,0.9150574237266567,0.19469983775013522,,,50.42725797728502,,
Samuel Gigot,https://fbref.com/en/players/41eebdf5/Samuel-Gigot,2023-2024,2024-2025,Ligue 1,Serie A,Marseille,Lazio,30-231,30,DF,1726.0,683.0,0.15643105446118194,0.2635431918008785,0.10711213733969654,0.0,0.0,0.0,0.12514484356894554,0.17130307467057102,0.04615823110162548,0.04692931633835458,0.0,-0.04692931633835458,2.8157589803012746,1.581259150805271,-1.2344998294960037,0.5214368482039398,,,61.99884125144844,,
Kylian Mbappé,https://fbref.com/en/players/42fd9c7f/Kylian-Mbappe,2023-2024,2024-2025,Ligue 1,La Liga,Paris S-G,Real Madrid,25-162,25,FW,2158.0,2907.0,1.1260426320667285,0.9597523219814242,-0.16629031008530426,0.2919369786839666,0.09287925696594428,-0.19905772171802233,0.8758109360518999,0.8018575851393189,-0.07395335091258093,0.23772011121408712,0.238390092879257,0.0006699816651698776,5.088044485634847,4.3343653250774,-0.7536791605574473,4.754402224281742,1.0526315789473686,-3.7017706453343737,52.71547729379055,10.557275541795667,-42.15820175199488
Marco Asensio,https://fbref.com/en/players/45af8a54/Marco-Asensio,2023-2024,2024-2025,Ligue 1,Premier League,Paris S-G,Aston Villa,28-130,28,"MF,FW",1113.0,743.0,0.32345013477088946,0.3633916554508748,0.039941520679985354,0.40431266846361186,0.12113055181695827,-0.2831821166466536,0.2587601078167116,0.5329744279946164,0.27421432017790476,0.4690026954177897,0.12113055181695827,-0.34787214360083146,5.741239892183288,5.450874831763122,-0.2903650604201662,2.911051212938005,,,60.40431266846361,,
Ludovic Ajorque,https://fbref.com/en/players/462475ed/Ludovic-Ajorque,2023-2024,2024-2025,Bundesliga,Ligue 1,Mainz 05,Brest,30-095,30,FW,1360.0,2495.0,0.1323529411764706,0.46893787575150303,0.33658493457503247,0.0,0.07214428857715431,0.07214428857715431,0.35073529411764703,0.3751503006012024,0.02441500648355538,0.0661764705882353,0.11182364729458918,0.04564717670635389,1.3897058823529411,1.4789579158316635,0.08925203347872235,0.33088235294117646,0.036072144288577156,-0.2948102086525993,39.904411764705884,6.673346693386773,-33.23106507131911
Arthur Melo,https://fbref.com/en/players/48b3dd60/Arthur-Melo,2023-2024,2024-2025,Serie A,La Liga,Fiorentina,Girona,27-292,27,MF,1986.0,941.0,0.09063444108761329,0.0,-0.09063444108761329,0.13595166163141995,0.0,-0.13595166163141995,0.045317220543806644,0.019128586609989374,-0.02618863393381727,0.0770392749244713,0.019128586609989374,-0.05791068831448192,6.027190332326284,6.695005313496281,0.6678149811699967,0.9516616314199395,,,74.95468277945619,,
Neal Maupay,https://fbref.com/en/players/4bcf39f6/Neal-Maupay,2023-2024,2024-2025,Premier League,Ligue 1,Brentford,Marseille,27-290,27,FW,1321.0,1042.0,0.408781226343679,0.345489443378119,-0.06329178296556004,0.2043906131718395,0.345489443378119,0.14109883020627947,0.3883421650264951,0.354126679462572,-0.03421548556392312,0.1566994700984103,0.19001919385796548,0.03331972375955519,2.5208175624526876,3.195777351247601,0.6749597887949133,1.4307342922028767,0.1727447216890595,-1.2579895705138173,36.24526873580621,5.8733205374280235,-30.371948198378185
Niclas Füllkrug,https://fbref.com/en/players/4f16405e/Niclas-Fullkrug,2023-2024,2024-2025,Bundesliga,Premier League,Dortmund,West Ham,31-111,31,FW,2212.0,790.0,0.4882459312839059,0.34177215189873417,-0.14647377938517175,0.325497287522604,0.22784810126582278,-0.0976491862567812,0.5045207956600362,0.25063291139240507,-0.2538878842676311,0.12613019891500904,0.2164556962025316,0.09032549728752257,1.9936708860759493,1.5949367088607593,-0.39873417721519,0.6916817359855334,0.22784810126582278,-0.4638336347197106,31.817359855334537,2.7341772151898733,-29.083182640144663
Clément Lenglet,https://fbref.com/en/players/4f28a6ff/Clement-Lenglet,2023-2024,2024-2025,Premier League,La Liga,Aston Villa,Atlético Madrid,28-348,29,DF,1153.0,1972.0,0.0,0.09127789046653144,0.09127789046653144,0.07805724197745012,0.04563894523326572,-0.0324182967441844,0.07025151777970512,0.10953346855983773,0.03928195078013261,0.062445793581960105,0.050202839756592295,-0.01224295382536781,3.9809193408499564,3.605476673427992,-0.3754426674219644,2.029488291413703,0.0,-2.029488291413703,79.38421509106678,2.281947261663286,-77.10226782940349
Victor Bernth Kristiansen,https://fbref.com/en/players/505486d6/Victor-Bernth-Kristiansen,2023-2024,2024-2025,Serie A,Premier League,Bologna,Leicester City,21-166,21,DF,2307.0,2482.0,0.0,0.0,0.0,0.11703511053315994,0.0362610797743755,-0.08077403075878445,0.011703511053315994,0.01087832393231265,-0.0008251871210033443,0.09362808842652795,0.0507655116841257,-0.04286257674240225,4.798439531859558,2.538275584206285,-2.260163947653273,0.8972691807542262,0.36261079774375504,-0.5346583830104712,73.73211963589077,16.06365834004835,-57.66846129584242
Martin Terrier,https://fbref.com/en/players/5148dcc5/Martin-Terrier,2023-2024,2024-2025,Ligue 1,Bundesliga,Rennes,Leverkusen,27-087,27,"FW,MF",1527.0,584.0,0.412573673870334,0.3082191780821918,-0.10435449578814221,0.17681728880157171,0.1541095890410959,-0.02270769976047582,0.306483300589391,0.3698630136986301,0.06337971310923912,0.1532416502946955,0.1386986301369863,-0.014543020157709197,3.4184675834970535,2.1575342465753424,-1.260933336921711,1.650294695481336,0.7705479452054794,-0.8797467502758566,40.0196463654224,20.18835616438356,-19.831290201038843
Máximo Perrone,https://fbref.com/en/players/53552942/Maximo-Perrone,2023-2024,2024-2025,La Liga,Serie A,Las Palmas,Como,21-144,21,MF,1623.0,1857.0,0.0,0.0,0.0,0.0,0.14539579967689822,0.14539579967689822,0.011090573012939002,0.04361873990306947,0.03252816689013047,0.0277264325323475,0.10662358642972537,0.07889715389737786,4.32532347504621,4.749596122778676,0.4242726477324652,0.6654343807763401,0.14539579967689822,-0.5200385810994419,82.73567467652495,18.901453957996768,-63.83422071852819
Mason Greenwood,https://fbref.com/en/players/58eee997/Mason-Greenwood,2023-2024,2024-2025,La Liga,Ligue 1,Getafe,Marseille,22-242,22,"MF,FW",2662.0,2804.0,0.270473328324568,0.674037089871612,0.40356376154704404,0.20285499624342598,0.16048502139800286,-0.042369974845423125,0.2975206611570248,0.5231811697574893,0.2256605086004645,0.1555221637866266,0.18295292439372327,0.027430760607096677,3.0090157776108186,5.0392296718972895,2.030213894286471,4.293764087152517,1.0592011412268187,-3.234562945925698,45.8114199849737,11.009272467902996,-34.80214751707071
Artem Dovbyk,https://fbref.com/en/players/5b847bb0/Artem-Dovbyk,2023-2024,2024-2025,La Liga,Serie A,Girona,Roma,26-344,27,FW,2587.0,2418.0,0.83494395052184,0.4466501240694789,-0.3882938264523611,0.2783146501739467,0.07444168734491315,-0.20387296282903355,0.8419018167761886,0.44292803970223327,-0.3989737770739553,0.21569385388480866,0.08933002481389578,-0.12636382907091287,0.9045226130653267,0.5955334987593052,-0.3089891143060215,0.62620796289138,0.1488833746898263,-0.47732458820155377,21.08233475067646,5.955334987593052,-15.126999763083408
Frederic Guilbert,https://fbref.com/en/players/5d8d7454/Frederic-Guilbert,2023-2024,2024-2025,Ligue 1,Serie A,Strasbourg,Lecce,29-158,29,"DF,MF",2490.0,2435.0,0.07228915662650602,0.0,-0.07228915662650602,0.0,0.03696098562628337,0.03696098562628337,0.03975903614457831,0.011088295687885009,-0.0286707404566933,0.05783132530120482,0.06652977412731007,0.008698448826105244,4.192771084337349,3.252566735112936,-0.940204349224413,1.1566265060240963,0.29568788501026694,-0.8609386210138295,66.6144578313253,6.689938398357289,-59.924519432968005
Iliman Ndiaye,https://fbref.com/en/players/5ed97752/Iliman-Ndiaye,2023-2024,2024-2025,Ligue 1,Premier League,Marseille,Everton,24-085,24,"FW,MF",1618.0,2430.0,0.1668726823238566,0.3333333333333333,0.1664606510094767,0.1668726823238566,0.0,-0.1668726823238566,0.25030902348578493,0.22962962962962963,-0.020679393856155304,0.1446229913473424,0.07037037037037036,-0.07425262097697205,3.4487021013597032,2.185185185185185,-1.2635169161745181,2.8368355995055623,0.8888888888888888,-1.9479467106166735,42.886279357231146,7.888888888888889,-34.99739046834226
Radu Drăgușin,https://fbref.com/en/players/620922ed/Radu-Dragusin,2023-2024,2024-2025,Serie A,Premier League,Genoa,Tottenham,22-117,22,DF,1710.0,1252.0,0.10526315789473684,0.0,-0.10526315789473684,0.05263157894736842,0.0,-0.05263157894736842,0.05263157894736842,0.007188498402555911,-0.045443080544812504,0.042105263157894736,0.028753993610223644,-0.013351269547671091,1.5263157894736843,2.659744408945687,1.1334286194720027,0.3157894736842105,0.0,-0.3157894736842105,47.8421052631579,5.031948881789138,-42.810156381368756
Leny Yoro,https://fbref.com/en/players/6763f716/Leny-Yoro,2023-2024,2024-2025,Ligue 1,Premier League,Lille,Manchester Utd,18-199,18,DF,2673.0,1165.0,0.06734006734006734,0.0,-0.06734006734006734,0.0,0.0,0.0,0.050505050505050504,0.05407725321888412,0.0035722027138336138,0.0033670033670033673,0.007725321888412018,0.0043583185214086505,2.28956228956229,4.017167381974249,1.7276050924119595,0.26936026936026936,,,71.31313131313131,,
Moussa Diarra,https://fbref.com/en/players/698f11e3/Moussa-Diarra,2023-2024,2024-2025,Ligue 1,La Liga,Toulouse,Alavés,23-202,23,DF,1397.0,1866.0,0.06442376521116679,0.0,-0.06442376521116679,0.12884753042233357,0.0,-0.12884753042233357,0.03221188260558339,0.0,-0.03221188260558339,0.07086614173228348,0.00482315112540193,-0.06604299060688154,4.509663564781675,3.3762057877813505,-1.133457777000325,1.1596277738010021,0.04823151125401929,-1.1113962625469829,55.21116678596994,7.331189710610932,-47.87997707535901
Enzo Barrenechea,https://fbref.com/en/players/6caffe81/Enzo-Barrenechea,2023-2024,2024-2025,Serie A,La Liga,Frosinone,Valencia,23-008,23,MF,2811.0,2191.0,0.0,0.041077133728890915,0.041077133728890915,0.032017075773746,0.08215426745778183,0.05013719168403583,0.019210245464247596,0.053400273847558195,0.0341900283833106,0.054429028815368194,0.03696942035600183,-0.017459608459366366,4.9626467449306295,5.175718849840256,0.21307210490962625,0.32017075773745995,0.0,-0.32017075773745995,70.8537886872999,5.791875855773619,-65.06191283152627
Ruben Vargas,https://fbref.com/en/players/6ecbddf6/Ruben-Vargas,2023-2024,2024-2025,Bundesliga,La Liga,Augsburg,Sevilla,25-299,25,"MF,FW",1962.0,671.0,0.18348623853211007,0.26825633383010433,0.08477009529799426,0.2293577981651376,0.13412816691505217,-0.09522963125008543,0.17889908256880732,0.26825633383010433,0.08935725126129701,0.11009174311926605,0.10730253353204174,-0.0027892095872243117,3.532110091743119,1.8777943368107302,-1.654315754932389,2.614678899082569,,,43.53211009174312,,
Douglas Luiz,https://fbref.com/en/players/6f7d826d/Douglas-Luiz,2023-2024,2024-2025,Premier League,Serie A,Aston Villa,Juventus,26-021,26,MF,2993.0,529.0,0.2706314734380221,0.0,-0.2706314734380221,0.15035081857667892,0.0,-0.15035081857667892,0.20748412963581694,0.10207939508506615,-0.10540473455075079,0.16237888406281326,0.17013232514177692,0.007753441078963669,5.051787504176412,5.954631379962192,0.9028438757857806,1.804209822920147,1.8714555765595462,0.06724575363939911,70.69495489475443,31.134215500945178,-39.56073939380926
Pape Gueye,https://fbref.com/en/players/7155e3e1/Pape-Gueye,2023-2024,2024-2025,Ligue 1,La Liga,Marseille,Villarreal,25-127,25,"MF,DF",765.0,2224.0,0.11764705882352941,0.1618705035971223,0.044223444773592885,0.0,0.0,0.0,0.047058823529411764,0.13758992805755393,0.09053110452814217,0.09411764705882353,0.044514388489208634,-0.049603258569614894,7.176470588235294,6.312949640287769,-0.8635209479475252,0.9411764705882353,0.24280575539568344,-0.6983707151925518,70.82352941176471,12.544964028776977,-58.278565382987736
Bertuğ Yıldırım,https://fbref.com/en/players/7410d325/Bertug-Yildirim,2023-2024,2024-2025,Ligue 1,La Liga,Rennes,Getafe,21-323,22,FW,469.0,1083.0,0.0,0.08310249307479224,0.08310249307479224,0.19189765458422176,0.0,-0.19189765458422176,0.26865671641791045,0.20775623268698062,-0.06090048373092982,0.13432835820895522,0.09972299168975068,-0.03460536651920454,2.1108742004264394,1.1634349030470914,-0.947439297379348,1.7270788912579957,0.24930747922437674,-1.477771412033619,29.74413646055437,9.722991689750693,-20.021144770803676
Alexis Claude-Maurice,https://fbref.com/en/players/741418c3/Alexis-Claude-Maurice,2023-2024,2024-2025,Ligue 1,Bundesliga,Nice,Augsburg,25-359,26,MF,504.0,2109.0,0.0,0.3840682788051209,0.3840682788051209,0.0,0.08534850640113797,0.08534850640113797,0.14285714285714288,0.20056899004267426,0.05771184718553138,0.053571428571428575,0.051209103840682786,-0.0023623247307457892,3.7500000000000004,2.6031294452347082,-1.1468705547652922,2.678571428571429,0.12802275960170698,-2.550548668969722,58.92857142857143,0.8961593172119487,-58.032412111359484
Vitinha,https://fbref.com/en/players/74d4cec6/Vitinha,2023-2024,2024-2025,Ligue 1,Serie A,Marseille,Genoa,24-076,24,FW,923.0,1328.0,0.29252437703141926,0.1355421686746988,-0.15698220835672047,0.1950162513542795,0.20331325301204817,0.008297001657768671,0.4972914409534127,0.10843373493975904,-0.38885770601365366,0.2827735644637053,0.223644578313253,-0.059128986150452284,2.2426868905742143,1.2876506024096386,-0.9550362881645758,1.4626218851570962,0.677710843373494,-0.7849110417836023,35.68797399783315,12.740963855421686,-22.94701014241146
Emmanuel Agbadou,https://fbref.com/en/players/75f1ed80/Emmanuel-Agbadou,2023-2024,2024-2025,Ligue 1,Premier League,Reims,Wolves,26-348,27,DF,2596.0,1410.0,0.03466872110939907,0.06382978723404256,0.02916106612464349,0.03466872110939907,0.0,-0.03466872110939907,0.08320493066255778,0.05106382978723405,-0.032141100875323736,0.05200308166409861,0.012765957446808512,-0.0392371242172901,6.205701078582434,1.9787234042553192,-4.226977674327115,1.4560862865947612,,,76.20184899845917,,
Oliver McBurnie,https://fbref.com/en/players/78b8ac63/Oliver-McBurnie,2023-2024,2024-2025,Premier League,La Liga,Sheffield Utd,Las Palmas,27-361,28,FW,1280.0,1837.0,0.421875,0.14697876973326074,-0.27489623026673926,0.2109375,0.2939575394665215,0.08302003946652148,0.48515625000000007,0.2351660315732172,-0.24999021842678287,0.140625,0.13718018508437668,-0.0034448149156233177,2.109375,1.3228089275993467,-0.7865660724006533,0.421875,0.04899292324442025,-0.37288207675557977,40.9921875,11.268372346216658,-29.72381515378334
Morgan Guilavogui,https://fbref.com/en/players/79b51257/Morgan-Guilavogui,2023-2024,2024-2025,Ligue 1,Bundesliga,Lens,St. Pauli,26-081,26,"FW,MF",566.0,1807.0,0.31802120141342755,0.29883785279468733,-0.019183348618740215,0.0,0.0996126175982291,0.0996126175982291,0.2544169611307421,0.3536247924737133,0.09920783134297123,0.19081272084805653,0.09463198671831764,-0.09618073412973889,5.724381625441696,2.0420586607636966,-3.6823229646779994,2.5441696113074204,0.14941892639734367,-2.394750684910077,51.83745583038869,5.229662423907028,-46.60779340648166
Sepp van den Berg,https://fbref.com/en/players/7bf9400b/Sepp-van-den-Berg,2023-2024,2024-2025,Bundesliga,Premier League,Mainz 05,Brentford,22-162,22,DF,2839.0,2586.0,0.09510390982740402,0.0,-0.09510390982740402,0.0,0.0,0.0,0.08559351884466362,0.06960556844547564,-0.01598795039918799,0.009510390982740402,0.027842227378190258,0.018331836395449858,3.0116238112011273,2.7494199535962878,-0.26220385760483955,0.22190912293060938,0.06960556844547564,-0.15230355448513375,59.34483973230011,9.222737819025522,-50.12210191327459
Khéphren Thuram,https://fbref.com/en/players/7d9397f8/Khephren-Thuram,2023-2024,2024-2025,Ligue 1,Serie A,Nice,Juventus,23-065,23,MF,2108.0,2326.0,0.04269449715370019,0.15477214101461736,0.11207764386091718,0.04269449715370019,0.1934651762682717,0.1507706791145715,0.14516129032258066,0.13542562338779018,-0.009735666934790471,0.15796963946869072,0.13929492691315562,-0.0186747125555351,4.44022770398482,4.759243336199484,0.319015632214664,2.860531309297913,0.15477214101461736,-2.7057591682832958,59.64421252371917,6.655202063628547,-52.989010460090626
Ricardo Rodríguez,https://fbref.com/en/players/7f78ad23/Ricardo-Rodriguez,2023-2024,2024-2025,Serie A,La Liga,Torino,Betis,31-279,31,DF,2772.0,1274.0,0.032467532467532464,0.0,-0.032467532467532464,0.06493506493506493,0.0706436420722135,0.005708577137148577,0.00974025974025974,0.0141287284144427,0.004388468674182961,0.04545454545454545,0.0282574568288854,-0.017197088625660047,4.123376623376624,4.450549450549451,0.32717282717282714,1.9805194805194806,0.2119309262166405,-1.7685885543028401,61.493506493506494,16.036106750392467,-45.457399743114024
Abner,https://fbref.com/en/players/7f9c5d2d/Abner,2023-2024,2024-2025,La Liga,Ligue 1,Betis,Lyon,24-003,24,DF,1400.0,1090.0,0.0,0.08256880733944955,0.08256880733944955,0.0642857142857143,0.08256880733944955,0.018283093053735253,0.006428571428571429,0.04954128440366973,0.0431127129750983,0.0642857142857143,0.0908256880733945,0.026539973787680207,2.1214285714285714,5.4495412844036695,3.328112712975098,0.9,1.073394495412844,0.17339449541284402,62.1,27.412844036697248,-34.68715596330276
İlkay Gündoğan,https://fbref.com/en/players/819b3158/Ilkay-Gundogan,2023-2024,2024-2025,La Liga,Premier League,Barcelona,Manchester City,33-219,33,MF,2994.0,2223.0,0.15030060120240482,0.04048582995951417,-0.10981477124289066,0.27054108216432865,0.24291497975708504,-0.027626102407243613,0.21943887775551102,0.12955465587044535,-0.08988422188506567,0.30961923847695394,0.1417004048582996,-0.16791883361865434,6.733466933867736,5.1417004048583,-1.591766529009436,2.1342685370741483,0.5263157894736842,-1.6079527476004642,82.15430861723448,11.821862348178138,-70.33244626905633
Youssouf Fofana,https://fbref.com/en/players/822d51d7/Youssouf-Fofana,2023-2024,2024-2025,Ligue 1,Serie A,Monaco,Milan,25-141,25,MF,2697.0,2504.0,0.13348164627363737,0.035942492012779555,-0.09753915426085782,0.13348164627363737,0.21565495207667731,0.08217330580303994,0.16685205784204674,0.04672523961661342,-0.12012681822543331,0.11345939933259178,0.12220447284345047,0.008745073510858695,8.309232480533927,6.325878594249201,-1.9833538862847258,1.7686318131256953,0.17971246006389777,-1.5889193530617975,70.51167964404895,11.465654952076678,-59.04602469197228
Valentin Gendrey,https://fbref.com/en/players/822ed0ec/Valentin-Gendrey,2023-2024,2024-2025,Serie A,Bundesliga,Lecce,Hoffenheim,23-344,24,DF,3044.0,1414.0,0.05913272010512483,0.06364922206506365,0.004516501959938822,0.08869908015768725,0.06364922206506365,-0.025049858092623598,0.04730617608409987,0.07001414427157002,0.022707968187470146,0.04730617608409987,0.11456859971711458,0.06726242363301471,3.4296977660972403,3.118811881188119,-0.3108858849091214,2.247043363994744,0.1272984441301273,-2.1197449198646163,51.090670170827856,7.256011315417257,-43.8346588554106
Mathys Tel,https://fbref.com/en/players/829aa60c/Mathys-Tel,2023-2024,2024-2025,Bundesliga,Premier League,Bayern Munich,Tottenham,19-033,19,"FW,MF",1050.0,911.0,0.6,0.19758507135016468,-0.4024149286498353,0.4285714285714286,0.09879253567508234,-0.32977889289634627,0.31714285714285717,0.296377607025247,-0.020765250117610157,0.19714285714285715,0.25686059275521406,0.05971773561235691,2.3142857142857145,2.074643249176729,-0.23964246510898546,3.857142857142857,,,50.48571428571429,,
Matz Sels,https://fbref.com/en/players/834b5c4c/Matz-Sels,2023-2024,2024-2025,Ligue 1,Premier League,Strasbourg,Nott'ham Forest,32-094,32,GK,1710.0,3420.0,0.0,0.0,0.0,0.0,0.0,0.0,0.0,0.0,0.0,0.02631578947368421,0.010526315789473684,-0.015789473684210527,0.0,0.05263157894736842,0.05263157894736842,0.0,0.0,0.0,34.94736842105263,5.7368421052631575,-29.210526315789473
Manu Koné,https://fbref.com/en/players/86574238/Manu-Kone,2023-2024,2024-2025,Bundesliga,Serie A,Gladbach,Roma,23-013,23,MF,1561.0,2572.0,0.05765534913516976,0.06998444790046655,0.012329098765296795,0.0,0.03499222395023328,0.03499222395023328,0.0691864189622037,0.11897356143079314,0.04978714246858944,0.0691864189622037,0.05948678071539657,-0.009699638246807134,4.0358744394618835,5.038880248833593,1.0030058093717091,2.42152466367713,0.3499222395023328,-2.071602424174797,53.33119795003203,6.998444790046656,-46.33275315998537
Dean Huijsen,https://fbref.com/en/players/87278bce/Dean-Huijsen,2023-2024,2024-2025,Serie A,Premier League,Roma,Bournemouth,19-046,19,DF,509.0,2427.0,0.3536345776031434,0.11124845488257108,-0.2423861227205723,0.0,0.07416563658838073,0.07416563658838073,0.07072691552062868,0.07045735475896168,-0.0002695607616669954,0.01768172888015717,0.07416563658838073,0.056483907708223556,3.1827111984282905,4.8949320148331275,1.712220816404837,0.7072691552062867,0.0,-0.7072691552062867,92.82907662082515,5.562422744128554,-87.2666538766966
Adrien Rabiot,https://fbref.com/en/players/8794e251/Adrien-Rabiot,2023-2024,2024-2025,Serie A,Ligue 1,Juventus,Marseille,29-057,29,MF,2651.0,2485.0,0.16974726518294983,0.32595573440643866,0.15620846922348883,0.1018483591097699,0.1448692152917505,0.04302085618198061,0.11882308562806489,0.26438631790744466,0.14556323227937978,0.13919275745001886,0.13762575452716297,-0.0015670029228558868,4.073934364390796,6.084507042253521,2.010572677862725,2.4443606186344775,0.10865191146881288,-2.3357087071656646,51.7729158807997,2.245472837022133,-49.527443043777566
Jean-Clair Todibo,https://fbref.com/en/players/88f130ed/Jean-Clair-Todibo,2023-2024,2024-2025,Ligue 1,Premier League,Nice,West Ham,24-152,24,DF,2651.0,1825.0,0.0,0.0,0.0,0.06789890607317993,0.0,-0.06789890607317993,0.02036967182195398,0.019726027397260273,-0.0006436444246937061,0.05431912485854395,0.0,-0.05431912485854395,5.092417955488495,1.8739726027397259,-3.218445352748769,1.0863824971708789,0.0,-1.0863824971708789,94.34552998868351,7.052054794520548,-87.29347519416297
João Félix,https://fbref.com/en/players/8aafd64f/Joao-Felix,2023-2024,2024-2025,La Liga,Serie A,Barcelona,Milan,24-202,24,FW,1540.0,760.0,0.4090909090909091,0.23684210526315788,-0.17224880382775123,0.17532467532467533,0.0,-0.17532467532467533,0.5084415584415584,0.31973684210526315,-0.1887047163362952,0.18116883116883117,0.14210526315789473,-0.03906356801093644,3.9740259740259742,4.7368421052631575,0.7628161312371833,4.032467532467533,,,54.29220779220779,,
Assane Diao,https://fbref.com/en/players/8ae7d0ec/Assane-Diao,2023-2024,2024-2025,La Liga,Serie A,Betis,Como,18-266,18,FW,1048.0,1252.0,0.1717557251908397,0.5750798722044729,0.40332414701363317,0.0,0.07188498402555911,0.07188498402555911,0.21469465648854963,0.28753993610223644,0.07284527961368681,0.06011450381679389,0.028753993610223644,-0.03136051020657024,1.717557251908397,2.587859424920128,0.8703021730117309,2.833969465648855,,,41.04961832061069,,
Pascal Groß,https://fbref.com/en/players/8aec0537/Pascal-Gross,2023-2024,2024-2025,Premier League,Bundesliga,Brighton,Dortmund,32-350,33,"MF,DF",3114.0,2327.0,0.11560693641618497,0.0,-0.11560693641618497,0.2890173410404624,0.3480876665234207,0.05907032548295832,0.18786127167630057,0.09282337773957886,-0.09503789393672171,0.23410404624277453,0.19724967769660506,-0.03685436854616947,8.728323699421965,6.884400515685432,-1.8439231837365329,2.398843930635838,0.23205844434894715,-2.1667854862868907,102.13872832369941,20.034379028792436,-82.10434929490697
Pierre Højbjerg,https://fbref.com/en/players/8b04d6c1/Pierre-Hojbjerg,2023-2024,2024-2025,Premier League,Ligue 1,Tottenham,Marseille,28-299,28,MF,1311.0,2664.0,0.0,0.06756756756756756,0.06756756756756756,0.0,0.13513513513513511,0.13513513513513511,0.04805491990846682,0.11148648648648647,0.06343156657801965,0.08237986270022883,0.13175675675675674,0.04937689405652791,9.19908466819222,8.885135135135135,-0.3139495330570856,1.1670480549199085,0.16891891891891891,-0.9981291360009896,108.81006864988558,25.574324324324323,-83.23574432556126
Caleb Okoli,https://fbref.com/en/players/8ec109e6/Caleb-Okoli,2023-2024,2024-2025,Serie A,Premier League,Frosinone,Leicester City,22-322,23,DF,2914.0,1125.0,0.0,0.08,0.08,0.03088538091969801,0.0,-0.03088538091969801,0.018531228551818803,0.048,0.029468771448181198,0.024708304735758406,0.0,-0.024708304735758406,3.644474948524365,2.56,-1.084474948524365,0.6794783802333562,0.08,-0.5994783802333562,64.05628002745367,23.92,-40.136280027453665
Julian Araujo,https://fbref.com/en/players/8f4541c2/Julian-Araujo,2023-2024,2024-2025,La Liga,Premier League,Las Palmas,Bournemouth,22-291,22,DF,1462.0,497.0,0.061559507523939815,0.0,-0.061559507523939815,0.0,0.0,0.0,0.043091655266757865,0.0,-0.043091655266757865,0.07387140902872777,0.018108651911468814,-0.055762757117258956,4.555403556771546,2.535211267605634,-2.0201922891659123,1.4158686730506156,0.36217303822937624,-1.0536956348212394,62.29822161422709,27.525150905432596,-34.77307070879449
Jens Cajuste,https://fbref.com/en/players/928a4a61/Jens-Cajuste,2023-2024,2024-2025,Serie A,Premier League,Napoli,Ipswich Town,24-294,24,MF,1016.0,1959.0,0.0,0.045941807044410414,0.045941807044410414,0.17716535433070865,0.045941807044410414,-0.13122354728629823,0.13287401574803148,0.03215926493108729,-0.1007147508169442,0.09744094488188977,0.036753445635528334,-0.06068749924636144,3.27755905511811,2.7105666156202144,-0.5669924394978958,1.6830708661417322,0.09188361408882083,-1.5911872520529113,51.112204724409445,2.113323124042879,-48.998881600366566
Natan,https://fbref.com/en/players/94bccc82/Natan,2023-2024,2024-2025,Serie A,La Liga,Napoli,Betis,23-114,23,DF,952.0,2175.0,0.0,0.041379310344827586,0.041379310344827586,0.0,0.041379310344827586,0.041379310344827586,0.03781512605042017,0.012413793103448275,-0.025401332946971895,0.009453781512605043,0.02482758620689655,0.015373804694291508,3.2142857142857144,2.1517241379310343,-1.06256157635468,1.4180672268907564,0.37241379310344824,-1.045653433787308,71.47058823529412,19.48965517241379,-51.980933062880325
Antony,https://fbref.com/en/players/99127249/Antony,2023-2024,2024-2025,Premier League,La Liga,Manchester Utd,Betis,24-096,24,FW,1324.0,1362.0,0.06797583081570997,0.3303964757709251,0.26242064495521517,0.06797583081570997,0.13215859030837004,0.06418275949266007,0.23111782477341392,0.19162995594713655,-0.03948786882627736,0.1903323262839879,0.2312775330396476,0.040945206755659685,4.350453172205438,4.427312775330397,0.07685960312495865,3.6027190332326287,,,55.40030211480363,,
Djed Spence,https://fbref.com/en/players/9bc9a519/Djed-Spence,2023-2024,2024-2025,Serie A,Premier League,Genoa,Tottenham,23-295,23,DF,859.0,1792.0,0.0,0.05022321428571429,0.05022321428571429,0.0,0.10044642857142858,0.10044642857142858,0.020954598370197905,0.03013392857142857,0.009179330201230664,0.03143189755529686,0.09040178571428571,0.058969888158988855,2.619324796274738,5.2734375,2.654112703725262,1.7811408614668218,0.15066964285714285,-1.630471218609679,48.61466821885914,2.2098214285714284,-46.404846790287706
Aleix García,https://fbref.com/en/players/a10361d2/Aleix-Garcia,2023-2024,2024-2025,La Liga,Bundesliga,Girona,Leverkusen,26-337,27,MF,3199.0,1455.0,0.08440137542982182,0.18556701030927833,0.10116563487945651,0.16880275085964364,0.24742268041237112,0.07861992955272748,0.050640825257893096,0.06185567010309278,0.011214844845199683,0.15473585495467335,0.3030927835051546,0.14835692855048127,8.271334792122538,7.422680412371133,-0.8486543797514043,1.631759924976555,0.18556701030927833,-1.4461929146672767,90.59080962800876,15.463917525773194,-75.12689210223556
M'Bala Nzola,https://fbref.com/en/players/a4948e67/MBala-Nzola,2023-2024,2024-2025,Serie A,Ligue 1,Fiorentina,Lens,27-286,27,FW,1552.0,1460.0,0.17396907216494847,0.36986301369863017,0.1958939415336817,0.17396907216494847,0.06164383561643836,-0.11232523654851012,0.2609536082474227,0.5301369863013699,0.26918337805394715,0.09278350515463918,0.08013698630136987,-0.012646518853269312,1.681701030927835,1.356164383561644,-0.32553664736619115,1.2177835051546393,0.24657534246575344,-0.9712081626888859,31.66237113402062,4.438356164383562,-27.22401496963706
Nuno Tavares,https://fbref.com/en/players/a65c844b/Nuno-Tavares,2023-2024,2024-2025,Premier League,Serie A,Nott'ham Forest,Lazio,24-125,24,DF,457.0,1686.0,0.0,0.0,0.0,0.0,0.4270462633451957,0.4270462633451957,0.03938730853391685,0.05871886120996442,0.019331552676047567,0.09846827133479213,0.2562277580071174,0.15775948667232526,4.7264770240700225,5.925266903914591,1.1987898798445684,2.7571115973741795,1.1209964412811386,-1.636115156093041,67.5492341356674,15.907473309608541,-51.641760826058864
João Palhinha,https://fbref.com/en/players/a78ff07f/Joao-Palhinha,2023-2024,2024-2025,Premier League,Bundesliga,Fulham,Bayern Munich,28-326,29,MF,2699.0,673.0,0.1333827343460541,0.0,-0.1333827343460541,0.033345683586513526,0.0,-0.033345683586513526,0.11004075583549462,0.09361069836552748,-0.016430057469967146,0.02667654686921082,0.026745913818722142,6.936694951132152e-05,3.234531307891812,4.279346210995542,1.0448149031037302,0.2667654686921082,0.1337295690936107,-0.13303589959849751,58.688403112263806,19.791976225854384,-38.89642688640942
Nordi Mukiele,https://fbref.com/en/players/ac73ec79/Nordi-Mukiele,2023-2024,2024-2025,Ligue 1,Bundesliga,Paris S-G,Leverkusen,26-211,26,DF,796.0,899.0,0.0,0.10011123470522804,0.10011123470522804,0.0,0.0,0.0,0.14698492462311558,0.14015572858731923,-0.006829196035796348,0.011306532663316583,0.10011123470522804,0.08880470204191146,3.618090452261306,3.604004449388209,-0.014086002873097137,1.3567839195979898,0.0,-1.3567839195979898,76.4321608040201,4.805339265850946,-71.62682153816915
Riccardo Calafiori,https://fbref.com/en/players/aded8e6f/Riccardo-Calafiori,2023-2024,2024-2025,Serie A,Premier League,Bologna,Arsenal,22-011,22,DF,2349.0,983.0,0.07662835249042145,0.18311291963377416,0.1064845671433527,0.19157088122605362,0.09155645981688708,-0.10001442140916654,0.053639846743295014,0.08240081383519837,0.02876096709190336,0.045977011494252866,0.027466937945066123,-0.018510073549186743,3.67816091954023,4.944048830111902,1.2658879105716725,1.0727969348659003,0.18311291963377416,-0.8896840152321261,80.53639846743295,17.85350966429298,-62.68288880313997
Dani Olmo,https://fbref.com/en/players/ae44e8e2/Dani-Olmo,2023-2024,2024-2025,Bundesliga,La Liga,RB Leipzig,Barcelona,26-023,26,MF,1449.0,1212.0,0.24844720496894407,0.7425742574257426,0.4941270524567985,0.3105590062111801,0.22277227722772278,-0.08778672898345732,0.20496894409937885,0.48267326732673266,0.27770432322735383,0.3354037267080745,0.22277227722772278,-0.11263144948035173,4.22360248447205,6.014851485148514,1.7912490006764648,3.726708074534161,0.44554455445544555,-3.2811635200787155,53.04347826086956,8.688118811881187,-44.355359448988374
Boubakary Soumaré,https://fbref.com/en/players/ae59b359/Boubakary-Soumare,2023-2024,2024-2025,La Liga,Premier League,Sevilla,Leicester City,25-093,25,MF,2286.0,2171.0,0.0,0.0,0.0,0.03937007874015748,0.0,-0.03937007874015748,0.0,0.012436665131275908,0.012436665131275908,0.03543307086614173,0.016582220175034548,-0.018850850691107184,4.015748031496063,4.3528327959465685,0.3370847644505055,1.141732283464567,0.0,-1.141732283464567,55.944881889763785,0.20727775218793182,-55.73760413757585
Brajan Gruda,https://fbref.com/en/players/ae9b998d/Brajan-Gruda,2023-2024,2024-2025,Bundesliga,Premier League,Mainz 05,Brighton,19-365,20,"MF,FW",1641.0,687.0,0.21937842778793418,0.13100436681222707,-0.0883740609757071,0.16453382084095064,0.5240174672489083,0.35948364640795766,0.1919561243144424,0.15720524017467247,-0.03475088413976993,0.2248628884826325,0.27510917030567683,0.05024628182304433,3.8939670932358315,3.406113537117904,-0.4878535561179276,5.484460694698354,0.0,-5.484460694698354,51.38939670932358,0.6550218340611353,-50.73437487526244
Lorenz Assignon,https://fbref.com/en/players/b026bbf6/Lorenz-Assignon,2023-2024,2024-2025,Premier League,Ligue 1,Burnley,Rennes,23-343,24,DF,1234.0,2357.0,0.07293354943273907,0.11455239711497667,0.0416188476822376,0.14586709886547813,0.15273652948663555,0.006869430621157413,0.029173419773095628,0.08400509121764956,0.05483167144455393,0.18962722852512157,0.1336444633008061,-0.05598276522431547,2.479740680713128,4.429359355112431,1.9496186743993027,2.7714748784440846,0.45820958845990667,-2.313265289984178,48.865478119935176,9.355112431056428,-39.51036568887875
Leo Skiri Østigård,https://fbref.com/en/players/b35a7399/Leo-Skiri-Ostigard,2023-2024,2024-2025,Serie A,Ligue 1,Napoli,Rennes,24-184,24,DF,1625.0,1227.0,0.05538461538461538,0.07334963325183375,0.017965017867218366,0.0,0.0,0.0,0.03323076923076922,0.05134474327628362,0.018113974045514396,0.005538461538461538,0.01466992665036675,0.009131465111905213,4.209230769230769,3.6674816625916873,-0.5417491066390814,0.72,0.07334963325183375,-0.6466503667481662,82.35692307692307,22.371638141809292,-59.985284935113775
Aurélio Buta,https://fbref.com/en/players/b4705807/Aurelio-Buta,2023-2024,2024-2025,Bundesliga,Ligue 1,Eint Frankfurt,Reims,27-110,27,"DF,MF",1744.0,1970.0,0.051605504587155966,0.0,-0.051605504587155966,0.051605504587155966,0.04568527918781726,-0.005920225399338709,0.025802752293577983,0.013705583756345176,-0.012097168537232807,0.03612385321100917,0.03654822335025381,0.00042437013924463696,4.644495412844037,3.7918781725888326,-0.8526172402552046,2.6318807339449544,0.13705583756345177,-2.4948248963815027,67.08715596330276,11.51269035532995,-55.57446560797281
Thijs Dallinga,https://fbref.com/en/players/b70afb45/Thijs-Dallinga,2023-2024,2024-2025,Ligue 1,Serie A,Toulouse,Bologna,23-301,23,FW,2510.0,1154.0,0.50199203187251,0.2339688041594454,-0.2680232277130645,0.07171314741035857,0.1559792027729636,0.08426605536260502,0.5055776892430278,0.3353552859618717,-0.17022240328115612,0.043027888446215135,0.046793760831889075,0.0037658723856739407,1.3625498007968126,1.3258232235701906,-0.03672657722662209,1.1474103585657371,0.0,-1.1474103585657371,31.48207171314741,4.133448873483536,-27.348622839663875
Noussair Mazraoui,https://fbref.com/en/players/b74277a0/Noussair-Mazraoui,2023-2024,2024-2025,Bundesliga,Premier League,Bayern Munich,Manchester Utd,26-198,26,DF,1197.0,2838.0,0.0,0.0,0.0,0.22556390977443608,0.03171247357293869,-0.1938514362014974,0.06766917293233082,0.02219873150105708,-0.04547044143127374,0.13533834586466165,0.04756871035940803,-0.08776963550525362,7.744360902255639,3.646934460887949,-4.0974264413676895,2.556390977443609,0.19027484143763213,-2.366116136005977,84.66165413533834,13.668076109936575,-70.99357802540176
Diego Llorente,https://fbref.com/en/players/bba30585/Diego-Llorente,2023-2024,2024-2025,Serie A,La Liga,Roma,Betis,30-288,30,DF,2170.0,2519.0,0.041474654377880185,0.07145692735212386,0.029982272974243676,0.041474654377880185,0.0,-0.041474654377880185,0.012442396313364055,0.053592695514092896,0.04115029920072884,0.02488479262672811,0.01071853910281858,-0.01416625352390953,3.110599078341014,2.8940055577610164,-0.21659352057999737,0.8294930875576036,0.03572846367606193,-0.7937646238815417,77.35023041474655,22.794759825327514,-54.55547058941903
Nikola Milenković,https://fbref.com/en/players/bee704fc/Nikola-Milenkovic,2023-2024,2024-2025,Serie A,Premier League,Fiorentina,Nott'ham Forest,26-231,26,DF,2510.0,3330.0,0.0,0.13513513513513514,0.13513513513513514,0.0,0.05405405405405406,0.05405405405405406,0.014342629482071713,0.10810810810810811,0.0937654786260364,0.025099601593625495,0.02972972972972973,0.004630128136104236,2.904382470119522,1.3783783783783783,-1.5260040917411437,0.2868525896414343,0.0,-0.2868525896414343,64.9003984063745,6.0,-58.90039840637451
Logan Costa,https://fbref.com/en/players/bfb2056e/Logan-Costa,2023-2024,2024-2025,Ligue 1,La Liga,Toulouse,Villarreal,23-059,23,DF,2650.0,2587.0,0.033962264150943396,0.06957866254348667,0.035616398392543276,0.033962264150943396,0.034789331271743336,0.0008270671207999403,0.047547169811320754,0.02435253189022033,-0.023194637921100422,0.020377358490566037,0.020873598763045998,0.0004962402724799607,4.9245283018867925,4.035562427522227,-0.8889658743645654,0.6452830188679246,0.06957866254348667,-0.575704356324438,69.92830188679245,12.21105527638191,-57.71724661041054
Ismaila Sarr,https://fbref.com/en/players/bfdb33aa/Ismaila-Sarr,2023-2024,2024-2025,Ligue 1,Premier League,Marseille,Crystal Palace,26-095,26,"FW,MF",1447.0,2711.0,0.18659295093296474,0.2655846551088159,0.07899170417585116,0.248790601243953,0.19918849133161196,-0.04960210991234104,0.1990324809951624,0.3552194762080413,0.15618699521287888,0.15549412577747063,0.28218369605311694,0.1266895702756463,2.2391154111955767,2.821836960531169,0.5827215493355924,3.047684865238424,0.09959424566580598,-2.9480906195726178,41.983413959917065,3.4194024345260052,-38.56401152539106
Randal Kolo Muani,https://fbref.com/en/players/c0b3669f/Randal-Kolo-Muani,2023-2024,2024-2025,Ligue 1,Serie A,Paris S-G,Juventus,25-177,25,"FW,MF",1268.0,1160.0,0.42586750788643535,0.6206896551724138,0.19482214728597846,0.3548895899053628,0.07758620689655173,-0.2773033830088111,0.43296529968454256,0.3646551724137931,-0.06831012727074948,0.23422712933753942,0.12413793103448276,-0.11008919830305666,2.9810725552050474,1.5517241379310345,-1.429348417274013,2.555205047318612,,,38.68296529968455,,
Conor Gallagher,https://fbref.com/en/players/c2731c10/Conor-Gallagher,2023-2024,2024-2025,Premier League,La Liga,Chelsea,Atlético Madrid,24-114,24,MF,3128.0,1633.0,0.1438618925831202,0.1653398652786283,0.02147797269550808,0.2014066496163683,0.1653398652786283,-0.03606678433774002,0.12084398976982098,0.15431720759338638,0.033473217823565396,0.1438618925831202,0.06613594611145131,-0.0777259464716689,4.9488491048593355,3.527250459277403,-1.4215986455819323,1.7838874680306906,0.2204531537048377,-1.563434314325853,70.29092071611254,15.817513778322105,-54.47340693779043
Andrew Omobamidele,https://fbref.com/en/players/c393a6c4/Andrew-Omobamidele,2023-2024,2024-2025,Premier League,Ligue 1,Nott'ham Forest,Strasbourg,21-342,22,DF,783.0,539.0,0.0,0.0,0.0,0.0,0.0,0.0,0.01149425287356322,0.0,-0.01149425287356322,0.01149425287356322,0.0,-0.01149425287356322,0.9195402298850576,1.50278293135436,0.5832427014693023,0.1149425287356322,,,45.862068965517246,,
Michael Olise,https://fbref.com/en/players/c4486bac/Michael-Olise,2023-2024,2024-2025,Premier League,Bundesliga,Crystal Palace,Bayern Munich,22-170,22,"FW,MF",1275.0,2334.0,0.7058823529411765,0.46272493573264784,-0.24315741720852868,0.4235294117647059,0.5784061696658097,0.15487675790110383,0.38823529411764707,0.3740359897172236,-0.01419930440042344,0.40941176470588236,0.46272493573264784,0.05331317102676547,5.5058823529411764,7.095115681233933,1.5892333282927567,4.8,0.6555269922879178,-4.144473007712082,67.69411764705883,13.45758354755784,-54.23653409950099
Manuel Ugarte Ribeiro,https://fbref.com/en/players/c9817014/Manuel-Ugarte-Ribeiro,2023-2024,2024-2025,Ligue 1,Premier League,Paris S-G,Manchester Utd,23-049,23,MF,1932.0,1785.0,0.0,0.05042016806722689,0.05042016806722689,0.09316770186335405,0.10084033613445378,0.0076726342710997375,0.027950310559006212,0.05042016806722689,0.02246985750822068,0.04192546583850932,0.05546218487394959,0.013536719035440271,4.052795031055901,3.0756302521008405,-0.9771647789550602,0.7453416149068324,0.0,-0.7453416149068324,74.3944099378882,3.428571428571429,-70.96583850931677
Ian Maatsen,https://fbref.com/en/players/cab9634e/Ian-Maatsen,2023-2024,2024-2025,Bundesliga,Premier League,Dortmund,Aston Villa,22-081,22,DF,1264.0,1139.0,0.14240506329113925,0.07901668129938542,-0.06338838199175383,0.14240506329113925,0.15803336259877085,0.0156282993076316,0.06408227848101267,0.07111501316944689,0.007032734688434225,0.09968354430379746,0.21334503950834066,0.1136614952045432,5.69620253164557,3.9508340649692713,-1.7453684666762985,2.9193037974683547,0.2370500438981563,-2.6822537535701985,86.58227848101266,7.9806848112379285,-78.60159366977473
Gabriel Osho,https://fbref.com/en/players/cd889153/Gabriel-Osho,2023-2024,2024-2025,Premier League,Ligue 1,Luton Town,Auxerre,25-290,25,DF,1846.0,1654.0,0.09750812567713975,0.05441354292623942,-0.04309458275090033,0.0,0.0,0.0,0.053629469122426866,0.05441354292623942,0.0007840738038125544,0.004875406283856988,0.005441354292623942,0.0005659480087669543,1.8039003250270855,2.3397823458282954,0.5358820208012098,0.4875406283856988,0.32648125755743657,-0.16105937082826222,47.193932827735644,21.547762998790812,-25.64616982894483
Chrislain Matsima,https://fbref.com/en/players/cf1ef7ec/Chrislain-Matsima,2023-2024,2024-2025,Ligue 1,Bundesliga,Clermont Foot,Augsburg,22-015,22,DF,1180.0,2551.0,0.07627118644067797,0.03528028224225794,-0.04099090419842003,0.0,0.03528028224225794,0.03528028224225794,0.015254237288135594,0.06350450803606429,0.048250270747928696,0.0,0.010584084672677381,0.010584084672677381,3.4322033898305087,2.963543708349667,-0.4686596814808417,0.9915254237288136,0.0,-0.9915254237288136,61.55084745762712,1.3053704429635438,-60.24547701466358
Mikel Merino,https://fbref.com/en/players/d080ed5e/Mikel-Merino,2023-2024,2024-2025,La Liga,Premier League,Real Sociedad,Arsenal,27-343,28,MF,2482.0,1586.0,0.18130539887187752,0.39722572509457754,0.21592032622270002,0.1087832393231265,0.11349306431273644,0.004709824989609937,0.11966156325543915,0.3348045397225725,0.21514297646713337,0.06889605157131345,0.11349306431273644,0.044597012741422984,5.910556003223207,3.915510718789407,-1.9950452844338002,0.9427880741337631,0.0,-0.9427880741337631,63.78323932312651,1.0781841109709962,-62.705055212155514
Saúl Coco,https://fbref.com/en/players/d0ee1652/Saul-Coco,2023-2024,2024-2025,La Liga,Serie A,Las Palmas,Torino,25-111,25,DF,2295.0,2845.0,0.0392156862745098,0.0632688927943761,0.024053206519866296,0.0,0.0,0.0,0.04313725490196079,0.03796133567662566,-0.0051759192253351335,0.0,0.0,0.0,2.7058823529411766,2.2144112478031635,-0.4914711051380132,0.35294117647058826,0.0,-0.35294117647058826,66.66666666666667,11.040421792618629,-55.62624487404804
Arthur Atta,https://fbref.com/en/players/d3ddf88b/Arthur-Atta,2023-2024,2024-2025,Ligue 1,Serie A,Metz,Udinese,21-137,21,"MF,FW",924.0,1251.0,0.0974025974025974,0.0,-0.0974025974025974,0.1948051948051948,0.07194244604316546,-0.12286274876202932,0.05844155844155843,0.09352517985611511,0.035083621414556676,0.1266233766233766,0.10071942446043164,-0.02590395216294497,4.675324675324675,4.100719424460432,-0.5746052508642432,1.5584415584415583,0.0,-1.5584415584415583,52.98701298701298,1.7266187050359711,-51.260394281977014
Matthijs de Ligt,https://fbref.com/en/players/d6e53a3a/Matthijs-de-Ligt,2023-2024,2024-2025,Bundesliga,Premier League,Bayern Munich,Manchester Utd,24-292,24,DF,1390.0,2123.0,0.12949640287769784,0.08478568064060292,-0.04471072223709492,0.0,0.0,0.0,0.11007194244604317,0.10598210080075365,-0.004089841645289513,0.006474820143884893,0.012717852096090438,0.006243031952205545,6.345323741007194,2.33160621761658,-4.013717523390614,1.0359712230215827,0.0,-1.0359712230215827,86.11510791366906,13.35374470089496,-72.7613632127741
Giovani Lo Celso,https://fbref.com/en/players/d7553721/Giovani-Lo-Celso,2023-2024,2024-2025,Premier League,La Liga,Tottenham,Betis,28-051,28,MF,506.0,1457.0,0.3557312252964427,0.49416609471516815,0.13843486941872546,0.3557312252964427,0.18531228551818804,-0.17041893977825465,0.10671936758893281,0.29649965682910084,0.18978028924016804,0.33794466403162055,0.3026767330130405,-0.035267931018580057,12.094861660079053,8.153740562800275,-3.941121097278778,4.446640316205534,0.49416609471516815,-3.952474221490366,101.38339920948617,23.040494166094714,-78.34290504339145
Scott McTominay,https://fbref.com/en/players/d93c2511/Scott-McTominay,2023-2024,2024-2025,Premier League,Serie A,Manchester Utd,Napoli,27-174,27,"MF,FW",1901.0,2938.0,0.33140452393477116,0.36759700476514634,0.036192480830375184,0.04734350341925302,0.12253233492171545,0.07518883150246242,0.2698579694897422,0.2266848196051736,-0.043173149884568635,0.03787480273540242,0.08270932607215793,0.044834523336755513,3.0299842188321935,3.4309053778080325,0.400921158975839,1.3729615991583377,0.2756977535738598,-1.0972638455844779,43.792740662809045,3.1552076242341727,-40.63753303857487
Guillermo Maripán,https://fbref.com/en/players/d9764034/Guillermo-Maripan,2023-2024,2024-2025,Ligue 1,Serie A,Monaco,Torino,30-024,30,DF,1767.0,2340.0,0.050933786078098474,0.038461538461538464,-0.01247224761656001,0.0,0.038461538461538464,0.038461538461538464,0.02037351443123939,0.03461538461538462,0.014241870184145227,0.025466893039049237,0.038461538461538464,0.012994645422489227,3.00509337860781,3.6923076923076925,0.6872143136998825,0.2037351443123939,0.038461538461538464,-0.16527360585085543,64.88964346349745,6.3076923076923075,-58.58195115580514
Ismaël Bennacer,https://fbref.com/en/players/db092d3b/Ismael-Bennacer,2023-2024,2024-2025,Serie A,Ligue 1,Milan,Marseille,26-181,26,MF,1151.0,646.0,0.15638575152041703,0.0,-0.15638575152041703,0.15638575152041703,0.2786377708978328,0.12225201937741578,0.13292788879235445,0.01393188854489164,-0.11899600024746282,0.19548218940052128,0.25077399380804954,0.05529180440752826,5.317115551694179,10.030959752321982,4.713844200627803,1.8766290182450043,,,73.73588184187662,,
Jadon Sancho,https://fbref.com/en/players/dbf053da/Jadon-Sancho,2023-2024,2024-2025,Bundesliga,Premier League,Dortmund,Chelsea,24-066,24,"FW,MF",947.0,1764.0,0.1900739176346357,0.1530612244897959,-0.03701269314483979,0.1900739176346357,0.2040816326530612,0.014007715018425515,0.06652587117212248,0.11224489795918367,0.04571902678706119,0.28511087645195354,0.18877551020408162,-0.09633536624787192,5.892291446673706,4.591836734693877,-1.300454711979829,5.797254487856389,0.7142857142857142,-5.082968773570674,59.112988384371704,6.73469387755102,-52.37829450682068
Gift Orban,https://fbref.com/en/players/de17db90/Gift-Orban,2023-2024,2024-2025,Ligue 1,Bundesliga,Lyon,Hoffenheim,21-318,22,FW,474.0,687.0,0.189873417721519,0.5240174672489083,0.3341440495273893,0.0,0.0,0.0,0.20886075949367092,0.44541484716157204,0.23655408766790112,0.0,0.026200873362445413,0.026200873362445413,1.139240506329114,0.9170305676855894,-0.22220993864352456,1.518987341772152,,,30.189873417721518,,
Billy Gilmour,https://fbref.com/en/players/df10e27c/Billy-Gilmour,2023-2024,2024-2025,Premier League,Serie A,Brighton,Napoli,22-354,23,MF,2120.0,1177.0,0.0,0.0,0.0,0.04245283018867924,0.07646559048428207,0.03401276029560283,0.04245283018867924,0.038232795242141036,-0.004220034946538206,0.08490566037735849,0.13763806287170774,0.052732402494349254,8.193396226415095,5.123194562446899,-3.070201663968196,1.6556603773584904,0.0,-1.6556603773584904,96.66509433962264,2.752761257434155,-93.91233308218848
Emerson,https://fbref.com/en/players/df8b52a5/Emerson,2023-2024,2024-2025,Premier League,Serie A,Tottenham,Milan,25-137,25,DF,1161.0,1377.0,0.07751937984496124,0.0,-0.07751937984496124,0.0,0.0,0.0,0.015503875968992248,0.026143790849673203,0.010639914880680956,0.031007751937984496,0.0457516339869281,0.014743882048943606,4.4186046511627906,4.444444444444445,0.02583979328165409,1.627906976744186,0.5228758169934641,-1.1050311597507219,94.57364341085271,23.202614379084967,-71.37102903176775
Arthur Theate,https://fbref.com/en/players/df8d6029/Arthur-Theate,2023-2024,2024-2025,Ligue 1,Bundesliga,Rennes,Eint Frankfurt,24-005,24,DF,2296.0,2704.0,0.078397212543554,0.0,-0.078397212543554,0.0,0.0,0.0,0.07447735191637629,0.07988165680473372,0.005404304888357428,0.0313588850174216,0.03328402366863906,0.0019251386512174548,5.918989547038327,5.691568047337278,-0.22742149970104908,1.293554006968641,0.16642011834319526,-1.1271338886254458,73.77177700348432,10.318047337278106,-63.453729666206215
Thomas Meunier,https://fbref.com/en/players/e162b013/Thomas-Meunier,2023-2024,2024-2025,Bundesliga,Ligue 1,Dortmund,Lille,32-261,32,DF,586.0,1928.0,0.0,0.09336099585062241,0.09336099585062241,0.0,0.0,0.0,0.07679180887372014,0.08869294605809129,0.01190113718437115,0.09215017064846416,0.032676348547717844,-0.05947382210074632,5.068259385665529,6.348547717842324,1.280288332176795,3.2252559726962455,0.5134854771784233,-2.7117704955178223,86.00682593856655,14.844398340248963,-71.16242759831759
Michael Kayode,https://fbref.com/en/players/e19660a8/Michael-Kayode,2023-2024,2024-2025,Serie A,Premier League,Fiorentina,Brentford,19-325,20,DF,1971.0,528.0,0.04566210045662101,0.0,-0.04566210045662101,0.04566210045662101,0.17045454545454547,0.12479244499792447,0.022831050228310504,0.034090909090909095,0.01125985886259859,0.05022831050228311,0.20454545454545456,0.15431714404317146,3.5616438356164384,2.0454545454545454,-1.516189290161893,2.0547945205479454,,,67.71689497716895,,
Gonçalo Guedes,https://fbref.com/en/players/e6bc67d7/Goncalo-Guedes,2023-2024,2024-2025,La Liga,Premier League,Villarreal,Wolves,27-183,27,"FW,MF",951.0,995.0,0.28391167192429023,0.18090452261306533,-0.1030071493112249,0.18927444794952683,0.36180904522613067,0.17253459727660383,0.21766561514195581,0.28944723618090457,0.07178162103894875,0.14195583596214512,0.11758793969849247,-0.02436789626365264,4.73186119873817,3.6180904522613067,-1.1137707464768636,3.5962145110410098,0.09045226130653267,-3.505762249734477,41.07255520504732,2.984924623115578,-38.08763058193175
Alex Král,https://fbref.com/en/players/e717705a/Alex-Kral,2023-2024,2024-2025,Bundesliga,La Liga,Union Berlin,Espanyol,26-011,26,MF,1370.0,2714.0,0.0,0.0,0.0,0.0,0.03316138540899042,0.03316138540899042,0.11167883211678832,0.04974207811348563,-0.06193675400330269,0.026277372262773727,0.04974207811348563,0.023464705850711906,2.8905109489051095,2.586588061901253,-0.3039228870038566,0.9854014598540146,0.3647752394988946,-0.62062622035512,40.5985401459854,11.374355195283714,-29.22418495070169
Juan Miranda,https://fbref.com/en/players/ead61f73/Juan-Miranda,2023-2024,2024-2025,La Liga,Serie A,Betis,Bologna,24-132,24,DF,1858.0,2277.0,0.04843918191603875,0.0,-0.04843918191603875,0.04843918191603875,0.23715415019762845,0.1887149682815897,0.077502691065662,0.027667984189723317,-0.04983470687593869,0.09203444564047361,0.2411067193675889,0.1490722737271153,4.989235737351991,6.442687747035573,1.4534520096835823,1.6953713670613562,0.31620553359683795,-1.3791658334645183,67.03982777179763,9.644268774703557,-57.39555899709408
Willian Pacho,https://fbref.com/en/players/ecbe2839/Willian-Pacho,2023-2024,2024-2025,Bundesliga,Ligue 1,Eint Frankfurt,Paris S-G,22-227,22,DF,2970.0,2132.0,0.0,0.0,0.0,0.09090909090909091,0.04221388367729831,-0.0486952072317926,0.03636363636363636,0.012664165103189493,-0.02369947126044687,0.03333333333333333,0.012664165103189493,-0.02066916823014384,4.484848484848484,2.23733583489681,-2.247512649951674,0.6666666666666666,0.12664165103189493,-0.5400250156347717,80.6969696969697,28.663227016885553,-52.033742680084146
Arnaut Danjuma,https://fbref.com/en/players/f08490a6/Arnaut-Danjuma,2023-2024,2024-2025,Premier League,La Liga,Everton,Girona,27-120,27,"MF,FW",595.0,1335.0,0.1512605042016807,0.1348314606741573,-0.01642904352752339,0.0,0.0,0.0,0.3932773109243698,0.24269662921348314,-0.15058068171088665,0.16638655462184876,0.1146067415730337,-0.05177981304881506,1.361344537815126,2.764044943820225,1.4027004060050987,3.6302521008403366,1.4157303370786516,-2.214521763761685,33.73109243697479,10.247191011235955,-23.483901425738836
Lloyd Kelly,https://fbref.com/en/players/f31def1e/Lloyd-Kelly,2023-2024,2024-2025,Premier League,Serie A,Bournemouth,Juventus,25-237,25,DF,1559.0,1013.0,0.0,0.0,0.0,0.05772931366260423,0.0,-0.05772931366260423,0.01731879409878127,0.035538005923000986,0.018219211824219716,0.06927517639512508,0.008884501480750246,-0.06039067491437483,3.232841565105837,3.1984205330700886,-0.03442103203574831,0.8659397049390635,,,61.481719050673505,,
Jørgen Strand Larsen,https://fbref.com/en/players/f553b2b3/Jorgen-Strand-Larsen,2023-2024,2024-2025,La Liga,Premier League,Celta Vigo,Wolves,24-114,24,FW,2863.0,2587.0,0.4086622424030737,0.48705063780440666,0.07838839540133297,0.09430667132378624,0.13915732508697334,0.0448506537631871,0.4558155780649668,0.3583301120989564,-0.09748546596601043,0.07858889276982187,0.10436799381523,0.025779101045408134,0.7858889276982187,1.0088906068805568,0.22300167918233804,1.0373733845616486,0.10436799381523,-0.9330053907464186,31.341250436604962,4.974874371859297,-26.366376064745666
Maxence Caqueret,https://fbref.com/en/players/f81ef10d/Maxence-Caqueret,2023-2024,2024-2025,Ligue 1,Serie A,Lyon,Como,24-105,24,MF,3022.0,1087.0,0.029781601588352087,0.1655933762649494,0.13581177467659733,0.08934480476505625,0.24839006439742412,0.15904525963236787,0.06254136333553939,0.06623735050597977,0.003695987170440382,0.1786896095301125,0.12419503219871206,-0.05449457733140045,8.517538054268696,6.292548298068078,-2.2249897562006185,2.084712111184646,,,70.19523494374587,,
Aïssa Mandi,https://fbref.com/en/players/fbd6378b/Aissa-Mandi,2023-2024,2024-2025,La Liga,Ligue 1,Villarreal,Lille,32-221,32,DF,1113.0,1733.0,0.08086253369272237,0.0,-0.08086253369272237,0.0,0.0,0.0,0.04851752021563342,0.015579919215233698,-0.032937601000399726,0.056603773584905655,0.0207732256203116,-0.035830547964594055,4.44743935309973,4.258511252163878,-0.18892810093585233,0.4851752021563342,0.20773225620311597,-0.2774429459532182,66.71159029649596,14.229659549913444,-52.48193074658251
Sávio,https://fbref.com/en/players/fe6e7156/Savio,2023-2024,2024-2025,La Liga,Premier League,Girona,Manchester City,20-050,20,"FW,MF",2976.0,1766.0,0.2721774193548387,0.05096262740656851,-0.22121479194827018,0.30241935483870963,0.4077010192525481,0.10528166441383846,0.18447580645161288,0.2548131370328426,0.0703373305812297,0.23891129032258063,0.3516421291053228,0.11273083878274215,2.8124999999999996,3.4144960362400902,0.6019960362400907,5.473790322580645,1.6308040770101924,-3.8429862455704527,45.06048387096774,10.753114382785956,-34.30736948818178
Carlos Soler,https://fbref.com/en/players/fed17f5a/Carlos-Soler,2023-2024,2024-2025,Ligue 1,Premier League,Paris S-G,West Ham,27-149,27,"MF,DF",1090.0,1409.0,0.1651376146788991,0.063875088715401,-0.10126252596349809,0.1651376146788991,0.063875088715401,-0.10126252596349809,0.12385321100917432,0.11497515968772179,-0.00887805132145253,0.1981651376146789,0.08942512420156139,-0.10874001341311752,6.110091743119266,3.5770049680624556,-2.5330867750568107,1.2385321100917432,0.063875088715401,-1.1746570213763423,72.0,4.47125621007807,-67.52874378992193
Pol Lirola,https://fbref.com/en/players/ff800ed8/Pol-Lirola,2023-2024,2024-2025,Serie A,Ligue 1,Frosinone,Marseille,26-291,26,DF,1536.0,680.0,0.1171875,0.1323529411764706,0.01516544117647059,0.05859375,0.2647058823529412,0.20611213235294118,0.076171875,0.07941176470588235,0.0032398897058823484,0.064453125,0.0926470588235294,0.028193933823529402,3.80859375,2.7794117647058822,-1.0291819852941178,1.7578125,0.1323529411764706,-1.6254595588235294,51.2109375,8.73529411764706,-42.47564338235294
Florian Grillitsch,https://fbref.com/en/players/ffbbc83b/Florian-Grillitsch,2023-2024,2024-2025,Bundesliga,La Liga,Hoffenheim,Valladolid,28-297,28,"DF,MF",2295.0,623.0,0.0392156862745098,0.0,-0.0392156862745098,0.23529411764705882,0.0,-0.23529411764705882,0.047058823529411764,0.014446227929373997,-0.032612595600037764,0.06666666666666667,0.10112359550561796,0.034456928838951295,5.96078431372549,5.489566613162118,-0.471217700563372,1.2549019607843137,,,80.58823529411765,,
Ionuț Radu,https://fbref.com/en/players/67f649be/Ionut-Radu,2024-2025,2025-2026,Serie A,La Liga,Venezia,Celta Vigo,27,28-113,GK,1350.0,450.0,0.0,0.0,0.0,0.0,0.0,0.0,0.0,0.0,0.0,0.0,0.0,0.0,0.0,0.0,0.0,,,,,,
