player,moving_from,moving_to,fee,date,register_country
Emmanuel Agbadou,Wolverhampton Wanderers,Beşiktaş,Undisclosed,6 February 2026,England
Jhon Arias,Wolverhampton Wanderers,Palmeiras,Undisclosed,7 February 2026,England
Onel Hernández,Unattached,Port Vale,Free,9 February 2026,England
Unattached,Port Vale,Free,,Grant Ward,England
Matt Phillips,Unattached,Stevenage,Free,13 February 2026,England
Zain Silcott-Duberry,Unattached,Sheffield Wednesday,Free,26 February 2026,England
Trent Koné-Doherty,Liverpool,Molde,Free,27 February 2026,England
Norwich City,Toronto FC,£15.5m,,Josh Sargent,England
Angus MacDonald,Unattached,Barrow,Free,5 March 2026,England
Kaiyne Woolery,Unattached,Tranmere Rovers,Free,20 March 2026,England
Ryan Watson,Unattached,Tranmere Rovers,Free,26 March 2026,England
Nathan Redmond,Unattached,Blackburn Rovers,Free,27 March 2026,England
Vito Mannone,Unattached,Crawley Town,Free,10 June 2026,England
Dipo Akinyemi,Derry City,York City,Undisclosed,15 June 2026,England
Ajax,Ipswich Town,Undisclosed,,Chuba Akpom,England
Yverdon-Sport,Blackburn Rovers,Undisclosed,,Moussa Baradji,England
Walsall,Wigan Athletic,Undisclosed,,Connor Barrett,England
Burton Albion,Bradford City,Undisclosed,,Jake Beesley,England
LASK,Aston Villa,£4m,,Modou Kéba Cissé,England
Olympiacos,Brighton & Hove Albion,£11m,,Costinha,England
Barrow,Shrewsbury Town,Undisclosed,,Isaac Fletcher,England
Barnet,Stockport County,Undisclosed,,Ryan Glover,England
Reims,Newcastle United,£18.5m,,Ewen Jaouen,England
Reims,Ipswich Town,Undisclosed,,Cédric Kipré,England
Mallorca,Southampton,Undisclosed,,Cyle Larin,England
Norwich City,Southampton,Undisclosed,,George Long,England
Benfica,Burnley,£20.8m,,Florentino Luís,England
Notts County,Oldham Athletic,Undisclosed,,Ollie Norburn,England
Boston United,York City,Undisclosed,,Frankie Maguire,England
Bayern Munich,Southampton,Undisclosed,,Daniel Peretz,England
Bradford City,Wigan Athletic,Undisclosed,,Max Power,England
Brighton & Hove Albion,Middlesbrough,Undisclosed,,Jeremy Sarmiento,England
Red Bull Salzburg,Brentford,£12m,,Jannik Schuster,England
Barnet,Cambridge United,Undisclosed,,Callum Stead,England
Copenhagen,Cardiff City,£1.5m,,Nathan Trott,England
Kilmarnock,Bolton Wanderers,Undisclosed,,David Watson,England
AIK,Brighton & Hove Albion,£21.5m,,Zadok Yohanna,England
Jenson Metcalfe,Bradford City,Millwall,Undisclosed,16 June 2026,England
Edon Pruti,Sutton United,Grimsby Town,Undisclosed,17 June 2026,England
Falkirk,West Bromwich Albion,Undisclosed,,Barney Stewart,England
Harrison Jones,Sunderland,Peterborough United,Undisclosed,18 June 2026,England
Barrow,Cheltenham Town,Undisclosed,,Charlie McCann,England
Chelsea,West Bromwich Albion,£4m,,Jimmy-Jay Morgan,England
Osasuna,Liverpool,£34.5m,,Víctor Muñoz,England
Hemel Hempstead Town,Barnet,Undisclosed,,Isiah Noel-Williams,England
Brighton & Hove Albion,Tottenham Hotspur,£52m,,Jan Paul van Hecke,England
Jack Maskell,Darlington,Barnet,Undisclosed,19 June 2026,England
Barnsley,Bradford City,Undisclosed,,Adam Phillips,England
Swansea City,Sheffield Wednesday,Undisclosed,,Ricardo Santos,England
Barnsley,Port Vale,Undisclosed,,Jackson Smith,England
Sam Field,Queens Park Rangers,Norwich City,Undisclosed,20 June 2026,England
NAC Breda,Queens Park Rangers,Undisclosed,,Boy Kemper,England
Deportivo La Guaira,West Ham United,Undisclosed,,Keiber Lamadrid,England
Bobby Clark,Red Bull Salzburg,Derby County,£6m,22 June 2026,England
Sutton United,Chesterfield,Undisclosed,,Junior Eccleston,England
Yahya Bamba,Forest Green Rovers,Newport County,Undisclosed,23 June 2026,England
Colchester United,Reading,Undisclosed,,Kyreece Lisbie,England
Southport,Accrington Stanley,Undisclosed,,Tom Moore,England
Chelmsford City,West Ham United,Free,,Jett Murphy,England
Port Vale,Cheltenham Town,Undisclosed,,Jordan Shipley,England
FC St. Pauli,Leyton Orient,Undisclosed,,Fin Stevens,England
Armando Dobra,Chesterfield,Leyton Orient,Undisclosed,24 June 2026,England
Oxford United,West Bromwich Albion,Undisclosed,,Matt Ingram,England
Collin Andeng Ndi,Southend United,Peterborough United,Undisclosed,25 June 2026,England
Sheffield United,Norwich City,Undisclosed,,Andre Brooks,England
Pogoń Szczecin,Bristol City,Undisclosed,,Sam Greenwood,England
Bayer Leverkusen,Arsenal,£34.5m,,Piero Hincapié,England
Wigan Athletic,Bristol City,Undisclosed,,Sam Tickle,England
Zak Johnson,Sunderland,York City,Undisclosed,26 June 2026,England
Newport County,Bristol Rovers,Undisclosed,,Bobby Kamwa,England
Leyton Orient,Wigan Athletic,Undisclosed,,Sonny Perkins,England
Volendam,Bristol City,Undisclosed,,Gibson Yah,England
Jonah Kusi-Asare,Bayern Munich,Fulham,Undisclosed,27 June 2026,England
La Louvière,Sheffield Wednesday,Undisclosed,,Jordi Liongola,England
Stoke City,Notts County,Undisclosed,,Darius Lipsiuc,England
St Johnstone,Walsall,Undisclosed,,Sven Sprangler,England
Rasmus Højlund,Manchester United,Napoli,£38m,29 June 2026,England
Aston Villa,Roma,£21.6m,,Donyell Malen,England
Ipswich Town,Sassuolo,Undisclosed,,Arijanet Muric,England
Brentford,Coventry City,Undisclosed,,Frank Onyeka,England
Bradford City,Burton Albion,Undisclosed,,Curtis Tilt,England
Sinclair Armstrong,Bristol City,Göztepe,Undisclosed,30 June 2026,England
Brentford,Huddersfield Town,Undisclosed,,Ethan Brierley,England
Hull City,Rangers,£6m,,Ivor Pandur,England
Burton Albion,Reading,Undisclosed,,Udoka Godwin-Malife,England
Heracles,Charlton Athletic,Undisclosed,,Ivan Mesík,England
Tamworth,Accrington Stanley,Undisclosed,,Stefan Mols,England
Hull City,Panathinaikos,£2.5m,,Aidon Shehu,England
Leeds United,Brighton & Hove Albion,£20m,,Pascal Struijk,England
Will Aimson,Wigan Athletic,Salford City,Free,1 July 2026,England
Exeter City,Bristol Rovers,Free,,Jack Aitchison,England
Brighton & Hove Albion,Gillingham,Free,,Zane Albarus,England
Barrow,Accrington Stanley,Free,,Joe Anderson,England
Exeter City,Fleetwood Town,Free,,Danny Andrew,England
Gillingham,Grimsby Town,Free,,Josh Andrews,England
Tottenham Hotspur,Crawley Town,Free,,Pele Arganese-McDermott,England
Stevenage,Barnet,Free,,Taye Ashby-Hammond,England
Ipswich Town,Doncaster Rovers,Free,,Leon Ayinde,England
Stockport County,Portsmouth,Free,,Odin Bailey,England
Stoke City,Bursaspor,Free,,Lewis Baker,England
Motherwell,Bristol Rovers,Free,,Kofi Balmer,England
Aston Villa,Benfica,£10.4m,,Enzo Barrenechea,England
Shrewsbury Town,Newport County,Free,,Harrison Biggins,England
Cambridge United,Gillingham,Free,,James Brophy,England
Bradford City,Doncaster Rovers,Free,,Neill Byrne,England
Dunfermline Athletic,Wigan Athletic,Undisclosed,,Jeremiah Chilokoa-Mullen,England
Port Vale,Swindon Town,Free,,Mitch Clark,England
Stockport County,Bradford City,Free,,Callum Connolly,England
Crewe Alexandra,Walsall,Free,,James Connolly,England
Walsall,Barnet,Free,,Brandon Comley,England
Bradford City,Grimsby Town,Free,,Andy Cook,England
Tottenham Hotspur,Port Vale,Free,,Matthew Craig,England
Chelsea,Real Madrid,£47.5m,,Marc Cucurella,England
Barnsley,Walsall,Free,,Andrew Dallas,England
Rangers,Bolton Wanderers,Free,,Ben Davies,England
Tranmere Rovers,Shrewsbury Town,Free,,Josh Davison,England
Bolton Wanderers,Port Vale,Free,,Kyle Dempsey,England
Forest Green Rovers,Newport County,Free,,Christian Doidge,England
Chesterfield,Northampton Town,Free,,Janoi Donacien,England
Portsmouth,D.C. United,Free,,Andre Dozzell,England
Burnley,Tottenham Hotspur,Free,,Martin Dúbravka,England
Harrogate Town,Crawley Town,Free,,Stephen Duke-McKenna,England
Morecambe,Exeter City,Free,,Gwion Edwards,England
Colchester United,Peterborough United,Free,,Owura Edwards,England
Derby County,Lincoln City,Free,,Callum Elder,England
Leicester City,VfB Stuttgart,Undisclosed,,Bilal El Khannouss,England
Strasbourg,Chelsea,£22m,,Emmanuel Emegha,England
Hull City,Bolton Wanderers,Undisclosed,,Akin Famewo,England
Crystal Palace,Barnet,Free,,Craig Farquhar,England
Walsall,Crawley Town,Free,,Priestley Farquharson,England
Blackpool,Huddersfield Town,Free,,Ashley Fletcher,England
Southend United,Oldham Athletic,Free,,Keenan Forson,England
Kidderminster Harriers,Grimsby Town,Free,,Joe Foulkes,England
Swansea City,Stoke City,£10m,,Ethan Galbraith,England
Cambridge United,Notts County,Free,,James Gibbons,England
Doncaster Rovers,Crewe Alexandra,Free,,Jordan Gibson,England
Charlton Athletic,Bradford City,Undisclosed,,Macaulay Gillesphey,England
Stevenage,Milton Keynes Dons,Free,,Charlie Goode,England
Oxford United,Gillingham,Free,,Will Goodwin,England
Newcastle United,Barcelona,£69.3m,,Anthony Gordon,England
Walsall,Exeter City,Free,,Josh Gordon,England
Rochdale,Stockport County,Free,,Kyron Gordon,England
Motherwell,Gillingham,Free,,Liam Gordon,England
Millwall,Plymouth Argyle,Free,,Wes Harding,England
Burton Albion,Plymouth Argyle,Free,,Alex Hartridge,England
Plymouth Argyle,Wycombe Wanderers,Free,,Conor Hazard,England
Everton,Cambridge United,Free,,Isaac Heath,England
West Ham United,Sparta Prague,Free,,Krisztián Hegyi,England
Arsenal,Werder Bremen,Free,,Karl Hein,England
Chesterfield,Harrogate Town,Free,,Bailey Hobson,England
Blackpool,Doncaster Rovers,Free,,James Husband,England
Sheffield Wednesday,Stoke City,Undisclosed,,Svante Ingelsson,England
Rennes,Liverpool,£55m,,Jérémy Jacquet,England
Leyton Orient,Bristol Rovers,Free,,Tom James,England
Fulham,Wolverhampton Wanderers,Free,,Raúl Jiménez,England
Bolton Wanderers,Luton Town,Free,,George Johnston,England
Cheltenham Town,Shrewsbury Town,Free,,Arkell Jude-Boyd,England
Sheffield Wednesday,Wisła Płock,Undisclosed,,Olaf Kobacki,England
Liverpool,Real Madrid,Free,,Ibrahima Konaté,England
Dundee,Charlton Athletic,Undisclosed,,Billy Koumetio,England
Bradford City,Bristol Rovers,Free,,Ciarán Kelly,England
Heart of Midlothian,Oxford United,Free,,Frankie Kent,England
Bromley,Salford City,Free,,Sam Long,England
Exeter City,Stevenage,Free,,Josh Magennis,England
Doncaster Rovers,Northampton Town,Free,,James Maxwell,England
Newcastle United,York City,Free,,Charlie McArthur,England
Dundee,Bradford City,Free,,Jon McCracken,England
Grimsby Town,Chesterfield,Free,,George McEachran,England
Northampton Town,Barnsley,Free,,Cameron McGeehan,England
Barnsley,Mansfield Town,Free,,David McGoldrick,England
Fleetwood Town,York City,Free,,Zech Medley,England
Burton Albion,Port Vale,Free,,Jasper Moon,England
Oxford United,Swindon Town,Free,,Stephan Negru,England
Sunderland,Rangers,Free,,Dan Neil,England
Luton Town,AFC Wimbledon,Free,,Zack Nelson,England
Gillingham,Oldham Athletic,Free,,Elliott Nevitt,England
Huddersfield Town,Preston North End,Undisclosed,,Lee Nicholls,England
Exeter City,Blackpool,Free,,Ilmari Niskanen,England
Tranmere Rovers,Newport County,Free,,Cameron Norman,England
Wycombe Wanderers,Salford City,Free,,Will Norris,England
Barnsley,Stockport County,Free,,Eoghan O'Connell,England
Everton,Doncaster Rovers,Free,,Francis Okoronkwo,England
Atalanta,Chelsea,£43m,,Marco Palestra,England
Birmingham City,Shrewsbury Town,Free,,Byron Pendleton,England
Rotherham United,Salford City,Free,,Joe Powell,England
Cambridge United,Bristol Rovers,Free,,Ben Purrington,England
Rotherham United,Colchester United,Free,,Sean Raggett,England
Colchester United,York City,Free,,Arthur Read,England
Scunthorpe United,Notts County,Free,,Callum Roberts,England
Liverpool,Tottenham Hotspur,Free,,Andy Robertson,England
Chelsea,Ipswich Town,Undisclosed,,Frankie Runham,England
Sunderland,Karpaty Lviv,"£600,000",,Nazariy Rusyn,England
Crewe Alexandra,Notts County,Free,,Max Sanders,England
Fulham,Stevenage,Free,,Olly Sanderson,England
Blackpool,Newport County,Free,,Dan Sassi,England
Tranmere Rovers,Northampton Town,Free,,Harvey Saunders,England
Bristol Rovers,Tranmere Rovers,Free,,Joel Senior,England
Wigan Athletic,AFC Wimbledon,Free,,Steven Sessegnon,England
Tranmere Rovers,Bristol Rovers,Free,,Richard Smallwood,England
Bournemouth,Tottenham Hotspur,Free,,Marcos Senesi,England
Barnet,York City,Free,,Mark Shelton,England
Manchester City,Real Madrid,Free,,Bernardo Silva,England
Sutton United,Walsall,Free,,Lewis Simper,England
Brighton & Hove Albion,Tranmere Rovers,Free,,Jacob Slater,England
Motherwell,Sheffield Wednesday,Free,,Callum Slattery,England
Girona,Birmingham City,Undisclosed,,Jhon Solís,England
Braga,Stoke City,Undisclosed,,Djibril Soumaré,England
Norwich City,Leyton Orient,Free,,Tony Springett,England
Exeter City,Cheltenham Town,Free,,Pierce Sweeney,England
Wolverhampton Wanderers,Plymouth Argyle,Free,,James Storer,England
Stevenage,AFC Wimbledon,Free,,Dan Sweeney,England
Burton Albion,Rotherham United,Free,,Fábio Tavares,England
Charlton Athletic,Stevenage,Free,,Terry Taylor,England
Swansea City,Fleetwood Town,Free,,Josh Thomas,England
Milton Keynes Dons,Cheltenham Town,Free,,Joe Tomlinson,England
Newcastle United,Wolverhampton Wanderers,Free,,Kieran Trippier,England
Tottenham Hotspur,Bahia,Undisclosed,,Alejo Véliz,England
Fleetwood Town,Swindon Town,Free,,Matty Virtue,England
Sirius,Swansea City,Undisclosed,,Leo Walta,England
Walsall,Peterborough United,Free,,Evan Weir,England
Stevenage,Plymouth Argyle,Free,,Harvey White,England
Crewe Alexandra,Barnet,Free,,Zac Williams,England
Red Bull Salzburg,Swansea City,Undisclosed,,Moussa Yeo,England
Jacob Brown,Luton Town,Reading,Free,2 July 2026,England
Rangers,Hull City,Undisclosed,,Jack Butland,England
West Ham United,Tottenham Hotspur,£85m,,Mateus Fernandes,England
Dundee,Stoke City,Undisclosed,,Luke Graham,England
Middlesbrough,Everton,£16m,,Hayden Hackney,England
Peterborough United,Rochdale,Undisclosed,,Cian Hayes,England
Oldham Athletic,Colchester United,Free,,Jake Leake,England
Peterborough United,Salford City,Undisclosed,,Abraham Odoh,England
Brackley Town,Shrewsbury Town,Free,,Jack Price,England
Leyton Orient,Chesterfield,Free,,Jack Simpson,England
Manchester City,Barnsley,Undisclosed,,Isaac Smith,England
Liverpool,Bolton Wanderers,Undisclosed,,Luca Stephenson,England
Venezia,Brighton & Hove Albion,£4.3m,,Michael Svoboda,England
Aston Villa,Sheffield Wednesday,Undisclosed,,Sil Swinkels,England
Milton Keynes Dons,Fleetwood Town,Undisclosed,,Kane Thompson-Sommers,England
Chelsea,Brentford,Undisclosed,,Joseph Wheeler-Henry,England
Nathan Aké,Manchester City,Fenerbahçe,£7m,3 July 2026,England
Bromley,Crawley Town,Free,,Jude Arthurs,England
AFC Wimbledon,Cambridge United,Free,,Patrick Bauer,England
Watford,Leyton Orient,Undisclosed,,Nathan Baxter,England
Luton Town,Milton Keynes Dons,Free,,Cohen Bramall,England
Excelsior,Huddersfield Town,Free,,Ilias Bronkhorst,England
Leicester City,Bradford City,Undisclosed,,Henry Cartwright,England
Queens Park Rangers,Wycombe Wanderers,Free,,Steve Cook,England
Middlesbrough,Birmingham City,Free,,Dael Fry,England
West Bromwich Albion,Wigan Athletic,Undisclosed,,Akeel Higgins,England
Millwall,Salford City,Undisclosed,,Macaulay Langstaff,England
Charlton Athletic,Gillingham,Free,,Lennon MacLorg,England
Oxford United,Middlesbrough,Free,,Myles Peart-Harris,England
West Bromwich Albion,Bristol City,Free,,Jed Wallace,England
Azeem Abdulai,Leyton Orient,Hibernian,Undisclosed,4 July 2026,England
Middlesbrough,Milton Keynes Dons,Free,,Daniel Barlaser,England
Notts County,Burton Albion,Undisclosed,,Matthew Dennis,England
Hull City,Luton Town,Undisclosed,,Kasey Palmer,England
Lincoln City,Kilmarnock,Undisclosed,,Erik Ring,England
Manchester City,1. FC Köln,Undisclosed,,Jahmai Simpson-Pusey,England
FC Halifax Town,Shrewsbury Town,Free,,Jay Turner-Cooke,England
Christy Grogan,Stockport County,Derry City,Undisclosed,5 July 2026,England
Sunderland,Rennes,£22m,,Eliezer Mayenda,England
Chelsea,Horsens,Free,,Jimi Tauriainen,England
TSG Hoffenheim,Newcastle United,£42m,,Bazoumana Touré,England
Giorgi Chakvetadze,Watford,Udinese,Undisclosed,6 July 2026,England
Chelsea,Everton,£18m,,Tyrique George,England
Wolverhampton Wanderers,Chesterfield,Undisclosed,,Alfie Pond,England
SC Freiburg,Everton,£17.3m,,Merlin Röhl,England
KV Mechelen,Millwall,Undisclosed,,Mathis Servais,England
Newcastle United,Tottenham Hotspur,£92.5m,,Sandro Tonali,England
Jaidon Anthony,Burnley,Brentford,£15m,7 July 2026,England
Tottenham Hotspur,Preston North End,Undisclosed,,Alfie Devine,England
Dundee,Colchester United,Free,,Paul Digby,England
Dundalk,Portsmouth,Undisclosed,,Eoin Kenny,England
Burton Albion,Helsingborgs,Undisclosed,,Julian Larsson,England
Milton Keynes Dons,Rotherham United,Free,,Aaron Nemane,England
Emile Acquah,Dundee,Notts County,Undisclosed,8 July 2026,England
Ross County,Oldham Athletic,Undisclosed,,Noah Chilvers,England
Toulouse,Ipswich Town,Undisclosed,,Emersonn,England
Northampton Town,Aberdeen,Free,,Nesta Guinness-Walker,England
Nottingham Forest,San Jose Earthquakes,Free,,Angus Gunn,England
South Shields,Rochdale,Undisclosed,,Will Jenkins,England
Sporting CP,Chelsea,£40m,,Geovany Quenda,England
Fulham,Leeds United,Free,,Harry Wilson,England
Barry Bannan,Millwall,Sheffield Wednesday,Undisclosed,9 July 2026,England
Bristol Rovers,Bromley,Undisclosed,,Kamil Conteh,England
Milton Keynes Dons,Rochdale,Free,,Laurence Maguire,England
Leeds United,Arsenal,Free,,Illan Meslier,England
Celta Vigo,Crystal Palace,Free,,Óscar Mingueza,England
Hapoel Jerusalem,Chesterfield,Free,,Ruel Sotiriou,England
Ajax,Newcastle United,£23m,,Sean Steur,England
Salford City,Accrington Stanley,Free,,Cole Stockton,England
Bristol City,Millwall,Free,,Mark Sykes,England
Motherwell,Queens Park Rangers,Undisclosed,,Calum Ward,England
West Ham United,Brentford,Free,,Callum Wilson,England
Ossama Ashley,Salford City,Rotherham United,Free,10 July 2026,England
Sheffield Wednesday,Manchester City,Undisclosed,,Pierce Charles,England
Maccabi Haifa,Bristol City,Undisclosed,,Lisav Eissat,England
Wycombe Wanderers,Bromley,Free,,Shamal George,England
Queens Park Rangers,Leyton Orient,Free,,Isaac Hayden,England
Harrogate Town,Bromley,Undisclosed,,Chanse Headman,England
Walsall,Rotherham United,Free,,Jamie Jellis,England
Hull City,Middlesbrough,Undisclosed,,Kyle Joseph,England
Peterborough United,Bromley,Free,,Jacob Mendy,England
Oxford United,Jagiellonia Białystok,Undisclosed,,Nik Prelec,England
Bristol Rovers,Walsall,Undisclosed,,Jed Ward,England
Luton Town,Wycombe Wanderers,Undisclosed,,Cauley Woodrow,England
Bradley Collins,Coventry City,Bristol City,Free,11 July 2026,England
Bristol Rovers,Melbourne Victory,Free,,Tom Lockyer,England
Bristol City,Sheffield Wednesday,Free,,Joe Lumley,England
Leicester City,Manchester City,£10m,,Jeremy Monga,England
Standard Liège,Wolverhampton Wanderers,Undisclosed,,Rafiki Saïd,England
Burnley,Coventry City,Undisclosed,,Loum Tchaouna,England
Wealdstone,Bromley,Undisclosed,,Deon Woodman,England
Lluc Castell,Espanyol,Burnley,Undisclosed,12 July 2026,England
Victor Adeboyejo,Mansfield Town,Bromley,Free,13 July 2026,England
Burton Albion,Emmen,Undisclosed,,Jack Cooper-Love,England
Swindon Town,Oldham Athletic,Free,,Ryan Delaney,England
Chelsea,Manchester United,£48m,,Andrey Santos,England
Fredrikstad,Portsmouth,Undisclosed,,Rocco Robert Shein,England
Preston North End,Mansfield Town,Free,,Michael Smith,England
Cardiff City,Milton Keynes Dons,Free,,Ryan Wintle,England
Elliot Bonds,Fleetwood Town,Salford City,Undisclosed,14 July 2026,England
Wrexham,Fleetwood Town,Free,,Andy Cannon,England
Queens Park Rangers,Plymouth Argyle,Undisclosed,,Murphy Cooper,England
Leeds United,Manchester United,Free,,Karl Darlow,England
Telstar,Barnsley,Undisclosed,,Tyrese Noslin,England
Elche,Bournemouth,£25.7m,,Álvaro Rodríguez,England
West Bromwich Albion,St Mirren,Undisclosed,,Eseosa Sule,England
Southampton,Derby County,Free,,Charlie Taylor,England
Aston Villa,Manchester United,£35m,,Youri Tielemans,England
Wycombe Wanderers,AFC Wimbledon,Undisclosed,,James Tilley,England
Tottenham Hotspur,Brighton & Hove Albion,£46m,,Luka Vušković,England
Elkan Baggott,Ipswich Town,Millwall,Undisclosed,15 July 2026,England
Aston Villa,Southampton,£9m,,Lewis Dobbin,England
Lille,Sunderland,Free,,Thomas Meunier,England
Leicester City,Barnsley,Undisclosed,,Amani Richards,England
Leicester City,Wycombe Wanderers,Free,,Silko Thomas,England
Arsenal,Beşiktaş,£15.3m,,Leandro Trossard,England
Leicester City,Cagliari,Undisclosed,,Harry Winks,England
Aurèle Amenda,Eintracht Frankfurt,Coventry City,£17m,16 July 2026,England
Ipswich Town,Leicester City,Free,,Conor Chaplin,England
Brighton & Hove Albion,Paris FC,Undisclosed,,Diego Coppola,England
Luton Town,Auxerre,Undisclosed,,Christ Makosso,England
Southampton,Leicester City,Free,,Alex McCarthy,England
Aston Villa,Vitória,Undisclosed,,Yeimar Mosquera,England
Sunderland,Le Havre,Undisclosed,,Timothée Pembélé,England
Leeds United,Young Boys,Undisclosed,,Isaac Schmidt,England
Udinese,Watford,Undisclosed,,Omar Haktab Traoré,England
Rochdale,Accrington Stanley,Free,,David Tutonda,England
Barnsley,Port Vale,Free,,Max Watters,England
Newcastle United,Crewe Alexandra,Free,,Joe White,England
Shelbourne,Stockport County,Undisclosed,,Harry Wood,England
Danny Anisjko,Nottingham Forest,Chesterfield,Free,17 July 2026,England
Newport County,Notts County,Undisclosed,,Matt Baker,England
Queens Park Rangers,Basel,Undisclosed,,Žan Celar,England
Burnley,RB Leipzig,£27.3m,,Maxime Estève,England
Manchester City,1. FC Köln,£8m,,Reigan Heskey,England
Wigan Athletic,York City,Free,,Jack Hunt,England
Gillingham,Chesterfield,Free,,Remeao Hutton,England
SC Freiburg,Aston Villa,£52m,,Johan Manzambi,England
Rotherham United,Cheltenham Town,Free,,Shaun McWilliams,England
Sassuolo,Leeds United,£34.1m,,Tarik Muharemović,England
Shrewsbury Town,Exeter City,Free,,Taylor Perry,England
Aston Villa,Inverness Caledonian Thistle,Free,,Kerr Smith,England
Buxton,Walsall,Undisclosed,,Tai Sodje,England
Birmingham City,Philadelphia Union,Undisclosed,,Kai Wagner,England
Gbemi Arubi,Dundalk,Burton Albion,Undisclosed,18 July 2026,England
Karlan Grant,West Bromwich Albion,Charlton Athletic,Free,19 July 2026,England
Millwall,Sheffield Wednesday,Free,,Billy Mitchell,England
Matt Doherty,Wolverhampton Wanderers,Sheffield United,Free,20 July 2026,England
Wolverhampton Wanderers,Aston Villa,£38m,,João Gomes,England
Bristol Rovers,Doncaster Rovers,Undisclosed,,Isaac Hutchinson,England
Tottenham Hotspur,Manchester United,£8m,,Tynan Thompson,England
Plymouth Argyle,Bristol City,Undisclosed,,Lorent Tolaj,England
Karoy Anderson,Charlton Athletic,Blackpool,Undisclosed,21 July 2026,England
Fleetwood Town,Tranmere Rovers,Free,,Jordan Davies,England
Leicester City,Ipswich Town,£20m,,Abdul Fatawu,England
Birmingham City,LA Galaxy,Undisclosed,,Kyōgo Furuhashi,England
Fiorentina,Queens Park Rangers,Free,,Tariq Lamptey,England
Unattached,Walsall,Free,,Ryan Leak,England
Stockport County,Leyton Orient,Undisclosed,,Joseph Olowu,England
Aston Villa,Chelsea,£117m,,Morgan Rogers,England
Excelsior,Huddersfield Town,Undisclosed,,Derensili Sanches Fernandes,England
Brentford,Wigan Athletic,Free,,Ryan Trevitt,England
Volendam,Ipswich Town,Undisclosed,,Kayne van Oevelen,England
Manchester City,Northampton Town,Undisclosed,,Matty Warhurst,England
Maribor,Hull City,Undisclosed,,Óscar Zambrano,England
Filip Bilbija,SC Paderborn,Derby County,Free,22 July 2026,England
Manchester United,Inter Miami,Free,,Casemiro,England
Watford,Aris Thessaloniki,Undisclosed,,Tom Dele-Bashiru,England
Fulham,Ipswich Town,Undisclosed,,Issa Diop,England
Motherwell,Swansea City,Undisclosed,,Elijah Just,England
Tottenham Hotspur,Middlesbrough,£10m,,Will Lankshear,England
Milton Keynes Dons,Northampton Town,Free,,Connor Lemonheigh-Evans,England
Elliot Anderson,Nottingham Forest,Manchester City,£116m,23 July 2026,England
Wigan Athletic,Chelsea,Undisclosed,,Harrison Bettoni,England
Casa Pia,Bolton Wanderers,Free,,Gaizka Larrazabal,England
Millwall,Charlton Athletic,Free,,Danny McNamara,England
Almería,Portsmouth,£3m,,Marko Milovanović,England
Charlton Athletic,Plymouth Argyle,Undisclosed,,Alex Mitchell,England
RB Leipzig,Nottingham Forest,Free,,Xaver Schlager,England
Newcastle United,Hull City,Free,,Matt Targett,England
Club Brugge,Arsenal,£34m,,Christos Tzolis,England
Aladji Bamba,Monaco,Newcastle United,£34m,24 July 2026,England
NAC Breda,Portsmouth,Undisclosed,,Daniel Bielica,England
Unattached,Crawley Town,Free,,Malcolm Ebiowei,England
Harrogate Town,Notts County,Undisclosed,,Jack Evans,England
Glacis United,Crawley Town,Free,,Klaudio Krasniqi,England
Wolverhampton Wanderers,Maccabi Haifa,Undisclosed,,Nigel Lonwijk,England
Sporting CP,Hull City,Free,,Hidemasa Morita,England
Rotherham United,Milton Keynes Dons,Undisclosed,,Sam Nombe,England
West Ham United,Al Hilal,£55m,,Crysencio Summerville,England
Ipswich Town,West Bromwich Albion,Free,,Conor Townsend,England
Harrogate Town,Rochdale,Free,,Sam Waller,England
Andrei Coubiș,Universitatea Cluj,Lincoln City,Undisclosed,25 July 2026,England
Crystal Palace,Crawley Town,Free,,Jackson Izquierdo,England
Celtic,Ipswich Town,£10m,,Daizen Maeda,England
Burton Albion,Stevenage,Undisclosed,,Terence Vancooten,England
Millenic Alli,Luton Town,Charlton Athletic,Undisclosed,26 July 2026,England
Leeds United,New England Revolution,Undisclosed,,Jack Harrison,England
Peterborough United,Millwall,Undisclosed,,Kyrell Lisbie,England
Fraser Bryden,Crusaders,Chesterfield,Undisclosed,27 July 2026,England
Charlton Athletic,Novi Pazar,Undisclosed,,Kaheim Dixon,England
Watford,Tranmere Rovers,Free,,Tom Ince,England
Burnley,Tranmere Rovers,Free,,Jack McEvilly,England
Lincoln City,Bromley,Undisclosed,,JJ McKiernan,England
Derby County,Stockport County,Free,,Ben Osborn,England
Aldershot Town,Tranmere Rovers,Free,,Olly Scott,England
VPS,Notts County,Undisclosed,,Luka Smyth,England
Jake Batty,Swindon Town,Fleetwood Town,Free,28 July 2026,England
Wellington Phoenix,Portsmouth,Undisclosed,,Luke Brooke-Smith,England
Bray Wanderers,Grimsby Town,Undisclosed,,Cian Doyle,England
Rodez,West Bromwich Albion,Undisclosed,,Nolan Galves,England
York City,Tranmere Rovers,Free,,Harrison Male,England
Preston North End,Fleetwood Town,Free,,Noah Mawene,England
Doncaster Rover,Salford City,Undisclosed,,Luke Molyneux,England
Huddersfield Town,Crawley Town,Free,,Omari Mrisho,England
Lille,Burnley,Undisclosed,,Ugo Raghouber,England
Union Saint-Gilloise,Ipswich Town,Undisclosed,,Kjell Scherpen,England
Sheffield Wednesday,Rochdale,Free,,Zain Silcott-Duberry,England
Harrogate Town,Walsall,Undisclosed,,Reece Smith,England
Cheltenham Town,Doncaster Rovers,Free,,Jordan Thomas,England
Anderlecht,Birmingham City,Undisclosed,,Luis Vázquez,England
Sebastian Berhalter,Vancouver Whitecaps,Middlesbrough,Undisclosed,29 July 2026,England
Reading,AC Horsens,Undisclosed,,Kelvin Ehibhatiomhan,England
Shrewsbury Town,Gillingham,Free,,Nick Freeman,England
Crystal Palace,Wrexham,Undisclosed,,Danny Imray,England
Notts County,Casa Pia,Undisclosed,,Alassana Jatta,England
Burnley,Paris FC,Undisclosed,,Luca Koleosho,England
Wrexham,Rotherham United,Free,,Paul Mullin,England
Southampton,Gillingham,Free,,Samuel Tabares,England
Courtney Baker-Richardson,Newport County,Tranmere Rovers,Free,30 July 2026,England
Manchester United,Lausanne-Sport,Undisclosed,,Tyler Fredricson,England
Crystal Palace,Chelsea,£52m,,Maxence Lacroix,England
Palermo,Birmingham City,Undisclosed,,Kristoffer Lund,England
West Ham United,Luton Town,Undisclosed,,Callum Marshall,England
Manchester City,Inter Milan,Free,,John Stones,England
Milton Keynes Dons,Sheffield Wednesday,Free,,Connal Trueman,England
Luca Ashby-Hammond,Plymouth Argyle,Stockport County,Free,31 July 2026,England
Swansea City,Leicester City,Undisclosed,,Liam Cullen,England
Gillingham,Barnsley,Undisclosed,,Sam Gale,England
Dundee United,Sheffield Wednesday,Free,,Ashley Maynard-Brewer,England
Tranmere Rovers,Port Vale,Free,,Aaron McGowan,England
Dundee,Port Vale,Free,,Lewis Montsma,England
Bologna,Watford,Undisclosed,,Federico Ravaglia,England
Mamadou Sangaré,Lens,Brentford,Undisclosed,1 August 2026,England
Benfica,Bournemouth,£25.7m,,António Silva,England
Brighton & Hove Albion,Chelsea,£5m,,Danny Welbeck,England
Tariq Al-Sadi,Unattached,Leyton Orient,Free,2 August 2026,England
Strasbourg,Chelsea,£34m,,Valentín Barco,England
Derby County,Millwall,Free,,Danny Batth,England
Harry Boyes,Southend United,York City,Undisclosed,3 August 2026,England
Real Madrid,Fulham,£34m,,Gonzalo García,England
Brentford,Chelsea,Free,,Jordan Henderson,England
Braga,Newcastle United,£25.7m,,Lukáš Horníček,England
Brentford,Gillingham,Undisclosed,,Conor McManus,England
Real Madrid,Fulham,Undisclosed,,César Palacios,England
Oxford United,Tranmere Rovers,Undisclosed,,Will Vaulks,England
Ahmed Abdullahi,Sunderland,Eyüpspor,Undisclosed,4 August 2026,England
Columbus Crew,Middlesbrough,Undisclosed,,Max Arfsten,England
Leyton Orient,Bristol City,Undisclosed,,Dom Ballard,England
Harrogate Town,Oldham Athletic,Free,,Thomas Hill,England
Burnley,Ipswich Town,Undisclosed,,Florentino Luís,England
Dunfermline Athletic,Rotherham United,Free,,Kieran Ngwenya,England
West Ham United,Club Brugge,Undisclosed,,Freddie Potts,England
Brighton & Hove Albion,Coventry City,£22m,,Carl Rushworth,England
Stevenage,Port Vale,Free,,Tyreece Simpson,England
Wigan Athletic,Rochdale,Undisclosed,,Jonny Smith,England
Lorient,Norwich City,Free,,Darlin Yongwa,England
Ben Amos,Port Vale,Burnley,Free,5 August 2026,England
Bath City,Bristol Rovers,Free,,Charlie Binns,England
Portsmouth,Huddersfield Town,Undisclosed,,Ibane Bowat,England
Oxford United,Rotherham United,Free,,Tom Bradshaw,England
Brann,West Bromwich Albion,Undisclosed,,Felix Horn Myhre,England
St Mirren,Stockport County,Free,,Mikael Mandron,England
Lincoln City,Cardiff City,Undisclosed,,Jack Moylan,England
Arsenal,Everton,£7m,,Christian Nørgaard,England
Port Vale,AFC Wimbledon,Undisclosed,,Jayden Stockley,England
Derby County,Mansfield Town,Undisclosed,,Liam Thompson,England
Olympiacos,Hull City,£20m,,Konstantinos Tzolakis,England
Everton,Bradford City,Free,,Reece Welch,England
Preston North End,Wrexham,Undisclosed,,Benjamin Whiteman,England
Daniel Barden,Norwich City,Stevenage,Free,6 August 2026,England
Ipswich Town,Leicester City,Undisclosed,,Wes Burns,England
Charlton Athletic,Millwall,Free,,Lyndon Dykes,England
Bournemouth,Wigan Athletic,Undisclosed,,Archie Harris,England
Olympic Kingsway,Swindon Town,Free,,Kaelan Majekodunmi,England
West Bromwich Albion,Grazer AK,Undisclosed,,Souleyman Mandey,England
Liverpool,Trabzonspor,Free,,Mohamed Salah,England
Southampton,Swansea City,Free,,Ross Stewart,England
Manchester City,Leeds United,£45m,,James Trafford,England
Brighton & Hove Albion,West Ham United,Free,,Joël Veltman,England
Sonny Aljofree,Manchester United,Rotherham United,Free,7 August 2026,England
Northampton Town,Notts County,Undisclosed,,Dean Campbell,England
Sheffield Wednesday,Charlton Athletic,Free,,Nathaniel Chalobah,England
Bradford City,Northampton Town,Free,,Lee Evans,England
Mansfield Town,Plymouth Argyle,Undisclosed,,Will Evans,England
Tromsø,Hull City,Undisclosed,,Jens Hjertø-Dahl,England
Grimsby Town,Leyton Orient,Undisclosed,,Jaze Kabia,England
Everton,Sheffield Wednesday,Free,,Tyler Onyango,England
Nordsjælland,Coventry City,£23.1m,,Caleb Yirenkyi,England
Bruno Guimarães,Newcastle United,Arsenal,£75m,8 August 2026,England
Manchester United,Middlesbrough,Undisclosed,,Radek Vítek,England
Trevoh Chalobah,Chelsea,Como,£25.7m,9 August 2026,England
Aston Villa,Paris Saint-Germain,£8.5m,,Lucas Digne,England
Mjällby,Hull City,Undisclosed,,Elliot Stroud,England
Abu Kamara,Hull City,Portsmouth,Undisclosed,10 August 2026,England
Blackpool,Leicester City,Free,,Franco Ravizzoli,England
Tottenham Hotspur,West Ham United,£5m,,Manor Solomon,England
Sunderland,Wrexham,Undisclosed,,Anthony Patterson,England
Admir Bristrić,Olimpija Ljubljana,Leicester City,Undisclosed,11 August 2026,England
Southampton,Fulham,£26m,,Shea Charles,England
Sporting CP,Nottingham Forest,£34m,,Ousmane Diomande,England
Everton,Walsall,Free,,Roman Dixon,England
Crystal Palace,Everton,Undisclosed,,Brennan Johnson,England
Sheffield United,Coventry City,Undisclosed,,Gustavo Hamer,England
Everton,Crystal Palace,Undisclosed,,Dwight McNeil,England
Strasbourg,West Bromwich Albion,Undisclosed,,Rabby Nzingoula,England
Bristol Rovers,Blackpool,Undisclosed,,Luke Southwood,England
Leicester City,Stockport County,Undisclosed,,Tom Wilson-Brown,England
Gabriel Breeze,Carlisle United,Cambridge United,Undisclosed,12 August 2026,England
Wrexham,Bolton Wanderers,Undisclosed,,Lewis Brunt,England
Rayo Vallecano,Chelsea,£16.3m,,Pep Chavarría,England
Sunderland,Queens Park Rangers,Free,,Dennis Cirkin,England
Colorado Rapids,Hull City,Undisclosed,,Lucas Herrington,England
Rayo Vallecano,Hull City,Undisclosed,,Nobel Mendy,England
Marseille,Manchester City,£1.7m,,Gerónimo Rulli,England
Bradford City,Watford,Undisclosed,,Sam Walker,England
Archie Collins,Peterborough United,Huddersfield Town,Free,13 August 2026,England
Rotherham United,Bradford City,Free,,Cameron Dawson,England
Milton Keynes Dons,Peterborough United,Undisclosed,,Liam Kelly,England
Burnley,Peterborough United,Undisclosed,,Vernon Masara,England
Bournemouth,Getafe,Free,,Enes Ünal,England
Manchester United,Peterborough United,Undisclosed,,Ethan Williams,England
Baba Adeeko,Wigan Athletic,Rochdale,Undisclosed,14 August 2026,England
Bristol City,Birmingham City,Undisclosed,,Max Bird,England
Manchester City,Wigan Athletic,Free,,Finley Burns,England
Hull City,Konyaspor,Undisclosed,,Enis Destan,England
Basel,Preston North End,Undisclosed,,Léo Leroy,England
Mansfield Town,Bromley,Undisclosed,,Owen Mason,England
West Bromwich Albion,Derby County,Undisclosed,,Alex Mowatt,England
Preston North End,Portland Hearts of Pine,Free,,Felipe Rodríguez-Gentile,England
FC Kairat,Chelsea,£3.4m,,Dastan Satpayev,England
Derby County,Cheltenham Town,Free,,Andreas Weimann,England
Arne Engels,Celtic,West Ham United,£22m,15 August 2026,England
Leeds United,Hull City,Undisclosed,,Joe Gelhardt,England
Red Bull Salzburg,Hull City,Undisclosed,,Lucas Gourna-Douath,England
Union Saint-Gilloise,Crystal Palace,£21m,,Anan Khalaili,England
Watford,Sporting CP,Undisclosed,,Nestory Irankunda,England
Tottenham Hotspur,Middlesbrough,Undisclosed,,Ashley Phillips,England
Tottenham Hotspur,Atlético Madrid,£34.2m,,Cristian Romero,England
Tottenham Hotspur,Inter Milan,£25.6m,,Djed Spence,England
Tatsuki Seko,Stoke City,Urawa Red Diamonds,Undisclosed,16 August 2026,England
Taiwo Awoniyi,Nottingham Forest,Coventry City,£9m,17 August 2026,England
Strasbourg,Ipswich Town,Undisclosed,,Julio Enciso,England
Southampton,Northampton Town,Undisclosed,,Joe O'Brien-Whitmarsh,England
Reading,AFC Wimbledon,Free,,Andy Yiadom,England
Tobias Brenan,Wigan Athletic,Bromley,Undisclosed,18 August 2026,England
Benfica,Newcastle United,£30m,,Amar Dedić,England
Barnsley,Silkeborg,Undisclosed,,Maël de Gevigney,England
Manchester United,Stockport County,Undisclosed,,Ethan Ennis,England
Real Salt Lake,Crystal Palace,£11.1m,,Zavier Gozo,England
Burnley,Stevenage,Undisclosed,,Michael Mellon,England
Manchester City,Barcelona,£65m,,Rodri,England
West Ham United,Walsall,Free,,Tom Wooster,England
Harvey Araujo,Fulham,Burton Albion,Undisclosed,19 August 2026,England
Fenerbahçe,Coventry City,Undisclosed,,Sidiki Cherif,England
Brest,Burnley,Undisclosed,,Grégoire Coudert,England
West Ham United,Reading,Undisclosed,,George Earthy,England
Borussia Mönchengladbach,Leeds United,£8.5m,,Nico Elvedi,England
Heart of Midlothian,Chelsea,Free,,Alfie Osbourne,England
Manchester City,Al Qadsiah,£52m,,Tijjani Reijnders,England
Atlético Madrid,Aston Villa,£17m,,Matteo Ruggeri,England
Parma,Aston Villa,£30m,,Zion Suzuki,England
Anel Ahmedhodžić,Feyenoord,Burnley,Undisclosed,20 August 2026,England
Blackburn Rovers,Derby County,Free,,Ryan Hedges,England
Ipswich Town,Stoke City,Undisclosed,,George Hirst,England
Dan Bentley,Wolverhampton Wanderers,Coventry City,Undisclosed,21 August 2026,England
Liverpool,Inter Milan,£30m,,Curtis Jones,England
Aston Villa,Arsenal,£51m,,Ezri Konsa,England
Leicester City,Northampton Town,Undisclosed,,Nathan Opoku,England
Bolton Wanderers,Millwall,Free,,Jordi Osei-Tutu,England
Plymouth Argyle,Salford City,Undisclosed,,Brendan Wiredu,England
Gillingham,Newport County,Free,,Jake Turner,England
Jules Ahoka,Royal Antwerp,Sunderland,£8.6m,24 August 2026,England
Leeds United,Middlesbrough,Free,,Sam Byram,England
South Shields,Grimsby Town,Undisclosed,,Sonny Finch,England
Maribor,Walsall,Free,,James Furlong,England
Rotherham United,Sheffield Wednesday,Free,,Reece James,England
Elijah Adebayo,Luton Town,Bristol City,Free,25 August 2026,England
Brighton & Hove Albion,Manchester United,£65m,,Carlos Baleba,England
Chelsea,Reading,Undisclosed,,Jeremiah Berkeley-Agyepong,England
Bristol City,AFC Wimbledon,Free,,Harry Cornick,England
Young Boys,Brighton & Hove Albion,Undisclosed,,Jaouen Hadjam,England
Wolverhampton Wanderers,Sparta Prague,Undisclosed,,Ki-Jana Hoever,England
Chelsea,Strasbourg,£5.1m,,Omari Kellyman,England
Barnsley,Lechia Gdańsk,Undisclosed,,Kacper Łopata,England
Gillingham,Reading,Free,,Conor Masterson,England
Rochdale,Salford City,Free,,Tom Myles,England
Preston North End,Genoa,Undisclosed,,Milutin Osmajić,England
Manchester City,Tottenham Hotspur,£75m,,Sávio,England
Krystian Bielik,West Bromwich Albion,Cardiff City,Undisclosed,26 August 2026,England
Lille,Manchester City,£81.4m,,Ayyoub Bouaddi,England
Bournemouth,Milton Keynes Dons,Undisclosed,,Will Dennis,England
Barnsley,Blackpool,Undisclosed,,Josh Earl,England
Manchester City,Newcastle United,£52m,,Nico González,England
Inter Turku,Leicester City,Undisclosed,,Ilari Kangasniemi,England
Austin FC,Bolton Wanderers,£1.64m,,Jayden Nelson,England
AFC Fylde,Peterborough United,"£600,000",,Danny Ormerod,England
Brentford,Coventry City,£6m,,Ethan Pinnock,England
Josh Austerfield,Salford City,Rotherham United,Undisclosed,27 August 2026,England
Nice,Hull City,Undisclosed,,Mohamed-Ali Cho,England
Chelsea,Nottingham Forest,£45m,,Liam Delap,England
Porto,Swansea City,£3.4m,,Stephen Eustáquio,England
Bayern Munich,Aston Villa,Free,,Leon Goretzka,England
Harrogate Town,Cambridge United,Undisclosed,,Cathal Heffernan,England
Manchester City,Wrexham,Undisclosed,,Issa Kaboré,England
Oxford United,Preston North End,Undisclosed,,Stanley Mills,England
Casa Pia,Portsmouth,Undisclosed,,Iyad Mohamed,England
Bayer Leverkusen,Ipswich Town,Undisclosed,,Exequiel Palacios,England
Luton Town,Bromley,Undisclosed,,George Saville,England
Augsburg,Southampton,Undisclosed,,Keven Schlotterbeck,England
Levante,West Bromwich Albion,Undisclosed,,Kareem Tunde,England
Sporting CP,Wolverhampton Wanderers,Undisclosed,,João Virgínia,England
Gavin Bazunu,Southampton,Bolton Wanderers,Undisclosed,28 August 2026,England
West Ham United,Brentford,£35m,,El Hadji Malick Diouf,England
Gent,Bolton Wanderers,Undisclosed,,Atsuki Itō,England
Chelsea,Aston Villa,£47.5m,,Nicolas Jackson,England
Cambridge United,Stockport County,Undisclosed,,Mamadou Jobe,England
Watford,Panathinaikos,£7m,,Imrân Louza,England
Torquay United,Crawley Town,Undisclosed,,Dylan Morgan,England
Kilmarnock,Swindon Town,Undisclosed,,Jack Thomson,England
West Ham United,Southampton,£1m,,James Ward-Prowse,England
Coniah Boyce-Clarke,Aldershot Town,Tranmere Rovers,Free,29 August 2026,England
Eintracht Frankfurt,Leeds United,Undisclosed,,Michael Zetterer,England
Toby Collyer,Manchester United,West Bromwich Albion,Undisclosed,30 August 2026,England
Wolverhampton Wanderers,LASK,Undisclosed,,Saša Kalajdžić,England
Middlesbrough,Al-Ettifaq,Undisclosed,,Abdoulaye Kanté,England
Västerås,Lincoln City,Undisclosed,,Mikkel Ladefoged,England
AFC Wimbledon,Burton Albion,Free,,Joe Lewis,England
Aston Villa,Chelsea,£7.5m,,Emiliano Martínez,England
Deportivo Cali,Brighton & Hove Albion,£3.5m,,Matías Orozco,England
Annecy,Barnsley,Undisclosed,,Ben Hamed Touré,England
Aston Villa,Al Hilal,£51m,,Ollie Watkins,England
Allan,Palmeiras,Manchester City,£32m,31 August 2026,England
Viking,West Ham United,Undisclosed,,Edvin Austbø,England
Liverpool,Celta Vigo,Undisclosed,,Stefan Bajcetic,England
Paris Saint-Germain,Liverpool,£106m,,Bradley Barcola,England
Chelsea,Servette,£2.5m,,David Datro Fofana,England
Crystal Palace,Nottingham Forest,£22m,,Daniel Muñoz,England
Hajduk Split,Middlesbrough,£4.3m,,Rokas Pukštas,England
Exeter City,Wycombe Wanderers,Undisclosed,,Jayden Wareham,England
Tosin Adarabioyo,Chelsea,Tottenham Hotspur,£10m,1 September 2026,England
Elche,Fulham,Undisclosed,,David Affengruber,England
Stuttgart,Brighton & Hove Albion,£15.5m,,Chema Andrés,England
Independiente del Valle,Sunderland,Undisclosed,,Juan Riquelme Angulo,England
Union Berlin,Hull City,£12.8m,,Ilyas Ansah,England
PSV Eindhoven,Watford,Free,,Myron Boadu,England
San Diego FC,Stoke City,Undisclosed,,Luca Bombino,England
Genk,Liverpool,£30m,,Lucca Brughmans,England
Strasbourg,Crystal Palace,Undisclosed,,Ben Chilwell,England
Hull City,Genoa,£3.4m,,Cody Drameh,England
Chelsea,Manchester City,£125m,,Enzo Fernández,England
Lille,Newcastle United,£51.4m,,Matias Fernandez-Pardo,England
Burnley,Ipswich Town,£20m,,Zian Flemming,England
Lyon,Sunderland,£30m,,Malick Fofana,England
Chelsea,RB Leipzig,£14.6m,,Marc Guiu,England
AFC Wimbledon,Swindon Town,Undisclosed,,Antwoine Hackford,England
Brighton & Hove Albion,Burnley,Undisclosed,,Igor Julio,England
Southampton,Aston Villa,£25m,,Taylor Harwood-Bellis,England
Everton,Hull City,£13m,,Tim Iroegbunam,England
Arsenal,Barcelona,£8.6m,,Gabriel Jesus,England
Notts County,Bromley,Undisclosed,,Jodi Jones,England
Blackpool,Colchester United,Undisclosed,,Kylian Kouassi,England
Leyton Orient,Motherwell,Undisclosed,,Dylan Levitt,England
Salford City,Notts County,Undisclosed,,Rosaire Longelo,England
Lyon,Everton,Undisclosed,,Ainsley Maitland-Niles,England
Stevenage,Millwall,Undisclosed,,Filip Marschall,England
Paris Saint-Germain,Aston Villa,£47m,,Ibrahim Mbaye,England
Houston Dynamo,Stoke City,Undisclosed,,Jack McGlynn,England
Doncaster Rovers,Rochdale,Undisclosed,,Glenn Middleton,England
Olympiacos,Hull City,£13m,,Christos Mouzakitis,England
Everton,Manchester City,£60m,,Iliman Ndiaye,England
AFC Wimbledon,Charlton Athletic,Undisclosed,,Junior Nkeng,England
Genoa,Hull City,£12m,,Brooke Norton-Cuffy,England
Sheffield United,Wrexham,£6.5m,,Callum O'Hare,England
Hellas Verona,Lincoln City,Undisclosed,,Daniel Oyegoke,England
Crystal Palace,Derby County,Undisclosed,,David Ozoh,England
Everton,Torino,Undisclosed,,Nathan Patterson,England
NEC,West Bromwich Albion,£1m,,Brayann Pereira,England
Bristol City,Leicester City,Undisclosed,,Emil Riis,England
Wrexham,Salford City,Undisclosed,,Dan Scarr,England
Sunderland,Clermont Foot,Undisclosed,,Luís Semedo,England
Burton Albion,Portsmouth,Undisclosed,,Tyrese Shade,England
Leicester City,Hull City,Undisclosed,,Sorba Thomas,England
Marseille,Crystal Palace,Undisclosed,,Quinten Timber,England
Burnley,Auxerre,Undisclosed,,Axel Tuanzebe,England
Brighton & Hove Albion,Burton Albion,Undisclosed,,Caylan Vickers,England
Arsenal,Hamburg,£8.6m,,Fábio Vieira,England
Chelsea,Strasborug,£6.86m,,Deivid Washington,England
Crystal Palace,Wigan Athletic,Undisclosed,,Joe Whitworth,England
Burnley,Wrexham,Undisclosed,,Joe Worrall,England
Denner,Corinthians,Chelsea,£8.6m,3 September 2026,England
Tomas Kalinauskas,Burton Albion,Roda JC,,30 June 2026[701],England
Andreas Weimann,Derby County,Rapid Wien,,30 June 2026[702],England
Yan Valery,Sheffield Wednesday,Young Boys,,30 June 2026[703],England
Seny Dieng,Middlesbrough,Sheffield Wednesday,,27 February 2026[704],England
Jack Walton,Preston North End,Cambridge United,,22 April 2026[705],England
Zach Jeacock,Lincoln City,Northampton Town,,30 June 2027[706],England
Tommy Leigh,Bradford City,Bristol Rovers,,30 June 2027[707],England
Bruno Alves,Cruzeiro,Norwich City,,30 June 2027[708],England
Alfie May,Huddersfield Town,Doncaster Rovers,,30 June 2027[709],England
Milan Aleksić,Sunderland,Partizan,,30 June 2027[710],England
Tommy Simkin,Stoke City,Doncaster Rovers,,30 June 2027[711],England
Dion Charles,Huddersfield Town,Blackpool,,30 June 2027[173],England
Louie Moulden,Norwich City,Accrington Stanley,,21 May 2027[712],England
Gassan Ahadme,Charlton Athletic,Cambridge United,,30 June 2027[714],England
Logan Briggs,Leicester City,Northampton Town,,30 June 2027[716],England
Ollie Wright,Southampton,Gillingham,,30 June 2027[245],England
Hindolo Mustapha,Crystal Palace,Wigan Athletic,,30 June 2027[721],England
Zach Mitchell,Charlton Athletic,St Johnstone,,30 June 2027[722],England
Josh Clarke,Partick Thistle,Doncaster Rovers,,31 December 2026[724],England
Romelle Donovan,Brentford,Sheffield United,,30 June 2027[730],England
Harrison Ashby,Newcastle United,Luton Town,,30 June 2027[733],England
Pemi Aderoju,Peterborough United,Crawley Town,,30 June 2027[737],England
Yusuf Akhamrich,Tottenham Hotspur,Leyton Orient,,30 June 2027[740],England
Jusef Erabi,Genk,Preston North End,,30 June 2027[745],England
Nathan Lowe,Stoke City,Hibernian,,30 June 2027[752],England
Corey Addai,Stockport County,Burton Albion,,30 June 2027[753],England
Bobby Faulkner,Doncaster Rovers,Tranmere Rovers,,30 June 2027[756],England
James Beadle,Brighton & Hove Albion,Birmingham City,,30 June 2027[761],England
Alfie McNally,Fulham,York City,,30 June 2027[764],England
Spike Brits,Manchester City,Sutton United,,30 June 2027[765],England
Norman Bassette,Coventry City,Westerlo,,30 June 2027[769],England
Alejandro Garnacho,Chelsea,Aston Villa,,30 June 2027[770],England
Matthew Cox,Brentford,Barnet,,30 June 2027[773],England
Zain Tahir,Sheffield United,Oldham Athletic,,30 June 2027[779],England
Somto Boniface,Ipswich Town,Leyton Orient,,30 June 2027[780],England
Tolu Arokodare,Wolverhampton Wanderers,Ajax,,30 June 2027[785],England
Favour Fawunmi,Stoke City,Oldham Athletic,,30 June 2027[789],England
Mason Burstow,Hull City,Sheffield Wednesday,,30 June 2027[452],England
Kamarl Grant,Millwall,Bromley,,30 June 2027[795],England
Iké Ugbo,Sheffield Wednesday,Apollon Limassol,,30 June 2027[799],England
Genesis Antwi,Chelsea,Strasbourg,,30 June 2027[801],England
Sheldon Kendall,Millwall,Gillingham,,30 June 2027[805],England
Charlie Binns,Bristol Rovers,Malvern Town,,30 June 2027[480],England
Dajaune Brown,Derby County,Rochdale,,30 June 2027[808],England
Finley Barbrook,Ipswich Town,Falkirk,,30 June 2027[810],England
Ronald Araújo,Barcelona,Liverpool,,30 June 2027[817],England
Rio Cardines,Crystal Palace,Bristol City,,30 June 2027[823],England
Benjamin Arthur,Brentford,Portsmouth,,30 June 2027[832],England
Harry Howell,Brighton & Hove Albion,Leicester City,,30 June 2027[834],England
Max Alleyne,Manchester City,Burnley,,30 June 2027[837],England
Calum Scanlon,Liverpool,Cardiff City,,30 June 2027[848],England
Kai Jennings,AFC Wimbledon,Crawley Town,,30 June 2027[849],England
Emeka Adiele,Utrecht,Burton Albion,,30 June 2027[851],England
Sebastiaan Bornauw,Leeds United,Hamburger SV,,30 June 2027[855],England
Ryan Barnett,Wrexham,Milton Keynes Dons,,30 June 2027[861],England
Sontje Hansen,Middlesbrough,Gaziantep,,30 June 2027[867],England
Benoît Badiashile,Chelsea,Napoli,,30 June 2027[876],England
Jacob Devaney,Manchester United,Hibernian,,30 June 2027[878],England
Tyreeq Bakinson,Leyton Orient,Plymouth Argyle,,30 June 2027[879],England
Michele Di Gregorio,Juventus,Bournemouth,,30 June 2027[883],England
Ali Al-Hamadi,Ipswich Town,Sheffield Wednesday,,30 June 2027[884],England
Raees Bangura-Williams,Millwall,Cambridge United,,30 June 2027[890],England
Taylor Allen,Wycombe Wanderers,Salford City,,30 June 2027[896],England
Jamie Donley,Tottenham Hotspur,Luton Town,,30 June 2027[906],England
Ben Broggio,Aston Villa,Stevenage,,30 June 2027[909],England
Adam Aznou,Everton,Málaga,,30 June 2027[913],England
George Abbott,Tottenham Hotspur,Mansfield Town,,30 June 2027[922],England
Álex Jiménez,Milan,Bournemouth,Undisclosed,12 February 2026,Italy
Tommaso Pobega,Milan,Bologna,Undisclosed,18 February 2026,Italy
Davide Biraschi,Frosinone,Fatih Karagümrük,Undisclosed,19 May 2026,Italy
Lorenzo Colombo,Milan,Genoa,Undisclosed,21 May 2026,Italy
Donyell Malen,Aston Villa,Roma,Undisclosed,26 May 2026,Italy
Caldiero Terme,Carrarese,Undisclosed,,Filippo Liberati,Italy
Toma Bašić,Lazio,Venezia,Free,27 May 2026,Italy
Issa Doumbia,Venezia,Sporting,Undisclosed,1 June 2026,Italy
Buba Sangaré,Roma,Elche,Undisclosed,3 June 2026,Italy
Man United,Napoli,Undisclosed,,Rasmus Højlund,Italy
Saud Abdulhamid,Roma,Lens,Undisclosed,4 June 2026,Italy
Estoril,Monza,Undisclosed,,Manga Foe-Ondoa,Italy
Aleksandar Stanković,Club Brugge,Inter,Undisclosed,5 June 2026,Italy
Sporting,Napoli,Undisclosed,,Alisson Santos,Italy
Joaquín Sosa,Bologna,Colo-Colo,Loan,10 June 2026,Italy
Stefan Mitrović,Verona,Vojvodina,Loan,11 June 2026,Italy
Marcelo Vaz,Varesina,Genoa,Undisclosed,12 June 2026,Italy
Pisa,Levski Sofia,Loan,,Adrian Raychev,Italy
Nicolò Zaniolo,Galatasaray,Udinese,Undisclosed,15 June 2026,Italy
Nice,Juventus,€4.8M,,Jérémie Boga,Italy
Perugia,Cremonese,Undisclosed,,Adrian Lickūnas,Italy
Tjaš Begić,Parma,Sampdoria,Undisclosed,16 June 2026,Italy
Avellino,Union Brescia,Undisclosed,,Valerio Crespi,Italy
Ruan Tressoldi,Sassuolo,Atlético Mineiro,Undisclosed,17 June 2026,Italy
Torino,Sassuolo,Undisclosed,,Sebastian Walukiewicz,Italy
Cesena,Frosinone,Undisclosed,,Giacomo Calò,Italy
Tommaso Corazza,Bologna,Vicenza,Loan,18 June 2026,Italy
Casa Pia,Mantova,Undisclosed,,Fahem Benaïssa-Yahia,Italy
Răzvan Sava,Udinese,Craiova,Undisclosed,19 June 2026,Italy
Bologna,Montréal,6-month loan,,Thomas Gillier,Italy
Lecce,Juve Next Gen,Undisclosed,,Giacomo Faticanti,Italy
Torino,Mantova,Loan,,Jonathan Silva,Italy
Alessandro Nunziante,Udinese,Arezzo,Loan,21 June 2026,Italy
Bodin Tomasevic,Bologna,Mantova,Loan,22 June 2026,Italy
Leorat Bega,Stade Nyonnais,Verona,Free,24 June 2026,Italy
PSG,Carrarese,Free,,Yanis Khafi,Italy
Perugia,Mantova,Undisclosed,,Luca Gemello,Italy
Joris Manquant,Stade Nyonnais,Modena,Free,25 June 2026,Italy
Cremonese,Fatih Karagümrük,Undisclosed,,Marco Silvestri,Italy
Pisa,Nordsjælland,Undisclosed,,Alexander Lind,Italy
Simone Lontani,Milan,Parma,Free,26 June 2026,Italy
Cesena,Cremonese,Undisclosed,,Tommaso Berti,Italy
Torino,Partizan,Undisclosed,,Demba Seck,Italy
Benjamin Cremaschi,Inter Miami,Parma,Undisclosed,27 June 2026,Italy
Virtus Entella,Latina,Undisclosed,,Iacopo Lipani,Italy
Lech Poznań,Venezia,Undisclosed,,Kornel Lisman,Italy
Alessandro Sersanti,Juve Next Gen,Modena,Undisclosed,28 June 2026,Italy
Ben Godfrey,Atalanta,Rangers,Loan,29 June 2026,Italy
Monopoli,Modena,Undisclosed,,Diego Ronco,Italy
Monopoli,Benevento,Undisclosed,,Emanuele Schimmenti,Italy
Pescara,Venezia,Undisclosed,,Lorenzo Berardi,Italy
Verona,Venezia,Undisclosed,,Armel Bella-Kotchap,Italy
Verona,Servette,Undisclosed,,Mathis Lambourde,Italy
Gonçalo Ramos,PSG,Milan,Undisclosed,30 June 2026,Italy
Parma,Palermo,Free,,Nahuel Estévez,Italy
Cosenza,Juve Stabia,Undisclosed,,Manuel Ricciardi,Italy
Cittadella,Juve Stabia,Undisclosed,,Lorenzo Carissoni,Italy
Südtirol,Juve Stabia,Undisclosed,,Andrea Giorgini,Italy
Bologna,Gubbio,Loan,,Nicola Bagnolini,Italy
Thun,Genoa,Undisclosed,,Ethan Meichtry,Italy
Jeff Ekhator,Genoa,Juventus,"€16,4M",1 July 2026,Italy
Juventus,Parma,Undisclosed,,Giovanni Daffara,Italy
Parma,Dordrecht,Loan,,Dario Šits,Italy
Grêmio,Fiorentina,Undisclosed,,Viery,Italy
Monza,Padova,Undisclosed,,Alessandro Sorrentino,Italy
Lecce,Venezia,Undisclosed,,Þórir Jóhann Helgason,Italy
Roma,Cagliari,Undisclosed,,Alessandro Romano,Italy
Atalanta,Chelsea,Undisclosed,,Marco Palestra,Italy
Lumezzane,Bologna,Undisclosed,,Luigi Caccavo,Italy
Modena,Mantova,Free,,Ettore Gliozzi,Italy
Perugia,Modena,Undisclosed,,Daniele Montevago,Italy
Ferencváros,Sampdoria,Undisclosed,,Stefan Gartenmann,Italy
Reggiana,Arezzo,Free,,Andrea Seculin,Italy
Luis Milla,Getafe,Como,Undisclosed,2 July 2026,Italy
Cruzeiro,Como,Loan,,Kaiki Bruno,Italy
Fiorentina,River Plate,Loan,,Lucas Beltrán,Italy
Juve Next Gen,Genoa,Undisclosed,,David Puczka,Italy
Modena,Genoa,Undisclosed,,Samuel Wiafe,Italy
Genoa,Modena,Undisclosed,,Leonardo Consiglio,Italy
Valencia,Venezia,Free,,Thierry Correia,Italy
Venezia,Brighton,Undisclosed,,Michael Svoboda,Italy
Juve Stabia,Südtirol,Free,,Marco Varnier,Italy
Inter,Parma,Undisclosed,,Franco Carboni,Italy
Cremonese,Pergolettese,Loan,,Emanuele Bassi,Italy
Cremonese,Renate,Loan,,Salvatore Dore,Italy
Alfonso Pedraza,Villarreal,Lazio,Free,3 July 2026,Italy
Sampdoria,Hércules,Loan,,Víctor Narro,Italy
Potenza,Benevento,Free,,Antonis Siatounis,Italy
Bari,Vicenza,Undisclosed,,Gabriele Moncini,Italy
Leonardo Baroncelli,Fiorentina,Gubbio,Undisclosed,4 July 2026,Italy
Everton,Cagliari,Free,,Demi Akarakiri,Italy
Como,Palermo,Undisclosed,,Tommaso Cassandro,Italy
Como,Mantova,Loan,,Federico Chinetti,Italy
Genoa,Železničar Pančevo,Undisclosed,,David Ankeye,Italy
Denzel Dumfries,Inter,Real Madrid,Undisclosed,5 July 2026,Italy
Lecce,Çorum,Undisclosed,,Ylber Ramadani,Italy
America RJ,Benevento,Undisclosed,,Logan Gaspar,Italy
Monza,Palermo,Undisclosed,,Hernani,Italy
Juve Next Gen,Vicenza,Undisclosed,,Alessandro Pietrelli,Italy
Inter,Ascoli,Undisclosed,,Giacomo De Pieri,Italy
Antonio Raimondo,Bologna,Frosinone,Loan,7 July 2026,Italy
Bologna,Frosinone,Loan,,Wisdom Amey,Italy
Cremonese,Folgore Caratese,Loan,,Tommaso Duca,Italy
Cremonese,Ospitaletto,Loan,,Michele Paganetto,Italy
Cremonese,Padova,Undisclosed,,Luca Zanimacchia,Italy
Carrarese,Arezzo,Undisclosed,,Julián Illanes,Italy
Giulio Patrignani,Cremonese,Savona,Loan,8 July 2026,Italy
Athletic Bilbao,Udinese,Undisclosed,,Unai Gómez,Italy
Tottenham,Fiorentina,Loan,,Radu Drăgușin,Italy
Fiorentina,Monza,Loan,,Eddy Kouadio,Italy
Frosinone,Vicenza,Undisclosed,,Riccardo Marchizza,Italy
Lazio,Inter,Undisclosed,,Ivan Provedel,Italy
Inter,AEK Athens,Loan,,Christos Alexiou,Italy
Avellino,Iraklis,Loan,,Michele D'Ausilio,Italy
Avellino,Latina,Loan,,Antonio De Cristofaro,Italy
Venezia,Trento,Loan,,Marco Ladisa,Italy
Villefranche,Mantova,Undisclosed,,Sambaly Keita,Italy
Siracusa,Benevento,Undisclosed,,Alioune Sylla,Italy
Pescara,Sampdoria,Free,,Lorenzo Insigne,Italy
Cremonese,Alcione,Loan,,Lapo Nava,Italy
Cremonese,Lecco,Loan,,Daniele Triacca,Italy
Modena,Pianese,Loan,,Michele Pezzolato,Italy
Gaetano Oristanio,Venezia,Torino,Loan,9 July 2026,Italy
Fiorentina,Deportivo,Undisclosed,,Lorenzo Amatucci,Italy
Sparta Prague,Venezia,Undisclosed,,Albion Rrahmani,Italy
Villefranche,Südtirol,Undisclosed,,Kenny Mixtur,Italy
Inter,Südtirol,Loan,,Giacomo Stabile,Italy
Zaragoza,Venezia,Undisclosed,,Ale Gomes,Italy
Torino,Ascoli,Loan,,Sergiu Perciun,Italy
Cagliari,Atalanta,Undisclosed,,Gianluca Gaetano,Italy
Śląsk Wrocław,Carrarese,Loan,,Tommaso Guercio,Italy
Lazio,Carrarese,Loan,,Pietro Pinelli,Italy
Verona,Casertana,Loan,,Junior Ajayi,Italy
Pescara,Modena,Undisclosed,,Giacomo Olzer,Italy
Gaëtan Coucke,Sampdoria,Cercle Brugge,Undisclosed,10 July 2026,Italy
Cremonese,Torres,Loan,,Mattia Scaringi,Italy
Venezia,Südtirol,Loan,,Alessandro Plizzari,Italy
Fiorentina,Avellino,Loan,,Tommaso Martinelli,Italy
Juve Next Gen,Avellino,Loan,,Brando Moruzzi,Italy
LASK,Genoa,Undisclosed,,Elias Havel,Italy
Lazio,Milan,Undisclosed,,Mario Gila,Italy
Pisa,Benevento,Undisclosed,,Pietro Beruatto,Italy
Cesena,Arezzo,Undisclosed,,Alberto Cerri,Italy
Parma,Carrarese,Loan,,Giacomo Marconi,Italy
Arthur Atta,Udinese,Fiorentina,Undisclosed,11 July 2026,Italy
Casarano,Verona,Undisclosed,,Salvatore Cerbone,Italy
Genoa,Verona,Free,,Nicola Leali,Italy
Venezia,Verona,Loan,,Seid Korać,Italy
Vis Pesaro,Venezia,Undisclosed,,Alessio Pozzi,Italy
Monza,Modena,Undisclosed,,Paulo Azzi,Italy
Newcastle Jets,Cesena,Undisclosed,,Mark Natta,Italy
FC St. Pauli,Sampdoria,Free,,Danel Sinani,Italy
Mantova,Pisa,Undisclosed,,Tommaso Marras,Italy
Catanzaro,Vicenza,Free,,Nicolò Brighenti,Italy
Giorgio Cittadini,Atalanta,Frosinone,Loan,12 July 2026,Italy
Genoa,Frosinone,Loan,,Seydou Fini,Italy
Frosinone,Spezia,Undisclosed,,Abdoulie Ndow,Italy
Jacopo Fazzini,Fiorentina,Cagliari,Loan,13 July 2026,Italy
Fortuna Düsseldorf,Frosinone,Undisclosed,,Anouar El Azzouzi,Italy
Venezia,Spezia,Loan,,Kevin Cannavò,Italy
Parma,Spezia,Loan,,Alessandro Cardinali,Italy
Verona,Spezia,Undisclosed,,Denis Cazzadori,Italy
Atalanta U23,Carrarese,Loan,,Moustapha Cissé,Italy
Casarano,Mantova,Undisclosed,,Ismael Cajazzo,Italy
Inter U23,Mantova,Loan,,Matteo Spinaccè,Italy
Pescara,Ascoli,Undisclosed,,Gennaro Acampora,Italy
Südtirol,Union Brescia,Undisclosed,,Alessandro Mallamo,Italy
Leonardo Sernicola,Cremonese,Benevento,Loan,14 July 2026,Italy
Como,Cremonese,Loan,,Fellipe Jack,Italy
Modena,Cremonese,Undisclosed,,Fabio Gerli,Italy
Karpaty Lviv,Modena,Undisclosed,,Stênio,Italy
Union Berlin,Lazio,Free,,Danilho Doekhi,Italy
Fiorentina,Basel,Undisclosed,,Jonas Harder,Italy
Fiorentina,Cesena,Loan,,Maat Daniel Caprini,Italy
Inter,Avellino,Undisclosed,,Luca Di Maggio,Italy
Empoli,Milan Futuro,Undisclosed,,Edoardo Zanaga,Italy
Empoli,Mantova,Undisclosed,,Lorenzo Ignacchiti,Italy
Union Brescia,Mantova,Undisclosed,,Filippo Vesentini,Italy
Carrarese,Trento,Loan,,Federico Accornero,Italy
Carrarese,Pineto,Loan,,Mateo Scheffer Bracco,Italy
Pineto,Catanzaro,Undisclosed,,Nicolò Postiglione,Italy
Palermo,Virtus Entella,Loan,,Giacomo Corona,Italy
Radomiak,Südtirol,Undisclosed,,Vasco Lopes,Italy
Monza,Spezia,Loan,,Samuele Capolupo,Italy
Verona,Juve Stabia,Undisclosed,,Nicola Patanè,Italy
Harry Winks,Leicester,Cagliari,Undisclosed,15 July 2026,Italy
Bologna,Virtus Entella,Loan,,Mattia Motolese,Italy
Catanzaro,Como,Undisclosed,,Mattia Liberali,Italy
Juve Stabia,Pisa,Undisclosed,,Giuseppe Leone,Italy
Cremonese,Vicenza,Undisclosed,,Frank Tsadjout,Italy
Niklas Pyyhtiä,Bologna,Südtirol,Loan,16 July 2026,Italy
Bologna,Südtirol,Loan,,Riccardo Stivanello,Italy
Bournemouth,Fiorentina,Loan,,Álex Jiménez,Italy
Spezia,Torino,Undisclosed,,Diego Mascardi,Italy
Pineto,Cesena,Undisclosed,,Luca Schirone,Italy
Eindhoven,Juve Stabia,Free,,Terrence Douglas,Italy
Hamed Traorè,OM,Genoa,Loan,17 July 2026,Italy
Sassuolo,Leeds,Undisclosed,,Tarik Muharemović,Italy
Real Madrid,Lazio,Undisclosed,,Bruno Galassi,Italy
Fiorentina,Schalke 04,Loan,,Robin Gosens,Italy
Barcelona,Como,Undisclosed,,Andrés Cuenca,Italy
Mattia Fortin,Lens,Palermo,Loan,18 July 2026,Italy
Palermo,Frosinone,Loan,,Sebastiano Desplanches,Italy
Como,Udinese,Undisclosed,,Mërgim Vojvoda,Italy
Parma,Dolomiti Bellunesi,Loan,,Mateusz Kowalski,Italy
Monza,Sampdoria,Undisclosed,,Luca Ravanelli,Italy
Sparta Rotterdam,Sampdoria,Undisclosed,,Tobias Lauritsen,Italy
Lecce,Cracovia,Loan,,Filip Marchwiński,Italy
Como,SC Freiburg,Undisclosed,,Yannik Engelhardt,Italy
Bologna,Juve Stabia,Loan,,Luigi Caccavo,Italy
Torino,Pergolettese,Loan,,Jacopo Antolini,Italy
Cremonese,Novara,Undisclosed,,Lorenzo Moretti,Italy
Amir Richardson,Fiorentina,Le Havre,Loan,19 July 2026,Italy
Trabzonspor,Fiorentina,Undisclosed,,Christ Inao Oulaï,Italy
Fiorentina,Bari,Loan,,Mirko Elia,Italy
Rahim Alhassane,Real Oviedo,Bologna,Loan,20 July 2026,Italy
Torino,Empoli,Undisclosed,,Francesco Dell'Aquila,Italy
Vicenza,Trento,Undisclosed,,Francesco Benassai,Italy
Filippo Distefano,Fiorentina,Empoli,Undisclosed,21 July 2026,Italy
Fiorentina,Modena,Undisclosed,,Alessandro Bianco,Italy
Lecce,Pineto,Loan,,Marco Delle Monache,Italy
Venezia,Pineto,Undisclosed,,Giovanni Di Renzo,Italy
Venezia,Avellino,Loan,,Daniel Fila,Italy
Ascoli,Ospitaletto,Loan,,Francesco Galuppini,Italy
Arezzo,Pescara,Undisclosed,,Filippo Guccione,Italy
Antonín Barák,Fiorentina,APOEL,Undisclosed,22 July 2026,Italy
Lecce,Mallorca,Loan,,Álex Sala,Italy
Inter,Padova,Loan,,Matteo Cocchi,Italy
Salernitana,Padova,Loan,,Matteo Lovato,Italy
Sevilla,Venezia,Undisclosed,,Akor Adams,Italy
Atalanta,Ascoli,Loan,,Andrea Oliveri,Italy
Vicenza,Arzignano,Loan,,Jacopo Romio,Italy
Monza,Catanzaro,Loan,,Francesco Reita,Italy
Filippo Rinaldi,Parma,Catania,Loan,23 July 2026,Italy
Ascoli,Catania,Loan,,Gabriele Pagliai,Italy
Athens Kallithea,Ascoli,Undisclosed,,Gian Marco Crespi,Italy
Pisa,Genk,Undisclosed,,Rafiu Durosinmi,Italy
Spezia,Vicenza,Free,,Mattia Valoti,Italy
Torino,Juve Stabia,Loan,,Romeo Sandrucci,Italy
Andrea Bozzolan,Reggiana,Palermo,Loan,24 July 2026,Italy
Napoli,Frosinone,Undisclosed,,Luis Hasa,Italy
Cagliari,Pianese,Loan,,Nicola Pintus,Italy
Cagliari,Juve Stabia,Loan,,Francesco Gallea,Italy
Fiorentina,Juve Stabia,Loan,,Giulio Scuderi,Italy
Sporting CP,Monza,Loan,,Ricardo Mangas,Italy
Lazio,Inter U23,Undisclosed,,Alessandro Milani,Italy
Spezia,Catanzaro,Loan,,Antonio Candela,Italy
Enna,Catanzaro,Undisclosed,,Franky Tchaouna,Italy
Cremonese,Iğdır,Undisclosed,,Felix Afena-Gyan,Italy
Mantova,Cremonese,Undisclosed,,Marco Festa,Italy
Cremonese,Livorno,Loan,,Giacomo Gabbiani,Italy
Fratria,Cesena,Undisclosed,,Xavello Druiventak,Italy
Carrarese,Virtus Francavilla,Undisclosed,,Eliman Cham,Italy
Samuele Regazzetti,Cremonese,Livorno,Undisclosed,25 July 2026,Italy
Catanzaro,Cremonese,Undisclosed,,Simone Pontisso,Italy
Cremonese,SJK Akatemia,Undisclosed,,Ange Achi,Italy
Gustavo Varela,Benfica,Monza,Undisclosed,27 July 2026,Italy
Palermo,Südtirol,Loan,,Aljoša Vasić,Italy
Palermo,OFI Crete,Loan,,Dimitrios Nikolaou,Italy
Juve Stabia,Padova,Undisclosed,,Lorenzo Carissoni,Italy
Carrarese,Padova,Undisclosed,,Emanuele Zuelli,Italy
Adrian Benedyczak,Parma,Kasımpaşa,Undisclosed,28 July 2026,Italy
Lecce,Cosenza,Loan,,Ed McJannet,Italy
Juventus,Lyon,Loan,,Loïs Openda,Italy
Nice,Mantova,Undisclosed,,Rareș Ilie,Italy
Verona,Audace Cerignola,Loan,,Adi Kurti,Italy
Cesena,Forlì,Undisclosed,,Federico Valentini,Italy
Sankhoun Diawara,Troyes,Milan,Undisclosed,29 July 2026,Italy
Persib,Palermo,Free,,Federico Barba,Italy
Roma,Cesena,Loan,,Riccardo Pagano,Italy
Fiorentina,Torino,Loan,,Pietro Comuzzo,Italy
Estudiantes,Bologna,Undisclosed,,Mikel Amondarain,Italy
Valencia,Torino,Free,,Eray Cömert,Italy
Fiorentina,Sturm Graz,Undisclosed,,Luis Balbo,Italy
Udinese,Audax Italiano,Loan,,Damián Pizarro,Italy
Roma,Avellino,Undisclosed,,Mattia Della Rocca,Italy
Milan Futuro,Avellino,Undisclosed,,Filippo Scotti,Italy
Avellino,Foggia,Undisclosed,,Gianmarco Todisco,Italy
Avellino,Arezzo,Undisclosed,,Andrea Cagnano,Italy
Palermo,Lommel,Loan,,Stredair Appuah,Italy
Venezia,Beveren,Free,,Cheick Condé,Italy
Alessandro Dellavalle,Torino,Padova,Loan,30 July 2026,Italy
Manchester City,Inter,Free,,John Stones,Italy
Bologna,Roma,Undisclosed,,Santiago Castro,Italy
Roma,Bologna,Loan,,Artem Dovbyk,Italy
Lecce,Südtirol,Loan,,Rareș Burnete,Italy
Fiorentina,Venezia,Loan,,Matías Moreno,Italy
Napoli,Riga,Undisclosed,,Coli Saco,Italy
Cremonese,Foggia,Undisclosed,,Gianluca Saro,Italy
Palermo,Birmingham,Undisclosed,,Kristoffer Lund,Italy
Samuele Mulattieri,Sassuolo,Verona,Loan,31 July 2026,Italy
Verona,Sassuolo,Loan,,Kieron Bowie,Italy
Napoli,Pisa,Loan,,Emanuele Rao,Italy
Al-Ittihad,Genoa,Loan,,Mario Mitaj,Italy
Borussia Dortmund,Parma,Undisclosed,,Ousmane Diallo,Italy
Südtirol,Cagliari,Loan,,Raphael Kofler,Italy
Cagliari,Südtirol,Loan,,Davide Veroli,Italy
Cagliari,Wieczysta Kraków,Undisclosed,,Mateusz Wieteska,Italy
Udinese,Catanzaro,Loan,,Simone Pafundi,Italy
Real Madrid,Fiorentina,Undisclosed,,Víctor Valdepeñas,Italy
Ajax,Torino,Undisclosed,,Kian Fitz-Jim,Italy
Nice,Sampdoria,Undisclosed,,Mattia Viti,Italy
Lechia Gdańsk,Verona,Undisclosed,,Kacper Sezonienko,Italy
Verona,Marítimo,Loan,,Yellu Santiago,Italy
Verona,SJK Akatemia,6-month loan,,Karlson Nwanege,Italy
Kevin Akpoguma,TSG Hoffenheim,Frosinone,Free,1 August 2026,Italy
Inter,Monza,Loan,,Ebenezer Akinsanmiro,Italy
Mechelen,Venezia,Undisclosed,,Redouane Halhal,Italy
VfL Wolfsburg,Roma,Undisclosed,,Konstantinos Koulierakis,Italy
Sampdoria,Vado,Loan,,Lorenzo Malanca,Italy
Carrarese,Pisa,Loan,,Simone Zanon,Italy
Atalanta U23,Palermo,Loan,,Dominic Vavassori,Italy
Kerim Alajbegović,Bayer Leverkusen,Juventus,€32M,2 August 2026,Italy
Paris,Lecce,Undisclosed,,Willem Geubbels,Italy
Udinese,Watford,Loan,,Jordan Zemura,Italy
Cagliari,Cosenza,Loan,,Velizar-Ilia Iliev,Italy
Cagliari,Cosenza,Undisclosed,,Andrea Cogoni,Italy
Paris Saint-Germain,Juventus,€41.2M,,Randal Kolo Muani,Italy
João Mário,Juventus,Fiorentina,Loan,3 August 2026,Italy
Juventus,Sassuolo,Loan,,Vasilije Adžić,Italy
Sampdoria,Real Oviedo,Undisclosed,,Estanis Pedrola,Italy
Pisa,Spezia,Loan,,Mert Durmush,Italy
Alessandro Debenedetti,Genoa,Cesena,Loan,4 August 2026,Italy
Genoa,Celta Fortuna,Loan,,Hugo Cuenca,Italy
Miguel Gutiérrez,Napoli,Bayer Leverkusen,Undisclosed,5 August 2026,Italy
Roma,Deportivo,Loan,,Angeliño,Italy
Lecce,RB Salzburg,Undisclosed,,Christian Früchtl,Italy
Ahmed Sidibé,Venezia,Vitória,Loan,6 August 2026,Italy
Parma,Luzern,Loan,,Daniel Mikołajewski,Italy
Borussia Dortmund,Como,Loan,,Yan Couto,Italy
Sevilla,Genoa,Undisclosed,,Djibril Sow,Italy
Genoa,Cremonese,Undisclosed,,Alessandro Vogliacco,Italy
Olympiacos,Palermo,Undisclosed,,Gabriel Strefezza,Italy
Pisa,Rapid București,Loan,,Filip Stojilković,Italy
Sampdoria,Casertana,Undisclosed,,Stefano Girelli,Italy
Marash Kumbulla,Roma,Rayo Vallecano,Loan,7 August 2026,Italy
Venezia,Südtirol,Undisclosed,,Bjarki Steinn Bjarkason,Italy
Venezia,Vis Pesaro,Undisclosed,,Simone Ascione,Italy
Real Madrid,Fiorentina,Loan,,Franco Mastantuono,Italy
Atalanta,Parma,Loan,,El Bilal Touré,Italy
Bologna,Perugia,Undisclosed,,Dimitar Papazov,Italy
Southampton,Monza,Loan,,Jay Robinson,Italy
Fiorentina,Alavés,Undisclosed,,Nicolás Valentini,Italy
Napoli,Sambenedettese,Loan,,Lorenzo Sgarbi,Italy
Catanzaro,Padova,Undisclosed,,Marco Pompetti,Italy
Lille,Pisa,Undisclosed,,Ichem Ferrah,Italy
Antonio Boccadamo,Virtus Entella,Audace Cerignola,Loan,8 August 2026,Italy
Avellino,Scafatese,Undisclosed,,Claudio Manzi,Italy
Atalanta,Cagliari,Loan,,Daniel Maldini,Italy
Cremonese,Monopoli,Loan,,Marco Cassin,Italy
Patrizio Masini,Genoa,Frosinone,Loan,10 August 2026,Italy
Juventus,Padova,Loan,,Simone Scaglia,Italy
Nice,Cagliari,Loan,,Kevin Carlos,Italy
Spezia,Cagliari,Undisclosed,,Giuseppe Aurelio,Italy
Cagliari,Spezia,Undisclosed,,Giuseppe Ciocci,Italy
Roma,Perugia,Loan,,Radosław Żelezny,Italy
Inter,Cosenza,Undisclosed,,Daniele Quieto,Italy
Verona,Verona,Undisclosed,,Federico Caia,Italy
Atalanta,Las Palmas,Loan,,Giovanni Bonfanti,Italy
Benjamín Domínguez,Bologna,Sassuolo,Loan,11 August 2026,Italy
Empoli,Samsunspor,Undisclosed,,Gabriele Guarino,Italy
Sparta Prague,Sampdoria,Loan,,Peter Vindahl,Italy
Virtus Entella,Novara,Undisclosed,,Marco Nichetti,Italy
Romelu Lukaku,Napoli,Fenerbahçe,Undisclosed,12 August 2026,Italy
Como,1. FSV Mainz 05,Undisclosed,,Stefan Posch,Italy
Braga,Frosinone,Undisclosed,,Florian Grillitsch,Italy
Werder Bremen,Frosinone,Undisclosed,,Romano Schmid,Italy
Atlético Madrid,Roma,Undisclosed,,Nahuel Molina,Italy
Cagliari,ADO Den Haag,Loan,,Othniël Raterink,Italy
Fiorentina,Thun,Undisclosed,,Riccardo Braschi,Italy
Fiorentina,Atalanta U23,Undisclosed,,Gabriele Bertolini,Italy
Juve Stabia,Catanzaro,Undisclosed,,Nicola Mosti,Italy
Napoli,Arezzo,Undisclosed,,Gennaro Iaccarino,Italy
Sevilla,Ascoli,Undisclosed,,Federico Gattoni,Italy
Koper,Mantova,Loan,,Jean-Pierre Longonda,Italy
Roberto Piccoli,Fiorentina,Bologna,Loan,13 August 2026,Italy
Parma,Fiorentina,Undisclosed,,Mateo Pellegrino,Italy
Lecce,La Serena,Loan,,Matías Pérez,Italy
Udinese,Atalanta,Loan,,Thomas Kristensen,Italy
Cesena,Livorno,Loan,,Tommaso Arrigoni,Italy
Lazio,Juve Stabia,Loan,,Saná Fernandes,Italy
Bari,Catanzaro,Loan,,Mehdi Dorval,Italy
Modena,Empoli,Undisclosed,,Cristian Cauz,Italy
Empoli,Cremonese,Undisclosed,,Salvatore Elia,Italy
Davide Frattesi,Inter,Lazio,Loan,14 August 2026,Italy
Inter,Pescara,Undisclosed,,Matteo Motta,Italy
Bologna,Cesena,Loan,,Mihajlo Ilić,Italy
Venezia,Pescara,Undisclosed,,Giorgio Altare,Italy
RB Salzburg,Frosinone,Undisclosed,,Aleksa Terzić,Italy
Tigre,Parma,Undisclosed,,David Romero,Italy
Parma,Groningen,Loan,,Jacob Ondrejka,Italy
Lecce,HJK,Loan,,Jasper Samooja,Italy
Como,Verona,Loan,,Andréa Le Borgne,Italy
Sassuolo,Talleres,Loan,,Agustín Álvarez,Italy
Benfica,Sassuolo,Loan,,Rafael Obrador,Italy
Milan,Lyon,Loan,,Zachary Athekame,Italy
Benevento,Casertana,Undisclosed,,Jacopo Manconi,Italy
Pescara,Juve Stabia,Undisclosed,,Davide Bettella,Italy
Zürich,Carrarese,Undisclosed,,David Vujević,Italy
Südtirol,Empoli,Loan,,Karim Zedadka,Italy
Djed Spence,Tottenham,Inter,Undisclosed,15 August 2026,Italy
Napoli,Latina,Undisclosed,,Antonio Cioffi,Italy
Sassuolo,Górnik Zabrze,Loan,,Janis Antiste,Italy
Sassuolo,Catania,Loan,,Flavio Russo,Italy
Andrea Giorgini,Juve Stabia,Südtirol,Undisclosed,16 August 2026,Italy
Jhon Lucumí,Bologna,Juventus,€20.1M,17 August 2026,Italy
Bologna,1. FC Köln,Loan,,Thijs Dallinga,Italy
Vicenza,Salernitana,Loan,,Mattia Vitale,Italy
Palermo,Zulte Waregem,Loan,,Salim Diakité,Italy
Thomas Berenbruch,Inter,Avellino,Loan,18 August 2026,Italy
Cesena,Torres,Loan,,Mamadou Kebbeh,Italy
Sassuolo,Cesena,Loan,,Luca D'Andrea,Italy
Como,Südtirol,Loan,,Fabio Rispoli,Italy
Roma,Benevento,Loan,,Luigi Cherubini,Italy
Tottenham,Juventus,Loan,,Guglielmo Vicario,Italy
Milan,Toulouse,Loan,,David Odogu,Italy
Torino,Modena,Loan,,Wisdom Acquah,Italy
Venezia,Verona,Undisclosed,,Nunzio Lella,Italy
Raków,Verona,Free,,Paweł Dawidowicz,Italy
Monza,Raków,Undisclosed,,Arvid Brorsson,Italy
Arezzo,Perugia,Loan,,Matteo Cortesi,Italy
Lanús,Parma,Loan,,Thomás de Martis,Italy
Rodrigo Mora,Porto,Roma,Undisclosed,19 August 2026,Italy
Cesena,Reggiana,Undisclosed,,Michele Castagnetti,Italy
Roma,Carrarese,Loan,,Filippo Reale,Italy
Pisa,Union Berlin,Undisclosed,,Michel Aebischer,Italy
Catanzaro,Napoli,Loan,,Costantino Favasuli,Italy
Virtus Entella,Juve Stabia,Undisclosed,,Nermin Karić,Italy
Strasbourg,Milan,Undisclosed,,Diego Moreira,Italy
Carrarese,Lecce,Undisclosed,,Marco Bleve,Italy
Sampdoria,Ascoli,Free,,Matteo Ricci,Italy
Parma,Benfica,Undisclosed,,Alessandro Circati,Italy
Fenerbahçe,Frosinone,Undisclosed,,Omar Fayed,Italy
Udinese,Red Star,Undisclosed,,Leonardo Buta,Italy
Como,Sporting Gijón,Undisclosed,,Andrés Cuenca,Italy
Frosinone,Verona,Undisclosed,,Alessandro Luchetti,Italy
Cheikh Niasse,Verona,Gençlerbirliği,Loan,20 August 2026,Italy
Verona,Istra,Loan,,Isaac,Italy
Monza,Pisa,Undisclosed,,Andrea Petagna,Italy
Cesena,Grosseto,Undisclosed,,Enea Pitti,Italy
Cesena,Ravenna,Undisclosed,,Giovanni Zaro,Italy
Frosinone,Cesena,Loan,,Jacopo Gelli,Italy
Juventus,Catanzaro,Undisclosed,,Emanuele Pecorino,Italy
Atalanta,Catanzaro,Undisclosed,,Samuel Giovane,Italy
Südtirol,Juve Stabia,Loan,,Nicola Pietrangeli,Italy
Niccolò Fortini,Fiorentina,Torino,Loan,21 August 2026,Italy
Sassuolo,Padova,Loan,,Luca Moro,Italy
Pisa,Monza,Undisclosed,,Idrissa Touré,Italy
Juve Stabia,Potenza,Loan,,Matheus Luz,Italy
Pisa,Juve Stabia,Loan,,Ante Vuković,Italy
Liverpool,Inter,Undisclosed,,Curtis Jones,Italy
Union SG,Sassuolo,Loan,,Fedde Leysen,Italy
Parma,Nantes,Undisclosed,,Antoine Joujou,Italy
Como,Cagliari,Loan,,Alieu Fadera,Italy
Atalanta,Mantova,Loan,,Vanja Vlahović,Italy
Cremonese,Internacional,Undisclosed,,Antonio Sanabria,Italy
Frosinone,Spezia,Free,,Sergio Kalaj,Italy
Torino,Pro Vercelli,Loan,,Aaron Ciammaglichella,Italy
Eljif Elmas,RB Leipzig,Atalanta,Loan,22 August 2026,Italy
Chelsea,Napoli,Loan,,Benoît Badiashile,Italy
Ajax,Lazio,Loan,,Josip Šutalo,Italy
Udinese,Ajax,Loan,,Abdoulaye Camara,Italy
Adam Buksa,Udinese,Mallorca,Loan,23 August 2026,Italy
Venezia,Sporting Gijón,Loan,,Antonio Casas,Italy
Tommaso Bordoni,Padova,Lecco,Loan,24 August 2026,Italy
Spezia,Virtus Entella,Undisclosed,,Luca Vignali,Italy
Preston,Genoa,Undisclosed,,Milutin Osmajić,Italy
Marco Dalla Vecchia,Torino,Cesena,Loan,25 August 2026,Italy
Cagliari,Albacete,Loan,,Agustín Albarracín,Italy
Juventus,Bournemouth,Loan,,Michele Di Gregorio,Italy
Sampdoria,Salernitana,Free,,Antonino La Gumina,Italy
Cesena,Salernitana,Loan,,Simone Pieraccini,Italy
Napoli,Lorient,Loan,,Nosa Obaretin,Italy
Wolfsburg,Juventus,Loan,,Kamil Grabara,Italy
Troyes,Lecce,Undisclosed,,Amar Fatah,Italy
Montpellier,Frosinone,Undisclosed,,Enzo Tchato,Italy
Frosinone,Spezia,Loan,,Jérémy Oyono,Italy
Como,Inter U23,Undisclosed,,Tommaso Fumagalli,Italy
Milan,Leipzig,Loan,,Christopher Nkunku,Italy
Mattia Perin,Juventus,Palermo,Undisclosed,26 August 2026,Italy
Villarreal,Como,Loan,,Willy Kambwala,Italy
Campobasso,Arezzo,Undisclosed,,Davide Mancini,Italy
Arezzo,Campobasso,Undisclosed,,Lorenzo Coccia,Italy
Cagliari,Racing Santander,Loan,,Matteo Prati,Italy
Frosinone,Crotone,Loan,,Filippo Grosso,Italy
Genoa,Shakhtar Donetsk,Undisclosed,,Alan Matturro,Italy
Frosinone,Empoli,Loan,,Niccolò Corrado,Italy
Empoli,Trento,Undisclosed,,Andrea Sodero,Italy
Juve Stabia,Casertana,Loan,,Enrico Piovanello,Italy
Juve Stabia,Caaniaa,Undisclosed,,Emanuele Torrasi,Italy
Cagliari,Avellino,Loan,,Sebastiano Di Paolo,Italy
Avellino,Casarano,Undisclosed,,Cosimo Patierno,Italy
Palermo,Ascoli,Loan,,Matteo Brunori,Italy
Andrea Pinamonti,Sassuolo,Lazio,Undisclosed,27 August 2026,Italy
Südtirol,Carrarese,Undisclosed,,Jacopo Martini,Italy
Inter,Carrarese,Loan,,Luka Topalović,Italy
Torino,Lecce,Loan,,Ivan Ilić,Italy
Samsunspor,Sampdoria,Loan,,Antoine Makoumbou,Italy
Steaua București,Frosinone,Loan,,Daniel Bîrligea,Italy
Lazio,Padova,Undisclosed,,Gabriele Artistico,Italy
Carrarese,Desenzano,Loan,,Filippo Liberati,Italy
Elia Tantalocchi,Sampdoria,Vicenza,Undisclosed,28 August 2026,Italy
Vicenza,Como,Undisclosed,,Ettore Broggian,Italy
Monza,Carrarese,Loan,,Semuel Pizzignacco,Italy
Carrarese,Catanzaro,Undisclosed,,Marco Imperiale,Italy
Catanzaro,Carrarese,Loan,,Gonçalo Esteves,Italy
Cagliari,Verona,Loan,,Gabriele Zappa,Italy
Napoli,Crotone,Loan,,Lorenzo Russo,Italy
Napoli,Avellino,Undisclosed,,Walid Cheddira,Italy
Pisa,Al-Fateh,Undisclosed,,Adrian Šemper,Italy
Lech Poznań,Udinese,Undisclosed,,Bartosz Mrozek,Italy
Fiorentina,Parma,Loan,,Giovanni Fabbian,Italy
Napoli,Monza,Loan,,Cyril Ngonge,Italy
Parma,Mantova,Loan,,Rachid Kouda,Italy
Como,Leganés,Loan,,Álvaro Morata,Italy
Verona,Charleroi,Undisclosed,,Luca Monticelli,Italy
Sassuolo,Sabadell,Loan,,Patrick Nuamah,Italy
Juventus,Beşiktaş,Loan,,Fabio Miretti,Italy
Lechia Gdańsk,Frosinone,Undisclosed,,Tomáš Bobček,Italy
Catanzaro,Perugia,Loan,,Sayha Seha,Italy
Charlys,Verona,Inter U23,Loan,29 August 2026,Italy
Como,Palermo,Loan,,Alessandro Gabrielloni,Italy
Leeds,Torino,Loan,,Lucas Perri,Italy
Torino,Olympiacos,Undisclosed,,Marcus Holmgren Pedersen,Italy
Al-Ahli,Atalanta,Free,,Franck Kessié,Italy
Sassuolo,Cagliari,Loan,,Riccardo Ciervo,Italy
Cagliari,Sassuolo,Loan,,Sebastiano Esposito,Italy
Milan,Como,Loan,,Samuele Ricci,Italy
Inter,Al Jazira,Loan,,Kristjan Asllani,Italy
Arezzo,Lecco,Loan,,Alessandro Capello,Italy
Padova,Sorrento,Undisclosed,,Jacopo Bacci,Italy
Vis Pesaro,Pisa,Undisclosed,,Alessandro Carnaroli,Italy
Rafael Leão,Milan,Galatasaray,€38M,30 August 2026,Italy
OM,Roma,Loan,,Leonardo Balerdi,Italy
Eintracht Frankfurt,Bologna,Loan,,Arthur Theate,Italy
Atalanta,Roma,Undisclosed,,Marten de Roon,Italy
Como,Sassuolo,Loan,,Ignace Van Der Brempt,Italy
Venezia,Cesena,Loan,,Emil Bohinen,Italy
Torino,Fiorentina,Undisclosed,,Alieu Njie,Italy
Fiorentina,Mantova,Loan,,Eman Košpo,Italy
Mantova,Cittadella,Undisclosed,,Davis Mensah,Italy
Catanzaro,Pisa,Undisclosed,,Filippo Pittarello,Italy
Pisa,Derby County,Loan,,Henrik Meister,Italy
Juventus Next Gen,Cremonese,Loan,,Adin Ličina,Italy
Parma,Västerås,Undisclosed,,Peter Amoran,Italy
Tommaso Macchioni,Sassuolo,Carrarese,Loan,31 August 2026,Italy
Sassuolo,Avellino,Loan,,Filippo Missori,Italy
Roma,Monza,Loan,,Jan Ziółkowski,Italy
Inter,Cagliari,Loan,,Yanis Massolin,Italy
Bari,Juve Stabia,Undisclosed,,Giuseppe Sibilli,Italy
Verona,Cagliari,Free,,Roberto Gagliardini,Italy
Young Boys,Lecce,Undisclosed,,Joël Monteiro,Italy
Midtjylland,Sampdoria,Free,,Kevin Mbabu,Italy
Juventus,Santos,Free,,Arthur Melo,Italy
Unattached,Venezia,Free,,Juan Jesus,Italy
Napoli,Venezia,Loan,,Pasquale Mazzocchi,Italy
Sassuolo,Audace Cerignola,Loan,,Kevin Miranda,Italy
Sassuolo,Catania,Undisclosed,,Fabrizio Caligara,Italy
Como,Monza,Loan,,Noel Törnqvist,Italy
Palermo,Troyes,Loan,,Jérémy Le Douaron,Italy
Milan,Porto,Loan,,Santiago Giménez,Italy
Nottingham Forest,Milan,Loan,,Omari Hutchinson,Italy
Carrarese,Pescara,Loan,,Vincenzo Fiorillo,Italy
Rafik Belghali,Verona,Torino,Undisclosed,1 September 2026,Italy
Vicenza,Sampdoria,Undisclosed,,Samuele Massolo,Italy
Spezia,Empoli,Undisclosed,,Filippo Bandinelli,Italy
Catanzaro,Audace Cerignola,Undisclosed,,Giovanni Volpe,Italy
Genoa,Racing Santander,Undisclosed,,Aarón Martín,Italy
Lyon,Sassuolo,Undisclosed,,Duje Ćaleta-Car,Italy
Atalanta,Sassuolo,Loan,,Ibrahim Sulemana,Italy
Parma,Westerlo,Undisclosed,,Botond Balogh,Italy
Venezia,Heerenveen,Undisclosed,,Marko Farji,Italy
Stuttgart,Udinese,Loan,,Lazar Jovanović,Italy
Sampdoria,Carrarese,Free,,Nicola Ravaglia,Italy
Sampdoria,Parma,Undisclosed,,Simone Ghidotti,Italy
Sampdoria,Roma,Loan,,Lorenzo Paratici,Italy
Monza,Sampdoria,Loan,,Filippo Delli Carri,Italy
Monza,Padova,Loan,,Nicolas Galazzi,Italy
Bologna,Lumezzane,Loan,,Tommaso Ravaglioli,Italy
Crvena zvezda,Bologna,Undisclosed,,Jay Enem,Italy
Sassuolo,Verona,Loan,,Edoardo Iannoni,Italy
Südtirol,Ravenna,Loan,,Daniele Casiraghi,Italy
Juve Stabia,Crotone,Undisclosed,,Cristian Andreoni,Italy
Cesena,Arezzo,Loan,,Marco Olivieri,Italy
Benevento,Scafatese,Undisclosed,,Antonio Ferrara,Italy
Virtus Entella,Lecco,Loan,,Matteo Casarotto,Italy
Lecco,Virtus Entella,Loan,,Marwane Kritta,Italy
Fenerbahçe,Parma,Loan,,Diego Carlos,Italy
Cremonese,Modena,Loan,,Francesco Folino,Italy
Pisa,Carrarese,Loan,,Nicholas Bonfanti,Italy
Atalanta,Juve Stabia,Loan,,Paolo Vismara,Italy
Vicenza,Bari,Undisclosed,,Matteo Della Morte,Italy
Vicenza,Reggiana,Undisclosed,,Michele Cavion,Italy
Empoli,Inter U23,Loan,,Lorenzo Tosto,Italy
Empoli,Bari,Undisclosed,,Flavio Bianchi,Italy
Udinese,Vancouver Whitecaps,Undisclosed,,Rui Modesto,Italy
Fiorentina,Cagliari,Undisclosed,,M'Bala Nzola,Italy
Southampton,Cagliari,Undisclosed,,Yukinari Sugawara,Italy
Parma,Celtic,Loan,,Oliver Sørensen,Italy
Juventus,Atlético Madrid,Loan,,Jonathan David,Italy
Newcastle,Juventus,Loan,,Nick Woltemade,Italy
Milan,Sevilla,Loan,,Youssouf Fofana,Italy
Milan,Südtirol,Loan,,Kevin Zeroli,Italy
Como,Getafe,Loan,,Iván Azón,Italy
Como,Rayo Vallecano,Loan,,Emil Audero,Italy
Como,Carrarese,Undisclosed,,Matthias Braunöder,Italy
Chelsea,Como,Loan,,Robert Sánchez,Italy
Fiorentina,Como,Loan,,Moise Kean,Italy
Lazio,Levante,Loan,,Petar Ratkov,Italy
Lazio,Rennes,Loan,,Boulaye Dia,Italy
Fiorentina,Lazio,Loan,,Albert Guðmundsson,Italy
Roma,RB Leipzig,Loan,,Neil El Aynaoui,Italy
Roma,Hull City,Loan,,Robinio Vaz,Italy
Hull City,Genoa,Undisclosed,,Cody Drameh,Italy
Napoli,Málaga,Loan,,Jens Cajuste,Italy
Napoli,RB Salzburg,Loan,,Jesper Lindstrøm,Italy
Torino,Red Star,Loan,,Côme Bianay Balcot,Italy
Torino,Forlì,Loan,,Tommaso Gabellini,Italy
Torino,Südtirol,Loan,,Mattia Pellini,Italy
Udinese,Monza,Loan,,Saba Goglichidze,Italy
Boca Juniors,Monza,Undisclosed,,Exequiel Zeballos,Italy
Everton,Fiorentina,Undisclosed,,Beto,Italy
Leeds,Fiorentina,Loan,,Wilfried Gnonto,Italy
Sporting,Fiorentina,Loan,,Pedro Gonçalves,Italy
Empoli,Novara,Undisclosed,,Federico Brancolini,Italy
Sporting,Torino,Loan,,Daniel Bragança,Italy
Atalanta,Bologna,Undisclosed,,Federico Cassa,Italy
Werder Bremen,Bologna,Loan,,Samuel Mbangula,Italy
Bologna,Atalanta,Loan,,Jonathan Rowe,Italy
Cagliari,Catania,Loan,,Nicolò Cavuoti,Italy
Avellino,Catania,Undisclosed,,Roberto Insigne,Italy
Como,Borussia Mönchengladbach,Loan,,Nicolas Kühn,Italy
Elfsborg,Venezia,Loan,,Rufai Mohammed,Italy
Barcelona,Venezia,Loan,,Toni Fernández,Italy
Lecce,Grenoble,Loan,,Owen Kouassi,Italy
Radomlje,Catanzaro,Loan,,Andrej Pogačar,Italy
Catanzaro,Crotone,Loan,,Ervin Bashi,Italy
Stephan El Shaarawy,Unattached,Genoa,Free,2 September 2026,Italy
Cagliari,Servette,Loan,,Kingstone Mutandwa,Italy
Ricardo Rodriguez,Unattached,Torino,Free,3 September 2026,Italy
Pisa,Sint-Truiden,Loan,,Jeremy Mbambi,Italy
Pisa,Górnik Zabrze,Undisclosed,,Malthe Højholt,Italy
Unattached,Vicenza,Free,,Fabrizio Bagheria,Italy
Unattached,Genoa,Free,,Kingsley Ehizibue,Italy
Unattached,Carrarese,Free,,Colin Dagba,Italy
Lazio,Al Sadd,Undisclosed,,Alessio Romagnoli,Italy
Ilias Koutsoupias,Frosinone,Frosinone,Loan,4 September 2026,Italy
Avellino,Leuven,Loan,,Alessandro Fontanarosa,Italy
Nathaniel Brown,Eintracht Frankfurt,Bayern Munich,fromEintracht Frankfurt,Summer 2026,Germany
Ismael Saibari,PSV,Bayern Munich,fromPSV,Summer 2026,Germany
Bara Sapoko Ndiaye,Gambinos Stars,Bayern Munich,"from Gambinos Stars, previously on loan",Summer 2026,Germany
Noël Aséko Nkili,Hannover 96,Bayern Munich,fromHannover 96,Summer 2026,Germany
Leon Goretzka,Bayern Munich,Aston Villa,toAston Villa,Summer 2026,Germany
Nicolas Jackson,Bayern Munich,Chelsea,loan return toChelsea,Summer 2026,Germany
Felipe Chávez,Bayern Munich,1. FC Magdeburg,"on loan to1. FC Magdeburg, previously on loan at1. FC Köln",Summer 2026,Germany
Arijon Ibrahimović,Bayern Munich,FC Augsburg,"on loan toFC Augsburg, previously on loan at1. FC Heidenheim",Summer 2026,Germany
Bryan Zaragoza,Bayern Munich,Espanyol,"on loan toEspanyol, previously on loan atRoma",Summer 2026,Germany
Noël Aséko Nkili,Bayern Munich,Eintracht Frankfurt,toEintracht Frankfurt,Summer 2026,Germany
Daniel Peretz,Bayern Munich,Southampton,"toSouthampton, previously on loan",Summer 2026,Germany
Alexander Nübel,Bayern Munich,Beşiktaş,"toBeşiktaş, previously on loan atVfB Stuttgart",Summer 2026,Germany
Noël Aséko Nkili,Bayern Munich,Hannover 96,"toHannover 96, previously on loan",Summer 2026,Germany
João Palhinha,Bayern Munich,Benfica,"toBenfica, previously on loan atTottenham Hotspur",Summer 2026,Germany
Lovro Zvonarek,Bayern Munich,Estrela da Amadora,"toEstrela da Amadora, previously on loan atGrasshopper",Summer 2026,Germany
Maurice Krattenmacher,Bayern Munich,SV Elversberg,"toSV Elversberg, previously on loan atHertha BSC",Summer 2026,Germany
Armindo Sieb,Bayern Munich,Los Angeles FC,"toLos Angeles FC, previously on loan atMainz 05",Summer 2026,Germany
Ethan Nwaneri,Arsenal,Borussia Dortmund,"on loan fromArsenal, previously on loan atMarseille",Summer 2026,Germany
Konstantinos Karetsas,Genk,Borussia Dortmund,fromGenk,Summer 2026,Germany
Joane Gadou,Red Bull Salzburg,Borussia Dortmund,fromRed Bull Salzburg,Summer 2026,Germany
Joey Veerman,PSV,Borussia Dortmund,fromPSV,Summer 2026,Germany
Justin Lerma,Independiente del Valle,Borussia Dortmund,fromIndependiente del Valle,Summer 2026,Germany
Kauã Prates,Cruzeiro,Borussia Dortmund,fromCruzeiro,Summer 2026,Germany
Giannis Konstantelias,PAOK,Borussia Dortmund,fromPAOK,Summer 2026,Germany
Yan Couto,Borussia Dortmund,Como,on loan toComo,Summer 2026,Germany
Salih Özcan,Borussia Dortmund,Beşiktaş,toBeşiktaş,Summer 2026,Germany
Julian Brandt,Borussia Dortmund,Ajax,toAjax,Summer 2026,Germany
Niklas Süle,Borussia Dortmund,SV Tiefenbach,to SV Tiefenbach,Summer 2026,Germany
Karim Adeyemi,Borussia Dortmund,Barcelona,toBarcelona,Summer 2026,Germany
Almugera Kabar,Borussia Dortmund,NEC,on loan toNEC,Summer 2026,Germany
Diant Ramaj,Borussia Dortmund,Copenhagen,"on loan toCopenhagen, previously on loan at1. FC Heidenheim",Summer 2026,Germany
Kjell Wätjen,Borussia Dortmund,Midtjylland,"toMidtjylland, previously on loan atVfL Bochum",Summer 2026,Germany
Cole Campbell,Borussia Dortmund,SV Elversberg,"toSV Elversberg, previously on loan atTSG Hoffenheim",Summer 2026,Germany
Julien Duranville,Borussia Dortmund,Lyon,"toLyon, previously on loan atBasel",Summer 2026,Germany
Ørjan Nyland,Sevilla,RB Leipzig,fromSevilla,Summer 2026,Germany
Maxime Estève,Burnley,RB Leipzig,fromBurnley,Summer 2026,Germany
Marc Guiu,Chelsea,RB Leipzig,fromChelsea,Summer 2026,Germany
Rocco Reitz,Borussia Mönchengladbach,RB Leipzig,fromBorussia Mönchengladbach,Summer 2026,Germany
Neil El Aynaoui,Roma,RB Leipzig,on loan fromRoma,Summer 2026,Germany
Christopher Nkunku,AC Milan,RB Leipzig,on loan fromAC Milan,Summer 2026,Germany
Ota Yamamoto,RB Omiya Ardija,RB Leipzig,fromRB Omiya Ardija,Summer 2026,Germany
Péter Gulácsi,RB Leipzig,Villarreal,toVillarreal,Summer 2026,Germany
El Chadaille Bitshiabu,RB Leipzig,Galatasaray,on loan toGalatasaray,Summer 2026,Germany
Conrad Harder,RB Leipzig,Strasbourg,on loan toStrasbourg,Summer 2026,Germany
Kosta Nedeljković,RB Leipzig,Aston Villa,loan return toAston Villa,Summer 2026,Germany
Ayodele Thomas,RB Leipzig,NEC,toNEC,Summer 2026,Germany
Xaver Schlager,RB Leipzig,Nottingham Forest,toNottingham Forest,Summer 2026,Germany
Yan Diomande,RB Leipzig,Real Madrid,toReal Madrid,Summer 2026,Germany
Ota Yamamoto,RB Leipzig,RB Omiya Ardija,on loan toRB Omiya Ardija,Summer 2026,Germany
Timo Schlieck,RB Leipzig,SC Verl,"on loan toSC Verl, previously on loan atGreuther Fürth",Summer 2026,Germany
Lutsharel Geertruida,RB Leipzig,PSV,"on loan toPSV, previously on loan atSunderland",Summer 2026,Germany
Joyeux Masanka Bungi,RB Leipzig,VfB Stuttgart II,"on loan toVfB Stuttgart II, previously on loan atNew York Red Bulls",Summer 2026,Germany
Arthur Vermeeren,RB Leipzig,Royal Antwerp,"on loan toRoyal Antwerp, previously on loan atMarseille",Summer 2026,Germany
Frederik Jäkel,RB Leipzig,Eintracht Braunschweig,"toEintracht Braunschweig, previously on loan",Summer 2026,Germany
Jonathan Norbye,RB Leipzig,Haugesund,"toHaugesund, previously on loan atFredrikstad",Summer 2026,Germany
Loïs Openda,RB Leipzig,Juventus,"toJuventus, previously on loan",Summer 2026,Germany
Robert Ramšak,RB Leipzig,Aluminij,"toAluminij, previously on loan atSV Sandhausen",Summer 2026,Germany
Bilal El Khannouss,Leicester City,VfB Stuttgart,"fromLeicester City, previously on loan",Summer 2026,Germany
Dženan Pejčinović,VfL Wolfsburg,VfB Stuttgart,fromVfL Wolfsburg,Summer 2026,Germany
Grischa Prömel,TSG Hoffenheim,VfB Stuttgart,fromTSG Hoffenheim,Summer 2026,Germany
Marius Funk,Energie Cottbus,VfB Stuttgart,fromEnergie Cottbus,Summer 2026,Germany
Leo Sauer,Feyenoord,VfB Stuttgart,fromFeyenoord,Summer 2026,Germany
Noah Darvich,VfB Stuttgart,SV Elversberg,on loan toSV Elversberg,Summer 2026,Germany
Chema Andrés,VfB Stuttgart,Brighton & Hove Albion,toBrighton & Hove Albion,Summer 2026,Germany
Alexander Nübel,VfB Stuttgart,Bayern Munich,loan return toBayern Munich,Summer 2026,Germany
Mirza Ćatović,VfB Stuttgart,Barcelona Atlètic,on loan toBarcelona Atlètic,Summer 2026,Germany
Florian Hellstern,VfB Stuttgart,Greuther Fürth,on loan toGreuther Fürth,Summer 2026,Germany
Lazar Jovanović,VfB Stuttgart,Udinese,toUdinese,Summer 2026,Germany
Laurin Ulrich,VfB Stuttgart,SC Paderborn,"on loan toSC Paderborn, previously on loan at1. FC Magdeburg",Summer 2026,Germany
Jovan Milošević,VfB Stuttgart,Braga,"toBraga, previously on loan atWerder Bremen",Summer 2026,Germany
Sean Dulic,1860 Munich,TSG Hoffenheim,from1860 Munich,Summer 2026,Germany
Patrick Wimmer,VfL Wolfsburg,TSG Hoffenheim,fromVfL Wolfsburg,Summer 2026,Germany
Adam Daghim,Red Bull Salzburg,TSG Hoffenheim,"fromRed Bull Salzburg, previously on loan atVfL Wolfsburg",Summer 2026,Germany
Nathan De Cat,Anderlecht,TSG Hoffenheim,fromAnderlecht,Summer 2026,Germany
Cajetan Lenz,VfL Bochum,TSG Hoffenheim,fromVfL Bochum,Summer 2026,Germany
Mats Rots,Twente,TSG Hoffenheim,fromTwente,Summer 2026,Germany
Alessandro Vogt,St. Gallen,TSG Hoffenheim,fromSt. Gallen,Summer 2026,Germany
Muhammed Damar,TSG Hoffenheim,VfL Wolfsburg,toVfL Wolfsburg,Summer 2026,Germany
Cole Campbell,TSG Hoffenheim,Borussia Dortmund,loan return toBorussia Dortmund,Summer 2026,Germany
Bazoumana Touré,TSG Hoffenheim,Newcastle United,toNewcastle United,Summer 2026,Germany
Yannick Eduardo,TSG Hoffenheim,ADO Den Haag,on loan toADO Den Haag,Summer 2026,Germany
Deniz Zeitler,TSG Hoffenheim,SC Paderborn,on loan toSC Paderborn,Summer 2026,Germany
Kelven Frees,TSG Hoffenheim,1. FC Kaiserslautern,on loan to1. FC Kaiserslautern,Summer 2026,Germany
Luka Đurić,TSG Hoffenheim,SC Paderborn,toSC Paderborn,Summer 2026,Germany
Luca Erlein,TSG Hoffenheim,Bayer Leverkusen,toBayer Leverkusen,Summer 2026,Germany
Alessandro Vogt,TSG Hoffenheim,1. FC Heidenheim,on loan to1. FC Heidenheim,Summer 2026,Germany
Nahuel Noll,TSG Hoffenheim,SC Paderborn,"on loan toSC Paderborn, previously on loan atHannover 96",Summer 2026,Germany
Umut Tohumcu,TSG Hoffenheim,Red Bull Salzburg,"on loan toRed Bull Salzburg, previously on loan atHolstein Kiel",Summer 2026,Germany
Gift Orban,TSG Hoffenheim,Amedspor,"on loan toAmedspor, previously on loan atHellas Verona",Summer 2026,Germany
Precious Benjamin,TSG Hoffenheim,Austria Lustenau,"on loan toAustria Lustenau, previously on loan atSCR Altach",Summer 2026,Germany
Erencan Yardımcı,TSG Hoffenheim,1. FC Kaiserslautern,"on loan to1. FC Kaiserslautern, previously on loan atEintracht Braunschweig",Summer 2026,Germany
Stanley Nsoki,TSG Hoffenheim,Union Berlin,"toUnion Berlin, previously on loan",Summer 2026,Germany
Attila Szalai,TSG Hoffenheim,Pogoń Szczecin,"toPogoń Szczecin, previously on loan",Summer 2026,Germany
Hennes Behrens,TSG Hoffenheim,FC Augsburg,"toFC Augsburg, previously on loan at1. FC Heidenheim",Summer 2026,Germany
Dennis Geiger,TSG Hoffenheim,NEC,"toNEC, previously on loan atAberdeen",Summer 2026,Germany
Haris Tabaković,TSG Hoffenheim,Red Bull Salzburg,"toRed Bull Salzburg, previously on loan atBorussia Mönchengladbach",Summer 2026,Germany
Facundo Medina,Marseille,Bayer Leverkusen,fromMarseille,Summer 2026,Germany
Afonso Moreira,Lyon,Bayer Leverkusen,fromLyon,Summer 2026,Germany
Kennet Eichhorn,Hertha BSC,Bayer Leverkusen,fromHertha BSC,Summer 2026,Germany
Kerim Alajbegović,Red Bull Salzburg,Bayer Leverkusen,fromRed Bull Salzburg,Summer 2026,Germany
Ndjicoura Bomba,CS Bamako,Bayer Leverkusen,from CS Bamako,Summer 2026,Germany
Jonas Omlin,Bayer Leverkusen,Borussia Mönchengladbach,loan return toBorussia Mönchengladbach,Summer 2026,Germany
Ernest Poku,Bayer Leverkusen,Beşiktaş,on loan toBeşiktaş,Summer 2026,Germany
Álex Grimaldo,Bayer Leverkusen,Atlético Madrid,toAtlético Madrid,Summer 2026,Germany
Exequiel Palacios,Bayer Leverkusen,Ipswich Town,toIpswich Town,Summer 2026,Germany
Issa Traoré,Bayer Leverkusen,Trenčín,on loan toTrenčín,Summer 2026,Germany
Luca Erlein,Bayer Leverkusen,Energie Cottbus,on loan toEnergie Cottbus,Summer 2026,Germany
Abdoulaye Faye,Bayer Leverkusen,Celta Vigo,"on loan toCelta Vigo, previously on loan atLorient",Summer 2026,Germany
Noah Mbamba,Bayer Leverkusen,Lorient,"on loan toLorient, previously on loan atDender",Summer 2026,Germany
Francis Onyeka,Bayer Leverkusen,SV Elversberg,"on loan toSV Elversberg, previously on loan atVfL Bochum",Summer 2026,Germany
Farid Alfa-Ruprecht,Bayer Leverkusen,Hertha BSC,"on loan toHertha BSC, previously on loan atVfL Bochum",Summer 2026,Germany
Matěj Kovář,Bayer Leverkusen,PSV,"toPSV, previously on loan",Summer 2026,Germany
Piero Hincapié,Bayer Leverkusen,Arsenal,"toArsenal, previously on loan",Summer 2026,Germany
Alejo Sarco,Bayer Leverkusen,Sporting Gijón,"toSporting Gijón, previously on loan atBorussia Mönchengladbach",Summer 2026,Germany
Mio Backhaus,Werder Bremen,SC Freiburg,fromWerder Bremen,Summer 2026,Germany
Yannik Engelhardt,Como,SC Freiburg,"fromComo, previously on loan atBorussia Mönchengladbach",Summer 2026,Germany
Rihito Yamamoto,Sint-Truiden,SC Freiburg,fromSint-Truiden,Summer 2026,Germany
Keisuke Gotō,Anderlecht,SC Freiburg,"fromAnderlecht, previously on loan atSint-Truiden",Summer 2026,Germany
Daniel-Kofi Kyereh,SC Freiburg,VfL Osnabrück,toVfL Osnabrück,Summer 2026,Germany
Karl Steinmann,SC Freiburg,Hannover 96,on loan toHannover 96,Summer 2026,Germany
Johan Manzambi,SC Freiburg,Aston Villa,toAston Villa,Summer 2026,Germany
Eren Dinkçi,SC Freiburg,Werder Bremen,"on loan toWerder Bremen, previously on loan at1. FC Heidenheim",Summer 2026,Germany
Merlin Röhl,SC Freiburg,Everton,"toEverton, previously on loan",Summer 2026,Germany
Robert Wagner,SC Freiburg,Dynamo Dresden,"toDynamo Dresden, previously on loan",Summer 2026,Germany
Noah Weißhaupt,SC Freiburg,Darmstadt 98,"toDarmstadt 98, previously on loan atHannover 96",Summer 2026,Germany
Junior Adamu,SC Freiburg,Schalke 04,"toSchalke 04, previously on loan atCeltic",Summer 2026,Germany
Otávio,Estrela da Amadora,Eintracht Frankfurt,fromEstrela da Amadora,Summer 2026,Germany
Raphael Onyedika,Club Brugge,Eintracht Frankfurt,fromClub Brugge,Summer 2026,Germany
Malik Pimpong,Midtjyllandyouth,Eintracht Frankfurt,fromMidtjyllandyouth,Summer 2026,Germany
Noel Futkeu,Greuther Fürth,Eintracht Frankfurt,fromGreuther Fürth,Summer 2026,Germany
Rasmus Kristensen,Eintracht Frankfurt,Midtjylland,toMidtjylland,Summer 2026,Germany
Ellyes Skhiri,Eintracht Frankfurt,1. FC Köln,to1. FC Köln,Summer 2026,Germany
Michy Batshuayi,Eintracht Frankfurt,Abha,toAbha,Summer 2026,Germany
Noel Futkeu,Eintracht Frankfurt,SV Elversberg,on loan toSV Elversberg,Summer 2026,Germany
Elye Wahi,Eintracht Frankfurt,Nice,reloan toNice,Summer 2026,Germany
Simon Simoni,Eintracht Frankfurt,Luzern,"toLuzern, previously on loan at1. FC Kaiserslautern",Summer 2026,Germany
Hrvoje Smolčić,Eintracht Frankfurt,Çorum,"toÇorum, previously on loan atKocaelispor",Summer 2026,Germany
Junior Dina Ebimbe,Eintracht Frankfurt,Schalke 04,"toSchalke 04, previously on loan atBrest",Summer 2026,Germany
Calvin Brackelmann,SC Paderborn,FC Augsburg,fromSC Paderborn,Summer 2026,Germany
Seol Young-woo,Red Star Belgrade,FC Augsburg,fromRed Star Belgrade,Summer 2026,Germany
Sima Suso,Fortuna Düsseldorf,FC Augsburg,fromFortuna Düsseldorf,Summer 2026,Germany
Rodrigo Ribeiro,Sporting CP,FC Augsburg,"fromSporting CP, previously on loan",Summer 2026,Germany
Faik Sakar,RB Leipzigyouth,FC Augsburg,fromRB Leipzigyouth,Summer 2026,Germany
Michael Gregoritsch,Brøndby,FC Augsburg,"fromBrøndby, previously on loan",Summer 2026,Germany
Tom Wisbereit,Union Berlinyouth,FC Augsburg,fromUnion Berlinyouth,Summer 2026,Germany
Mads Pedersen,FC Augsburg,Hertha BSC,toHertha BSC,Summer 2026,Germany
Elvis Rexhbeçaj,FC Augsburg,VfL Wolfsburg,toVfL Wolfsburg,Summer 2026,Germany
Ismaël Gharbi,FC Augsburg,Braga,loan return toBraga,Summer 2026,Germany
Dimitris Giannoulis,FC Augsburg,PAOK,toPAOK,Summer 2026,Germany
Cédric Zesiger,FC Augsburg,Young Boys,toYoung Boys,Summer 2026,Germany
Keven Schlotterbeck,FC Augsburg,Southampton,toSouthampton,Summer 2026,Germany
Felix Meiser,FC Augsburg,Fortuna Düsseldorf,toFortuna Düsseldorf,Summer 2026,Germany
Oliver Sorg,FC Augsburg,SV Ried,toSV Ried,Summer 2026,Germany
Marcel Łubik,FC Augsburg,Wisła Kraków,"on loan toWisła Kraków, previously on loan atGórnik Zabrze",Summer 2026,Germany
Yusuf Kabadayı,FC Augsburg,Rijeka,"on loan toRijeka, previously on loan atGaziantep",Summer 2026,Germany
Kyliane Dong,FC Augsburg,Bolton Wanderers,"on loan toBolton Wanderers, previously on loan atPau",Summer 2026,Germany
Elias Saad,FC Augsburg,Nashville SC,"on loan toNashville SC, previously on loan atHannover 96",Summer 2026,Germany
Aiman Dardari,FC Augsburg,Rot-Weiss Essen,"on loan toRot-Weiss Essen, previously on loan atGreuther Fürth",Summer 2026,Germany
Maximilian Bauer,FC Augsburg,Arminia Bielefeld,"toArminia Bielefeld, previously on loan",Summer 2026,Germany
David Čolina,FC Augsburg,Zagłębie Lubin,"toZagłębie Lubin, previously on loan atOsijek",Summer 2026,Germany
Henri Koudossou,FC Augsburg,Arminia Bielefeld,"toArminia Bielefeld, previously on loan at1. FC Nürnberg",Summer 2026,Germany
Alexander Schwolow,Heart of Midlothian,Mainz 05,fromHeart of Midlothian,Summer 2026,Germany
Fabio Gruber,1. FC Nürnberg,Mainz 05,from1. FC Nürnberg,Summer 2026,Germany
Stefan Posch,Como,Mainz 05,"fromComo, previously on loan",Summer 2026,Germany
Eric Martel,1. FC Köln,Mainz 05,from1. FC Köln,Summer 2026,Germany
Ransford Königsdörffer,Hamburger SV,Mainz 05,fromHamburger SV,Summer 2026,Germany
Sheraldo Becker,Osasuna,Mainz 05,"fromOsasuna, previously on loan",Summer 2026,Germany
Sōta Kawasaki,Kyoto Sanga,Mainz 05,"fromKyoto Sanga, previously on loan",Summer 2026,Germany
Lasse Rieß,Mainz 05,Fortuna Düsseldorf,on loan toFortuna Düsseldorf,Summer 2026,Germany
Armindo Sieb,Mainz 05,Bayern Munich,loan return toBayern Munich,Summer 2026,Germany
Kasey Bos,Mainz 05,Excelsior,on loan toExcelsior,Summer 2026,Germany
Nikolas Veratschnig,Mainz 05,Red Bull Salzburg,toRed Bull Salzburg,Summer 2026,Germany
Niklas Tauer,Mainz 05,TSV Havelse,toTSV Havelse,Summer 2026,Germany
Daniel Batz,Mainz 05,Borussia Mönchengladbach,toBorussia Mönchengladbach,Summer 2026,Germany
Daniel Gleiber,Mainz 05,1. FC Saarbrücken,on loan to1. FC Saarbrücken,Summer 2026,Germany
Nelson Weiper,Mainz 05,Sturm Graz,on loan toSturm Graz,Summer 2026,Germany
Maxim Dal,Mainz 05,Greuther Fürth,toGreuther Fürth,Summer 2026,Germany
Tom Krauß,Mainz 05,1. FC Köln,"to1. FC Köln, previously on loan",Summer 2026,Germany
Ben Bobzien,Mainz 05,Dynamo Dresden,"toDynamo Dresden, previously on loan",Summer 2026,Germany
Arnaud Nordin,Mainz 05,Rennes,"toRennes, previously on loan",Summer 2026,Germany
Felix Uduokhai,Beşiktaş,Union Berlin,fromBeşiktaş,Summer 2026,Germany
Zeno Van Den Bosch,Royal Antwerp,Union Berlin,fromRoyal Antwerp,Summer 2026,Germany
Marvin Friedrich,Borussia Mönchengladbach,Union Berlin,fromBorussia Mönchengladbach,Summer 2026,Germany
Michel Aebischer,Pisa,Union Berlin,fromPisa,Summer 2026,Germany
Emmanuel Latte Lath,Atlanta United,Union Berlin,on loan fromAtlanta United,Summer 2026,Germany
Danilho Doekhi,Union Berlin,Lazio,toLazio,Summer 2026,Germany
David Preu,Union Berlin,VfB Stuttgart II,toVfB Stuttgart II,Summer 2026,Germany
Dmytro Bohdanov,Union Berlin,Energie Cottbus,on loan toEnergie Cottbus,Summer 2026,Germany
Alex Král,Union Berlin,Copenhagen,toCopenhagen,Summer 2026,Germany
Tim Blaszczak,Union Berlin,FSV Luckenwalde,on loan toFSV Luckenwalde,Summer 2026,Germany
Leon Prosche,Union Berlin,Erzgebirge Aue,on loan toErzgebirge Aue,Summer 2026,Germany
Yannic Stein,Union Berlin,Hansa Rostock,"toHansa Rostock, previously on loan atBabelsberg 03",Summer 2026,Germany
László Bénes,Union Berlin,Gent,"toGent, previously on loan atKayserispor",Summer 2026,Germany
Chris Bedia,Union Berlin,Al-Nasr,"toAl-Nasr, previously on loan atYoung Boys",Summer 2026,Germany
Isac Lidberg,Darmstadt 98,Borussia Mönchengladbach,fromDarmstadt 98,Summer 2026,Germany
Jan Leszczyński,Legia Warsaw,Borussia Mönchengladbach,fromLegia Warsaw,Summer 2026,Germany
Kō Itakura,Ajax,Borussia Mönchengladbach,fromAjax,Summer 2026,Germany
Enzo Leopold,Hannover 96,Borussia Mönchengladbach,fromHannover 96,Summer 2026,Germany
Daiki Hashioka,Slavia Prague,Borussia Mönchengladbach,"on loan fromSlavia Prague, previously on loan atGent",Summer 2026,Germany
David Herold,Karlsruher SC,Borussia Mönchengladbach,fromKarlsruher SC,Summer 2026,Germany
Yukhym Konoplya,Shakhtar Donetsk,Borussia Mönchengladbach,fromShakhtar Donetsk,Summer 2026,Germany
Hugo Bolin,Malmö,Borussia Mönchengladbach,"fromMalmö, previously on loan",Summer 2026,Germany
Zento Uno,Shimizu S-Pulse,Borussia Mönchengladbach,fromShimizu S-Pulse,Summer 2026,Germany
Yannik Engelhardt,Borussia Mönchengladbach,Como,loan return toComo,Summer 2026,Germany
Alejo Sarco,Borussia Mönchengladbach,Bayer Leverkusen,loan return toBayer Leverkusen,Summer 2026,Germany
Giovanni Reyna,Borussia Mönchengladbach,Strasbourg,toStrasbourg,Summer 2026,Germany
Kōta Takai,Borussia Mönchengladbach,Tottenham Hotspur,loan return toTottenham Hotspur,Summer 2026,Germany
Haris Tabaković,Borussia Mönchengladbach,TSG Hoffenheim,loan return toTSG Hoffenheim,Summer 2026,Germany
Nathan Ngoumou,Borussia Mönchengladbach,Nice,toNice,Summer 2026,Germany
Nico Elvedi,Borussia Mönchengladbach,Leeds United,toLeeds United,Summer 2026,Germany
Niklas Swider,Borussia Mönchengladbach,Viktoria Köln,on loan toViktoria Köln,Summer 2026,Germany
Jan Urbich,Borussia Mönchengladbach,Eintracht Braunschweig,on loan toEintracht Braunschweig,Summer 2026,Germany
Tiago Pereira Cardoso,Borussia Mönchengladbach,RAAL La Louvière,on loan toRAAL La Louvière,Summer 2026,Germany
Jonas Omlin,Borussia Mönchengladbach,Basel,"toBasel, previously on loan atBayer Leverkusen",Summer 2026,Germany
Noah Pesch,Borussia Mönchengladbach,Rot-Weiss Essen,"toRot-Weiss Essen, previously on loan at1. FC Magdeburg",Summer 2026,Germany
Shiō Fukuda,Borussia Mönchengladbach,Karlsruher SC,"toKarlsruher SC, previously on loan",Summer 2026,Germany
Grant-Leon Ranos,Borussia Mönchengladbach,Tenerife,"toTenerife, previously on loan atEintracht Braunschweig",Summer 2026,Germany
Bilal Nadir,Marseille,Hamburger SV,fromMarseille,Summer 2026,Germany
Martin Adeline,Troyes,Hamburger SV,fromTroyes,Summer 2026,Germany
Terem Moffi,Nice,Hamburger SV,"fromNice, previously on loan atPorto",Summer 2026,Germany
Albert Grønbæk,Rennes,Hamburger SV,"fromRennes, previously on loan",Summer 2026,Germany
Kofi Amoako,Dynamo Dresden,Hamburger SV,fromDynamo Dresden,Summer 2026,Germany
Patson Daka,Leicester City,Hamburger SV,fromLeicester City,Summer 2026,Germany
Noah Katterbach,Hamburger SV,Eintracht Braunschweig,on loan toEintracht Braunschweig,Summer 2026,Germany
Robert Glatzel,Hamburger SV,VfL Wolfsburg,toVfL Wolfsburg,Summer 2026,Germany
Giorgi Gocholeishvili,Hamburger SV,Shakhtar Donetsk,loan return toShakhtar Donetsk,Summer 2026,Germany
Damion Downs,Hamburger SV,Southampton,loan return toSouthampton,Summer 2026,Germany
Fábio Vieira,Hamburger SV,Arsenal,loan return toArsenal,Summer 2026,Germany
Philip Otele,Hamburger SV,Basel,loan return toBasel,Summer 2026,Germany
Hannes Hermann,Hamburger SV,Jahn Regensburg,on loan toJahn Regensburg,Summer 2026,Germany
Luka Vušković,Hamburger SV,Tottenham Hotspur,loan return toTottenham Hotspur,Summer 2026,Germany
Fábio Baldé,Hamburger SV,Strasbourg,toStrasbourg,Summer 2026,Germany
Aboubaka Soumahoro,Hamburger SV,Mallorca,"on loan toMallorca, previously on loan atSaint-Étienne",Summer 2026,Germany
Łukasz Poręba,Hamburger SV,SV Elversberg,"toSV Elversberg, previously on loan",Summer 2026,Germany
Reigan Heskey,Manchester City,1. FC Köln,fromManchester City,Summer 2026,Germany
Gideon Mensah,Auxerre,1. FC Köln,fromAuxerre,Summer 2026,Germany
Jakub Kamiński,VfL Wolfsburg,1. FC Köln,"fromVfL Wolfsburg, previously on loan",Summer 2026,Germany
Martin James,Paris Saint-Germain,1. FC Köln,fromParis Saint-Germain,Summer 2026,Germany
Jahmai Simpson-Pusey,Manchester City,1. FC Köln,"fromManchester City, previously on loan",Summer 2026,Germany
Paul Okon-Engstler,Sydney FC,1. FC Köln,fromSydney FC,Summer 2026,Germany
Luka Lochoshvili,1. FC Nürnberg,1. FC Köln,from1. FC Nürnberg,Summer 2026,Germany
Thijs Dallinga,Bologna,1. FC Köln,on loan fromBologna,Summer 2026,Germany
Gil Neves,Benfica B,1. FC Köln,fromBenfica B,Summer 2026,Germany
Dominique Heintz,1. FC Köln,Fortuna Düsseldorf,toFortuna Düsseldorf,Summer 2026,Germany
Denis Huseinbašić,1. FC Köln,Braga,toBraga,Summer 2026,Germany
Jakub Kamiński,1. FC Köln,Benfica,toBenfica,Summer 2026,Germany
Felipe Chávez,1. FC Köln,Bayern Munich,loan return toBayern Munich,Summer 2026,Germany
Kristoffer Lund,1. FC Köln,Palermo,loan return toPalermo,Summer 2026,Germany
Youssoupha Niang,1. FC Köln,FC St. Pauli,on loan toFC St. Pauli,Summer 2026,Germany
Cenk Özkacar,1. FC Köln,Valencia,loan return toValencia,Summer 2026,Germany
Fynn Schenten,1. FC Köln,Roda JC Kerkrade,on loan toRoda JC Kerkrade,Summer 2026,Germany
Jusuf Gazibegović,1. FC Köln,Widzew Łódź,"on loan toWidzew Łódź, previously on loan atSturm Graz",Summer 2026,Germany
Rasmus Carstensen,1. FC Köln,AGF,"toAGF, previously on loan",Summer 2026,Germany
Karl Hein,Arsenal,Werder Bremen,"fromArsenal, previously on loan",Summer 2026,Germany
Oskar Wójcik,Cracovia,Werder Bremen,fromCracovia,Summer 2026,Germany
Niclas Füllkrug,West Ham United,Werder Bremen,"on loan fromWest Ham United, previously on loan atAC Milan",Summer 2026,Germany
Ludovit Reis,Club Brugge,Werder Bremen,fromClub Brugge,Summer 2026,Germany
Kenny Quetant,Le Havre,Werder Bremen,fromLe Havre,Summer 2026,Germany
Chuki,Valladolid,Werder Bremen,fromValladolid,Summer 2026,Germany
Dariusz Stalmach,1. FC Magdeburg,Werder Bremen,from1. FC Magdeburg,Summer 2026,Germany
Cedric Itten,Fortuna Düsseldorf,Werder Bremen,fromFortuna Düsseldorf,Summer 2026,Germany
Alexander Schlager,Red Bull Salzburg,Werder Bremen,fromRed Bull Salzburg,Summer 2026,Germany
Darwin Soylu,VfL Wolfsburgyouth,Werder Bremen,fromVfL Wolfsburgyouth,Summer 2026,Germany
Leonardo Bittencourt,Werder Bremen,Energie Cottbus,toEnergie Cottbus,Summer 2026,Germany
Jovan Milošević,Werder Bremen,VfB Stuttgart,loan return toVfB Stuttgart,Summer 2026,Germany
Romano Schmid,Werder Bremen,Frosinone,toFrosinone,Summer 2026,Germany
Isaac Schmidt,Werder Bremen,Leeds United,loan return toLeeds United,Summer 2026,Germany
Karim Coulibaly,Werder Bremen,Strasbourg,toStrasbourg,Summer 2026,Germany
Wesley Adeh,Werder Bremen,Preußen Münster,on loan toPreußen Münster,Summer 2026,Germany
Maximilian Wöber,Werder Bremen,Leeds United,loan return toLeeds United,Summer 2026,Germany
Victor Boniface,Werder Bremen,Bayer Leverkusen,loan return toBayer Leverkusen,Summer 2026,Germany
Leon Opitz,Werder Bremen,VfL Osnabrück,"on loan toVfL Osnabrück, previously on loan atKarlsruher SC",Summer 2026,Germany
Robin Gosens,Fiorentina,Schalke 04,on loan fromFiorentina,Summer 2026,Germany
Satoshi Tanaka,Fortuna Düsseldorf,Schalke 04,fromFortuna Düsseldorf,Summer 2026,Germany
Kevin Müller,1. FC Heidenheim,Schalke 04,"from1. FC Heidenheim, previously on loan",Summer 2026,Germany
Maximilian Wöber,Leeds United,Schalke 04,"fromLeeds United, previously on loan atWerder Bremen",Summer 2026,Germany
Felipe Sánchez,Schalke 04,Santos Laguna,on loan toSantos Laguna,Summer 2026,Germany
Luca Podlech,Schalke 04,Aalesund,on loan toAalesund,Summer 2026,Germany
Mika Wallentowitz,Schalke 04,Greuther Fürth,on loan toGreuther Fürth,Summer 2026,Germany
Peter Remmert,Schalke 04,MSV Duisburg,on loan toMSV Duisburg,Summer 2026,Germany
Martin Wasinski,Schalke 04,Almere City,"on loan toAlmere City, previously on loan atRFC Liège",Summer 2026,Germany
Ilyes Hamache,Schalke 04,Cambuur,"toCambuur, previously on loan atAmiens",Summer 2026,Germany
Elias Etringer,SC Freiburgyouth,SV Elversberg,fromSC Freiburgyouth,Summer 2026,Germany
Luca Sirch,1. FC Kaiserslautern,SV Elversberg,from1. FC Kaiserslautern,Summer 2026,Germany
Bambasé Conté,SV Elversberg,TSG Hoffenheim,loan return toTSG Hoffenheim,Summer 2026,Germany
Jarzinho Malanga,SV Elversberg,VfB Stuttgart,loan return toVfB Stuttgart,Summer 2026,Germany
Mohammad Mahmoud,SV Elversberg,Austria Salzburg,toAustria Salzburg,Summer 2026,Germany
Carlo Sickinger,SV Elversberg,Darmstadt 98,toDarmstadt 98,Summer 2026,Germany
Nyamekye Awortwie-Grant,Energie Cottbus,SC Paderborn,fromEnergie Cottbus,Summer 2026,Germany
Tom Baack,1. FC Nürnberg,SC Paderborn,from1. FC Nürnberg,Summer 2026,Germany
Oliver Batista Meier,Preußen Münster,SC Paderborn,fromPreußen Münster,Summer 2026,Germany
Albert Millgramm,1. FC Magdeburg II,SC Paderborn,from1. FC Magdeburg II,Summer 2026,Germany
Jano ter Horst,Preußen Münster,SC Paderborn,fromPreußen Münster,Summer 2026,Germany
Clemens Lippmann,1860 Munich,SC Paderborn,from1860 Munich,Summer 2026,Germany
Gabriel Vidović,Dinamo Zagreb,SC Paderborn,fromDinamo Zagreb,Summer 2026,Germany
Timur Gayret,SC Verl,SC Paderborn,fromSC Verl,Summer 2026,Germany
Marvin Pieringer,1. FC Heidenheim,SC Paderborn,from1. FC Heidenheim,Summer 2026,Germany
David Kinsombi,SC Paderborn,Würzburger Kickers,toWürzburger Kickers,Summer 2026,Germany
Mika Baur,SC Paderborn,Celtic,toCeltic,Summer 2026,Germany
Lucas Copado,SC Paderborn,Energie Cottbus,toEnergie Cottbus,Summer 2026,Germany
Bennit Bröger,SC Paderborn,Fortuna Köln,on loan toFortuna Köln,Summer 2026,Germany
Dennis Seimen,SC Paderborn,VfB Stuttgart,loan return toVfB Stuttgart,Summer 2026,Germany
Martin Ens,SC Paderborn,MSV Duisburg,"on loan toMSV Duisburg, previously on loan atSC Verl",Summer 2026,Germany
Marco Wörner,SC Paderborn,Jahn Regensburg,"on loan toJahn Regensburg, previously on loan atSC Verl",Summer 2026,Germany
Timon Wellenreuther,Feyenoord,VfL Wolfsburg,fromFeyenoord,Summer 2026,Germany
Hauke Wahl,FC St. Pauli,VfL Wolfsburg,fromFC St. Pauli,Summer 2026,Germany
Fraser Hornby,Darmstadt 98,VfL Wolfsburg,fromDarmstadt 98,Summer 2026,Germany
Fabian Reese,Hertha BSC,VfL Wolfsburg,fromHertha BSC,Summer 2026,Germany
Alexander Bernhardsson,Holstein Kiel,VfL Wolfsburg,fromHolstein Kiel,Summer 2026,Germany
Alessio Besio,SC Freiburg II,VfL Wolfsburg,"fromSC Freiburg II, previously on loan atSC Verl",Summer 2026,Germany
Kamil Grabara,VfL Wolfsburg,Juventus,on loan toJuventus,Summer 2026,Germany
Konstantinos Koulierakis,VfL Wolfsburg,Roma,toRoma,Summer 2026,Germany
Jeanuël Belocian,VfL Wolfsburg,Bayer Leverkusen,loan return toBayer Leverkusen,Summer 2026,Germany
Lovro Majer,VfL Wolfsburg,AEK Athens,toAEK Athens,Summer 2026,Germany
Adam Daghim,VfL Wolfsburg,Red Bull Salzburg,loan return toRed Bull Salzburg,Summer 2026,Germany
Jenson Seelt,VfL Wolfsburg,Sunderland,loan return toSunderland,Summer 2026,Germany
Jesper Lindstrøm,VfL Wolfsburg,Napoli,loan return toNapoli,Summer 2026,Germany
Jonas Wind,VfL Wolfsburg,Braga,toBraga,Summer 2026,Germany
Marius Müller,VfL Wolfsburg,Aberdeen,toAberdeen,Summer 2026,Germany
Till Neininger,VfL Wolfsburg,Dynamo Dresden,on loan toDynamo Dresden,Summer 2026,Germany
Kevin Paredes,VfL Wolfsburg,Utrecht,toUtrecht,Summer 2026,Germany
Jan Bürger,VfL Wolfsburg,PEC Zwolle,toPEC Zwolle,Summer 2026,Germany
Elia Dittrich,VfL Wolfsburg,Eintracht Trier,on loan toEintracht Trier,Summer 2026,Germany
Andreas Skov Olsen,VfL Wolfsburg,İstanbul Başakşehir,"on loan toİstanbul Başakşehir, previously on loan atRangers",Summer 2026,Germany
Bartol Franjić,VfL Wolfsburg,Venezia,"toVenezia, previously on loan",Summer 2026,Germany
Jakub Kamiński,VfL Wolfsburg,1. FC  Köln,"to1. FC  Köln, previously on loan",Summer 2026,Germany
Paul Hennrich,TSG Hoffenheim II,1. FC Heidenheim,fromTSG Hoffenheim II,Summer 2026,Germany
Oualid Mhamdi,SC Verl,1. FC Heidenheim,fromSC Verl,Summer 2026,Germany
Marcel Costly,FC Ingolstadt,1. FC Heidenheim,fromFC Ingolstadt,Summer 2026,Germany
Michael Heule,Thun,1. FC Heidenheim,fromThun,Summer 2026,Germany
Thomas Dähne,1860 Munich,1. FC Heidenheim,from1860 Munich,Summer 2026,Germany
Benedikt Gimber,1. FC Heidenheim,Granada,toGranada,Summer 2026,Germany
Eren Dinkçi,1. FC Heidenheim,SC Freiburg,loan return toSC Freiburg,Summer 2026,Germany
Stefan Schimmer,1. FC Heidenheim,Buriram United,toBuriram United,Summer 2026,Germany
Adrian Beck,1. FC Heidenheim,VfL Osnabrück,on loan toVfL Osnabrück,Summer 2026,Germany
Arijon Ibrahimović,1. FC Heidenheim,Bayern Munich,loan return toBayern Munich,Summer 2026,Germany
Omar Haktab Traoré,1. FC Heidenheim,Udinese,toUdinese,Summer 2026,Germany
Hennes Behrens,1. FC Heidenheim,TSG Hoffenheim,loan return toTSG Hoffenheim,Summer 2026,Germany
Niklas Dorsch,1. FC Heidenheim,Toronto FC,toToronto FC,Summer 2026,Germany
Nick Rothweiler,1. FC Heidenheim,Hessen Kassel,on loan toHessen Kassel,Summer 2026,Germany
Diant Ramaj,1. FC Heidenheim,Borussia Dortmund,loan return toBorussia Dortmund,Summer 2026,Germany
Luka Janeš,1. FC Heidenheim,Tasmania Berlin,"on loan toTasmania Berlin, previously on loan atSonnenhof Großaspach",Summer 2026,Germany
Thomas Keller,1. FC Heidenheim,Dynamo Dresden,"toDynamo Dresden, previously on loan",Summer 2026,Germany
Rony Jansson,Kalmar,FC St. Pauli,fromKalmar,Summer 2026,Germany
Gísli Þórðarson,Lech Poznań,FC St. Pauli,on loan fromLech Poznań,Summer 2026,Germany
Marcus Mathisen,1. FC Magdeburg,FC St. Pauli,from1. FC Magdeburg,Summer 2026,Germany
Branimir Hrgota,Greuther Fürth,FC St. Pauli,fromGreuther Fürth,Summer 2026,Germany
Sam Klein,Brisbane Roar,FC St. Pauli,fromBrisbane Roar,Summer 2026,Germany
Dimitar Mitov,Aberdeen,FC St. Pauli,fromAberdeen,Summer 2026,Germany
Manolis Saliakas,FC St. Pauli,Olympiacos,toOlympiacos,Summer 2026,Germany
Karol Mets,FC St. Pauli,VfL Bochum,toVfL Bochum,Summer 2026,Germany
James Sands,FC St. Pauli,New York City FC,loan return toNew York City FC,Summer 2026,Germany
Jackson Irvine,FC St. Pauli,Cerezo Osaka,toCerezo Osaka,Summer 2026,Germany
Danel Sinani,FC St. Pauli,Sampdoria,toSampdoria,Summer 2026,Germany
Fin Stevens,FC St. Pauli,Leyton Orient,toLeyton Orient,Summer 2026,Germany
Nikola Vasilj,FC St. Pauli,Al-Diriyah,toAl-Diriyah,Summer 2026,Germany
Andréas Hountondji,FC St. Pauli,Burnley,loan return toBurnley,Summer 2026,Germany
Jannik Robatsch,FC St. Pauli,Beveren,on loan toBeveren,Summer 2026,Germany
Emil Gazdov,FC St. Pauli,CF Montréal,loan return toCF Montréal,Summer 2026,Germany
Pascal Loretz,Luzern,Hannover 96,fromLuzern,Summer 2026,Germany
Jean Hugonet,1. FC Magdeburg,Hannover 96,from1. FC Magdeburg,Summer 2026,Germany
Marcel Hartel,St. Louis City SC,Hannover 96,fromSt. Louis City SC,Summer 2026,Germany
Daisuke Yokota,Gent,Hannover 96,"fromGent, previously on loan",Summer 2026,Germany
Yunus Ünal,Hertha BSCyouth,Hannover 96,fromHertha BSCyouth,Summer 2026,Germany
Taycan Etçibaşı,Borussia Dortmund Youth Sector,Hannover 96,fromBorussia Dortmund Youth Sector,Summer 2026,Germany
Nahuel Noll,Hannover 96,TSG Hoffenheim,loan return toTSG Hoffenheim,Summer 2026,Germany
Hendry Blank,Hannover 96,Red Bull Salzburg,loan return toRed Bull Salzburg,Summer 2026,Germany
Maik Nawrocki,Hannover 96,Celtic,loan return toCeltic,Summer 2026,Germany
Noah Weißhaupt,Hannover 96,SC Freiburg,loan return toSC Freiburg,Summer 2026,Germany
Daisuke Yokota,Hannover 96,Rangers,toRangers,Summer 2026,Germany
William Kokolo,Hannover 96,Nacional,on loan toNacional,Summer 2026,Germany
Elias Saad,Hannover 96,FC Augsburg,loan return toFC Augsburg,Summer 2026,Germany
Brooklyn Ezeh,Hannover 96,Dynamo Dresden,toDynamo Dresden,Summer 2026,Germany
Leon-Oumar Wechsel,Hannover 96,Eintracht Trier,"toEintracht Trier, previously on loan atJahn Regensburg",Summer 2026,Germany
Jonas Sterner,Hannover 96,Dynamo Dresden,"toDynamo Dresden, previously on loan",Summer 2026,Germany
Jannik Rochelt,Hannover 96,Arminia Bielefeld,"toArminia Bielefeld, previously on loan",Summer 2026,Germany
Florian Kleinhansl,1. FC Kaiserslautern,Darmstadt 98,from1. FC Kaiserslautern,Summer 2026,Germany
Grayson Dettoni,Bayern Munich II,Darmstadt 98,"fromBayern Munich II, previously on loan",Summer 2026,Germany
Lee Ho-jae,Pohang Steelers,Darmstadt 98,fromPohang Steelers,Summer 2026,Germany
Nicolas Verkooijen,Jong PSV,Darmstadt 98,fromJong PSV,Summer 2026,Germany
Ibrahim El Kadiri,De Graafschap,Darmstadt 98,fromDe Graafschap,Summer 2026,Germany
Hiroki Akiyama,Albirex Niigata,Darmstadt 98,"fromAlbirex Niigata, previously on loan",Summer 2026,Germany
Lars Kehl,VfL Osnabrück,Darmstadt 98,fromVfL Osnabrück,Summer 2026,Germany
Christopher Lannert,Arminia Bielefeld,Darmstadt 98,fromArminia Bielefeld,Summer 2026,Germany
Milan Smit,Stoke City,Darmstadt 98,on loan fromStoke City,Summer 2026,Germany
Lance Duijvestijn,Sparta Rotterdam,Darmstadt 98,"fromSparta Rotterdam, previously on loan atFortuna Sittard",Summer 2026,Germany
Yannik Lührs,TSG Hoffenheim II,Darmstadt 98,fromTSG Hoffenheim II,Summer 2026,Germany
Sergio López,Darmstadt 98,Granada,toGranada,Summer 2026,Germany
Matej Maglica,Darmstadt 98,Kocaelispor,toKocaelispor,Summer 2026,Germany
Serhat-Semih Güler,Darmstadt 98,Sportfreunde Siegen,toSportfreunde Siegen,Summer 2026,Germany
Marco Richter,Darmstadt 98,Mainz 05,loan return toMainz 05,Summer 2026,Germany
Bartosz Białek,Darmstadt 98,Wieczysta Kraków,toWieczysta Kraków,Summer 2026,Germany
Niklas Schmidt,Darmstadt 98,Toulouse,loan return toToulouse,Summer 2026,Germany
Killian Corredor,Darmstadt 98,Nantes,toNantes,Summer 2026,Germany
Leon Klassen,Darmstadt 98,Grazer AK,"toGrazer AK, previously on loan",Summer 2026,Germany
Paul Will,Darmstadt 98,Greuther Fürth,"toGreuther Fürth, previously on loan",Summer 2026,Germany
Alex Murphy,Newcastle United,1. FC Kaiserslautern,on loan fromNewcastle United,Summer 2026,Germany
Ibrahim Kanaté,Anderlecht,1. FC Kaiserslautern,on loan fromAnderlecht,Summer 2026,Germany
Mário Sauer,Toulouse,1. FC Kaiserslautern,on loan fromToulouse,Summer 2026,Germany
Paul Joly,Auxerre,1. FC Kaiserslautern,"fromAuxerre, previously on loan",Summer 2026,Germany
Yannick Onohiol,TSG Hoffenheim II,1. FC Kaiserslautern,fromTSG Hoffenheim II,Summer 2026,Germany
Thierry Tazemeta,Borussia Dortmund Youth Sector,1. FC Kaiserslautern,fromBorussia Dortmund Youth Sector,Summer 2026,Germany
Miloš Luković,Strasbourg,1. FC Kaiserslautern,"on loan fromStrasbourg, previously on loan atPreston North End",Summer 2026,Germany
Mahir Emreli,1. FC Kaiserslautern,Raków Częstochowa,on loan toRaków Częstochowa,Summer 2026,Germany
Erik Wekesser,1. FC Kaiserslautern,Fortuna Düsseldorf,toFortuna Düsseldorf,Summer 2026,Germany
Norman Bassette,1. FC Kaiserslautern,Coventry City,loan return toCoventry City,Summer 2026,Germany
Daniel Hanslik,1. FC Kaiserslautern,VfL Bochum,toVfL Bochum,Summer 2026,Germany
Simon Simoni,1. FC Kaiserslautern,Eintracht Frankfurt,loan return toEintracht Frankfurt,Summer 2026,Germany
Jannis Heuer,1. FC Kaiserslautern,Greuther Fürth,"toGreuther Fürth, previously on loan atPreußen Münster",Summer 2026,Germany
Dickson Abiama,1. FC Kaiserslautern,Rot-Weiss Essen,"toRot-Weiss Essen, previously on loan",Summer 2026,Germany
Faride Alidou,1. FC Kaiserslautern,Holstein Kiel,"toHolstein Kiel, previously on loan atEintracht Braunschweig",Summer 2026,Germany
Oluwaseun Adewumi,Burnley,Hertha BSC,"on loan fromBurnley, previously on loan atCercle Brugge",Summer 2026,Germany
Tjark Ernst,Hertha BSC,Feyenoord,toFeyenoord,Summer 2026,Germany
Michaël Cuisance,Hertha BSC,Lens,toLens,Summer 2026,Germany
Maurice Krattenmacher,Hertha BSC,Bayern Munich,loan return toBayern Munich,Summer 2026,Germany
Marten Winkler,Hertha BSC,Anderlecht,toAnderlecht,Summer 2026,Germany
John Brooks,Hertha BSC,VSG Altglienicke,toVSG Altglienicke,Summer 2026,Germany
Jeremy Dudziak,Hertha BSC,Beijing Guoan,toBeijing Guoan,Summer 2026,Germany
Michał Karbownik,Hertha BSC,İstanbul Başakşehir,toİstanbul Başakşehir,Summer 2026,Germany
Janne Berner,Hertha BSC,SC Verl,on loan toSC Verl,Summer 2026,Germany
Tim Hoffmann,Hertha BSC,SC Verl,toSC Verl,Summer 2026,Germany
Alexis Kalogeropoulos,Olympiacos,1. FC Nürnberg,fromOlympiacos,Summer 2026,Germany
Rayan Ghrieb,1. FC Magdeburg,1. FC Nürnberg,from1. FC Magdeburg,Summer 2026,Germany
Sigurd Haugen,1860 Munich,1. FC Nürnberg,from1860 Munich,Summer 2026,Germany
Andrea Ceresoli,Atalanta U23,1. FC Nürnberg,"fromAtalanta U23, previously on loan atBenevento",Summer 2026,Germany
Mikayil Faye,Rennes,1. FC Nürnberg,"on loan fromRennes, previously on loan atCremonese",Summer 2026,Germany
Fynn Otto,SC Verl,1. FC Nürnberg,fromSC Verl,Summer 2026,Germany
Giannis Masouras,Omonia,1. FC Nürnberg,fromOmonia,Summer 2026,Germany
Can Moustfa,Energie Cottbus,1. FC Nürnberg,fromEnergie Cottbus,Summer 2026,Germany
Xaver Kiefersauer,1860 Munich II,1. FC Nürnberg,from1860 Munich II,Summer 2026,Germany
Danilo Soares,1. FC Nürnberg,Austria Lustenau,toAustria Lustenau,Summer 2026,Germany
Mickaël Biron,1. FC Nürnberg,Batman Petrolspor,on loan toBatman Petrolspor,Summer 2026,Germany
Henri Koudossou,1. FC Nürnberg,FC Augsburg,loan return toFC Augsburg,Summer 2026,Germany
Ayoub Chaikhoun,1. FC Nürnberg,Wehen Wiesbaden,on loan toWehen Wiesbaden,Summer 2026,Germany
Eryk Grzywacz,1. FC Nürnberg,VfL Wolfsburg,loan return toVfL Wolfsburg,Summer 2026,Germany
Berkay Yılmaz,1. FC Nürnberg,SC Freiburg,loan return toSC Freiburg,Summer 2026,Germany
Rabby Nzingoula,1. FC Nürnberg,Strasbourg,loan return toStrasbourg,Summer 2026,Germany
Tarek Buchmann,1. FC Nürnberg,Bayern Munich,loan return toBayern Munich,Summer 2026,Germany
Noah Maboulou,1. FC Nürnberg,Viktoria Köln,on loan toViktoria Köln,Summer 2026,Germany
Xaver Kiefersauer,1. FC Nürnberg,Würzburger Kickers,on loan toWürzburger Kickers,Summer 2026,Germany
Michal Kukučka,1. FC Nürnberg,Jablonec,"on loan toJablonec, previously on loan atKoper",Summer 2026,Germany
Semir Telalović,1. FC Nürnberg,Rot-Weiss Essen,"on loan toRot-Weiss Essen, previously on loan atArminia Bielefeld",Summer 2026,Germany
Jannik Hofmann,1. FC Nürnberg,Rot-Weiss Essen,"toRot-Weiss Essen, previously on loan",Summer 2026,Germany
Nick Seidel,1. FC Nürnberg,SC Verl,"toSC Verl, previously on loan atJahn Regensburg",Summer 2026,Germany
Florian Flick,1. FC Nürnberg,Eintracht Braunschweig,"toEintracht Braunschweig, previously on loan",Summer 2026,Germany
Dustin Forkel,1. FC Nürnberg,Rot-Weiß Erfurt,"toRot-Weiß Erfurt, previously on loan atSchweinfurt 05",Summer 2026,Germany
Yiğit Karademir,VfL Osnabrück,VfL Bochum,fromVfL Osnabrück,Summer 2026,Germany
Enis Çokaj,Panathinaikos,VfL Bochum,"fromPanathinaikos, previously on loan atLevadiakos",Summer 2026,Germany
Christian Rasmussen,Fortuna Düsseldorf,VfL Bochum,fromFortuna Düsseldorf,Summer 2026,Germany
Jean-Manuel Mbom,Viborg,VfL Bochum,fromViborg,Summer 2026,Germany
Berkan Taz,SC Verl,VfL Bochum,fromSC Verl,Summer 2026,Germany
Michael Steinwender,Heart of Midlothian,VfL Bochum,fromHeart of Midlothian,Summer 2026,Germany
Tino Casali,Rot-Weiss Essen,VfL Bochum,fromRot-Weiss Essen,Summer 2026,Germany
Babis Drakas,Borussia Dortmund II,VfL Bochum,fromBorussia Dortmund II,Summer 2026,Germany
Mansour Ouro-Tagba,1. FC Köln II,VfL Bochum,"from1. FC Köln II, previously on loan atVfB Stuttgart II",Summer 2026,Germany
Erhan Mašović,VfL Bochum,Vojvodina,toVojvodina,Summer 2026,Germany
Kjell Wätjen,VfL Bochum,Borussia Dortmund,loan return toBorussia Dortmund,Summer 2026,Germany
Ibrahim Sissoko,VfL Bochum,Muğlaspor,toMuğlaspor,Summer 2026,Germany
Moritz-Broni Kwarteng,VfL Bochum,1. FC Magdeburg,to1. FC Magdeburg,Summer 2026,Germany
Callum Marshall,VfL Bochum,West Ham United,loan return toWest Ham United,Summer 2026,Germany
Francis Onyeka,VfL Bochum,Bayer Leverkusen,loan return toBayer Leverkusen,Summer 2026,Germany
Niclas Thiede,VfL Bochum,ADO Den Haag,toADO Den Haag,Summer 2026,Germany
Daniel Hülsenbusch,VfL Bochum,SSV Ulm,toSSV Ulm,Summer 2026,Germany
Farid Alfa-Ruprecht,VfL Bochum,Bayer Leverkusen,loan return toBayer Leverkusen,Summer 2026,Germany
Darnell Keumo,VfL Bochum,Waldhof Mannheim,on loan toWaldhof Mannheim,Summer 2026,Germany
Kacper Koscierski,VfL Bochum,Alemannia Aachen,on loan toAlemannia Aachen,Summer 2026,Germany
Leandro Morgalla,VfL Bochum,Red Bull Salzburg,loan return toRed Bull Salzburg,Summer 2026,Germany
Mathis Clairicia,VfL Bochum,Sochaux,"toSochaux, previously on loan atAlverca",Summer 2026,Germany
Samuel Bamba,VfL Bochum,Marítimo,"toMarítimo, previously on loan atWillem II",Summer 2026,Germany
Deniz Ofli,Bayern Munich II,Karlsruher SC,on loan fromBayern Munich II,Summer 2026,Germany
Santeri Väänänen,Rosenborg,Karlsruher SC,fromRosenborg,Summer 2026,Germany
Kevin Wiethaup,VfL Osnabrück,Karlsruher SC,fromVfL Osnabrück,Summer 2026,Germany
Moritz Broschinski,Basel,Karlsruher SC,on loan fromBasel,Summer 2026,Germany
Noel Eichinger,Jahn Regensburg,Karlsruher SC,fromJahn Regensburg,Summer 2026,Germany
Paul Scholl,Bayern Munich II,Karlsruher SC,"fromBayern Munich II, previously on loan",Summer 2026,Germany
Ferdinand Gebert,Astoria Walldorf,Karlsruher SC,fromAstoria Walldorf,Summer 2026,Germany
Tim Civeja,1. FC Saarbrücken,Karlsruher SC,from1. FC Saarbrücken,Summer 2026,Germany
Sandro Trémoulet,Radnik Surdulica,Karlsruher SC,fromRadnik Surdulica,Summer 2026,Germany
Viktor Bergh,Djurgården,Karlsruher SC,"fromDjurgården, previously on loan atHansa Rostock",Summer 2026,Germany
Jason Ponente-Ramirez,1. FC Kölnyouth,Karlsruher SC,from1. FC Kölnyouth,Summer 2026,Germany
Stephan Ambrosius,Karlsruher SC,St. Gallen,loan return toSt. Gallen,Summer 2026,Germany
Nicolai Rapp,Karlsruher SC,Dynamo Dresden,toDynamo Dresden,Summer 2026,Germany
Roko Šimić,Karlsruher SC,Cardiff City,loan return toCardiff City,Summer 2026,Germany
Philipp Förster,Karlsruher SC,Fortuna Düsseldorf,toFortuna Düsseldorf,Summer 2026,Germany
Andreas Müller,Karlsruher SC,Fortuna Düsseldorf,on  loan toFortuna Düsseldorf,Summer 2026,Germany
Leon Opitz,Karlsruher SC,Werder Bremen,loan return toWerder Bremen,Summer 2026,Germany
Aki Koch,Karlsruher SC,Machida Zelvia,toMachida Zelvia,Summer 2026,Germany
Meiko Wäschenbach,Karlsruher SC,Alemannia Aachen,toAlemannia Aachen,Summer 2026,Germany
Fabian Schleusener,Karlsruher SC,Fortuna Düsseldorf,toFortuna Düsseldorf,Summer 2026,Germany
Ali-Eren Ersungur,Karlsruher SC,VSG Altglienicke,toVSG Altglienicke,Summer 2026,Germany
Mateo Kritzer,Karlsruher SC,Eintracht Trier,on loan toEintracht Trier,Summer 2026,Germany
Efe-Kaan Sihlaroğlu,Karlsruher SC,Iğdır,toIğdır,Summer 2026,Germany
Noah Rupp,Karlsruher SC,Wil,"toWil, previously on loan atThun",Summer 2026,Germany
Kenneth Schmidt,Fortuna Düsseldorf,Dynamo Dresden,fromFortuna Düsseldorf,Summer 2026,Germany
Kaan İnanoğlu,Eintracht Frankfurt II,Dynamo Dresden,"fromEintracht Frankfurt II, previously on loan atFC Homburg",Summer 2026,Germany
Ahmet Muhamedbegović,Olimpija Ljubljana,Dynamo Dresden,fromOlimpija Ljubljana,Summer 2026,Germany
Tobias Raschl,Preußen Münster,Dynamo Dresden,fromPreußen Münster,Summer 2026,Germany
Simon Straudi,Energie Cottbus,Dynamo Dresden,fromEnergie Cottbus,Summer 2026,Germany
Konrad Faber,Dynamo Dresden,St. Gallen,loan return toSt. Gallen,Summer 2026,Germany
Vinko Šapina,Dynamo Dresden,FC Ingolstadt,toFC Ingolstadt,Summer 2026,Germany
Jason Çeka,Dynamo Dresden,SV Elversberg,loan return toSV Elversberg,Summer 2026,Germany
Julian Pauli,Dynamo Dresden,1. FC Köln,loan return to1. FC Köln,Summer 2026,Germany
Claudio Kammerknecht,Dynamo Dresden,Waldhof Mannheim,toWaldhof Mannheim,Summer 2026,Germany
Tony Menzel,Dynamo Dresden,Rot-Weiss Essen,on loan toRot-Weiss Essen,Summer 2026,Germany
Jan-Hendrik Marx,Dynamo Dresden,Kickers Offenbach,toKickers Offenbach,Summer 2026,Germany
Sascha Risch,Dynamo Dresden,Fortuna Düsseldorf,toFortuna Düsseldorf,Summer 2026,Germany
Marlon Faß,Dynamo Dresden,Sonnenhof Großaspach,"on loan toSonnenhof Großaspach, previously on loan atStuttgarter Kickers",Summer 2026,Germany
Paul Lehmann,Dynamo Dresden,SC Verl,"toSC Verl, previously on loan",Summer 2026,Germany
Dennis Duah,Dynamo Dresden,TSV Havelse,"toTSV Havelse, previously on loan",Summer 2026,Germany
Robin Meißner,Dynamo Dresden,VfL Osnabrück,"toVfL Osnabrück, previously on loan",Summer 2026,Germany
Dominik Kother,Dynamo Dresden,MSV Duisburg,"toMSV Duisburg, previously on loan",Summer 2026,Germany
Niko Takahashi,Cerezo Osaka,Holstein Kiel,"on loan fromCerezo Osaka, previously on loan atAlmere City",Summer 2026,Germany
Sebastian Schonlau,Vancouver Whitecaps,Holstein Kiel,fromVancouver Whitecaps,Summer 2026,Germany
Noah Madsen,Maritimo,Holstein Kiel,fromMaritimo,Summer 2026,Germany
Guillermo Balzi,Newell's Old Boys,Holstein Kiel,"fromNewell's Old Boys, previously on loan atLevadiakos",Summer 2026,Germany
Giorgi Kvilitaia,Metz,Holstein Kiel,fromMetz,Summer 2026,Germany
Gyan de Regt,Excelsior,Holstein Kiel,fromExcelsior,Summer 2026,Germany
Moritz Reimers,Hamburger SV II,Holstein Kiel,fromHamburger SV II,Summer 2026,Germany
Taisei Abe,V-Varen Nagasaki,Holstein Kiel,"on loan fromV-Varen Nagasaki, previously on loan atLuzern",Summer 2026,Germany
Hiroki Sekine,Reims,Holstein Kiel,on loan fromReims,Summer 2026,Germany
Ben Schmit,Eintracht Trier,Holstein Kiel,fromEintracht Trier,Summer 2026,Germany
Marco Komenda,Holstein Kiel,Arka Gdynia,toArka Gdynia,Summer 2026,Germany
Umut Tohumcu,Holstein Kiel,TSG Hoffenheim,loan return toTSG Hoffenheim,Summer 2026,Germany
Aldin Jakupović,Holstein Kiel,Bravo,on loan toBravo,Summer 2026,Germany
Jonas Krumrey,Holstein Kiel,VfL Osnabrück,on loan toVfL Osnabrück,Summer 2026,Germany
Stefan Schwab,Holstein Kiel,SV Ried,toSV Ried,Summer 2026,Germany
Marcus Müller,Holstein Kiel,Wehen Wiesbaden,on loan toWehen Wiesbaden,Summer 2026,Germany
Niklas Niehoff,Holstein Kiel,SCR Altach,on loan toSCR Altach,Summer 2026,Germany
Tyler Doğan,Holstein Kiel,TSV Steinbach,toTSV Steinbach,Summer 2026,Germany
Mladen Cvjetinović,Holstein Kiel,1. FC Saarbrücken,"on loan to1. FC Saarbrücken, previously on loan atEnergie Cottbus",Summer 2026,Germany
Luca Prasse,Holstein Kiel,SV Meppen,"on loan toSV Meppen, previously on loan atFSV Zwickau",Summer 2026,Germany
Tymoteusz Puchacz,Holstein Kiel,Sabah,"toSabah, previously on loan",Summer 2026,Germany
Max Geschwill,Holstein Kiel,Rot-Weiss Essen,"toRot-Weiss Essen, previously on loan at1. FC Magdeburg",Summer 2026,Germany
Louis Köster,Holstein Kiel,Alemannia Aachen,"toAlemannia Aachen, previously on loan atVfL Bochum II",Summer 2026,Germany
Mael Corboz,Arminia Bielefeld,Grenoble,toGrenoble,Summer 2026,Germany
Semir Telalović,Arminia Bielefeld,1. FC Nürnberg,loan return to1. FC Nürnberg,Summer 2026,Germany
Justin Lukas,Arminia Bielefeld,FC Gütersloh,toFC Gütersloh,Summer 2026,Germany
Noah Sarenren Bazee,Arminia Bielefeld,Waldhof Mannheim,toWaldhof Mannheim,Summer 2026,Germany
Max Lippert,Arminia Bielefeld,1. FC Köln II,"to1. FC Köln II, previously on loan",Summer 2026,Germany
Mika Schroers,Arminia Bielefeld,Alemannia Aachen,"toAlemannia Aachen, previously on loan",Summer 2026,Germany
Julian Kania,Arminia Bielefeld,De Graafschap,"toDe Graafschap, previously on loan atVfL Osnabrück",Summer 2026,Germany
Anselmo García MacNulty,PEC Zwolle,1. FC Magdeburg,fromPEC Zwolle,Summer 2026,Germany
Paul Jaeckel,Preußen Münster,1. FC Magdeburg,fromPreußen Münster,Summer 2026,Germany
Emmanuel Iyoha,Fortuna Düsseldorf,1. FC Magdeburg,fromFortuna Düsseldorf,Summer 2026,Germany
Roko Šimić,Cardiff City,1. FC Magdeburg,"on loan fromCardiff City, previously on loan atKarlsruher SC",Summer 2026,Germany
Tony Reitz,Borussia Dortmund II,1. FC Magdeburg,fromBorussia Dortmund II,Summer 2026,Germany
Lee Chung-hyun,Bucheon,1. FC Magdeburg,on loan fromBucheon,Summer 2026,Germany
Kevin Manthey,Werder Bremen II,1. FC Magdeburg,fromWerder Bremen II,Summer 2026,Germany
Torben Müsel,Rot-Weiss Essen,1. FC Magdeburg,fromRot-Weiss Essen,Summer 2026,Germany
Yoon Do-young,Brighton & Hove Albion,1. FC Magdeburg,"on loan fromBrighton & Hove Albion, previously on loan atDordrecht",Summer 2026,Germany
Laurin Ulrich,1. FC Magdeburg,VfB Stuttgart,loan return toVfB Stuttgart,Summer 2026,Germany
Maximilian Breunig,1. FC Magdeburg,1. FC Heidenheim,loan return to1. FC Heidenheim,Summer 2026,Germany
Noah Pesch,1. FC Magdeburg,Borussia Mönchengladbach,loan return toBorussia Mönchengladbach,Summer 2026,Germany
Alexander Ahl Holmström,1. FC Magdeburg,OB,toOB,Summer 2026,Germany
Connor Krempicki,1. FC Magdeburg,Borussia Dortmund II,toBorussia Dortmund II,Summer 2026,Germany
Silas Gnaka,1. FC Magdeburg,ML Vitebsk,toML Vitebsk,Summer 2026,Germany
Aleksa Marušić,1. FC Magdeburg,Radnički 1923,toRadnički 1923,Summer 2026,Germany
Philipp Hercher,1. FC Magdeburg,Wehen Wiesbaden,toWehen Wiesbaden,Summer 2026,Germany
Max Geschwill,1. FC Magdeburg,Holstein Kiel,loan return toHolstein Kiel,Summer 2026,Germany
Robert Leipertz,1. FC Magdeburg,Greifswalder FC,toGreifswalder FC,Summer 2026,Germany
Yann Sturm,SC Freiburg II,Eintracht Braunschweig,"fromSC Freiburg II, previously on loan atFC Ingolstadt",Summer 2026,Germany
Maximilian Entrup,LASK,Eintracht Braunschweig,fromLASK,Summer 2026,Germany
Samuele Di Benedetto,VfB Stuttgart II,Eintracht Braunschweig,fromVfB Stuttgart II,Summer 2026,Germany
Arlet Junior Zé,Basel,Eintracht Braunschweig,"fromBasel, previously on loan atMidtjylland",Summer 2026,Germany
Tristan Wagner,Greifswalder FC,Eintracht Braunschweig,fromGreifswalder FC,Summer 2026,Germany
Benjamin Uphoff,Hansa Rostock,Eintracht Braunschweig,fromHansa Rostock,Summer 2026,Germany
Nick Bodon,Schalke 04youth,Eintracht Braunschweig,fromSchalke 04youth,Summer 2026,Germany
Damjan Kovačević,TSV Hartberg,Eintracht Braunschweig,fromTSV Hartberg,Summer 2026,Germany
Patrick Nkoa,Eintracht Braunschweig,RAAL La Louvière,toRAAL La Louvière,Summer 2026,Germany
Fabio Kaufmann,Eintracht Braunschweig,BG Pathum United,toBG Pathum United,Summer 2026,Germany
Erencan Yardımcı,Eintracht Braunschweig,TSG Hoffenheim,loan return toTSG Hoffenheim,Summer 2026,Germany
Faride Alidou,Eintracht Braunschweig,1. FC Kaiserslautern,loan return to1. FC Kaiserslautern,Summer 2026,Germany
Elhan Kastrati,Eintracht Braunschweig,Athens Kallithea,toAthens Kallithea,Summer 2026,Germany
Grant-Leon Ranos,Eintracht Braunschweig,Borussia Mönchengladbach,loan return toBorussia Mönchengladbach,Summer 2026,Germany
Marko Rajkovačić,Eintracht Braunschweig,Würzburger Kickers,toWürzburger Kickers,Summer 2026,Germany
Ken Izekor,Eintracht Braunschweig,Bayer Leverkusen,loan return toBayer Leverkusen,Summer 2026,Germany
Jona Borsum,Eintracht Braunschweig,SV Meppen,"on loan toSV Meppen, previously on loan atKickers Offenbach",Summer 2026,Germany
Justin Duda,Eintracht Braunschweig,1. FC Lokomotive Leipzig,"to1. FC Lokomotive Leipzig, previously on loan atSG Barockstadt",Summer 2026,Germany
Walid Ould-Chikh,Eintracht Braunschweig,Heracles Almelo,"toHeracles Almelo, previously on loan",Summer 2026,Germany
Shinta Appelkamp,Fortuna Düsseldorf,Greuther Fürth,fromFortuna Düsseldorf,Summer 2026,Germany
Ole Pohlmann,Rio Ave,Greuther Fürth,fromRio Ave,Summer 2026,Germany
Omar Megeed,Hamburger SV II,Greuther Fürth,fromHamburger SV II,Summer 2026,Germany
Benjamin Zank,Viktoria Köln,Greuther Fürth,fromViktoria Köln,Summer 2026,Germany
Krisztián Keresztes,Nyíregyháza,Greuther Fürth,"on loan fromNyíregyháza, previously on loan atDundee United",Summer 2026,Germany
Christian Ortag,SSV Ulm,Greuther Fürth,fromSSV Ulm,Summer 2026,Germany
Philipp Ziereis,Greuther Fürth,Melbourne Victory,toMelbourne Victory,Summer 2026,Germany
Reno Münz,Greuther Fürth,Westerlo,toWesterlo,Summer 2026,Germany
Aiman Dardari,Greuther Fürth,FC Augsburg,loan return toFC Augsburg,Summer 2026,Germany
Jomaine Consbruch,Greuther Fürth,Fortuna Düsseldorf,toFortuna Düsseldorf,Summer 2026,Germany
Felix Higl,Greuther Fürth,Preußen Münster,toPreußen Münster,Summer 2026,Germany
Timo Schlieck,Greuther Fürth,RB Leipzig,loan return toRB Leipzig,Summer 2026,Germany
Juan Ignacio Cabrera,Greuther Fürth,Vaduz,toVaduz,Summer 2026,Germany
Brynjar Ingi Bjarnason,Greuther Fürth,Sønderjyske,toSønderjyske,Summer 2026,Germany
Maximilian Dietz,Greuther Fürth,Górnik Zabrze,toGórnik Zabrze,Summer 2026,Germany
David Abrangao,Greuther Fürth,Würzburger Kickers,on loan toWürzburger Kickers,Summer 2026,Germany
Keyan Varela,Greuther Fürth,Servette,loan return toServette,Summer 2026,Germany
Sayfallah Ltaief,Greuther Fürth,Twente,loan return toTwente,Summer 2026,Germany
Matti Wagner,Greuther Fürth,Alemannia Aachen,"toAlemannia Aachen, previously on loan",Summer 2026,Germany
Mathias Olesen,Greuther Fürth,Sønderjyske,"toSønderjyske, previously on loan atGrazer AK",Summer 2026,Germany
Joel Abu Hanna,Levadiakos,VfL Osnabrück,fromLevadiakos,Summer 2026,Germany
Jonathan Wensing,SV Meppen,VfL Osnabrück,fromSV Meppen,Summer 2026,Germany
Leonhard Münst,Viktoria Köln,VfL Osnabrück,fromViktoria Köln,Summer 2026,Germany
Luca Raimund,Fortuna Düsseldorf,VfL Osnabrück,fromFortuna Düsseldorf,Summer 2026,Germany
Lukas Bornschein,Hamburger SV II,VfL Osnabrück,fromHamburger SV II,Summer 2026,Germany
Konrad Faber,St. Gallen,VfL Osnabrück,"fromSt. Gallen, previously on loan atDynamo Dresden",Summer 2026,Germany
Frederik Christensen,VfL Osnabrück,Brommapojkarna,loan return toBrommapojkarna,Summer 2026,Germany
Julian Kania,VfL Osnabrück,Arminia Bielefeld,loan return toArminia Bielefeld,Summer 2026,Germany
Kai Pröger,VfL Osnabrück,VfB Oldenburg,toVfB Oldenburg,Summer 2026,Germany
Kevin Schumacher,VfL Osnabrück,TSV Havelse,toTSV Havelse,Summer 2026,Germany
Luc Ihorst,VfL Osnabrück,Kickers Emden,toKickers Emden,Summer 2026,Germany
Lukas Jonsson,VfL Osnabrück,Djurgården,toDjurgården,Summer 2026,Germany
Mats Remberg,VfL Osnabrück,1. FC Bocholt,to1. FC Bocholt,Summer 2026,Germany
Lion Semić,VfL Osnabrück,Greifswalder FC,"on loan toGreifswalder FC, previously on loan atHelmond Sport",Summer 2026,Germany
Ibrahim Touray,VfL Osnabrück,Kickers Emden,"on loan toKickers Emden, previously on loan atSSV Jeddeloh",Summer 2026,Germany
Rohin Shivani,VfL Osnabrück,Sportfreunde Lotte,"on loan toSportfreunde Lotte, previously on loan atVfB Lübeck",Summer 2026,Germany
Finn Cramer,VfL Osnabrück,BFC Preussen,"toBFC Preussen, previously on loan atSSV Jeddeloh",Summer 2026,Germany
Marcel Lotka,Fortuna Düsseldorf,Energie Cottbus,fromFortuna Düsseldorf,Summer 2026,Germany
King Manu,Fortuna Düsseldorf,Energie Cottbus,"fromFortuna Düsseldorf, previously on loan",Summer 2026,Germany
Christian Kinsombi,Hansa Rostock,Energie Cottbus,fromHansa Rostock,Summer 2026,Germany
Ryan Malone,Erzgebirge Aue,Energie Cottbus,fromErzgebirge Aue,Summer 2026,Germany
Julian Guttau,Erzgebirge Aue,Energie Cottbus,fromErzgebirge Aue,Summer 2026,Germany
Yusuf Wardak,Waldhof Mannheim,Energie Cottbus,"fromWaldhof Mannheim, previously on loan atVfB Lübeck",Summer 2026,Germany
Fousseny Doumbia,Eintracht Frankfurt II,Energie Cottbus,on loan fromEintracht Frankfurt II,Summer 2026,Germany
Kevin Kratzsch,Rot-Weiß Oberhausen,Energie Cottbus,fromRot-Weiß Oberhausen,Summer 2026,Germany
Tolga Ciğerci,Energie Cottbus,VSG Altglienicke,toVSG Altglienicke,Summer 2026,Germany
Mladen Cvjetinović,Energie Cottbus,Holstein Kiel,loan return toHolstein Kiel,Summer 2026,Germany
Ted Tattermusch,Energie Cottbus,VSG Altglienicke,toVSG Altglienicke,Summer 2026,Germany
Dennis Slamar,Energie Cottbus,Chemnitzer FC,toChemnitzer FC,Summer 2026,Germany
Finn Heidrich,Energie Cottbus,Erzgebirge Aue,toErzgebirge Aue,Summer 2026,Germany
Janis Juckel,Energie Cottbus,Greifswalder FC,toGreifswalder FC,Summer 2026,Germany
Gianluca Pelzer,Energie Cottbus,Eintracht Trier,"on loan toEintracht Trier, previously on loan atVfB Lübeck",Summer 2026,Germany
Ville Koski,Istra 1961,Alavés,"fromIstra 1961, previously on loan",Summer 2026,Spain
Miguel Rodríguez,Utrecht,Alavés,fromUtrecht,Summer 2026,Spain
Mikel Rodríguez,Real Sociedad B,Alavés,fromReal Sociedad B,Summer 2026,Spain
Nicolás Valentini,Fiorentina,Alavés,fromFiorentina,Summer 2026,Spain
Calebe,Alavés,Fortaleza,"loan return toFortaleza, later loaned toInternacional",Summer 2026,Spain
Moussa Diarra,Alavés,Al Wahda,"toAl Wahda, previously on loan atAnderlecht",Summer 2026,Spain
Ibrahim Diabate,Alavés,GAIS,loan return toGAIS,Summer 2026,Spain
Raúl Fernández,Alavés,Leganés,toLeganés,Summer 2026,Spain
Jon Guridi,Alavés,Sevilla,toSevilla,Summer 2026,Spain
Jesús Owono,Alavés,Andorra,"toAndorra, previously on loan",Summer 2026,Spain
Jon Pacheco,Alavés,Real Sociedad,loan return toReal Sociedad,Summer 2026,Spain
Víctor Parada,Alavés,Spartak Moscow,toSpartak Moscow,Summer 2026,Spain
Asier Villalibre,Alavés,Racing de Santander,"toRacing de Santander, previously on loan",Summer 2026,Spain
Unai Gómez,Athletic Bilbao,Udinese,toUdinese,Summer 2026,Spain
Urko Izeta,Athletic Bilbao,Cádiz,toCádiz,Summer 2026,Spain
Alejandro Grimaldo,Bayer Leverkusen,Atlético Madrid,fromBayer Leverkusen,Summer 2026,Spain
Morten Hjulmand,Sporting Lisbon,Atlético Madrid,fromSporting Lisbon,Summer 2026,Spain
Lee Kang-in,Paris Saint-Germain,Atlético Madrid,fromParis Saint-Germain,Summer 2026,Spain
Antoine Griezmann,Atlético Madrid,Orlando City,toOrlando City,Summer 2026,Spain
Clément Lenglet,Atlético Madrid,Benfica,toBenfica,Summer 2026,Spain
Anthony Gordon,Newcastle United,Barcelona,fromNewcastle United,Summer 2026,Spain
Robert Lewandowski,Barcelona,Chicago Fire,toChicago Fire,Summer 2026,Spain
Marcus Rashford,Barcelona,Manchester United,"loan return toManchester United, later TBD",Summer 2026,Spain
Facundo Bernal,Fluminense,Betis,fromFluminense,Summer 2026,Spain
Diego Conde,Villarreal,Betis,on loan fromVillarreal,Summer 2026,Spain
Fran García,Real Madrid,Betis,fromReal Madrid,Summer 2026,Spain
Sergi Altimira,Betis,Sporting Lisbon,toSporting Lisbon,Summer 2026,Spain
Chimy Ávila,Betis,TBD,to TBD,Summer 2026,Spain
Cédric Bakambu,Betis,TBD,to TBD,Summer 2026,Spain
Pau López,Betis,Andorra,toAndorra,Summer 2026,Spain
Ricardo Rodriguez,Betis,TBD,to TBD,Summer 2026,Spain
Aleix Febas,Elche,Celta Vigo,fromElche,Summer 2026,Spain
Javi Galán,Osasuna,Celta Vigo,fromOsasuna,Summer 2026,Spain
Joseph Aidoo,Celta Vigo,TBD,to TBD,Summer 2026,Spain
Franco Cervi,Celta Vigo,Rosario Central,toRosario Central,Summer 2026,Spain
Fer López,Celta Vigo,Wolverhampton Wanderers,"loan return toWolverhampton Wanderers, later TBD",Summer 2026,Spain
Óscar Mingueza,Celta Vigo,Crystal Palace,toCrystal Palace,Summer 2026,Spain
Mihailo Ristić,Celta Vigo,TBD,to TBD,Summer 2026,Spain
Hugo Sotelo,Celta Vigo,Levante,on loan toLevante,Summer 2026,Spain
Marc Vidal,Celta Vigo,TBD,to TBD,Summer 2026,Spain
Lorenzo Amatucci,Fiorentina,Deportivo A Coruña,"fromFiorentina, previously on loan atLas Palmas",Summer 2026,Spain
Pierre-Emerick Aubameyang,Olympique Marseille,Deportivo A Coruña,fromOlympique Marseille,Summer 2026,Spain
Jonathan Asp Jensen,Bayern Munich II,Deportivo A Coruña,"fromBayern Munich II, previously on loan atGrasshopper",Summer 2026,Spain
Bright Ede,Motor Lublin,Deportivo A Coruña,fromMotor Lublin,Summer 2026,Spain
Teun Gijselhart,De Graafschap,Deportivo A Coruña,fromDe Graafschap,Summer 2026,Spain
Leo Román,Mallorca,Deportivo A Coruña,fromMallorca,Summer 2026,Spain
Sergio Escudero,Deportivo A Coruña,Zaragoza,toZaragoza,Summer 2026,Spain
José Gragera,Deportivo A Coruña,Espanyol,"loan return toEspanyol, later loaned toBurgos",Summer 2026,Spain
Cristian Herrera,Deportivo A Coruña,TBD,to TBD,Summer 2026,Spain
Fer Niño,Burgos,Elche,fromBurgos,Summer 2026,Spain
Rafa Mir,Elche,Sevilla,"loan return toSevilla, later TBD",Summer 2026,Spain
Léo Pétrot,Elche,Anderlecht,toAnderlecht,Summer 2026,Spain
Álvaro Rodríguez,Elche,Bournemouth,toBournemouth,Summer 2026,Spain
André Silva,Elche,Porto,toPorto,Summer 2026,Spain
Álex Calatrava,Castellón,Espanyol,fromCastellón,Summer 2026,Spain
Quilindschy Hartman,Burnley,Espanyol,on loan fromBurnley,Summer 2026,Spain
Gabriel Moscardo,Paris Saint-Germain,Espanyol,"on loan fromParis Saint-Germain, previously on loan atBraga",Summer 2026,Spain
Fernando Calero,Espanyol,Málaga,toMálaga,Summer 2026,Spain
Antoniu Roca,Espanyol,Mallorca,on loan toMallorca,Summer 2026,Spain
Carlos Romero,Espanyol,Villarreal,loan return toVillarreal,Summer 2026,Spain
José Salinas,Espanyol,Málaga,on loan toMálaga,Summer 2026,Spain
Ramon Terrats,Espanyol,Villarreal,"loan return toVillarreal, later signed byGetafe",Summer 2026,Spain
Andrés García,Aston Villa,Getafe,on loan fromAston Villa,Summer 2026,Spain
Ramón Terrats,Villarreal,Getafe,"fromVillarreal, previouly on loan atEspanyol",Summer 2026,Spain
Jean Ives Valou,Villarreal B,Getafe,on loan fromVillarreal B,Summer 2026,Spain
Mauro Arambarri,Getafe,River Plate,toRiver Plate,Summer 2026,Spain
Domingos Duarte,Getafe,TBD,to TBD,Summer 2026,Spain
Juan Iglesias,Getafe,Sevilla,toSevilla,Summer 2026,Spain
Allan Nyom,Getafe,TBD,to TBD,Summer 2026,Spain
Diego Rico,Getafe,TBD,to TBD,Summer 2026,Spain
Luis Vázquez,Getafe,Anderlecht,"loan return toAnderlecht, later signed byBirmingham City",Summer 2026,Spain
Enzo Bardeli,Dunkerque,Levante,fromDunkerque,Summer 2026,Spain
Aïssa Mandi,Lille,Levante,fromLille,Summer 2026,Spain
Dani Requena,Villarreal,Levante,"on loan fromVillarreal, previously on loan atCórdoba",Summer 2026,Spain
Pablo Martínez,Levante,TBD,to TBD,Summer 2026,Spain
José Luis Morales,Levante,TBD,to TBD,Summer 2026,Spain
Diego Pampín,Levante,Granada,toGranada,Summer 2026,Spain
Ugo Raghouber,Levante,Lille,"loan return toLille, later signed byBurnley",Summer 2026,Spain
Mathew Ryan,Levante,TBD,to TBD,Summer 2026,Spain
Juan Cruz,Leganés,Málaga,on loan fromLeganés,Summer 2026,Spain
Darko Brašanac,Málaga,TBD,to TBD,Summer 2026,Spain
Josué Dorrio,Málaga,TBD,to TBD,Summer 2026,Spain
Jokin Gabilondo,Málaga,Zaragoza,toZaragoza,Summer 2026,Spain
Víctor García,Málaga,TBD,to TBD,Summer 2026,Spain
Javi Montero,Málaga,TBD,to TBD,Summer 2026,Spain
Jonathan Dubasin,Sporting Gijón,Osasuna,fromSporting Gijón,Summer 2026,Spain
Juan Cruz,Osasuna,Oviedo,toOviedo,Summer 2026,Spain
Víctor Muñoz,Osasuna,Liverpool,toLiverpool,Summer 2026,Spain
Sergio Canales,Monterrey,Racing Santander,fromMonterrey,Summer 2026,Spain
Yassir Zabiri,Rennes,Racing Santander,on loan fromRennes,Summer 2026,Spain
Aritz Aldasoro,Racing Santander,Oviedo,on loan toOviedo,Summer 2026,Spain
Javi Castro,Racing Santander,Cádiz,toCádiz,Summer 2026,Spain
Jokin Ezkieta,Racing Santander,Cádiz,on loan toCádiz,Summer 2026,Spain
Mario García,Racing Santander,Widzew Łódź,toWidzew Łódź,Summer 2026,Spain
Jaime Mata,Racing Santander,TBD,to TBD,Summer 2026,Spain
Damían Rodríguez,Racing Santander,Celta Vigo,"loan return toCelta Vigo, later TBD",Summer 2026,Spain
Marco Sangalli,Racing Santander,TBD,to TBD,Summer 2026,Spain
Pacha Espino,Rayo Vallecano,Racing Avellaneda,toRacing Avellaneda,Summer 2026,Spain
Abdul Mumin,Rayo Vallecano,TBD,to TBD,Summer 2026,Spain
Marc Cucurella,Chelsea,Real Madrid,fromChelsea,Summer 2026,Spain
Denzel Dumfries,Inter Milan,Real Madrid,fromInter Milan,Summer 2026,Spain
Ibrahima Konaté,Liverpool,Real Madrid,fromLiverpool,Summer 2026,Spain
Bernardo Silva,Manchester City,Real Madrid,fromManchester City,Summer 2026,Spain
Endrick,Lyon,Real Madrid,loan return fromLyon,Summer 2026,Spain
Carlos Espí,Levante,Real Madrid,fromLevante,Summer 2026,Spain
David Alaba,Real Madrid,TBD,to TBD,Summer 2026,Spain
Dani Carvajal,Real Madrid,TBD,to TBD,Summer 2026,Spain
Dani Ceballos,Real Madrid,Betis,toBetis,Summer 2026,Spain
Aritz Elustondo,Real Sociedad,PAOK Thessaloniki,toPAOK Thessaloniki,Summer 2026,Spain
Brais Méndez,Real Sociedad,Columbus Crew,toColumbus Crew,Summer 2026,Spain
Julio Díaz,Atlético Madrid B,Sevilla,fromAtlético Madrid B,Summer 2026,Spain
Arouna Sangante,Le Havre,Sevilla,fromLe Havre,Summer 2026,Spain
Akor Adams,Sevilla,Venezia,toVenezia,Summer 2026,Spain
Nemanja Gudelj,Sevilla,TBD,to TBD,Summer 2026,Spain
Tanguy Nianzou,Sevilla,Lille,toLille,Summer 2026,Spain
Justin de Haas,Famalicão,Valencia,fromFamalicão,Summer 2026,Spain
Aliou Dieng,Al-Ahly,Valencia,fromAl-Ahly,Summer 2026,Spain
Ryunosuke Sato,FC Tokyo,Valencia,fromFC Tokyo,Summer 2026,Spain
Lucas Beltrán,Valencia,Fiorentina,"loan return toFiorentina, later loaned toRiver Plate",Summer 2026,Spain
Eray Cömert,Valencia,Torino,toTorino,Summer 2026,Spain
Thierry Correia,Valencia,Venezia,toVenezia,Summer 2026,Spain
Baptiste Santamaria,Valencia,PAOK Thessaloniki,toPAOK Thessaloniki,Summer 2026,Spain
Dani Parejo,Villarreal,TBD,to TBD,Summer 2026,Spain
Arnau Tenas,Villarreal,Mallorca,on loan toMallorca,Summer 2026,Spain
José Corpas,Eibar,Albacete,fromEibar,Summer 2026,Spain
Carlos Marín,Córdoba,Albacete,fromCórdoba,Summer 2026,Spain
Sergio Ortuño,Cádiz,Albacete,fromCádiz,Summer 2026,Spain
Mario Soberón,Zaragoza,Albacete,fromZaragoza,Summer 2026,Spain
Jefté Betancor,Albacete,Olympiacos,"loan return toOlympiacos, later signed byLas Palmas",Summer 2026,Spain
Jonathan Gómez,Albacete,PAOK Thessaloniki,loan return toPAOK Thessaloniki,Summer 2026,Spain
José Carlos Lazo,Albacete,TBD,to TBD,Summer 2026,Spain
Raúl Lizoain,Albacete,Granada,toGranada,Summer 2026,Spain
Ale Meléndez,Albacete,Ceuta,toCeuta,Summer 2026,Spain
Brian Cipenga,Castellón,Almería,fromCastellón,Summer 2026,Spain
Quim Junyent,Barcelona Juvenil A,Almería,fromBarcelona Juvenil A,Summer 2026,Spain
Andrej Popović,Hellas Verona Primavera,Almería,fromHellas Verona Primavera,Summer 2026,Spain
Jorge Pulido,Huesca,Almería,fromHuesca,Summer 2026,Spain
Álex Sola,Granada,Almería,fromGranada,Summer 2026,Spain
Álex Centelles,Almería,Levski Sofia,toLevski Sofia,Summer 2026,Spain
Arnau Puigmal,Almería,Mallorca,toMallorca,Summer 2026,Spain
Jordi Cano,Europa,Andorra,fromEuropa,Summer 2026,Spain
Andoni López,Ponferradina,Andorra,fromPonferradina,Summer 2026,Spain
Nacho Quintana,Eldense,Andorra,fromEldense,Summer 2026,Spain
Julian Rijkhoff,Jong Ajax,Andorra,on loan fromJong Ajax,Summer 2026,Spain
Aron Rodrigo,Huesca B,Andorra,fromHuesca B,Summer 2026,Spain
Randy Schneider,Winterthur,Andorra,fromWinterthur,Summer 2026,Spain
Juan Sebastián,Zaragoza,Andorra,fromZaragoza,Summer 2026,Spain
Moró Sidibe,Atlètic Lleida,Andorra,fromAtlètic Lleida,Summer 2026,Spain
Hugo Solozábal,Getafe B,Andorra,fromGetafe B,Summer 2026,Spain
Yeray Cabanzón,Andorra,Racing Santander,"loan return toRacing Santander, later signed byValladolid",Summer 2026,Spain
Marc Cardona,Andorra,TBD,to TBD,Summer 2026,Spain
Imanol García de Albéniz,Andorra,Sparta Prague,"loan return toSparta Prague, later signed byEibar",Summer 2026,Spain
Jastin García,Andorra,Girona,loan return toGirona,Summer 2026,Spain
Álvaro Martín,Andorra,Castellón,toCastellón,Summer 2026,Spain
Manu Nieto,Andorra,Eldense,toEldense,Summer 2026,Spain
Álex Petxarroman,Andorra,Deportivo A Coruña,"loan return toDeportivo A Coruña, later signed byCeuta",Summer 2026,Spain
Dani Villahermosa,Andorra,Oviedo,toOviedo,Summer 2026,Spain
Alberto Dadie,Real Sociedad B,Burgos,fromReal Sociedad B,Summer 2026,Spain
José Gragera,Espanyol,Burgos,"on loan fromEspanyol, previously on loan atDeportivo A Coruña",Summer 2026,Spain
Javi Llabrés,Mallorca,Burgos,fromMallorca,Summer 2026,Spain
Miguel Atienza,Burgos,Leganés,toLeganés,Summer 2026,Spain
Aitor Buñuel,Burgos,TBD,to TBD,Summer 2026,Spain
Iñigo Córdoba,Burgos,Castellón,toCastellón,Summer 2026,Spain
Mario González,Burgos,Noah,toNoah,Summer 2026,Spain
Florian Miguel,Burgos,Metz,toMetz,Summer 2026,Spain
Iván Morante,Burgos,Girona,toGirona,Summer 2026,Spain
Jesús Ruiz,Burgos,Mirandés,toMirandés,Summer 2026,Spain
José Andújar,Atlético Sanluqueño,Cádiz,fromAtlético Sanluqueño,Summer 2026,Spain
Beñat de Jesús,Barakaldo,Cádiz,fromBarakaldo,Summer 2026,Spain
Vladyslav Kopotun,Alcorcón,Cádiz,fromAlcorcón,Summer 2026,Spain
Ibon Sánchez,Bilbao Athletic,Cádiz,fromBilbao Athletic,Summer 2026,Spain
Kenan Toibibou,Bravo,Cádiz,fromBravo,Summer 2026,Spain
Victor Aznar,Cádiz,Lion City Sailors,toLion City Sailors,Summer 2026,Spain
Yussi Diarra,Cádiz,Córdoba,on loan toCórdoba,Summer 2026,Spain
Álex Fernández,Cádiz,Dibba Al-Hisn,toDibba Al-Hisn,Summer 2026,Spain
Roger Martí,Cádiz,TBD,to TBD,Summer 2026,Spain
Jorge Moreno,Cádiz,Tenerife,toTenerife,Summer 2026,Spain
Brian Ocampo,Cádiz,Coritiba,toCoritiba,Summer 2026,Spain
Lucas Pérez,Cádiz,TBD,to TBD,Summer 2026,Spain
Hamza Bellari,Valencia Mestalla,Castellón,"fromValencia Mestalla, previously on loan atEldense",Summer 2026,Spain
Fran Castillo,Ibiza,Castellón,fromIbiza,Summer 2026,Spain
Antonio Gala,Campobasso,Castellón,fromCampobasso,Summer 2026,Spain
Juanjo Nieto,Celje,Castellón,fromCelje,Summer 2026,Spain
David Nzanza,Leça,Castellón,fromLeça,Summer 2026,Spain
Rodrigo Rêgo,Brighton & Hove Albion,Castellón,"on loan fromBrighton & Hove Albion, previously atBenfica B",Summer 2026,Spain
Amir Saipi,Lugano,Castellón,fromLugano,Summer 2026,Spain
Jari Vlak,ADO Den Haag,Castellón,fromADO Den Haag,Summer 2026,Spain
Amir Abedzadeh,Castellón,TBD,to TBD,Summer 2026,Spain
Ismael Fadel,Castellón,Ibiza,on loan toIbiza,Summer 2026,Spain
Ronaldo Pompeu,Castellón,TBD,to TBD,Summer 2026,Spain
Salva Ruiz,Castellón,Huesca,toHuesca,Summer 2026,Spain
Jaime Vázquez,Celta Fortuna,Oviedo,"loan return toOviedo, later TBD",Summer 2026,Spain
Álex Camacho,Juventud Torremolinos,Ceuta,fromJuventud Torremolinos,Summer 2026,Spain
Jordi Escobar,Huesca,Ceuta,fromHuesca,Summer 2026,Spain
Kenneth Mamah,Vanspor,Ceuta,fromVanspor,Summer 2026,Spain
Álex Petxarroman,Deportivo A Coruña,Ceuta,"fromDeportivo A Coruña, previously on loan atAndorra",Summer 2026,Spain
Omar Sadik,Espanyol,Ceuta,"on loan fromEspanyol, previously on loan atPau",Summer 2026,Spain
Cedric Teguía,Moreirense,Ceuta,fromMoreirense,Summer 2026,Spain
Aisar Ahmed,Ceuta,Oviedo,toOviedo,Summer 2026,Spain
Gonzalo Almenara,Ceuta,Ibiza,toIbiza,Summer 2026,Spain
Konrad de la Fuente,Ceuta,Lausanne,"loan return toLausanne, later signed bySporting Gijón",Summer 2026,Spain
Rubén Díez,Ceuta,Zaragoza,toZaragoza,Summer 2026,Spain
Diego González,Ceuta,Zaragoza,toZaragoza,Summer 2026,Spain
Youness Lachhab,Ceuta,Oviedo,toOviedo,Summer 2026,Spain
Cristian Rodríguez,Ceuta,Juventud Torremolinos,toJuventud Torremolinos,Summer 2026,Spain
Ignacio Schor,Ceuta,TBD,to TBD,Summer 2026,Spain
Damián Cáceres,Getafe B,Córdoba,fromGetafe B,Summer 2026,Spain
Salim El Jebari,Atlético Madrid B,Córdoba,"fromAtlético Madrid B, previously on loan atMirandés",Summer 2026,Spain
Guilherme Fernandes,Betis,Córdoba,"fromBetis, previously on loan atValladolid",Summer 2026,Spain
Eder García,Bilbao Athletic,Córdoba,on loan fromBilbao Athletic,Summer 2026,Spain
Adnane Ghailan,Europa,Córdoba,fromEuropa,Summer 2026,Spain
Juan Gutiérrez,Mirandés,Córdoba,fromMirandés,Summer 2026,Spain
Jacobo Martí,Mérida,Córdoba,fromMérida,Summer 2026,Spain
Egoitz Muñoz,Alavés B,Córdoba,on loan fromAlavés B,Summer 2026,Spain
Enol Rodríguez,Huesca,Córdoba,fromHuesca,Summer 2026,Spain
Unai Sabroso,Rayo Vallecano B,Córdoba,fromRayo Vallecano B,Summer 2026,Spain
Ibai Sanz,Bilbao Athletic,Córdoba,on loan fromBilbao Athletic,Summer 2026,Spain
Dani Tasende,Zaragoza,Córdoba,fromZaragoza,Summer 2026,Spain
Juan María Alcedo,Córdoba,Torreense,toTorreense,Summer 2026,Spain
Dalisson de Almeida,Córdoba,Hajduk Split,on loan toHajduk Split,Summer 2026,Spain
Alberto del Moral,Córdoba,Oviedo,"loan return toOviedo, later signed byHajduk Split",Summer 2026,Spain
Adrián Fuentes,Córdoba,Mallorca,toMallorca,Summer 2026,Spain
Jacobo González,Córdoba,Oviedo,toOviedo,Summer 2026,Spain
Pedro Ortiz,Córdoba,Ibiza,toIbiza,Summer 2026,Spain
Dani Requena,Córdoba,Villarreal,"loan return toVillarreal, later loaned toLevante",Summer 2026,Spain
Xavi Sintes,Córdoba,TBD,to TBD,Summer 2026,Spain
Mariano Carmona,Córdoba,Eldense,"on loan fromCórdoba, previously on loan atAlcorcón",Summer 2026,Spain
Jordi Martín,Huesca,Eldense,fromHuesca,Summer 2026,Spain
Javi Martínez,Eibar,Eldense,fromEibar,Summer 2026,Spain
Juan Palomares,Mirandés,Eldense,fromMirandés,Summer 2026,Spain
Jorge Rastrojo,Algeciras,Eldense,fromAlgeciras,Summer 2026,Spain
Justin Smith,Espanyol,Eldense,"fromEspanyol, previously on loan atSporting Gijón",Summer 2026,Spain
Rodri Val,Atlético Sanluqueño,Eldense,fromAtlético Sanluqueño,Summer 2026,Spain
Julien Yanda,Bayern Munich II,Eldense,on loan fromBayern Munich II,Summer 2026,Spain
Hamza Bellari,Eldense,Valencia Mestalla,"loan return toValencia Mestalla, later signed byCastellón",Summer 2026,Spain
Boston Billups,Eldense,Cartagena,on loan toCartagena,Summer 2026,Spain
Dario Đumić,Eldense,TBD,to TBD,Summer 2026,Spain
Manu Molina,Eldense,TBD,to TBD,Summer 2026,Spain
Rubén Quintanilla,Eldense,Almería,"loan return toAlmería, later signed byRayo Majadahonda",Summer 2026,Spain
Imanol García de Albéniz,Sparta Prague,Eibar,"fromSparta Prague, previously on loan atAndorra",Summer 2026,Spain
Iván Gil,Las Palmas,Eibar,fromLas Palmas,Summer 2026,Spain
Lucas Núñez,Valencia Mestalla,Eibar,on loan fromValencia Mestalla,Summer 2026,Spain
Francisco Pejiño,Las Palmas,Eibar,fromLas Palmas,Summer 2026,Spain
Hodei Arrillaga,Eibar,Mirandés,on loan toMirandés,Summer 2026,Spain
Marco Moreno,Eibar,Bahia,toBahia,Summer 2026,Spain
Toni Villa,Eibar,Cartagena,toCartagena,Summer 2026,Spain
Izan González,Cornellà,Girona,"fromCornellà, previously on loan atGranada",Summer 2026,Spain
Sergi Puig,Girona B,Girona,promoted fromGirona B,Summer 2026,Spain
Oleksandr Pyshchur,Győri ETO,Girona,fromGyőri ETO,Summer 2026,Spain
Rubén Blanco,Girona,Yokohama Marinos,toYokohama Marinos,Summer 2026,Spain
Daley Blind,Girona,Ajax Amsterdam,toAjax Amsterdam,Summer 2026,Spain
Juan Carlos,Girona,TBD,to TBD,Summer 2026,Spain
Joel Roca,Girona,Olympiacos,toOlympiacos,Summer 2026,Spain
Axel Witsel,Girona,TBD,to TBD,Summer 2026,Spain
Kader Bamba,Clermont Foot,Granada,fromClermont Foot,Summer 2026,Spain
Sergio López,Darmstadt,Granada,fromDarmstadt,Summer 2026,Spain
Alejandro Marqués,Estoril,Granada,fromEstoril,Summer 2026,Spain
Ander Astralaga,Granada,Barcelona Atlètic,"loan return toBarcelona Atlètic, later signed byAtlético Madrid B",Summer 2026,Spain
Mohamed Bouldini,Granada,Deportivo A Coruña,"loan return toDeportivo A Coruña, later TBD",Summer 2026,Spain
Baba Diocou,Granada,Tenerife,loan return toTenerife,Summer 2026,Spain
Izan González,Granada,Cornellà,"loan return toCornellà, later signed byGirona",Summer 2026,Spain
Sergio Ruiz,Granada,Las Palmas,toLas Palmas,Summer 2026,Spain
Pablo Sáenz,Granada,Oviedo,toOviedo,Summer 2026,Spain
Mateo Aćimović,Olimpija Ljubljana,Las Palmas,fromOlimpija Ljubljana,Summer 2026,Spain
Jefté Betancor,Olympiacos,Las Palmas,"fromOlympiacos, previously on loan atAlbacete",Summer 2026,Spain
Andrés Rodríguez,Teruel,Las Palmas,fromTeruel,Summer 2026,Spain
Lorenzo Amatucci,Las Palmas,Fiorentina,"loan return toFiorentina, later signed byDeportivo A Coruña",Summer 2026,Spain
Sergio Barcia,Las Palmas,Legia Warsaw,"loan return toLegia Warsaw, later signed byBraga",Summer 2026,Spain
Nicolás Benedetti,Las Palmas,Deportivo Cali,toDeportivo Cali,Summer 2026,Spain
Iker Bravo,Las Palmas,Udinese,"loan return toUdinese, later signed byWatford",Summer 2026,Spain
Mika Mármol,Las Palmas,Feyenoord,toFeyenoord,Summer 2026,Spain
Jonathan Viera,Las Palmas,TBD,to TBD,Summer 2026,Spain
Zico Buurmeester,AZ Alkmaar,Leganés,"fromAZ Alkmaar, previouly on loan atPEC Zwolle",Summer 2026,Spain
Ismaël Gharbi,Braga,Leganés,"on loan fromBraga, previouly on loan atAugsburg",Summer 2026,Spain
Alfred Gøthler,Køge,Leganés,fromKøge,Summer 2026,Spain
Yassine Kechta,Le Havre,Leganés,fromLe Havre,Summer 2026,Spain
Álvaro Tejero,Aris Thessaloniki,Leganés,fromAris Thessaloniki,Summer 2026,Spain
Seydouba Cissé,Leganés,Al-Kholood,toAl-Kholood,Summer 2026,Spain
Duk,Leganés,Atlas,toAtlas,Summer 2026,Spain
Diego García,Leganés,Malmö,toMalmö,Summer 2026,Spain
Jorge Sáenz,Leganés,Sporting Gijón,toSporting Gijón,Summer 2026,Spain
Álex Sala,Lecce,Mallorca,on loan fromLecce,Summer 2026,Spain
Aboubaka Soumahoro,Hamburg,Mallorca,on loan fromHamburg,Summer 2026,Spain
Takuma Asano,Mallorca,Sanfrecce Hiroshima,toSanfrecce Hiroshima,Summer 2026,Spain
Pablo Maffeo,Mallorca,Olympiacos,toOlympiacos,Summer 2026,Spain
Omar Mascarell,Mallorca,Al-Khaleej,toAl-Khaleej,Summer 2026,Spain
Vedat Muriqi,Mallorca,Fenerbahçe,toFenerbahçe,Summer 2026,Spain
Carlos Fernández,Real Sociedad,Oviedo,"fromReal Sociedad, previously on loan atMirandés",Summer 2026,Spain
Alexandru Ișfan,Farul Constanța,Oviedo,fromFarul Constanța,Summer 2026,Spain
Víctor Mingo,Arenteiro,Oviedo,fromArenteiro,Summer 2026,Spain
Chris Ramos,Botafogo,Oviedo,on loan fromBotafogo,Summer 2026,Spain
Samu Rodríguez,Alcorcón,Oviedo,fromAlcorcón,Summer 2026,Spain
Lucas Ahijado,Oviedo,TBD,to TBD,Summer 2026,Spain
Rahim Alhassane,Oviedo,Bologna,toBologna,Summer 2026,Spain
Eric Bailly,Oviedo,Columbus Crew,toColumbus Crew,Summer 2026,Spain
Thiago Borbas,Oviedo,Red Bull Bragantino,"loan return toRed Bull Bragantino, later loaned toAtlético Mineiro",Summer 2026,Spain
David Carmo,Oviedo,Nottingham Forest,"loan return toNottingham Forest, later loaned toOlympiacos",Summer 2026,Spain
Santiago Colombatto,Oviedo,León,"loan return toLeón, later TBD",Summer 2026,Spain
Leander Dendoncker,Oviedo,TBD,to TBD,Summer 2026,Spain
Ovie Ejaria,Oviedo,TBD,to TBD,Summer 2026,Spain
Thiago Fernández,Oviedo,Villarreal,"loan return toVillarreal, later TBD",Summer 2026,Spain
Álex Forés,Oviedo,Villarreal,"loan return toVillarreal, later TBD",Summer 2026,Spain
Horațiu Moldovan,Oviedo,Atlético Madrid,"loan return toAtlético Madrid, later loaned toEyüpspor",Summer 2026,Spain
Federico Viñas,Oviedo,León,"loan return toLeón, later TBD",Summer 2026,Spain
Javier Soroeta,Real Unión,Real Sociedad B,fromReal Unión,Summer 2026,Spain
Egoitz Arana,Real Sociedad B,Sporting Gijón,toSporting Gijón,Summer 2026,Spain
Jakes Gorosabel,Real Sociedad B,TBD,to TBD,Summer 2026,Spain
Pipa Ávila,Ludogorets Razgrad,Sabadell,fromLudogorets Razgrad,Summer 2026,Spain
José Luis Catalá,Espanyol B,Sabadell,fromEspanyol B,Summer 2026,Spain
Miki Codina,Zamora,Sabadell,fromZamora,Summer 2026,Spain
Pere Pons,AEK Larnaca,Sabadell,fromAEK Larnaca,Summer 2026,Spain
Yanis Rahmani,Cartagena,Sabadell,fromCartagena,Summer 2026,Spain
Alain Ribeiro,Pontevedra,Sabadell,fromPontevedra,Summer 2026,Spain
Óscar Sanz,Gimnàstic Tarragona,Sabadell,fromGimnàstic Tarragona,Summer 2026,Spain
Carlos García-Die,Sabadell,TBD,to TBD,Summer 2026,Spain
Jordi Ortega,Sabadell,Olot,toOlot,Summer 2026,Spain
Nil Ruiz,Sabadell,Europa,toEuropa,Summer 2026,Spain
Sergi Segura,Sabadell,TBD,to TBD,Summer 2026,Spain
Albert Tolosa,Sabadell,Europa,toEuropa,Summer 2026,Spain
Konrad de la Fuente,Lausanne,Sporting Gijón,"fromLausanne, previously on loan atCeuta",Summer 2026,Spain
Aimar Duñabeitia,Bilbao Athletic,Sporting Gijón,fromBilbao Athletic,Summer 2026,Spain
Hugo Guillamón,Hajduk Split,Sporting Gijón,fromHajduk Split,Summer 2026,Spain
Emanuel Gularte,Puebla,Sporting Gijón,"fromPuebla, previously on loan atPeñarol Montevideo",Summer 2026,Spain
Nikita Iosifov,Celje,Sporting Gijón,fromCelje,Summer 2026,Spain
Jesús Bernal,Sporting Gijón,Racing Ferrol,toRacing Ferrol,Summer 2026,Spain
Amadou Coundoul,Sporting Gijón,Académica Coimbra,on loan toAcadémica Coimbra,Summer 2026,Spain
Andrés Cuenca,Sporting Gijón,Barcelona Atlètic,"loan return toBarcelona Atlètic, later signed byComo",Summer 2026,Spain
Eric Curbelo,Sporting Gijón,TBD,to TBD,Summer 2026,Spain
Christian Joel,Sporting Gijón,União Leiria,toUnião Leiria,Summer 2026,Spain
Brian Oliván,Sporting Gijón,TBD,to TBD,Summer 2026,Spain
Lucas Perrin,Sporting Gijón,Nantes,toNantes,Summer 2026,Spain
Dani Queipo,Sporting Gijón,TBD,to TBD,Summer 2026,Spain
Justin Smith,Sporting Gijón,Espanyol,"loan return toEspanyol, later signed byEldense",Summer 2026,Spain
Kevin Vázquez,Sporting Gijón,TBD,to TBD,Summer 2026,Spain
Jesús Álvarez,Huesca,Tenerife,fromHuesca,Summer 2026,Spain
Anes Krdžalić,Sarajevo,Tenerife,fromSarajevo,Summer 2026,Spain
Grant-Leon Ranos,Borussia Möenchengladbach,Tenerife,fromBorussia Möenchengladbach,Summer 2026,Spain
Víctor Moreno,Villarreal B,Tenerife,"fromVillarreal B, previously on loan atCultural Leonesa",Summer 2026,Spain
Martin Pečar,Bravo,Tenerife,fromBravo,Summer 2026,Spain
Mauro Pittón,Unión de Santa Fe,Tenerife,fromUnión de Santa Fe,Summer 2026,Spain
Neal Viereck,Jong Utrecht,Tenerife,on loan fromJong Utrecht,Summer 2026,Spain
Facundo Agüero,Tenerife,TBD,to TBD,Summer 2026,Spain
Josep Calavera,Tenerife,Ibiza,on loan toIbiza,Summer 2026,Spain
Jeremy Jorge,Tenerife,Rayo Majadahonda,on loan toRayo Majadahonda,Summer 2026,Spain
Maikel Mesa,Tenerife,TBD,to TBD,Summer 2026,Spain
Javi Pérez,Tenerife,TBD,to TBD,Summer 2026,Spain
Gastón Valles,Tenerife,TBD,to TBD,Summer 2026,Spain
Álex Balboa,Lugo,Valladolid,fromLugo,Summer 2026,Spain
Víctor Barberá,Barcelona Atlètic,Valladolid,fromBarcelona Atlètic,Summer 2026,Spain
Yeray Cabanzón,Racing Santander,Valladolid,"fromRacing Santander, previously on loan atAndorra",Summer 2026,Spain
Luis Chacón,Deportivo A Coruña,Valladolid,"fromDeportivo A Coruña, previously on loan atCultural Leonesa",Summer 2026,Spain
Kaj de Rooij,PEC Zwolle,Valladolid,fromPEC Zwolle,Summer 2026,Spain
Víctor Fernandez Jr.,Valencia Mestalla,Valladolid,on loan fromValencia Mestalla,Summer 2026,Spain
Thiago Ojeda,Villarreal,Valladolid,"fromVillarreal, previously on loan atCultural Leonesa",Summer 2026,Spain
Dani Pérez,Betis Deportivo,Valladolid,fromBetis Deportivo,Summer 2026,Spain
Robin van Duiven,Jong PSV,Valladolid,"fromJong PSV, previously on loan atLommel",Summer 2026,Spain
Peter Federico,Valladolid,Getafe,"loan return toGetafe, later signed byGórnik Zabrze",Summer 2026,Spain
Guilherme Fernandes,Valladolid,Betis,"loan return toBetis, later signed byCórdoba",Summer 2026,Spain
Mario Maroto,Valladolid,UD Logroñés,toUD Logroñés,Summer 2026,Spain
Ferran Torres,Barcelona,Paris Saint-Germain,fromBarcelona,Summer 2026,France
Maghnes Akliouche,Monaco,Paris Saint-Germain,fromMonaco,Summer 2026,France
Lucas Digne,Aston Villa,Paris Saint-Germain,fromAston Villa,Summer 2026,France
Alessandro Longoni,Milan Futuro,Paris Saint-Germain,fromMilan Futuro,Summer 2026,France
Mika Godts,Ajax,Paris Saint-Germain,fromAjax,Summer 2026,France
Gonçalo Ramos,Paris Saint-Germain,Milan,toMilan,Summer 2026,France
Bradley Barcola,Paris Saint-Germain,Liverpool,toLiverpool,Summer 2026,France
Mathis Jangéal,Paris Saint-Germain,Famalicão,toFamalicão,Summer 2026,France
Noah Nsoki,Paris Saint-Germain,Dinamo Zagreb,toDinamo Zagreb,Summer 2026,France
Ibrahim Mbaye,Paris Saint-Germain,Aston Villa,toAston Villa,Summer 2026,France
Pierre Mounguengue,Paris Saint-Germain,Dynamo Kyiv,toDynamo Kyiv,Summer 2026,France
Renato Marin,Paris Saint-Germain,Nacional,on loan toNacional,Summer 2026,France
Naoufel El Hannach,Paris Saint-Germain,Montpellier,on loan toMontpellier,Summer 2026,France
Noham Kamara,Paris Saint-Germain,Lyon,"toLyon, previously on loan",Summer 2026,France
Yoram Zague,Paris Saint-Germain,Pafos,"on loan toPafos, previously on loan atEupen",Summer 2026,France
Khalil Ayari,Paris Saint-Germain,Dunkerque,on loan toDunkerque,Summer 2026,France
Ilyes Housni,Paris Saint-Germain,Nancy,toNancy,Summer 2026,France
Randal Kolo Muani,Paris Saint-Germain,Juventus,"toJuventus, previously on loan atTottenham Hotspur",Summer 2026,France
Maik Nawrocki,Celtic,Lens,"fromCeltic, previously on loan atHannover 96",Summer 2026,France
Thorgan Hazard,Anderlecht,Lens,fromAnderlecht,Summer 2026,France
Jean-Clair Todibo,West Ham United,Lens,on loan fromWest Ham United,Summer 2026,France
Michał Skóraś,Gent,Lens,fromGent,Summer 2026,France
Junior Kadile,Servette,Lens,on loan fromServette,Summer 2026,France
Hervé Koffi,Angers,Lens,loan return fromAngers,Summer 2026,France
Allan Saint-Maximin,Lens,Charlotte FC,toCharlotte FC,Summer 2026,France
Rayan Fofana,Lens,Le Havre,on loan toLe Havre,Summer 2026,France
Fodé Sylla,Lens,Sion,toSion,Summer 2026,France
Anthony Bermont,Lens,Angers,on loan toAngers,Summer 2026,France
Arthur Masuaku,Lens,Sunderland,loan return toSunderland,Summer 2026,France
Adrien Thomasson,Lens,Rennes,toRennes,Summer 2026,France
Alpha Diallo,Lens,Laval,toLaval,Summer 2026,France
Yannick Pandor,Lens,Amiens,"toAmiens, previously on loan atFrancs Borains",Summer 2026,France
Ilan Ducourtioux,Lens,Le Puy,on loan toLe Puy,Summer 2026,France
Anass Zaroury,Lens,Panathinaikos,"toPanathinaikos, previously on loan",Summer 2026,France
Gabin Capuano,Lens,Quevilly-Rouen,"on loan toQuevilly-Rouen, previously on loan atBoulogne",Summer 2026,France
Samuel Dié,Lens,Cannes,on loan toCannes,Summer 2026,France
Kembo Diliwidi,Lens,Dender,"toDender, previously on loan atQuevilly-Rouen",Summer 2026,France
Goduine Koyalipou,Lens,Kortrijk,"on loan toKortrijk, previously on loan atAngers",Summer 2026,France
Loun Srdanović,Servette,Lille,fromServette,Summer 2026,France
Dilane Bakwa,Nottingham Forest,Lille,on loan fromNottingham Forest,Summer 2026,France
Başar Önal,NEC,Lille,fromNEC,Summer 2026,France
Matias Fernandez-Pardo,Lille,Newcastle United,toNewcastle United,Summer 2026,France
Thomas Meunier,Lille,Sunderland,toSunderland,Summer 2026,France
Marius Broholm,Lille,Utrecht,on loan toUtrecht,Summer 2026,France
Ayyoub Bouaddi,Lille,Manchester City,toManchester City,Summer 2026,France
Lilian Baret,Lille,Le Puy,toLe Puy,Summer 2026,France
Younes Lachaab,Lille,Sabah,on loan toSabah,Summer 2026,France
Vincent Burlet,Lille,Cracovia,"toCracovia, previously on loan atBoulogne",Summer 2026,France
Morgan Costarelli,Lille,Cambuur,toCambuur,Summer 2026,France
Rafael Fernandes,Lille,Marítimo,on loan toMarítimo,Summer 2026,France
Stéphane Noumbissie,Lille,Sigma Olomouc,on loan toSigma Olomouc,Summer 2026,France
Ichem Ferrah,Lille,Pisa,"toPisa, previously on loan atCambuur",Summer 2026,France
Ugo Raghouber,Lille,Burnley,"toBurnley, previously on loan atLevante",Summer 2026,France
Mads Bidstrup,Red Bull Salzburg,Lyon,fromRed Bull Salzburg,Summer 2026,France
Zachary Athekame,Milan,Lyon,on loan fromMilan,Summer 2026,France
Loïs Openda,Juventus,Lyon,on loan fromJuventus,Summer 2026,France
Kaïl Boudache,Nice,Lyon,fromNice,Summer 2026,France
Mohamed Ouédraogo,SCR Altach,Lyon,fromSCR Altach,Summer 2026,France
Alejandro Gomes Rodríguez,Annecy,Lyon,loan return fromAnnecy,Summer 2026,France
Malick Fofana,Lyon,Sunderland,toSunderland,Summer 2026,France
Ainsley Maitland-Niles,Lyon,Everton,toEverton,Summer 2026,France
Matt Turner,Lyon,New England Revolution,on loan toNew England Revolution,Summer 2026,France
Daryll Benlahlou,Lyon,Montpellier,on loan toMontpellier,Summer 2026,France
Martín Satriano,Lyon,Getafe,"toGetafe, previously on loan",Summer 2026,France
Gerónimo Rulli,Marseille,Manchester City,toManchester City,Summer 2026,France
Leonardo Balerdi,Marseille,Roma,on loan toRoma,Summer 2026,France
Mason Greenwood,Marseille,Fenerbahçe,toFenerbahçe,Summer 2026,France
Pierre-Emerick Aubameyang,Marseille,Deportivo A Coruña,toDeportivo A Coruña,Summer 2026,France
Hamed Traorè,Marseille,Genoa,on loan toGenoa,Summer 2026,France
Quinten Timber,Marseille,Crystal Palace,toCrystal Palace,Summer 2026,France
Gonçalo Oliveira,Benfica B,Rennes,fromBenfica B,Summer 2026,France
Nicolas Lemaître,Troyes,Rennes,fromTroyes,Summer 2026,France
Issa Soumaré,Le Havre,Rennes,fromLe Havre,Summer 2026,France
Bryan Reynolds,Westerlo,Rennes,fromWesterlo,Summer 2026,France
Eliezer Mayenda,Sunderland,Rennes,fromSunderland,Summer 2026,France
Glen Kamara,Rennes,Queens Park Rangers,on loan toQueens Park Rangers,Summer 2026,France
Mathys Silistrie,Rennes,Quevilly-Rouen,on loan toQuevilly-Rouen,Summer 2026,France
Jérémy Jacquet,Rennes,Liverpool,toLiverpool,Summer 2026,France
Jordan James,Rennes,Wolverhampton Wanderers,"on loan toWolverhampton Wanderers, previously on loan atLeicester City",Summer 2026,France
Ansu Fati,Barcelona,Monaco,"fromBarcelona, previously on loan",Summer 2026,France
Flávio Nazinho,Cercle Brugge,Monaco,fromCercle Brugge,Summer 2026,France
Sadibou Sané,Metz,Monaco,fromMetz,Summer 2026,France
Lucas Michal,Metz,Monaco,loan return fromMetz,Summer 2026,France
Mathys Detourbet,Manchester City,Monaco,on loan fromManchester City,Summer 2026,France
Caio Henrique,Monaco,Ajax,toAjax,Summer 2026,France
Kassoum Ouattara,Monaco,Beşiktaş,toBeşiktaş,Summer 2026,France
Simon Adingra,Monaco,Sunderland,loan return toSunderland,Summer 2026,France
Wout Faes,Monaco,Leicester City,loan return toLeicester City,Summer 2026,France
Yanis Benchaouch,Monaco,Red Star,toRed Star,Summer 2026,France
Radosław Majecki,Monaco,Pafos,"on loan toPafos, previously on loan atBrest",Summer 2026,France
Valy Konaté,Monaco,Cercle Brugge,on loan toCercle Brugge,Summer 2026,France
Boubakar Dembaga,Monaco,Charleroi,toCharleroi,Summer 2026,France
Filip Jörgensen,Chelsea,Strasbourg,on loan fromChelsea,Summer 2026,France
Miłosz Piekutowski,Jagiellonia Białystok,Strasbourg,fromJagiellonia Białystok,Summer 2026,France
Mateo Del Blanco,Unión Santa Fe,Strasbourg,fromUnión Santa Fe,Summer 2026,France
Diogo Sousa,Vitória Guimarães,Strasbourg,fromVitória Guimarães,Summer 2026,France
Omari Kellyman,Chelsea,Strasbourg,"fromChelsea, previously on loan atCardiff City",Summer 2026,France
Benjamin Brantlind,Göteborg,Strasbourg,fromGöteborg,Summer 2026,France
Dário Essugo,Chelsea,Strasbourg,on loan fromChelsea,Summer 2026,France
Deivid Washington,Chelsea,Strasbourg,fromChelsea,Summer 2026,France
Ben Chilwell,Strasbourg,Crystal Palace,toCrystal Palace,Summer 2026,France
Diego Moreira,Strasbourg,Milan,toMilan,Summer 2026,France
Emmanuel Emegha,Strasbourg,Chelsea,toChelsea,Summer 2026,France
Julio Enciso,Strasbourg,Ipswich Town,toIpswich Town,Summer 2026,France
Valentín Barco,Strasbourg,Chelsea,toChelsea,Summer 2026,France
Abdoul Ouattara,Strasbourg,Ipswich Town,toIpswich Town,Summer 2026,France
Soumaïla Coulibaly,Strasbourg,Watford,"on loan toWatford, previously on loan atBrest",Summer 2026,France
Stefan Bajic,Strasbourg,Alemannia Aachen,toAlemannia Aachen,Summer 2026,France
Yoni Gomis,Strasbourg,Beveren,on loan toBeveren,Summer 2026,France
Rabby Nzingoula,Strasbourg,West Bromwich Albion,"toWest Bromwich Albion, previously on loan at1. FC Nürnberg",Summer 2026,France
Christ Tapé,AC Horsens,Toulouse,fromAC Horsens,Summer 2026,France
David Odogu,Milan,Toulouse,on loan fromMilan,Summer 2026,France
Ismaïl Diallo,Dijon,Toulouse,fromDijon,Summer 2026,France
Ylies Aradj,Laval,Toulouse,loan return fromLaval,Summer 2026,France
Kjetil Haug,Toulouse,Go Ahead Eagles,toGo Ahead Eagles,Summer 2026,France
Emersonn,Toulouse,Ipswich Town,toIpswich Town,Summer 2026,France
Álex Domínguez,Toulouse,Ponferradina,toPonferradina,Summer 2026,France
Ibrahim Cissoko,Toulouse,PEC Zwolle,"toPEC Zwolle, previously on loan atBolton Wanderers",Summer 2026,France
Edhy Zuliani,Toulouse,VVV-Venlo,"toVVV-Venlo, previously on loan atPau",Summer 2026,France
Alec Georgen,Dunkerque,Lorient,fromDunkerque,Summer 2026,France
Isak Jensen,AZ,Lorient,on loan fromAZ,Summer 2026,France
Gabin Bernardeau,Nice,Lorient,fromNice,Summer 2026,France
Nosa Edward Obaretin,Napoli,Lorient,on loan fromNapoli,Summer 2026,France
Laurent Abergel,Lorient,Nice,toNice,Summer 2026,France
Pablo Pagis,Lorient,Paris FC,toParis FC,Summer 2026,France
Sambou Soumano,Lorient,Reims,toReims,Summer 2026,France
Darlin Yongwa,Lorient,Norwich City,toNorwich City,Summer 2026,France
Joel Mvuka,Lorient,Bodø/Glimt,"toBodø/Glimt, previously on loan atCeltic",Summer 2026,France
Luca Koleosho,Burnley,Paris FC,"fromBurnley, previously on loan",Summer 2026,France
Diego Coppola,Brighton & Hove Albion,Paris FC,"fromBrighton & Hove Albion, previously on loan",Summer 2026,France
Emmanuel Mbemba,Paris Saint-Germain U19,Paris FC,fromParis Saint-Germain U19,Summer 2026,France
Andria Kvirikadze,Dinamo Tbilisi,Paris FC,fromDinamo Tbilisi,Summer 2026,France
Lassine Sinayoko,Auxerre,Paris FC,fromAuxerre,Summer 2026,France
Willem Geubbels,Paris FC,Lecce,toLecce,Summer 2026,France
Mathieu Cafaro,Paris FC,Nantes,toNantes,Summer 2026,France
Anis Fatahine,Paris FC,Le Puy,on loan toLe Puy,Summer 2026,France
Lohann Doucet,Paris FC,Vitória de Guimarães,"toVitória de Guimarães, previously on loan atDunkerque",Summer 2026,France
Kyliann Fofana,Paris FC,Grenoble,toGrenoble,Summer 2026,France
Zakarya Khaldi,Paris FC,Roda JC,toRoda JC,Summer 2026,France
Noé Poillion,Metz,Brest,fromMetz,Summer 2026,France
Radosław Majecki,Brest,Monaco,"loan return toMonaco, later loaned toPafos",Summer 2026,France
Daouda Guindo,Brest,Reims,toReims,Summer 2026,France
Grégoire Coudert,Brest,Burnley,toBurnley,Summer 2026,France
Soumaïla Coulibaly,Brest,Strasbourg,"loan return toStrasbourg, later loaned toWatford",Summer 2026,France
Anthony Lopes,Nantes,Angers,fromNantes,Summer 2026,France
Branco van den Boomen,Ajax,Angers,"fromAjax, previously on loan",Summer 2026,France
Amine El Ouazzani,Braga,Angers,on loan fromBraga,Summer 2026,France
Usman Simbakoli,RWDM Brussels,Angers,fromRWDM Brussels,Summer 2026,France
Goduine Koyalipou,Angers,Lens,"loan return toLens, later loaned toKortrijk",Summer 2026,France
Florent Hanin,Angers,Nea Salamis Famagusta,toNea Salamis Famagusta,Summer 2026,France
Lanroy Machine,Angers,Heerenveen,on loan toHeerenveen,Summer 2026,France
Kaito Mizuta,Rot-Weiss Essen,Le Havre,fromRot-Weiss Essen,Summer 2026,France
Vincent Sasso,Dunkerque,Le Havre,fromDunkerque,Summer 2026,France
Timothée Pembélé,Sunderland,Le Havre,"fromSunderland, previously on loan",Summer 2026,France
Sōta Nakamura,Sanfrecce Hiroshima,Le Havre,on loan fromSanfrecce Hiroshima,Summer 2026,France
Loïc Négo,Le Havre,Omonia,toOmonia,Summer 2026,France
Lucas Gourna-Douath,Le Havre,Red Bull Salzburg,loan return toRed Bull Salzburg,Summer 2026,France
Axel Tuanzebe,Burnley,Auxerre,fromBurnley,Summer 2026,France
Cameron Archer,Southampton,Auxerre,on loan fromSouthampton,Summer 2026,France
Christ Makosso,Luton Town,Auxerre,"fromLuton Town, previously on loan atOxford United",Summer 2026,France
Danny Namaso,Porto,Auxerre,"fromPorto, previously on loan",Summer 2026,France
Mamadou Diop,Grenoble,Auxerre,fromGrenoble,Summer 2026,France
Romain Faivre,Bournemouth,Auxerre,on loan fromBournemouth,Summer 2026,France
Arthur Piedfort,Westerlo,Auxerre,fromWesterlo,Summer 2026,France
Wei Xiangxin,Meizhou Hakka,Auxerre,fromMeizhou Hakka,Summer 2026,France
Sékou Fofana,Lausanne-Sport,Auxerre,fromLausanne-Sport,Summer 2026,France
Eros Maddy,Laval,Auxerre,loan return fromLaval,Summer 2026,France
Théo De Percin,Auxerre,Bastia,on loan toBastia,Summer 2026,France
Saad Agouzoul,Auxerre,Sochaux,"toSochaux, previously on loan atOmonia",Summer 2026,France
Theo Bair,Auxerre,Bolton Wanderers,"on loan toBolton Wanderers, previously on loan atLausanne-Sport",Summer 2026,France
Hamza Koutoune,Annecy,Nice,loan return fromAnnecy,Summer 2026,France
Charles Vanhoutte,Nice,Feyenoord,toFeyenoord,Summer 2026,France
Mohamed-Ali Cho,Nice,Hull City,toHull City,Summer 2026,France
Melvin Bard,Nice,Leeds United,on loan toLeeds United,Summer 2026,France
Maxime Dupé,Nice,Nantes,toNantes,Summer 2026,France
Kevin Carlos,Nice,Cagliari,on loan toCagliari,Summer 2026,France
Mattia Viti,Nice,Sampdoria,"toSampdoria, previously on loan",Summer 2026,France
Jérémie Boga,Nice,Juventus,"toJuventus, previously on loan",Summer 2026,France
Rareș Ilie,Nice,Mantova,"toMantova, previously on loan atEmpoli",Summer 2026,France
Aliou Baldé,Nice,St. Gallen,"toSt. Gallen, previously on loan",Summer 2026,France
Patrick Beach,Melbourne City,Troyes,fromMelbourne City,Summer 2026,France
Iron Gomis,Zira,Troyes,fromZira,Summer 2026,France
Mathys Detourbet,Troyes,Manchester City,"toManchester City, later loaned toMonaco",Summer 2026,France
Tawfik Bentayeb,Troyes,UTS Rabat,loan return toUTS Rabat,Summer 2026,France
Hugo Gambor,Troyes,Gent,loan return toGent,Summer 2026,France
Yasser Larouci,Troyes,Le Mans,"toLe Mans, previously on loan atA.E. Kifisia",Summer 2026,France
Amar Fatah,Troyes,Lecce,"toLecce, previously on loan atDundee United",Summer 2026,France
Billal Brahimi,Santos,Le Mans,"fromSantos, previously on loan atEstrela da Amadora",Summer 2026,France
Louis Mafouta,Guingamp,Le Mans,fromGuingamp,Summer 2026,France
Taylor Luvambo,Le Mans,Argeș Pitești,toArgeș Pitești,Summer 2026,France
Wilitty Younoussa,Rodez,Nantes,fromRodez,Summer 2026,France
Antoine Joujou,Parma,Nantes,"fromParma, previously on loan atFamalicão",Summer 2026,France
Francis Coquelin,Nantes,Laval,toLaval,Summer 2026,France
Giorgi Abuashvili,Kolkheti Poti,Metz,on loan fromKolkheti Poti,Summer 2026,France
Jean-Philippe Gbamin,Metz,CSKA Sofia,toCSKA Sofia,Summer 2026,France
Boubacar Traoré,Metz,Wolverhampton Wanderers,loan return toWolverhampton Wanderers,Summer 2026,France
Terry Yegbe,Metz,Lech Poznań,toLech Poznań,Summer 2026,France
Yannis Lawson,Metz,RFC Seraing,on loan toRFC Seraing,Summer 2026,France
Ismaël Guerti,Metz,Grazer AK,toGrazer AK,Summer 2026,France
Kevin Van Den Kerkhof,Metz,Charleroi,"toCharleroi, previously on loan",Summer 2026,France
Joseph Nduquidi,Metz,Farense,"toFarense, previously on loan atAmiens",Summer 2026,France
Mahi-Nathan Gnemagnon,Metz,RFC Seraing,on loan toRFC Seraing,Summer 2026,France
Mamour Ndiaye,Sarpsborg 08,Saint-Étienne,fromSarpsborg 08,Summer 2026,France
Thierno Ballo,Wolfsberger AC,Saint-Étienne,"fromWolfsberger AC, previously on loan atMillwall",Summer 2026,France
Jakob Breum,Go Ahead Eagles,Saint-Étienne,fromGo Ahead Eagles,Summer 2026,France
Áron Csongvai,AIK,Saint-Étienne,fromAIK,Summer 2026,France
Sohaib Naïr,Guingamp,Saint-Étienne,fromGuingamp,Summer 2026,France
Florian Tardieu,Saint-Étienne,Montpellier,toMontpellier,Summer 2026,France
Axel Dodote,Saint-Étienne,Pau,on loan toPau,Summer 2026,France
Beres Owusu,Saint-Étienne,Grazer AK,"toGrazer AK, previously on loan",Summer 2026,France
Enzo Mayilla,Saint-Étienne,Dunkerque,"toDunkerque, previously on loan atAubagne Air Bel",Summer 2026,France
Elyaz Zidane,Betis B,Red Star,fromBetis B,Summer 2026,France
Leonardo Buta,Udinese,Red Star,"fromUdinese, previously on loan atRio Ave",Summer 2026,France
Quentin Beunardeau,Red Star,Cannes,toCannes,Summer 2026,France
Damjan Pavlović,Kauno Žalgiris,Rodez,fromKauno Žalgiris,Summer 2026,France
Mathis Touho,Villefranche,Rodez,fromVillefranche,Summer 2026,France
Antonin Cartillier,Rouen,Rodez,fromRouen,Summer 2026,France
Mohamed Achi,Rodez,Cherno More,toCherno More,Summer 2026,France
Taïryk Arconte,Rodez,Millwall,toMillwall,Summer 2026,France
Nolan Galves,Rodez,West Bromwich Albion,toWest Bromwich Albion,Summer 2026,France
Alexis Trouillet,Rodez,Standard Liège,toStandard Liège,Summer 2026,France
Tom Ritzy Hülsmann,TSV Hartberg,Reims,fromTSV Hartberg,Summer 2026,France
Youssef El Kachati,NEC,Reims,fromNEC,Summer 2026,France
Alexis Sauvage,Amiens,Reims,fromAmiens,Summer 2026,France
Samuel Kotto,Gent,Reims,"fromGent, previously on loan",Summer 2026,France
Armel Zohouri,Iberia 1999,Reims,fromIberia 1999,Summer 2026,France
John Otomewo,Hapoel Jerusalem,Reims,fromHapoel Jerusalem,Summer 2026,France
Maxime Busi,Reims,Royal Antwerp,toRoyal Antwerp,Summer 2026,France
Thiemoko Diarra,Reims,Kasımpaşa,toKasımpaşa,Summer 2026,France
Adama Bojang,Reims,Charleroi,on loan toCharleroi,Summer 2026,France
Ewen Jaouen,Reims,Newcastle United,toNewcastle United,Summer 2026,France
Malcolm Jeng,Reims,Groningen,"on loan toGroningen, previously on loan atFeyenoord",Summer 2026,France
Cédric Kipré,Reims,Ipswich Town,"toIpswich Town, previously on loan",Summer 2026,France
Niama Pape Sissoko,Reims,SV Ried,"on loan toSV Ried, previously on loan atNancy",Summer 2026,France
Alexis Casadei,Basel,Annecy,"fromBasel, previously on loan",Summer 2026,France
Sacha Lima,Union Foot de Touraine,Annecy,fromUnion Foot de Touraine,Summer 2026,France
Esteban Marre,Istres,Annecy,fromIstres,Summer 2026,France
Mohamed Koné,Aston Villa,Annecy,fromAston Villa,Summer 2026,France
Pascal Mozie,Legia Warsaw,Annecy,fromLegia Warsaw,Summer 2026,France
Kadan Young,Aston Villa,Annecy,"on loan fromAston Villa, previously on loan atReading",Summer 2026,France
Zépiqueno Redmond,Aston Villa,Annecy,"on loan fromAston Villa, previously on loan atHuddersfield Town",Summer 2026,France
Triston Rowe,Annecy,Aston Villa,loan return toAston Villa,Summer 2026,France
Abdel Hbouch,Annecy,Boulogne,toBoulogne,Summer 2026,France
Travis Patterson,Annecy,Aston Villa,loan return toAston Villa,Summer 2026,France
Cédric Makutungu,Annecy,Cannes,on loan toCannes,Summer 2026,France
Ben Hamed Touré,Annecy,Barnsley,toBarnsley,Summer 2026,France
Ranjan Neelakandan,Annecy,Vaduz,"on loan toVaduz, previously on loan atYverdon-Sport",Summer 2026,France
Mamadou Camara,Laval,Montpellier,fromLaval,Summer 2026,France
Daylam Meddah,Pau,Montpellier,fromPau,Summer 2026,France
Enzo Tchato,Montpellier,Frosinone,toFrosinone,Summer 2026,France
Alexis Lefebvre,RFC Liège,Pau,fromRFC Liège,Summer 2026,France
Setigui Karamoko,Pau,Sepsi OSK,toSepsi OSK,Summer 2026,France
Neil Glossoa,Pau,Slavia Prague,toSlavia Prague,Summer 2026,France
Rayan Touzghar,Pau,Standard Liège,toStandard Liège,Summer 2026,France
Edhy Zuliani,Pau,Toulouse,loan return toToulouse,Summer 2026,France
Maxence Prévot,OH Leuven,Dunkerque,fromOH Leuven,Summer 2026,France
Moha Ramos,Marino,Dunkerque,fromMarino,Summer 2026,France
Lenny Vallier,Nacional,Dunkerque,fromNacional,Summer 2026,France
Franck Atoen,Samsunspor,Dunkerque,on loan fromSamsunspor,Summer 2026,France
Adrien Lebeau,Hansa Rostock,Dunkerque,fromHansa Rostock,Summer 2026,France
Jordan Morel,Orléans,Dunkerque,fromOrléans,Summer 2026,France
Yegor Prutsev,Red Star Belgrade,Dunkerque,"fromRed Star Belgrade, previously on loan atOFK Beograd",Summer 2026,France
Eddy Sylvestre,Dunkerque,Farul Constanța,toFarul Constanța,Summer 2026,France
Marco Essimi,Dunkerque,Alverca,toAlverca,Summer 2026,France
Lohann Doucet,Dunkerque,Paris FC,"loan return toParis FC, later sold toVitória de Guimarães",Summer 2026,France
Aboubakary Kanté,Dunkerque,Laval,toLaval,Summer 2026,France
Florent Sanchez Da Silva,Orléans,Guingamp,fromOrléans,Summer 2026,France
Teddy Averlant,Amiens,Guingamp,fromAmiens,Summer 2026,France
Samir Ben Brahim,Versailles,Guingamp,fromVersailles,Summer 2026,France
Jasser Chamakh,Saint-Priest,Guingamp,fromSaint-Priest,Summer 2026,France
Kalidou Sidibé,Guingamp,Akhmat Grozny,toAkhmat Grozny,Summer 2026,France
Eden Gassama,Guingamp,La Roche-sur-Yon,on loan toLa Roche-sur-Yon,Summer 2026,France
Yohann Magnin,CSKA 1948,Grenoble,fromCSKA 1948,Summer 2026,France
Farouq Limouri,FC Eindhoven,Grenoble,fromFC Eindhoven,Summer 2026,France
Shaquil Delos,Grenoble,RAAL La Louvière,toRAAL La Louvière,Summer 2026,France
Loris Mouyokolo,Grenoble,Baltika Kaliningrad,toBaltika Kaliningrad,Summer 2026,France
Alan Kerouedan,Grenoble,Cannes,"toCannes, previously on loan atRouen",Summer 2026,France
Luís Semedo,Sunderland,Clermont,"fromSunderland, previously on loan atMoreirense",Summer 2026,France
İlhan Fakılı,Clermont,Beşiktaş,toBeşiktaş,Summer 2026,France
Kader Bamba,Clermont,Granada,toGranada,Summer 2026,France
Héliohdino Tavares,Guingamp B,Nancy,fromGuingamp B,Summer 2026,France
Issam Bouaoune,Châteauroux,Nancy,fromChâteauroux,Summer 2026,France
Kouroufia Kébé,Orléans,Nancy,fromOrléans,Summer 2026,France
Teddy Bouriaud,Nancy,Laval,toLaval,Summer 2026,France
Niama Pape Sissoko,Nancy,Reims,"loan return toReims, later loaned toSV Ried",Summer 2026,France
Youssouf Tandia,Nancy,SAS Épinal,on loan toSAS Épinal,Summer 2026,France
Vincent Burlet,Boulogne,Lille,"loan return toLille, later sold toCracovia",Summer 2026,France
Corentin Fatou,Boulogne,Laval,toLaval,Summer 2026,France
Siad Gourville,Boulogne,RAAL La Louvière,toRAAL La Louvière,Summer 2026,France
Gabin Capuano,Boulogne,Lens,"loan return toLens, later loaned toQuevilly-Rouen",Summer 2026,France
Jules Gaudin,Charleroi,Laval,fromCharleroi,Summer 2026,France
Esteban Mouton,Orléans,Laval,fromOrléans,Summer 2026,France
Hermann Esmel,Le Puy,Laval,fromLe Puy,Summer 2026,France
Aboubacar Lô,Amiens,Laval,fromAmiens,Summer 2026,France
Chafik Gourichy,Thionville,Laval,fromThionville,Summer 2026,France
Peter Ouaneh,Laval,UTA Arad,toUTA Arad,Summer 2026,France
Titouan Thomas,Laval,Fleury,toFleury,Summer 2026,France
Dylan Mbayo,Laval,PEC Zwolle,loan return toPEC Zwolle,Summer 2026,France
Malik Tchokounté,Laval,Rouen,toRouen,Summer 2026,France
Owen Kouassi,Laval,Lecce,loan return toLecce,Summer 2026,France
Enzo Montet,Laval,Thionville,on loan toThionville,Summer 2026,France
Loïs Martins,Laval,Avranches,"on loan toAvranches, previously on loan atParis 13 Atletico",Summer 2026,France
Moussa Faty,Le Puy,Dijon,fromLe Puy,Summer 2026,France
Brayan Djadja,Dijon,Bordeaux,on loan toBordeaux,Summer 2026,France
Jules Meyer,Dijon,CSKA 1948,"toCSKA 1948, previously on loan atBourg-Péronnas",Summer 2026,France
Landry Nomel,Stade Lausanne Ouchy,Sochaux,fromStade Lausanne Ouchy,Summer 2026,France
Dalangunypole Gomis,Cercle Brugge,Sochaux,on loan fromCercle Brugge,Summer 2026,France
Aymen Boutoutaou,Sochaux,FCSB,toFCSB,Summer 2026,France
Abderrezzek Saidi,Sochaux,Unionistas de Salamanca,"toUnionistas de Salamanca, previously on loan",Summer 2026,France
