Player,Team,Minutes,goals_per_90,player_expected_goals_per_90,player_expected_assists_per_90,player_accurate_passes,player_accurate_long_balls,player_tackles_won,player_interceptions,player_effective_clearances,player_contests_won,player_big_chances_created,league,goals_per_90_percentile,player_expected_goals_per_90_percentile,player_expected_assists_per_90_percentile,player_accurate_passes_percentile,player_accurate_long_balls_percentile,player_tackles_won_percentile,player_interceptions_percentile,player_effective_clearances_percentile,player_contests_won_percentile,player_big_chances_created_percentile
Harry Kane,Bayern München,2843,1.14,0.97,0.19,14.5,1.6,0.3,0.2,0.4,0.8,13.0,Bundesliga,0.997737556561086,1.0,0.755656108597285,0.07239819004524888,0.5950226244343891,0.09728506787330317,0.11990950226244344,0.11990950226244344,0.5656108597285068,0.9411764705882353
Serhou Guirassy,VfB Stuttgart,2212,1.14,0.85,0.22,25.5,0.5,0.1,0.2,1.2,0.7,12.0,Bundesliga,0.997737556561086,0.9909502262443439,0.8257918552036199,0.3936651583710407,0.1515837104072398,0.02262443438914027,0.11990950226244344,0.497737556561086,0.5,0.9276018099547512
Benjamin Sesko,RB Leipzig,1528,0.82,0.45,0.07,12.7,0.2,0.3,0.2,1.6,1.0,1.0,Bundesliga,0.9909502262443439,0.9276018099547512,0.2828054298642534,0.04524886877828054,0.033936651583710405,0.09728506787330317,0.11990950226244344,0.6470588235294118,0.669683257918552,0.2149321266968326
Victor Okoh Boniface,Bayer 04 Leverkusen,1553,0.81,0.9,0.19,15.8,0.6,0.2,0.0,0.8,2.7,8.0,Bundesliga,0.9864253393665159,0.995475113122172,0.755656108597285,0.13574660633484162,0.19230769230769232,0.05203619909502263,0.013574660633484163,0.32805429864253394,0.9502262443438914,0.8371040723981901
Ikoma Lois Openda,RB Leipzig,2716,0.8,0.74,0.15,11.0,0.2,0.1,0.2,0.5,0.7,11.0,Bundesliga,0.9819004524886877,0.9864253393665159,0.6176470588235294,0.01809954751131222,0.033936651583710405,0.02262443438914027,0.11990950226244344,0.17194570135746606,0.5,0.9095022624434389
Deniz Undav,VfB Stuttgart,2096,0.77,0.65,0.26,24.9,0.7,0.6,0.3,0.2,1.2,15.0,Bundesliga,0.9773755656108597,0.9819004524886877,0.8800904977375565,0.37104072398190047,0.24660633484162897,0.26018099547511314,0.22171945701357465,0.042986425339366516,0.7601809954751131,0.9592760180995475
Youssoufa Moukoko,Borussia Dortmund,614,0.73,0.58,0.1,15.0,0.4,0.1,0.3,0.6,1.6,0.0,Bundesliga,0.9728506787330317,0.9705882352941176,0.416289592760181,0.09954751131221719,0.11538461538461539,0.02262443438914027,0.22171945701357465,0.2081447963800905,0.8393665158371041,0.07692307692307693
Robin Hack,Borussia Mönchengladbach,1345,0.67,0.26,0.14,24.8,0.9,0.5,0.9,0.9,1.7,3.0,Bundesliga,0.9683257918552036,0.7352941176470589,0.5882352941176471,0.36199095022624433,0.33031674208144796,0.19004524886877827,0.6199095022624435,0.37104072398190047,0.8552036199095022,0.48868778280542985
Donyell Malen,Borussia Dortmund,1783,0.66,0.48,0.17,19.9,0.5,0.4,0.1,0.4,2.1,9.0,Bundesliga,0.9638009049773756,0.9479638009049773,0.6945701357466063,0.23755656108597284,0.1515837104072398,0.14705882352941177,0.05203619909502263,0.11990950226244344,0.916289592760181,0.8642533936651584
Andrej Kramaric,TSG Hoffenheim,2206,0.61,0.45,0.29,34.4,1.1,0.1,0.4,0.4,1.0,14.0,Bundesliga,0.9570135746606335,0.9276018099547512,0.916289592760181,0.6244343891402715,0.40497737556561086,0.02262443438914027,0.31447963800904977,0.11990950226244344,0.669683257918552,0.9479638009049773
Mathys Tel,Bayern München,1031,0.61,0.32,0.26,28.2,0.6,0.2,0.5,0.5,3.2,6.0,Bundesliga,0.9570135746606335,0.7850678733031674,0.8800904977375565,0.45701357466063347,0.19230769230769232,0.05203619909502263,0.3755656108597285,0.17194570135746606,0.9751131221719457,0.7669683257918553
Maximilian Beier,TSG Hoffenheim,2431,0.59,0.42,0.11,13.7,0.1,0.4,0.3,0.4,1.2,4.0,Bundesliga,0.9479638009049773,0.8959276018099548,0.4502262443438914,0.058823529411764705,0.01809954751131222,0.14705882352941177,0.22171945701357465,0.11990950226244344,0.7601809954751131,0.6040723981900452
Patrik Schick,Bayer 04 Leverkusen,1064,0.59,0.51,0.14,15.4,0.2,0.3,0.1,0.6,0.7,2.0,Bundesliga,0.9479638009049773,0.9592760180995475,0.5882352941176471,0.11990950226244344,0.033936651583710405,0.09728506787330317,0.05203619909502263,0.2081447963800905,0.5,0.3506787330316742
Nathan Tella,Bayer 04 Leverkusen,812,0.55,0.39,0.32,27.4,1.0,0.9,0.3,0.7,0.8,5.0,Bundesliga,0.9411764705882353,0.8755656108597285,0.9524886877828054,0.4457013574660634,0.36425339366515835,0.5135746606334841,0.22171945701357465,0.26018099547511314,0.5656108597285068,0.6968325791855203
Justin Njinmah,SV Werder Bremen,1012,0.53,0.44,0.2,12.5,0.4,0.1,0.2,0.4,2.3,4.0,Bundesliga,0.9366515837104072,0.916289592760181,0.7850678733031674,0.04072398190045249,0.11538461538461539,0.02262443438914027,0.11990950226244344,0.11990950226244344,0.9343891402714932,0.6040723981900452
Jamal Musiala,Bayern München,1766,0.51,0.4,0.3,31.1,0.3,1.3,0.8,0.2,4.4,12.0,Bundesliga,0.9298642533936652,0.8823529411764706,0.9389140271493213,0.5429864253393665,0.06787330316742081,0.8076923076923077,0.5475113122171946,0.042986425339366516,1.0,0.9276018099547512
Silas Katompa Mvumpa,VfB Stuttgart,890,0.51,0.57,0.17,20.8,0.4,0.3,0.0,0.3,3.8,6.0,Bundesliga,0.9298642533936652,0.9638009049773756,0.6945701357466063,0.27149321266968324,0.11538461538461539,0.09728506787330317,0.013574660633484163,0.0746606334841629,0.9886877828054299,0.7669683257918553
Ermedin Demirovic,FC Augsburg,2879,0.47,0.42,0.12,11.5,0.3,0.4,0.3,0.8,0.9,8.0,Bundesliga,0.918552036199095,0.8959276018099548,0.49547511312217196,0.024886877828054297,0.06787330316742081,0.14705882352941177,0.22171945701357465,0.32805429864253394,0.6244343891402715,0.8371040723981901
Omar Marmoush,Eintracht Frankfurt,2310,0.47,0.45,0.17,15.3,0.6,0.4,0.4,0.3,1.5,6.0,Bundesliga,0.918552036199095,0.9276018099547512,0.6945701357466063,0.11312217194570136,0.19230769230769232,0.14705882352941177,0.31447963800904977,0.0746606334841629,0.8280542986425339,0.7669683257918553
Jonathan Burkardt,1. FSV Mainz 05,1541,0.47,0.36,0.06,15.0,0.6,0.5,0.2,0.1,1.3,4.0,Bundesliga,0.918552036199095,0.8552036199095022,0.22624434389140272,0.09954751131221719,0.19230769230769232,0.19004524886877827,0.11990950226244344,0.01583710407239819,0.7828054298642534,0.6040723981900452
Niclas Füllkrug,Borussia Dortmund,2405,0.45,0.48,0.14,15.9,0.8,0.1,0.1,1.0,0.2,7.0,Bundesliga,0.9095022624434389,0.9479638009049773,0.5882352941176471,0.1493212669683258,0.29411764705882354,0.02262443438914027,0.05203619909502263,0.41402714932126694,0.13574660633484162,0.8076923076923077
Florian Wirtz,Bayer 04 Leverkusen,2377,0.42,0.34,0.37,56.7,1.1,0.7,0.3,0.1,3.0,12.0,Bundesliga,0.8981900452488688,0.8235294117647058,0.9864253393665159,0.8868778280542986,0.40497737556561086,0.3438914027149321,0.22171945701357465,0.01583710407239819,0.9660633484162896,0.9276018099547512
Davie Selke,FC Köln,1271,0.42,0.34,0.02,10.2,0.0,0.1,0.0,1.4,0.4,0.0,Bundesliga,0.8981900452488688,0.8235294117647058,0.033936651583710405,0.013574660633484163,0.006787330316742082,0.02262443438914027,0.013574660633484163,0.5859728506787331,0.2828054298642534,0.07692307692307693
Goncalo Paciencia,VfL Bochum,645,0.42,0.41,0.08,14.9,1.0,0.6,0.0,1.0,1.7,3.0,Bundesliga,0.8981900452488688,0.8868778280542986,0.33710407239819007,0.08823529411764706,0.36425339366515835,0.26018099547511314,0.013574660633484163,0.41402714932126694,0.8552036199095022,0.48868778280542985
Nikola Dovedan,1. FC Heidenheim 1846,646,0.42,0.27,0.12,17.0,1.0,1.3,0.1,0.4,1.1,2.0,Bundesliga,0.8981900452488688,0.753393665158371,0.49547511312217196,0.16968325791855204,0.36425339366515835,0.8076923076923077,0.05203619909502263,0.11990950226244344,0.7239819004524887,0.3506787330316742
Marvin Ducksch,SV Werder Bremen,2710,0.4,0.42,0.22,17.2,1.2,0.1,0.1,0.7,0.4,12.0,Bundesliga,0.8823529411764706,0.8959276018099548,0.8257918552036199,0.17647058823529413,0.45248868778280543,0.02262443438914027,0.05203619909502263,0.26018099547511314,0.2828054298642534,0.9276018099547512
Amine Adli,Bayer 04 Leverkusen,890,0.4,0.34,0.29,35.9,0.3,0.7,0.6,0.5,1.3,3.0,Bundesliga,0.8823529411764706,0.8235294117647058,0.916289592760181,0.6606334841628959,0.06787330316742081,0.3438914027149321,0.43891402714932126,0.17194570135746606,0.7828054298642534,0.48868778280542985
Tomas Cvancara,Borussia Mönchengladbach,892,0.4,0.6,0.08,13.6,0.2,0.3,0.2,0.8,0.5,1.0,Bundesliga,0.8823529411764706,0.9773755656108597,0.33710407239819007,0.05429864253393665,0.033936651583710405,0.09728506787330317,0.11990950226244344,0.32805429864253394,0.36877828054298645,0.2149321266968326
Ihlas Bebou,TSG Hoffenheim,1628,0.39,0.27,0.16,18.0,0.8,0.7,0.8,0.7,1.4,5.0,Bundesliga,0.8687782805429864,0.753393665158371,0.6470588235294118,0.20361990950226244,0.29411764705882354,0.3438914027149321,0.5475113122171946,0.26018099547511314,0.8076923076923077,0.6968325791855203
Christoph Baumgartner,RB Leipzig,1149,0.39,0.34,0.12,26.4,0.9,1.0,0.4,1.1,1.4,2.0,Bundesliga,0.8687782805429864,0.8235294117647058,0.49547511312217196,0.416289592760181,0.33031674208144796,0.5882352941176471,0.31447963800904977,0.4638009049773756,0.8076923076923077,0.3506787330316742
Václav Cerny,VfL Wolfsburg,923,0.39,0.22,0.25,23.6,1.4,0.3,0.8,0.4,1.4,1.0,Bundesliga,0.8687782805429864,0.665158371040724,0.8642533936651584,0.33031674208144796,0.5361990950226244,0.09728506787330317,0.5475113122171946,0.11990950226244344,0.8076923076923077,0.2149321266968326
Tim Kleindienst,1. FC Heidenheim 1846,2874,0.38,0.44,0.06,15.8,0.6,0.4,0.4,1.8,0.6,5.0,Bundesliga,0.8574660633484162,0.916289592760181,0.22624434389140272,0.13574660633484162,0.19230769230769232,0.14705882352941177,0.31447963800904977,0.7171945701357466,0.4457013574660634,0.6968325791855203
Steffen Tigges,FC Köln,715,0.38,0.32,0.09,14.9,0.3,0.8,0.1,1.4,0.5,3.0,Bundesliga,0.8574660633484162,0.7850678733031674,0.38235294117647056,0.08823529411764706,0.06787330316742081,0.4298642533936652,0.05203619909502263,0.5859728506787331,0.36877828054298645,0.48868778280542985
Jonas Wind,VfL Wolfsburg,2660,0.37,0.32,0.13,15.9,0.6,0.3,0.1,0.7,0.4,9.0,Bundesliga,0.8461538461538461,0.7850678733031674,0.5429864253393665,0.1493212669683258,0.19230769230769232,0.09728506787330317,0.05203619909502263,0.26018099547511314,0.2828054298642534,0.8642533936651584
Michael Gregoritsch,SC Freiburg,1684,0.37,0.5,0.07,14.2,0.7,0.6,0.5,1.4,0.3,1.0,Bundesliga,0.8461538461538461,0.9547511312217195,0.2828054298642534,0.06787330316742081,0.24660633484162897,0.26018099547511314,0.3755656108597285,0.5859728506787331,0.2081447963800905,0.2149321266968326
Yussuf Poulsen,RB Leipzig,1209,0.37,0.43,0.17,15.0,0.1,0.6,0.3,1.0,0.9,3.0,Bundesliga,0.8461538461538461,0.9072398190045249,0.6945701357466063,0.09954751131221719,0.01809954751131222,0.26018099547511314,0.22171945701357465,0.41402714932126694,0.6244343891402715,0.48868778280542985
Jeremie Frimpong,Bayer 04 Leverkusen,2263,0.36,0.33,0.22,26.8,0.3,0.7,0.3,0.6,1.9,9.0,Bundesliga,0.834841628959276,0.8009049773755657,0.8257918552036199,0.4343891402714932,0.06787330316742081,0.3438914027149321,0.22171945701357465,0.2081447963800905,0.8936651583710408,0.8642533936651584
Rafael Santos Borre,SV Werder Bremen,989,0.36,0.22,0.18,19.6,0.9,0.6,0.2,0.9,0.6,3.0,Bundesliga,0.834841628959276,0.665158371040724,0.7262443438914027,0.23076923076923078,0.33031674208144796,0.26018099547511314,0.11990950226244344,0.37104072398190047,0.4457013574660634,0.48868778280542985
Benedict Hollerbach,1. FC Union Berlin,1283,0.35,0.24,0.1,17.0,0.7,0.8,0.3,0.1,2.1,2.0,Bundesliga,0.8280542986425339,0.7104072398190046,0.416289592760181,0.16968325791855204,0.24660633484162897,0.4298642533936652,0.22171945701357465,0.01583710407239819,0.916289592760181,0.3506787330316742
Eren Dinkci,1. FC Heidenheim 1846,2672,0.34,0.15,0.12,15.8,0.7,0.6,0.4,0.5,1.4,7.0,Bundesliga,0.8212669683257918,0.5090497737556561,0.49547511312217196,0.13574660633484162,0.24660633484162897,0.26018099547511314,0.31447963800904977,0.17194570135746606,0.8076923076923077,0.8076923076923077
Leroy Sané,Bayern München,2142,0.34,0.46,0.4,35.3,0.9,0.3,0.3,0.1,3.9,16.0,Bundesliga,0.8212669683257918,0.9389140271493213,0.995475113122172,0.6425339366515838,0.33031674208144796,0.09728506787330317,0.22171945701357465,0.01583710407239819,0.995475113122172,0.9683257918552036
Alassane Plea,Borussia Mönchengladbach,1925,0.33,0.33,0.19,24.7,1.6,0.3,0.1,0.3,1.0,5.0,Bundesliga,0.8099547511312217,0.8009049773755657,0.755656108597285,0.35294117647058826,0.5950226244343891,0.09728506787330317,0.05203619909502263,0.0746606334841629,0.669683257918552,0.6968325791855203
Marco Reus,Borussia Dortmund,1612,0.33,0.36,0.21,31.9,0.7,1.4,0.3,1.0,0.4,10.0,Bundesliga,0.8099547511312217,0.8552036199095022,0.8031674208144797,0.5656108597285068,0.24660633484162897,0.8710407239819005,0.22171945701357465,0.41402714932126694,0.2828054298642534,0.8891402714932126
Nathan N'Goumou,Borussia Mönchengladbach,1381,0.33,0.24,0.19,20.4,0.5,1.4,0.3,1.1,1.3,2.0,Bundesliga,0.8099547511312217,0.7104072398190046,0.755656108597285,0.2579185520361991,0.1515837104072398,0.8710407239819005,0.22171945701357465,0.4638009049773756,0.7828054298642534,0.3506787330316742
Alejandro Grimaldo,Bayer 04 Leverkusen,2785,0.32,0.18,0.36,49.2,1.1,0.8,0.7,1.1,0.6,18.0,Bundesliga,0.7986425339366516,0.5904977375565611,0.9773755656108597,0.8461538461538461,0.40497737556561086,0.4298642533936652,0.49547511312217196,0.4638009049773756,0.4457013574660634,0.9932126696832579
Wout Weghorst,TSG Hoffenheim,1987,0.32,0.34,0.13,18.7,0.4,0.3,0.3,1.1,0.1,3.0,Bundesliga,0.7986425339366516,0.8235294117647058,0.5429864253393665,0.21266968325791855,0.11538461538461539,0.09728506787330317,0.22171945701357465,0.4638009049773756,0.05656108597285068,0.48868778280542985
Vincenzo Grifo,SC Freiburg,2344,0.31,0.3,0.29,35.2,2.5,0.8,0.6,0.8,0.9,17.0,Bundesliga,0.7895927601809954,0.7692307692307693,0.916289592760181,0.6380090497737556,0.8144796380090498,0.4298642533936652,0.43891402714932126,0.32805429864253394,0.6244343891402715,0.9796380090497737
Jordan Pefok,Borussia Mönchengladbach,1450,0.31,0.43,0.12,13.8,0.5,0.2,0.3,1.7,0.2,7.0,Bundesliga,0.7895927601809954,0.9072398190045249,0.49547511312217196,0.06334841628959276,0.1515837104072398,0.05203619909502263,0.22171945701357465,0.6855203619909502,0.13574660633484162,0.8076923076923077
Phillip Tietz,FC Augsburg,2405,0.3,0.31,0.13,12.4,0.3,0.5,0.2,1.3,0.5,3.0,Bundesliga,0.7760180995475113,0.7737556561085973,0.5429864253393665,0.03619909502262444,0.06787330316742081,0.19004524886877827,0.11990950226244344,0.5361990950226244,0.36877828054298645,0.48868778280542985
Tim Skarke,SV Darmstadt,2418,0.3,0.13,0.11,21.4,1.2,0.6,0.2,0.7,1.0,2.0,Bundesliga,0.7760180995475113,0.45701357466063347,0.4502262443438914,0.2850678733031674,0.45248868778280543,0.26018099547511314,0.11990950226244344,0.26018099547511314,0.669683257918552,0.3506787330316742
Ansgar Knauff,Eintracht Frankfurt,2117,0.3,0.24,0.12,17.6,0.5,1.1,0.9,0.6,1.1,4.0,Bundesliga,0.7760180995475113,0.7104072398190046,0.49547511312217196,0.19909502262443438,0.1515837104072398,0.6628959276018099,0.6199095022624435,0.2081447963800905,0.7239819004524887,0.6040723981900452
Karim Adeyemi,Borussia Dortmund,911,0.3,0.34,0.16,20.3,0.4,1.4,0.3,0.4,1.8,3.0,Bundesliga,0.7760180995475113,0.8235294117647058,0.6470588235294118,0.25339366515837103,0.11538461538461539,0.8710407239819005,0.22171945701357465,0.11990950226244344,0.8755656108597285,0.48868778280542985
Florian Neuhaus,Borussia Mönchengladbach,1226,0.29,0.32,0.19,33.8,2.5,0.9,1.0,0.6,0.8,4.0,Bundesliga,0.7624434389140271,0.7850678733031674,0.755656108597285,0.6131221719457014,0.8144796380090498,0.5135746606334841,0.6877828054298643,0.2081447963800905,0.5656108597285068,0.6040723981900452
Woo-Yeong Jeong,VfB Stuttgart,618,0.29,0.26,0.23,39.3,0.7,1.3,1.0,0.7,0.6,3.0,Bundesliga,0.7624434389140271,0.7352941176470589,0.8484162895927602,0.7330316742081447,0.24660633484162897,0.8076923076923077,0.6877828054298643,0.26018099547511314,0.4457013574660634,0.48868778280542985
Chris Führich,VfB Stuttgart,2594,0.28,0.23,0.32,36.5,0.8,0.7,0.2,0.2,2.5,11.0,Bundesliga,0.746606334841629,0.6832579185520362,0.9524886877828054,0.665158371040724,0.29411764705882354,0.3438914027149321,0.11990950226244344,0.042986425339366516,0.9457013574660633,0.9095022624434389
Jan-Niklas Beste,1. FC Heidenheim 1846,2618,0.28,0.15,0.22,14.6,1.0,1.7,0.6,0.8,1.0,10.0,Bundesliga,0.746606334841629,0.5090497737556561,0.8257918552036199,0.07692307692307693,0.36425339366515835,0.9479638009049773,0.43891402714932126,0.32805429864253394,0.669683257918552,0.8891402714932126
Julian Brandt,Borussia Dortmund,2230,0.28,0.18,0.3,40.0,2.1,0.6,0.3,0.7,1.1,18.0,Bundesliga,0.746606334841629,0.5904977375565611,0.9389140271493213,0.7579185520361991,0.7262443438914027,0.26018099547511314,0.22171945701357465,0.26018099547511314,0.7239819004524887,0.9932126696832579
Ritsu Doan,SC Freiburg,2253,0.28,0.2,0.17,19.4,0.6,1.1,0.4,1.0,2.1,4.0,Bundesliga,0.746606334841629,0.6289592760180995,0.6945701357466063,0.22624434389140272,0.19230769230769232,0.6628959276018099,0.31447963800904977,0.41402714932126694,0.916289592760181,0.6040723981900452
Faride Alidou,FC Köln,1284,0.28,0.21,0.05,12.9,0.7,0.3,0.6,0.9,1.7,0.0,Bundesliga,0.746606334841629,0.6470588235294118,0.17420814479638008,0.049773755656108594,0.24660633484162897,0.09728506787330317,0.43891402714932126,0.37104072398190047,0.8552036199095022,0.07692307692307693
Xavi Simons,RB Leipzig,2673,0.27,0.28,0.3,36.9,1.8,0.6,0.5,0.1,2.8,14.0,Bundesliga,0.7239819004524887,0.7647058823529411,0.9389140271493213,0.6742081447963801,0.6493212669683258,0.26018099547511314,0.3755656108597285,0.01583710407239819,0.9547511312217195,0.9479638009049773
Lucas Höler,SC Freiburg,2309,0.27,0.33,0.08,19.0,0.6,0.9,0.6,1.3,0.5,1.0,Bundesliga,0.7239819004524887,0.8009049773755657,0.33710407239819007,0.2171945701357466,0.19230769230769232,0.5135746606334841,0.43891402714932126,0.5361990950226244,0.36877828054298645,0.2149321266968326
Takuma Asano,VfL Bochum,2003,0.27,0.36,0.04,11.5,0.3,0.3,0.2,0.4,0.7,2.0,Bundesliga,0.7239819004524887,0.8552036199095022,0.11764705882352941,0.024886877828054297,0.06787330316742081,0.09728506787330317,0.11990950226244344,0.11990950226244344,0.5,0.3506787330316742
Thomas Müller,Bayern München,1659,0.27,0.34,0.43,30.5,1.0,0.9,0.2,0.3,0.6,17.0,Bundesliga,0.7239819004524887,0.8235294117647058,1.0,0.5248868778280543,0.36425339366515835,0.5135746606334841,0.11990950226244344,0.0746606334841629,0.4457013574660634,0.9796380090497737
Kevin Sessa,1. FC Heidenheim 1846,1001,0.27,0.26,0.16,28.4,2.2,0.9,0.4,1.4,1.1,2.0,Bundesliga,0.7239819004524887,0.7352941176470589,0.6470588235294118,0.4638009049773756,0.7579185520361991,0.5135746606334841,0.31447963800904977,0.5859728506787331,0.7239819004524887,0.3506787330316742
Oscar Vilhelmsson,SV Darmstadt,1375,0.26,0.27,0.04,8.0,0.1,0.4,0.2,1.2,0.3,1.0,Bundesliga,0.7081447963800905,0.753393665158371,0.11764705882352941,0.004524886877828055,0.01809954751131222,0.14705882352941177,0.11990950226244344,0.497737556561086,0.2081447963800905,0.2149321266968326
Eric Maxim Choupo-Moting,Bayern München,703,0.26,0.58,0.17,29.2,0.6,1.5,0.9,0.8,2.9,2.0,Bundesliga,0.7081447963800905,0.9705882352941176,0.6945701357466063,0.4841628959276018,0.19230769230769232,0.9117647058823529,0.6199095022624435,0.32805429864253394,0.9592760180995475,0.3506787330316742
Jae-Sung Lee,1. FSV Mainz 05,2124,0.25,0.21,0.09,25.3,0.8,0.8,1.1,0.8,0.6,5.0,Bundesliga,0.6945701357466063,0.6470588235294118,0.38235294117647056,0.38009049773755654,0.29411764705882354,0.4298642533936652,0.7375565610859729,0.32805429864253394,0.4457013574660634,0.6968325791855203
Rocco Reitz,Borussia Mönchengladbach,2141,0.25,0.15,0.11,32.7,1.7,1.5,1.8,1.1,0.8,3.0,Bundesliga,0.6945701357466063,0.5090497737556561,0.4502262443438914,0.579185520361991,0.6199095022624435,0.9117647058823529,0.9660633484162896,0.4638009049773756,0.5656108597285068,0.48868778280542985
Dani Olmo,RB Leipzig,1454,0.25,0.21,0.23,30.9,2.2,1.1,0.8,0.7,1.9,8.0,Bundesliga,0.6945701357466063,0.6470588235294118,0.8484162895927602,0.5339366515837104,0.7579185520361991,0.6628959276018099,0.5475113122171946,0.26018099547511314,0.8936651583710408,0.8371040723981901
Maximilian Wittek,VfL Bochum,1067,0.25,0.11,0.23,20.2,1.1,1.4,1.5,1.8,0.8,1.0,Bundesliga,0.6945701357466063,0.42081447963800905,0.8484162895927602,0.24660633484162897,0.40497737556561086,0.8710407239819005,0.9027149321266968,0.7171945701357466,0.5656108597285068,0.2149321266968326
Kevin Stöger,VfL Bochum,2678,0.24,0.21,0.33,41.3,3.2,1.0,0.6,0.5,0.8,17.0,Bundesliga,0.6719457013574661,0.6470588235294118,0.9592760180995475,0.7805429864253394,0.916289592760181,0.5882352941176471,0.43891402714932126,0.17194570135746606,0.5656108597285068,0.9796380090497737
Leon Goretzka,Bayern München,2242,0.24,0.2,0.19,62.1,2.5,0.9,1.2,1.6,0.5,10.0,Bundesliga,0.6719457013574661,0.6289592760180995,0.755656108597285,0.9140271493212669,0.8144796380090498,0.5135746606334841,0.8009049773755657,0.6470588235294118,0.36877828054298645,0.8891402714932126
Robin Gosens,1. FC Union Berlin,2297,0.24,0.09,0.13,26.6,1.5,1.7,1.4,2.7,0.2,6.0,Bundesliga,0.6719457013574661,0.35294117647058826,0.5429864253393665,0.4253393665158371,0.5633484162895928,0.9479638009049773,0.8710407239819005,0.8235294117647058,0.13574660633484162,0.7669683257918553
Kevin Behrens,VfL Wolfsburg,1880,0.24,0.37,0.1,15.5,0.8,0.5,0.4,1.1,0.3,3.0,Bundesliga,0.6719457013574661,0.8687782805429864,0.416289592760181,0.12669683257918551,0.29411764705882354,0.19004524886877827,0.31447963800904977,0.4638009049773756,0.2081447963800905,0.48868778280542985
Jamie Leweling,VfB Stuttgart,1519,0.24,0.36,0.19,26.2,0.7,0.6,0.3,0.7,1.5,5.0,Bundesliga,0.6719457013574661,0.8552036199095022,0.755656108597285,0.4117647058823529,0.24660633484162897,0.26018099547511314,0.22171945701357465,0.26018099547511314,0.8280542986425339,0.6968325791855203
Kingsley Coman,Bayern München,1123,0.24,0.22,0.36,40.6,1.0,0.6,0.2,0.3,2.3,4.0,Bundesliga,0.6719457013574661,0.665158371040724,0.9773755656108597,0.7692307692307693,0.36425339366515835,0.26018099547511314,0.11990950226244344,0.0746606334841629,0.9343891402714932,0.6040723981900452
Eric Ebimbe,Eintracht Frankfurt,1967,0.23,0.23,0.17,28.7,0.8,1.3,0.4,1.6,1.9,5.0,Bundesliga,0.6493212669683258,0.6832579185520362,0.6945701357466063,0.47285067873303166,0.29411764705882354,0.8076923076923077,0.31447963800904977,0.6470588235294118,0.8936651583710408,0.6968325791855203
Philipp Hofmann,VfL Bochum,1576,0.23,0.27,0.08,15.2,0.3,0.3,0.2,1.0,0.5,5.0,Bundesliga,0.6493212669683258,0.753393665158371,0.33710407239819007,0.1085972850678733,0.06787330316742081,0.09728506787330317,0.11990950226244344,0.41402714932126694,0.36877828054298645,0.6968325791855203
Gian-Luca Waldschmidt,FC Köln,1151,0.23,0.23,0.14,24.1,1.3,0.9,0.5,0.5,1.4,3.0,Bundesliga,0.6493212669683258,0.6832579185520362,0.5882352941176471,0.3393665158371041,0.5,0.5135746606334841,0.3755656108597285,0.17194570135746606,0.8076923076923077,0.48868778280542985
Raphaël Guerreiro,Bayern München,1194,0.23,0.18,0.26,61.6,1.7,1.2,1.1,0.4,1.0,3.0,Bundesliga,0.6493212669683258,0.5904977375565611,0.8800904977375565,0.9095022624434389,0.6199095022624435,0.7375565610859729,0.7375565610859729,0.11990950226244344,0.669683257918552,0.48868778280542985
Brajan Gruda,1. FSV Mainz 05,1651,0.22,0.19,0.28,20.7,0.7,0.8,0.3,0.2,3.8,9.0,Bundesliga,0.6380090497737556,0.6131221719457014,0.8981900452488688,0.2669683257918552,0.24660633484162897,0.4298642533936652,0.22171945701357465,0.042986425339366516,0.9886877828054299,0.8642533936651584
Keven Schlotterbeck,VfL Bochum,2184,0.21,0.09,0.04,32.8,1.8,0.9,1.4,4.1,0.2,0.0,Bundesliga,0.6221719457013575,0.35294117647058826,0.11764705882352941,0.583710407239819,0.6493212669683258,0.5135746606334841,0.8710407239819005,0.9253393665158371,0.13574660633484162,0.07692307692307693
Lovro Majer,VfL Wolfsburg,2116,0.21,0.23,0.21,31.3,0.9,0.8,0.5,0.5,1.1,6.0,Bundesliga,0.6221719457013575,0.6832579185520362,0.8031674208144797,0.5520361990950227,0.33031674208144796,0.4298642533936652,0.3755656108597285,0.17194570135746606,0.7239819004524887,0.7669683257918553
Robert Andrich,Bayer 04 Leverkusen,1681,0.21,0.09,0.12,71.7,2.1,1.0,1.1,0.9,0.4,3.0,Bundesliga,0.6221719457013575,0.35294117647058826,0.49547511312217196,0.9479638009049773,0.7262443438914027,0.5882352941176471,0.7375565610859729,0.37104072398190047,0.2828054298642534,0.48868778280542985
Josip Stanisic,Bayer 04 Leverkusen,1257,0.21,0.05,0.12,66.2,2.9,1.4,0.6,1.6,0.9,2.0,Bundesliga,0.6221719457013575,0.13574660633484162,0.49547511312217196,0.9321266968325792,0.8733031674208145,0.8710407239819005,0.43891402714932126,0.6470588235294118,0.6244343891402715,0.3506787330316742
Niels Nkounkou,Eintracht Frankfurt,1301,0.21,0.09,0.14,34.2,2.1,2.1,1.1,1.7,3.2,4.0,Bundesliga,0.6221719457013575,0.35294117647058826,0.5882352941176471,0.6199095022624435,0.7262443438914027,0.9886877828054299,0.7375565610859729,0.6855203619909502,0.9751131221719457,0.6040723981900452
Robert Skov,TSG Hoffenheim,1261,0.21,0.13,0.13,31.6,2.2,1.1,0.7,1.6,0.6,3.0,Bundesliga,0.6221719457013575,0.45701357466063347,0.5429864253393665,0.5610859728506787,0.7579185520361991,0.6628959276018099,0.49547511312217196,0.6470588235294118,0.4457013574660634,0.48868778280542985
Enzo Millot,VfB Stuttgart,2254,0.2,0.21,0.21,48.8,1.2,0.9,0.6,0.3,1.8,7.0,Bundesliga,0.5927601809954751,0.6470588235294118,0.8031674208144797,0.8416289592760181,0.45248868778280543,0.5135746606334841,0.43891402714932126,0.0746606334841629,0.8755656108597285,0.8076923076923077
Florian Kainz,FC Köln,2210,0.2,0.2,0.18,28.4,2.0,0.8,0.5,0.8,0.9,4.0,Bundesliga,0.5927601809954751,0.6289592760180995,0.7262443438914027,0.4638009049773756,0.7058823529411765,0.4298642533936652,0.3755656108597285,0.32805429864253394,0.6244343891402715,0.6040723981900452
Jonas Hofmann,Bayer 04 Leverkusen,2214,0.2,0.24,0.34,46.9,2.2,0.6,0.3,0.2,0.7,17.0,Bundesliga,0.5927601809954751,0.7104072398190046,0.9638009049773756,0.8371040723981901,0.7579185520361991,0.26018099547511314,0.22171945701357465,0.042986425339366516,0.5,0.9796380090497737
Exequiel Palacios,Bayer 04 Leverkusen,1840,0.2,0.16,0.2,90.2,2.7,1.7,1.4,0.9,1.1,8.0,Bundesliga,0.5927601809954751,0.5452488687782805,0.7850678733031674,0.9909502262443439,0.8438914027149321,0.9479638009049773,0.8710407239819005,0.37104072398190047,0.7239819004524887,0.8371040723981901
Julian Ryerson,Borussia Dortmund,1772,0.2,0.09,0.14,43.4,1.2,1.2,0.5,1.5,0.8,5.0,Bundesliga,0.5927601809954751,0.35294117647058826,0.5882352941176471,0.8031674208144797,0.45248868778280543,0.7375565610859729,0.3755656108597285,0.6176470588235294,0.5656108597285068,0.6968325791855203
Kevin Volland,1. FC Union Berlin,1346,0.2,0.36,0.16,16.0,1.0,0.6,0.4,0.7,0.4,6.0,Bundesliga,0.5927601809954751,0.8552036199095022,0.6470588235294118,0.16063348416289594,0.36425339366515835,0.26018099547511314,0.31447963800904977,0.26018099547511314,0.2828054298642534,0.7669683257918553
Tobias Kempe,SV Darmstadt,1351,0.2,0.24,0.17,25.4,1.2,0.9,0.6,0.7,0.5,3.0,Bundesliga,0.5927601809954751,0.7104072398190046,0.6945701357466063,0.38687782805429866,0.45248868778280543,0.5135746606334841,0.43891402714932126,0.26018099547511314,0.36877828054298645,0.48868778280542985
Arne Engels,FC Augsburg,1398,0.19,0.12,0.11,22.8,1.9,1.2,1.0,1.3,0.4,1.0,Bundesliga,0.5723981900452488,0.4321266968325792,0.4502262443438914,0.3076923076923077,0.6855203619909502,0.7375565610859729,0.6877828054298643,0.5361990950226244,0.2828054298642534,0.2149321266968326
Kevin Paredes,VfL Wolfsburg,1429,0.19,0.19,0.12,25.6,1.1,1.3,1.4,1.5,0.9,2.0,Bundesliga,0.5723981900452488,0.6131221719457014,0.49547511312217196,0.39819004524886875,0.40497737556561086,0.8076923076923077,0.8710407239819005,0.6176470588235294,0.6244343891402715,0.3506787330316742
Marcel Sabitzer,Borussia Dortmund,1964,0.18,0.16,0.14,38.8,1.6,1.1,0.5,1.5,0.5,6.0,Bundesliga,0.5565610859728507,0.5452488687782805,0.5882352941176471,0.7194570135746606,0.5950226244343891,0.6628959276018099,0.3755656108597285,0.6176470588235294,0.36877828054298645,0.7669683257918553
Ruben Vargas,FC Augsburg,1978,0.18,0.18,0.14,20.2,0.7,0.5,0.3,0.7,1.0,4.0,Bundesliga,0.5565610859728507,0.5904977375565611,0.5882352941176471,0.24660633484162897,0.24660633484162897,0.19004524886877827,0.22171945701357465,0.26018099547511314,0.669683257918552,0.6040723981900452
Marvin Mehlem,SV Darmstadt,1491,0.18,0.24,0.09,26.1,1.1,1.3,2.0,0.7,0.6,0.0,Bundesliga,0.5565610859728507,0.7104072398190046,0.38235294117647056,0.40497737556561086,0.40497737556561086,0.8076923076923077,0.9864253393665159,0.26018099547511314,0.4457013574660634,0.07692307692307693
Marvin Pieringer,1. FC Heidenheim 1846,1520,0.18,0.14,0.09,17.5,0.8,0.7,0.7,1.2,0.6,3.0,Bundesliga,0.5565610859728507,0.4819004524886878,0.38235294117647056,0.19457013574660634,0.29411764705882354,0.3438914027149321,0.49547511312217196,0.497737556561086,0.4457013574660634,0.48868778280542985
Arne Maier,FC Augsburg,998,0.18,0.14,0.25,37.4,3.1,0.8,0.5,1.0,1.1,2.0,Bundesliga,0.5565610859728507,0.4819004524886878,0.8642533936651584,0.6877828054298643,0.9072398190045249,0.4298642533936652,0.3755656108597285,0.41402714932126694,0.7239819004524887,0.3506787330316742
Grischa Prömel,TSG Hoffenheim,2146,0.17,0.16,0.09,33.4,1.2,0.8,0.9,1.5,0.5,5.0,Bundesliga,0.5339366515837104,0.5452488687782805,0.38235294117647056,0.6018099547511312,0.45248868778280543,0.4298642533936652,0.6199095022624435,0.6176470588235294,0.36877828054298645,0.6968325791855203
Ko Itakura,Borussia Mönchengladbach,1598,0.17,0.08,0.04,44.9,1.9,1.2,1.2,3.4,0.3,0.0,Bundesliga,0.5339366515837104,0.3031674208144796,0.11764705882352941,0.8190045248868778,0.6855203619909502,0.7375565610859729,0.8009049773755657,0.8914027149321267,0.2081447963800905,0.07692307692307693
Mats Hummels,Borussia Dortmund,1581,0.17,0.18,0.08,71.7,6.0,1.9,1.9,4.6,0.1,2.0,Bundesliga,0.5339366515837104,0.5904977375565611,0.33710407239819007,0.9479638009049773,1.0,0.9728506787330317,0.9773755656108597,0.9570135746606335,0.05656108597285068,0.3506787330316742
Julian Justvan,SV Darmstadt,1069,0.17,0.08,0.3,25.2,1.8,0.3,0.9,0.5,1.3,2.0,Bundesliga,0.5339366515837104,0.3031674208144796,0.9389140271493213,0.3755656108597285,0.6493212669683258,0.09728506787330317,0.6199095022624435,0.17194570135746606,0.7828054298642534,0.3506787330316742
Niklas Stark,SV Werder Bremen,1086,0.17,0.02,0.02,39.2,3.9,1.2,1.6,4.9,0.1,0.0,Bundesliga,0.5339366515837104,0.024886877828054297,0.033936651583710405,0.7285067873303167,0.9592760180995475,0.7375565610859729,0.9298642533936652,0.9751131221719457,0.05656108597285068,0.07692307692307693
Ozan Kabak,TSG Hoffenheim,2290,0.16,0.09,0.07,45.5,2.2,1.4,1.8,4.1,0.4,1.0,Bundesliga,0.5203619909502263,0.35294117647058826,0.2828054298642534,0.8280542986425339,0.7579185520361991,0.8710407239819005,0.9660633484162896,0.9253393665158371,0.2828054298642534,0.2149321266968326
Maxence Lacroix,VfL Wolfsburg,2364,0.15,0.03,0.05,46.6,3.7,1.1,0.9,4.4,0.3,0.0,Bundesliga,0.504524886877828,0.05656108597285068,0.17420814479638008,0.832579185520362,0.9389140271493213,0.6628959276018099,0.6199095022624435,0.9411764705882353,0.2081447963800905,0.07692307692307693
Roland Sallai,SC Freiburg,1850,0.15,0.39,0.17,19.3,0.6,0.5,0.3,1.0,1.0,7.0,Bundesliga,0.504524886877828,0.8755656108597285,0.6945701357466063,0.22171945701357465,0.19230769230769232,0.19004524886877827,0.22171945701357465,0.41402714932126694,0.669683257918552,0.8076923076923077
Aleksandar Pavlovic,Bayern München,1228,0.15,0.09,0.13,64.9,3.0,1.2,1.2,0.8,0.4,2.0,Bundesliga,0.504524886877828,0.35294117647058826,0.5429864253393665,0.9276018099547512,0.8936651583710408,0.7375565610859729,0.8009049773755657,0.32805429864253394,0.2828054298642534,0.3506787330316742
Christopher Antwi-Adjej,VfL Bochum,1216,0.15,0.16,0.22,16.0,0.4,0.9,0.1,0.7,0.5,7.0,Bundesliga,0.504524886877828,0.5452488687782805,0.8257918552036199,0.16063348416289594,0.11538461538461539,0.5135746606334841,0.05203619909502263,0.26018099547511314,0.36877828054298645,0.8076923076923077
Josha Vagnoman,VfB Stuttgart,1181,0.15,0.1,0.11,33.2,0.7,1.4,0.2,1.0,0.8,2.0,Bundesliga,0.504524886877828,0.39819004524886875,0.4502262443438914,0.5950226244343891,0.24660633484162897,0.8710407239819005,0.11990950226244344,0.41402714932126694,0.5656108597285068,0.3506787330316742
Nick Woltemade,SV Werder Bremen,1182,0.15,0.19,0.14,23.9,1.3,1.8,0.4,1.1,2.2,0.0,Bundesliga,0.504524886877828,0.6131221719457014,0.5882352941176471,0.334841628959276,0.5,0.9638009049773756,0.31447963800904977,0.4638009049773756,0.9276018099547512,0.07692307692307693
Jonathan Tah,Bayer 04 Leverkusen,2632,0.14,0.07,0.03,70.7,1.8,0.3,0.8,3.2,0.2,1.0,Bundesliga,0.47737556561085975,0.25565610859728505,0.06787330316742081,0.9366515837104072,0.6493212669683258,0.09728506787330317,0.5475113122171946,0.8642533936651584,0.13574660633484162,0.2149321266968326
Leandro Barreiro,1. FSV Mainz 05,2606,0.14,0.16,0.04,23.3,1.1,1.4,1.2,1.8,0.5,1.0,Bundesliga,0.47737556561085975,0.5452488687782805,0.11764705882352941,0.3212669683257919,0.40497737556561086,0.8710407239819005,0.8009049773755657,0.7171945701357466,0.36877828054298645,0.2149321266968326
Romano Schmid,SV Werder Bremen,2614,0.14,0.18,0.23,31.3,1.4,0.7,0.4,0.5,1.4,12.0,Bundesliga,0.47737556561085975,0.5904977375565611,0.8484162895927602,0.5520361990950227,0.5361990950226244,0.3438914027149321,0.31447963800904977,0.17194570135746606,0.8076923076923077,0.9276018099547512
Brenden Aaronson,1. FC Union Berlin,1263,0.14,0.15,0.14,24.8,0.6,1.3,0.1,0.2,2.4,4.0,Bundesliga,0.47737556561085975,0.5090497737556561,0.5882352941176471,0.36199095022624433,0.19230769230769232,0.8076923076923077,0.05203619909502263,0.042986425339366516,0.9411764705882353,0.6040723981900452
Kristijan Jakic,FC Augsburg,1253,0.14,0.06,0.07,35.1,2.2,1.2,1.6,1.1,0.4,0.0,Bundesliga,0.47737556561085975,0.20135746606334842,0.2828054298642534,0.6334841628959276,0.7579185520361991,0.7375565610859729,0.9298642533936652,0.4638009049773756,0.2828054298642534,0.07692307692307693
Moritz Broschinski,VfL Bochum,1242,0.14,0.17,0.07,9.5,0.0,0.5,0.0,0.3,0.8,5.0,Bundesliga,0.47737556561085975,0.5701357466063348,0.2828054298642534,0.00904977375565611,0.006787330316742082,0.19004524886877827,0.013574660633484163,0.0746606334841629,0.5656108597285068,0.6968325791855203
Mario Götze,Eintracht Frankfurt,2075,0.13,0.13,0.16,44.5,1.8,1.5,0.6,0.4,0.8,5.0,Bundesliga,0.4502262443438914,0.45701357466063347,0.6470588235294118,0.8099547511312217,0.6493212669683258,0.9117647058823529,0.43891402714932126,0.11990950226244344,0.5656108597285068,0.6968325791855203
Fredrik Jensen,FC Augsburg,1350,0.13,0.06,0.28,17.4,0.9,0.7,0.8,1.3,0.3,5.0,Bundesliga,0.4502262443438914,0.20135746606334842,0.8981900452488688,0.18778280542986425,0.33031674208144796,0.3438914027149321,0.5475113122171946,0.5361990950226244,0.2081447963800905,0.6968325791855203
Ludovic Ajorque,1. FSV Mainz 05,1355,0.13,0.35,0.11,21.1,0.6,0.1,0.3,0.7,0.1,0.0,Bundesliga,0.4502262443438914,0.8416289592760181,0.4502262443438914,0.27828054298642535,0.19230769230769232,0.02262443438914027,0.22171945701357465,0.26018099547511314,0.05656108597285068,0.07692307692307693
Matthijs de Ligt,Bayern München,1389,0.13,0.12,0.04,72.4,2.6,0.8,1.2,3.4,0.1,0.0,Bundesliga,0.4502262443438914,0.4321266968325792,0.11764705882352941,0.9547511312217195,0.832579185520362,0.4298642533936652,0.8009049773755657,0.8914027149321267,0.05656108597285068,0.07692307692307693
Olivier Deman,SV Werder Bremen,1359,0.13,0.07,0.08,29.2,2.8,1.0,0.9,2.7,0.7,2.0,Bundesliga,0.4502262443438914,0.25565610859728505,0.33710407239819007,0.4841628959276018,0.8574660633484162,0.5882352941176471,0.6199095022624435,0.8235294117647058,0.5,0.3506787330316742
Marco Richter,1. FSV Mainz 05,713,0.13,0.24,0.26,21.1,1.9,0.5,0.3,0.1,2.0,2.0,Bundesliga,0.4502262443438914,0.7104072398190046,0.8800904977375565,0.27828054298642535,0.6855203619909502,0.19004524886877827,0.22171945701357465,0.01583710407239819,0.9049773755656109,0.3506787330316742
Jens Stage,SV Werder Bremen,2334,0.12,0.17,0.07,29.5,1.3,0.8,0.9,2.0,0.3,4.0,Bundesliga,0.4253393665158371,0.5701357466063348,0.2828054298642534,0.502262443438914,0.5,0.4298642533936652,0.6199095022624435,0.748868778280543,0.2081447963800905,0.6040723981900452
Amadou Haidara,RB Leipzig,1537,0.12,0.07,0.09,40.5,1.8,1.6,1.2,2.2,0.5,2.0,Bundesliga,0.4253393665158371,0.25565610859728505,0.38235294117647056,0.7647058823529411,0.6493212669683258,0.9321266968325792,0.8009049773755657,0.7760180995475113,0.36877828054298645,0.3506787330316742
John Anthony Brooks,TSG Hoffenheim,1539,0.12,0.15,0.02,43.1,4.2,0.9,1.6,6.2,0.2,0.0,Bundesliga,0.4253393665158371,0.5090497737556561,0.033936651583710405,0.7963800904977375,0.9728506787330317,0.5135746606334841,0.9298642533936652,1.0,0.13574660633484162,0.07692307692307693
Merlin Röhl,SC Freiburg,1483,0.12,0.12,0.13,21.7,0.7,0.8,0.5,1.3,1.3,5.0,Bundesliga,0.4253393665158371,0.4321266968325792,0.5429864253393665,0.2895927601809955,0.24660633484162897,0.4298642533936652,0.3755656108597285,0.5361990950226244,0.7828054298642534,0.6968325791855203
Noah Weisshaupt,SC Freiburg,744,0.12,0.06,0.22,29.8,1.6,0.5,1.0,1.3,1.0,5.0,Bundesliga,0.4253393665158371,0.20135746606334842,0.8257918552036199,0.5113122171945701,0.5950226244343891,0.19004524886877827,0.6877828054298643,0.5361990950226244,0.669683257918552,0.6968325791855203
Franck Honorat,Borussia Mönchengladbach,2358,0.11,0.06,0.36,26.1,0.8,0.5,0.3,1.0,0.8,19.0,Bundesliga,0.40497737556561086,0.20135746606334842,0.9773755656108597,0.40497737556561086,0.29411764705882354,0.19004524886877827,0.22171945701357465,0.41402714932126694,0.5656108597285068,1.0
Pavel Kaderabek,TSG Hoffenheim,2419,0.11,0.09,0.2,24.8,1.1,0.7,0.9,2.3,0.1,10.0,Bundesliga,0.40497737556561086,0.35294117647058826,0.7850678733031674,0.36199095022624433,0.40497737556561086,0.3438914027149321,0.6199095022624435,0.7895927601809954,0.05656108597285068,0.8891402714932126
Yannick Gerhardt,VfL Wolfsburg,1635,0.11,0.1,0.1,31.0,1.2,1.1,0.4,1.8,0.0,1.0,Bundesliga,0.40497737556561086,0.39819004524886875,0.416289592760181,0.5384615384615384,0.45248868778280543,0.6628959276018099,0.31447963800904977,0.7171945701357466,0.00904977375565611,0.2149321266968326
Sargis Adamyan,FC Köln,797,0.11,0.46,0.12,14.8,0.3,1.0,0.6,0.7,0.8,4.0,Bundesliga,0.40497737556561086,0.9389140271493213,0.49547511312217196,0.08144796380090498,0.06787330316742081,0.5882352941176471,0.43891402714932126,0.26018099547511314,0.5656108597285068,0.6040723981900452
Granit Xhaka,Bayer 04 Leverkusen,2828,0.1,0.06,0.19,95.6,4.3,0.7,0.6,1.3,0.5,4.0,Bundesliga,0.38461538461538464,0.20135746606334842,0.755656108597285,1.0,0.9773755656108597,0.3438914027149321,0.43891402714932126,0.5361990950226244,0.36877828054298645,0.6040723981900452
Mitchell Weiser,SV Werder Bremen,2639,0.1,0.13,0.2,29.2,1.7,1.3,0.7,1.3,1.7,8.0,Bundesliga,0.38461538461538464,0.45701357466063347,0.7850678733031674,0.4841628959276018,0.6199095022624435,0.8076923076923077,0.49547511312217196,0.5361990950226244,0.8552036199095022,0.8371040723981901
Sepp van den Berg,1. FSV Mainz 05,2838,0.1,0.08,0.01,37.7,1.8,0.7,1.4,4.9,0.1,1.0,Bundesliga,0.38461538461538464,0.3031674208144796,0.00904977375565611,0.6923076923076923,0.6493212669683258,0.3438914027149321,0.8710407239819005,0.9751131221719457,0.05656108597285068,0.2149321266968326
Hugo Larsson,Eintracht Frankfurt,1885,0.1,0.06,0.07,39.5,1.3,0.9,1.4,1.4,0.3,3.0,Bundesliga,0.38461538461538464,0.20135746606334842,0.2828054298642534,0.7375565610859729,0.5,0.5135746606334841,0.8710407239819005,0.5859728506787331,0.2081447963800905,0.48868778280542985
Patrick Osterhage,VfL Bochum,1863,0.1,0.07,0.03,31.3,1.3,1.3,1.3,1.4,0.8,0.0,Bundesliga,0.38461538461538464,0.25565610859728505,0.06787330316742081,0.5520361990950227,0.5,0.8076923076923077,0.8438914027149321,0.5859728506787331,0.5656108597285068,0.07692307692307693
Alphonso Davies,Bayern München,2067,0.09,0.04,0.14,56.2,0.3,1.0,1.1,1.7,3.0,3.0,Bundesliga,0.34615384615384615,0.08823529411764706,0.5882352941176471,0.8823529411764706,0.06787330316742081,0.5882352941176471,0.7375565610859729,0.6855203619909502,0.9660633484162896,0.48868778280542985
Elvis Rexhbecaj,FC Augsburg,1994,0.09,0.08,0.06,23.2,1.2,0.9,0.9,0.9,0.4,0.0,Bundesliga,0.34615384615384615,0.3031674208144796,0.22624434389140272,0.31447963800904977,0.45248868778280543,0.5135746606334841,0.6199095022624435,0.37104072398190047,0.2828054298642534,0.07692307692307693
Emre Can,Borussia Dortmund,1956,0.09,0.1,0.06,58.9,3.3,2.1,1.0,1.7,0.7,1.0,Bundesliga,0.34615384615384615,0.39819004524886875,0.22624434389140272,0.8959276018099548,0.9253393665158371,0.9886877828054299,0.6877828054298643,0.6855203619909502,0.5,0.2149321266968326
Fares Chaibi,Eintracht Frankfurt,1920,0.09,0.14,0.29,24.3,1.3,0.8,0.2,0.8,0.3,15.0,Bundesliga,0.34615384615384615,0.4819004524886878,0.916289592760181,0.3438914027149321,0.5,0.4298642533936652,0.11990950226244344,0.32805429864253394,0.2081447963800905,0.9592760180995475
Jan Schöppner,1. FC Heidenheim 1846,2000,0.09,0.05,0.06,19.9,1.4,1.2,1.2,2.5,0.5,3.0,Bundesliga,0.34615384615384615,0.13574660633484162,0.22624434389140272,0.23755656108597284,0.5361990950226244,0.7375565610859729,0.8009049773755657,0.8031674208144797,0.36877828054298645,0.48868778280542985
Maximilian Mittelstaedt,VfB Stuttgart,2104,0.09,0.04,0.29,54.2,1.9,2.2,2.0,2.3,1.5,8.0,Bundesliga,0.34615384615384615,0.08823529411764706,0.916289592760181,0.8778280542986425,0.6855203619909502,0.997737556561086,0.9864253393665159,0.7895927601809954,0.8280542986425339,0.8371040723981901
Maximilian Wöber,Borussia Mönchengladbach,2070,0.09,0.06,0.05,51.0,2.5,1.3,1.7,4.6,0.1,2.0,Bundesliga,0.34615384615384615,0.20135746606334842,0.17420814479638008,0.8552036199095022,0.8144796380090498,0.8076923076923077,0.9524886877828054,0.9570135746606335,0.05656108597285068,0.3506787330316742
Milos Veljkovic,SV Werder Bremen,1921,0.09,0.08,0.04,49.5,5.4,0.7,0.8,2.6,0.1,1.0,Bundesliga,0.34615384615384615,0.3031674208144796,0.11764705882352941,0.8506787330316742,0.9909502262443439,0.3438914027149321,0.5475113122171946,0.8122171945701357,0.05656108597285068,0.2149321266968326
Adrian Beck,1. FC Heidenheim 1846,971,0.09,0.16,0.06,28.7,1.4,1.2,0.4,1.4,1.9,2.0,Bundesliga,0.34615384615384615,0.5452488687782805,0.22624434389140272,0.47285067873303166,0.5361990950226244,0.7375565610859729,0.31447963800904977,0.5859728506787331,0.8936651583710408,0.3506787330316742
Felix Nmecha,Borussia Dortmund,1016,0.09,0.15,0.11,33.8,1.6,1.2,1.0,1.7,0.8,0.0,Bundesliga,0.34615384615384615,0.5090497737556561,0.4502262443438914,0.6131221719457014,0.5950226244343891,0.7375565610859729,0.6877828054298643,0.6855203619909502,0.5656108597285068,0.07692307692307693
Mathias Honsak,SV Darmstadt,1013,0.09,0.16,0.06,17.4,0.4,0.6,0.7,2.0,0.8,2.0,Bundesliga,0.34615384615384615,0.5452488687782805,0.22624434389140272,0.18778280542986425,0.11538461538461539,0.26018099547511314,0.49547511312217196,0.748868778280543,0.5656108597285068,0.3506787330316742
Tiago Tomás,VfL Wolfsburg,1029,0.09,0.23,0.08,15.4,0.3,0.2,0.3,0.7,1.8,2.0,Bundesliga,0.34615384615384615,0.6832579185520362,0.33710407239819007,0.11990950226244344,0.06787330316742081,0.05203619909502263,0.22171945701357465,0.26018099547511314,0.8755656108597285,0.3506787330316742
Christoph Klarer,SV Darmstadt,2356,0.08,0.05,0.04,39.6,2.9,0.8,0.8,3.4,0.2,2.0,Bundesliga,0.3076923076923077,0.13574660633484162,0.11764705882352941,0.744343891402715,0.8733031674208145,0.4298642533936652,0.5475113122171946,0.8914027149321267,0.13574660633484162,0.3506787330316742
Danilho Doekhi,1. FC Union Berlin,2160,0.08,0.05,0.04,30.7,2.9,1.0,1.6,4.3,0.1,0.0,Bundesliga,0.3076923076923077,0.13574660633484162,0.11764705882352941,0.5294117647058824,0.8733031674208145,0.5882352941176471,0.9298642533936652,0.9321266968325792,0.05656108597285068,0.07692307692307693
Ellyes Skhiri,Eintracht Frankfurt,2169,0.08,0.1,0.08,44.7,2.0,1.0,1.6,1.7,0.5,3.0,Bundesliga,0.3076923076923077,0.39819004524886875,0.33710407239819007,0.8144796380090498,0.7058823529411765,0.5882352941176471,0.9298642533936652,0.6855203619909502,0.36877828054298645,0.48868778280542985
Mohamed Simakan,RB Leipzig,2139,0.08,0.17,0.12,54.1,2.4,1.2,1.2,2.9,0.5,3.0,Bundesliga,0.3076923076923077,0.5701357466063348,0.49547511312217196,0.8733031674208145,0.7963800904977375,0.7375565610859729,0.8009049773755657,0.8371040723981901,0.36877828054298645,0.48868778280542985
Jamie Bynoe-Gittens,Borussia Dortmund,1059,0.08,0.19,0.25,23.5,0.4,0.6,0.3,0.5,3.7,4.0,Bundesliga,0.3076923076923077,0.6131221719457014,0.8642533936651584,0.3257918552036199,0.11538461538461539,0.26018099547511314,0.22171945701357465,0.17194570135746606,0.9819004524886877,0.6040723981900452
Anthony Caci,1. FSV Mainz 05,2493,0.07,0.06,0.13,35.4,3.9,0.8,1.2,1.4,0.8,6.0,Bundesliga,0.26244343891402716,0.20135746606334842,0.5429864253393665,0.6470588235294118,0.9592760180995475,0.4298642533936652,0.8009049773755657,0.5859728506787331,0.5656108597285068,0.7669683257918553
Anton Stach,TSG Hoffenheim,2497,0.07,0.07,0.1,38.3,2.1,1.5,2.7,2.4,1.0,6.0,Bundesliga,0.26244343891402716,0.25565610859728505,0.416289592760181,0.7104072398190046,0.7262443438914027,0.9117647058823529,1.0,0.7963800904977375,0.669683257918552,0.7669683257918553
David Raum,RB Leipzig,2743,0.07,0.02,0.35,41.3,2.3,1.1,0.9,2.0,0.6,15.0,Bundesliga,0.26244343891402716,0.024886877828054297,0.9683257918552036,0.7805429864253394,0.7850678733031674,0.6628959276018099,0.6199095022624435,0.748868778280543,0.4457013574660634,0.9592760180995475
Joakim Mæhle,VfL Wolfsburg,2454,0.07,0.05,0.19,37.3,1.4,1.4,1.1,2.1,0.8,4.0,Bundesliga,0.26244343891402716,0.13574660633484162,0.755656108597285,0.6809954751131222,0.5361990950226244,0.8710407239819005,0.7375565610859729,0.7624434389140271,0.5656108597285068,0.6040723981900452
Julian Weigl,Borussia Mönchengladbach,2766,0.07,0.08,0.05,42.5,2.7,1.3,1.6,2.0,0.5,4.0,Bundesliga,0.26244343891402716,0.3031674208144796,0.17420814479638008,0.7918552036199095,0.8438914027149321,0.8076923076923077,0.9298642533936652,0.748868778280543,0.36877828054298645,0.6040723981900452
Maximilian Arnold,VfL Wolfsburg,2503,0.07,0.04,0.16,45.0,3.8,1.1,0.9,1.9,0.3,5.0,Bundesliga,0.26244343891402716,0.08823529411764706,0.6470588235294118,0.8235294117647058,0.9479638009049773,0.6628959276018099,0.6199095022624435,0.7352941176470589,0.2081447963800905,0.6968325791855203
Nico Elvedi,Borussia Mönchengladbach,2485,0.07,0.06,0.01,53.3,1.4,0.7,1.6,5.2,0.2,0.0,Bundesliga,0.26244343891402716,0.20135746606334842,0.00904977375565611,0.8642533936651584,0.5361990950226244,0.3438914027149321,0.9298642533936652,0.9841628959276018,0.13574660633484162,0.07692307692307693
Robin Koch,Eintracht Frankfurt,2740,0.07,0.1,0.02,62.4,2.8,0.8,1.1,4.4,0.1,0.0,Bundesliga,0.26244343891402716,0.39819004524886875,0.033936651583710405,0.918552036199095,0.8574660633484162,0.4298642533936652,0.7375565610859729,0.9411764705882353,0.05656108597285068,0.07692307692307693
András Schäfer,1. FC Union Berlin,1218,0.07,0.13,0.07,29.4,0.9,1.2,1.5,1.6,1.6,3.0,Bundesliga,0.26244343891402716,0.45701357466063347,0.2828054298642534,0.49547511312217196,0.33031674208144796,0.7375565610859729,0.9027149321266968,0.6470588235294118,0.8393665158371041,0.48868778280542985
Janik Haberer,1. FC Union Berlin,1223,0.07,0.07,0.09,28.0,1.3,1.8,0.9,1.3,0.6,1.0,Bundesliga,0.26244343891402716,0.25565610859728505,0.38235294117647056,0.45248868778280543,0.5,0.9638009049773756,0.6199095022624435,0.5361990950226244,0.4457013574660634,0.2149321266968326
Kevin Kampl,RB Leipzig,1360,0.07,0.01,0.1,60.9,1.9,0.5,0.7,0.7,0.7,2.0,Bundesliga,0.26244343891402716,0.006787330316742082,0.416289592760181,0.9049773755656109,0.6855203619909502,0.19004524886877827,0.49547511312217196,0.26018099547511314,0.5,0.3506787330316742
Marius Bülter,TSG Hoffenheim,1346,0.07,0.1,0.29,26.6,1.8,0.7,0.7,1.3,1.2,6.0,Bundesliga,0.26244343891402716,0.39819004524886875,0.916289592760181,0.4253393665158371,0.6493212669683258,0.3438914027149321,0.49547511312217196,0.5361990950226244,0.7601809954751131,0.7669683257918553
Philipp Max,Eintracht Frankfurt,1357,0.07,0.02,0.16,39.7,1.5,1.1,0.5,1.0,0.4,5.0,Bundesliga,0.26244343891402716,0.024886877828054297,0.6470588235294118,0.751131221719457,0.5633484162895928,0.6628959276018099,0.3755656108597285,0.41402714932126694,0.2828054298642534,0.6968325791855203
Silvan Widmer,1. FSV Mainz 05,1243,0.07,0.1,0.18,27.4,1.9,0.7,1.2,2.2,0.1,8.0,Bundesliga,0.26244343891402716,0.39819004524886875,0.7262443438914027,0.4457013574660634,0.6855203619909502,0.3438914027149321,0.8009049773755657,0.7760180995475113,0.05656108597285068,0.8371040723981901
Tom Krauss,1. FSV Mainz 05,1339,0.07,0.05,0.05,32.4,1.5,2.2,1.1,1.8,0.2,1.0,Bundesliga,0.26244343891402716,0.13574660633484162,0.17420814479638008,0.5746606334841629,0.5633484162895928,0.997737556561086,0.7375565610859729,0.7171945701357466,0.13574660633484162,0.2149321266968326
Felix Uduokhai,FC Augsburg,2922,0.06,0.05,0.04,41.4,3.1,0.6,1.4,5.4,0.2,0.0,Bundesliga,0.19457013574660634,0.13574660633484162,0.11764705882352941,0.7873303167420814,0.9072398190045249,0.26018099547511314,0.8710407239819005,0.9909502262443439,0.13574660633484162,0.07692307692307693
Nico Schlotterbeck,Borussia Dortmund,2861,0.06,0.1,0.06,74.6,5.9,1.6,1.4,3.1,0.3,4.0,Bundesliga,0.19457013574660634,0.39819004524886875,0.22624434389140272,0.9660633484162896,0.995475113122172,0.9321266968325792,0.8710407239819005,0.8529411764705882,0.2081447963800905,0.6040723981900452
Patrick Mainka,1. FC Heidenheim 1846,3060,0.06,0.1,0.02,37.8,2.5,1.4,1.4,4.6,0.3,0.0,Bundesliga,0.19457013574660634,0.39819004524886875,0.033936651583710405,0.6968325791855203,0.8144796380090498,0.8710407239819005,0.8710407239819005,0.9570135746606335,0.2081447963800905,0.07692307692307693
Dan-Axel Zagadou,VfB Stuttgart,1453,0.06,0.06,0.04,72.9,3.9,0.9,1.2,4.6,0.2,0.0,Bundesliga,0.19457013574660634,0.20135746606334842,0.11764705882352941,0.9592760180995475,0.9592760180995475,0.5135746606334841,0.8009049773755657,0.9570135746606335,0.13574660633484162,0.07692307692307693
Fabian Nürnberger,SV Darmstadt,1519,0.06,0.05,0.15,35.8,1.8,1.3,1.0,1.3,1.1,1.0,Bundesliga,0.19457013574660634,0.13574660633484162,0.6176470588235294,0.6561085972850679,0.6493212669683258,0.8076923076923077,0.6877828054298643,0.5361990950226244,0.7239819004524887,0.2149321266968326
Iago,FC Augsburg,1622,0.06,0.08,0.16,24.5,2.3,0.9,1.0,2.2,1.1,4.0,Bundesliga,0.19457013574660634,0.3031674208144796,0.6470588235294118,0.34841628959276016,0.7850678733031674,0.5135746606334841,0.6877828054298643,0.7760180995475113,0.7239819004524887,0.6040723981900452
Jan Thielmann,FC Köln,1588,0.06,0.13,0.07,17.3,1.3,1.0,0.5,1.4,1.0,1.0,Bundesliga,0.19457013574660634,0.45701357466063347,0.2828054298642534,0.18099547511312217,0.5,0.5882352941176471,0.3755656108597285,0.5859728506787331,0.669683257918552,0.2149321266968326
Karim Onisiwo,1. FSV Mainz 05,1496,0.06,0.14,0.08,11.7,0.5,0.5,0.1,0.4,1.1,3.0,Bundesliga,0.19457013574660634,0.4819004524886878,0.33710407239819007,0.03167420814479638,0.1515837104072398,0.19004524886877827,0.05203619909502263,0.11990950226244344,0.7239819004524887,0.48868778280542985
Kouadio Koné,Borussia Mönchengladbach,1565,0.06,0.07,0.04,33.5,1.3,1.5,0.9,0.9,2.1,1.0,Bundesliga,0.19457013574660634,0.25565610859728505,0.11764705882352941,0.6063348416289592,0.5,0.9117647058823529,0.6199095022624435,0.37104072398190047,0.916289592760181,0.2149321266968326
Leonardo Bittencourt,SV Werder Bremen,1585,0.06,0.13,0.16,36.8,1.6,1.0,0.7,0.3,1.0,5.0,Bundesliga,0.19457013574660634,0.45701357466063347,0.6470588235294118,0.669683257918552,0.5950226244343891,0.5882352941176471,0.49547511312217196,0.0746606334841629,0.669683257918552,0.6968325791855203
Luca Pfeiffer,SV Darmstadt,1625,0.06,0.26,0.06,15.9,0.4,0.3,0.1,1.2,0.4,2.0,Bundesliga,0.19457013574660634,0.7352941176470589,0.22624434389140272,0.1493212669683258,0.11538461538461539,0.09728506787330317,0.05203619909502263,0.497737556561086,0.2828054298642534,0.3506787330316742
Lukas Klostermann,RB Leipzig,1433,0.06,0.05,0.06,64.1,3.0,0.6,0.8,3.8,0.0,0.0,Bundesliga,0.19457013574660634,0.13574660633484162,0.22624434389140272,0.9230769230769231,0.8936651583710408,0.26018099547511314,0.5475113122171946,0.916289592760181,0.00904977375565611,0.07692307692307693
Nadiem Amiri,1. FSV Mainz 05,1401,0.06,0.15,0.27,39.1,2.9,1.0,0.9,1.2,1.7,10.0,Bundesliga,0.19457013574660634,0.5090497737556561,0.8914027149321267,0.7239819004524887,0.8733031674208145,0.5882352941176471,0.6199095022624435,0.497737556561086,0.8552036199095022,0.8891402714932126
Niklas Süle,Borussia Dortmund,1509,0.06,0.03,0.04,82.8,5.0,0.6,1.5,3.4,0.2,0.0,Bundesliga,0.19457013574660634,0.05656108597285068,0.11764705882352941,0.9819004524886877,0.9864253393665159,0.26018099547511314,0.9027149321266968,0.8914027149321267,0.13574660633484162,0.07692307692307693
Piero Hincapié,Bayer 04 Leverkusen,1484,0.06,0.12,0.05,77.6,2.3,1.3,0.8,2.5,0.1,1.0,Bundesliga,0.19457013574660634,0.4321266968325792,0.17420814479638008,0.9773755656108597,0.7850678733031674,0.8076923076923077,0.5475113122171946,0.8031674208144797,0.05656108597285068,0.2149321266968326
Aurelio Buta,Eintracht Frankfurt,1744,0.05,0.02,0.09,37.3,1.5,1.3,0.8,1.7,0.6,0.0,Bundesliga,0.12895927601809956,0.024886877828054297,0.38235294117647056,0.6809954751131222,0.5633484162895928,0.8076923076923077,0.5475113122171946,0.6855203619909502,0.4457013574660634,0.07692307692307693
Dayot Upamecano,Bayern München,1763,0.05,0.09,0.05,85.0,3.2,1.1,1.0,2.7,0.3,1.0,Bundesliga,0.12895927601809956,0.35294117647058826,0.17420814479638008,0.9864253393665159,0.916289592760181,0.6628959276018099,0.6877828054298643,0.8235294117647058,0.2081447963800905,0.2149321266968326
Ivan Ordets,VfL Bochum,1879,0.05,0.06,0.08,22.6,1.2,0.7,1.5,6.0,0.0,1.0,Bundesliga,0.12895927601809956,0.20135746606334842,0.33710407239819007,0.3031674208144796,0.45248868778280543,0.3438914027149321,0.9027149321266968,0.995475113122172,0.00904977375565611,0.2149321266968326
Linton Maina,FC Köln,1904,0.05,0.09,0.16,20.6,0.4,0.7,0.3,0.5,1.0,6.0,Bundesliga,0.12895927601809956,0.35294117647058826,0.6470588235294118,0.26244343891402716,0.11538461538461539,0.3438914027149321,0.22171945701357465,0.17194570135746606,0.669683257918552,0.7669683257918553
Lukas Kübler,SC Freiburg,1848,0.05,0.03,0.03,32.3,2.2,1.2,1.8,2.6,0.1,0.0,Bundesliga,0.12895927601809956,0.05656108597285068,0.06787330316742081,0.5701357466063348,0.7579185520361991,0.7375565610859729,0.9660633484162896,0.8122171945701357,0.05656108597285068,0.07692307692307693
Mads Valentin Pedersen,FC Augsburg,1783,0.05,0.04,0.11,25.4,1.6,2.0,1.0,2.2,1.2,2.0,Bundesliga,0.12895927601809956,0.08823529411764706,0.4502262443438914,0.38687782805429866,0.5950226244343891,0.9796380090497737,0.6877828054298643,0.7760180995475113,0.7601809954751131,0.3506787330316742
Matej Maglica,SV Darmstadt,1701,0.05,0.03,0.06,40.0,3.8,1.1,1.2,4.7,0.1,1.0,Bundesliga,0.12895927601809956,0.05656108597285068,0.22624434389140272,0.7579185520361991,0.9479638009049773,0.6628959276018099,0.8009049773755657,0.9683257918552036,0.05656108597285068,0.2149321266968326
Matthias Bader,SV Darmstadt,1807,0.05,0.04,0.17,26.6,2.1,1.2,1.2,0.8,0.9,3.0,Bundesliga,0.12895927601809956,0.08823529411764706,0.6945701357466063,0.4253393665158371,0.7262443438914027,0.7375565610859729,0.8009049773755657,0.32805429864253394,0.6244343891402715,0.48868778280542985
Mattias Svanberg,VfL Wolfsburg,1725,0.05,0.15,0.13,29.4,1.2,0.9,1.1,1.3,0.8,5.0,Bundesliga,0.12895927601809956,0.5090497737556561,0.5429864253393665,0.49547511312217196,0.45248868778280543,0.5135746606334841,0.7375565610859729,0.5361990950226244,0.5656108597285068,0.6968325791855203
Matus Bero,VfL Bochum,1665,0.05,0.16,0.1,18.3,1.1,1.2,0.6,1.4,0.2,4.0,Bundesliga,0.12895927601809956,0.5452488687782805,0.416289592760181,0.2081447963800905,0.40497737556561086,0.7375565610859729,0.43891402714932126,0.5859728506787331,0.13574660633484162,0.6040723981900452
Max Finkgrafe,FC Köln,1756,0.05,0.05,0.08,23.2,1.3,2.0,1.1,1.6,1.8,2.0,Bundesliga,0.12895927601809956,0.13574660633484162,0.33710407239819007,0.31447963800904977,0.5,0.9796380090497737,0.7375565610859729,0.6470588235294118,0.8755656108597285,0.3506787330316742
Min-Jae Kim,Bayern München,1970,0.05,0.04,0.02,90.5,2.5,1.1,2.1,3.1,0.1,1.0,Bundesliga,0.12895927601809956,0.08823529411764706,0.033936651583710405,0.995475113122172,0.8144796380090498,0.6628959276018099,0.995475113122172,0.8529411764705882,0.05656108597285068,0.2149321266968326
Odilon Kossounou,Bayer 04 Leverkusen,1812,0.05,0.03,0.08,60.5,1.8,1.0,1.3,1.9,1.1,1.0,Bundesliga,0.12895927601809956,0.05656108597285068,0.33710407239819007,0.9004524886877828,0.6493212669683258,0.5882352941176471,0.8438914027149321,0.7352941176470589,0.7239819004524887,0.2149321266968326
Robin Knoche,1. FC Union Berlin,1916,0.05,0.06,0.02,43.4,3.3,1.0,0.6,3.3,0.1,0.0,Bundesliga,0.12895927601809956,0.20135746606334842,0.033936651583710405,0.8031674208144797,0.9253393665158371,0.5882352941176471,0.43891402714932126,0.8755656108597285,0.05656108597285068,0.07692307692307693
Benedikt Gimber,1. FC Heidenheim 1846,2026,0.04,0.06,0.05,30.2,2.3,1.1,0.7,4.4,0.4,2.0,Bundesliga,0.06561085972850679,0.20135746606334842,0.17420814479638008,0.5203619909502263,0.7850678733031674,0.6628959276018099,0.49547511312217196,0.9411764705882353,0.2828054298642534,0.3506787330316742
Benjamin Henrichs,RB Leipzig,2531,0.04,0.09,0.21,38.7,2.2,1.4,1.2,1.1,1.2,9.0,Bundesliga,0.06561085972850679,0.35294117647058826,0.8031674208144797,0.7149321266968326,0.7579185520361991,0.8710407239819005,0.8009049773755657,0.4638009049773756,0.7601809954751131,0.8642533936651584
Castello Lukeba,RB Leipzig,2185,0.04,0.03,0.03,70.8,2.1,0.5,0.5,3.8,0.7,0.0,Bundesliga,0.06561085972850679,0.05656108597285068,0.06787330316742081,0.9411764705882353,0.7262443438914027,0.19004524886877827,0.3755656108597285,0.916289592760181,0.5,0.07692307692307693
Dominik Kohr,1. FSV Mainz 05,2190,0.04,0.07,0.05,35.5,2.9,1.7,1.8,2.1,0.2,1.0,Bundesliga,0.06561085972850679,0.25565610859728505,0.17420814479638008,0.6515837104072398,0.8733031674208145,0.9479638009049773,0.9660633484162896,0.7624434389140271,0.13574660633484162,0.2149321266968326
Eric Martel,FC Köln,2464,0.04,0.08,0.03,33.1,1.1,1.6,1.6,2.9,0.3,1.0,Bundesliga,0.06561085972850679,0.3031674208144796,0.06787330316742081,0.5882352941176471,0.40497737556561086,0.9321266968325792,0.9298642533936652,0.8371040723981901,0.2081447963800905,0.2149321266968326
Florian Grillitsch,TSG Hoffenheim,2297,0.04,0.05,0.07,58.2,4.1,1.1,2.0,3.4,0.5,2.0,Bundesliga,0.06561085972850679,0.13574660633484162,0.2828054298642534,0.8914027149321267,0.9683257918552036,0.6628959276018099,0.9864253393665159,0.8914027149321267,0.36877828054298645,0.3506787330316742
Joseph Scally,Borussia Mönchengladbach,2236,0.04,0.02,0.06,34.9,1.5,1.1,0.7,2.9,0.4,3.0,Bundesliga,0.06561085972850679,0.024886877828054297,0.22624434389140272,0.6289592760180995,0.5633484162895928,0.6628959276018099,0.49547511312217196,0.8371040723981901,0.2828054298642534,0.48868778280542985
Joshua Kimmich,Bayern München,2185,0.04,0.05,0.38,74.6,3.7,1.4,0.6,1.0,0.4,11.0,Bundesliga,0.06561085972850679,0.13574660633484162,0.9909502262443439,0.9660633484162896,0.9389140271493213,0.8710407239819005,0.43891402714932126,0.41402714932126694,0.2828054298642534,0.9095022624434389
Lennard Maloney,1. FC Heidenheim 1846,2292,0.04,0.03,0.05,27.3,2.5,1.0,1.0,3.2,0.2,2.0,Bundesliga,0.06561085972850679,0.05656108597285068,0.17420814479638008,0.43891402714932126,0.8144796380090498,0.5882352941176471,0.6877828054298643,0.8642533936651584,0.13574660633484162,0.3506787330316742
Manuel Gulde,SC Freiburg,2048,0.04,0.05,0.02,41.2,2.0,1.0,1.1,3.5,0.1,0.0,Bundesliga,0.06561085972850679,0.13574660633484162,0.033936651583710405,0.7737556561085973,0.7058823529411765,0.5882352941176471,0.7375565610859729,0.9049773755656109,0.05656108597285068,0.07692307692307693
Marco Friedl,SV Werder Bremen,2198,0.04,0.01,0.01,37.9,3.6,1.3,1.4,5.2,0.2,0.0,Bundesliga,0.06561085972850679,0.006787330316742082,0.00904977375565611,0.7036199095022625,0.9321266968325792,0.8076923076923077,0.8710407239819005,0.9841628959276018,0.13574660633484162,0.07692307692307693
Nicolas Höfler,SC Freiburg,2332,0.04,0.03,0.03,37.9,1.2,1.5,1.2,1.6,0.5,0.0,Bundesliga,0.06561085972850679,0.05656108597285068,0.06787330316742081,0.7036199095022625,0.45248868778280543,0.9117647058823529,0.8009049773755657,0.6470588235294118,0.36877828054298645,0.07692307692307693
Philipp Mwene,1. FSV Mainz 05,2003,0.04,0.07,0.12,22.1,1.5,0.7,0.8,1.8,0.7,4.0,Bundesliga,0.06561085972850679,0.25565610859728505,0.49547511312217196,0.29411764705882354,0.5633484162895928,0.3438914027149321,0.5475113122171946,0.7171945701357466,0.5,0.6040723981900452
Ridle Baku,VfL Wolfsburg,2011,0.04,0.08,0.16,29.9,1.6,0.9,0.9,1.6,0.8,10.0,Bundesliga,0.06561085972850679,0.3031674208144796,0.6470588235294118,0.5158371040723982,0.5950226244343891,0.5135746606334841,0.6199095022624435,0.6470588235294118,0.5656108597285068,0.8891402714932126
Angelo Stiller,VfB Stuttgart,2780,0.03,0.06,0.18,76.1,2.7,1.1,0.9,0.8,0.6,6.0,Bundesliga,0.01809954751131222,0.20135746606334842,0.7262443438914027,0.9728506787330317,0.8438914027149321,0.6628959276018099,0.6199095022624435,0.32805429864253394,0.4457013574660634,0.7669683257918553
Anthony Jung,SV Werder Bremen,2583,0.03,0.02,0.03,53.1,3.0,0.8,0.8,3.3,0.2,0.0,Bundesliga,0.01809954751131222,0.024886877828054297,0.06787330316742081,0.8597285067873304,0.8936651583710408,0.4298642533936652,0.5475113122171946,0.8755656108597285,0.13574660633484162,0.07692307692307693
Anthony Losilla,VfL Bochum,2586,0.03,0.08,0.04,22.4,0.8,1.3,0.9,1.7,0.3,2.0,Bundesliga,0.01809954751131222,0.3031674208144796,0.11764705882352941,0.2986425339366516,0.29411764705882354,0.8076923076923077,0.6199095022624435,0.6855203619909502,0.2081447963800905,0.3506787330316742
Bernardo,VfL Bochum,2924,0.03,0.08,0.04,29.6,2.7,1.8,1.7,3.2,0.4,0.0,Bundesliga,0.01809954751131222,0.3031674208144796,0.11764705882352941,0.5067873303167421,0.8438914027149321,0.9638009049773756,0.9524886877828054,0.8642533936651584,0.2828054298642534,0.07692307692307693
Jeffrey Gouweleeuw,FC Augsburg,2594,0.03,0.05,0.06,39.6,4.7,0.8,1.2,3.6,0.5,3.0,Bundesliga,0.01809954751131222,0.13574660633484162,0.22624434389140272,0.744343891402715,0.9819004524886877,0.4298642533936652,0.8009049773755657,0.9095022624434389,0.36877828054298645,0.48868778280542985
Maximilian Eggestein,SC Freiburg,2918,0.03,0.07,0.07,33.2,1.0,0.7,0.9,1.1,0.6,4.0,Bundesliga,0.01809954751131222,0.25565610859728505,0.2828054298642534,0.5950226244343891,0.36425339366515835,0.3438914027149321,0.6199095022624435,0.4638009049773756,0.4457013574660634,0.6040723981900452
Tuta,Eintracht Frankfurt,2605,0.03,0.05,0.07,53.9,3.0,1.1,1.2,3.0,0.4,3.0,Bundesliga,0.01809954751131222,0.13574660633484162,0.2828054298642534,0.8687782805429864,0.8936651583710408,0.6628959276018099,0.8009049773755657,0.8461538461538461,0.2828054298642534,0.48868778280542985
Erling Haaland,Manchester City,2556,0.95,1.03,0.08,10.4,0.1,0.1,0.1,0.6,0.4,6.0,Premier League,1.0,1.0,0.46153846153846156,0.029914529914529916,0.019230769230769232,0.01282051282051282,0.05128205128205128,0.2863247863247863,0.24572649572649571,0.717948717948718
Alexander Isak,Newcastle United,2265,0.83,0.81,0.11,15.1,0.4,0.0,0.2,0.5,1.7,5.0,Premier League,0.9957264957264957,0.9935897435897436,0.594017094017094,0.10042735042735043,0.14957264957264957,0.004273504273504274,0.10683760683760683,0.2222222222222222,0.8589743589743589,0.6239316239316239
Callum Wilson,Newcastle United,985,0.82,0.81,0.05,9.4,0.2,0.3,0.2,0.4,1.3,2.0,Premier League,0.9914529914529915,0.9935897435897436,0.25,0.017094017094017096,0.042735042735042736,0.05982905982905983,0.10683760683760683,0.14743589743589744,0.7478632478632479,0.3162393162393162
Diogo Jota,Liverpool,1150,0.78,0.42,0.14,22.4,0.7,1.0,0.5,0.3,1.2,4.0,Premier League,0.9871794871794872,0.8952991452991453,0.6944444444444444,0.24145299145299146,0.27136752136752135,0.5747863247863247,0.32051282051282054,0.0876068376068376,0.7008547008547008,0.532051282051282
Cole Palmer,Chelsea,2624,0.75,0.62,0.3,37.4,2.4,0.4,0.7,0.4,1.8,17.0,Premier League,0.9829059829059829,0.9743589743589743,0.9722222222222222,0.6431623931623932,0.8205128205128205,0.1047008547008547,0.48717948717948717,0.14743589743589744,0.8824786324786325,0.9807692307692307
Chris Wood,Nottingham Forest,1806,0.7,0.59,0.05,13.9,0.3,0.2,0.0,1.3,0.3,3.0,Premier League,0.9764957264957265,0.9658119658119658,0.25,0.07478632478632478,0.08547008547008547,0.03205128205128205,0.010683760683760684,0.5491452991452992,0.17307692307692307,0.43803418803418803
Michael Olise,Crystal Palace,1277,0.7,0.39,0.35,35.7,1.8,0.7,0.8,0.6,2.8,9.0,Premier League,0.9764957264957265,0.8589743589743589,1.0,0.6111111111111112,0.6752136752136753,0.30982905982905984,0.561965811965812,0.2863247863247863,0.9764957264957265,0.844017094017094
Leandro Trossard,Arsenal,1646,0.66,0.43,0.17,26.1,1.0,0.9,0.4,0.3,1.4,3.0,Premier League,0.967948717948718,0.905982905982906,0.7841880341880342,0.37606837606837606,0.39316239316239315,0.4893162393162393,0.23504273504273504,0.0876068376068376,0.782051282051282,0.43803418803418803
Richarlison,Tottenham Hotspur,1492,0.66,0.58,0.09,16.0,0.4,0.7,0.5,1.4,0.6,3.0,Premier League,0.967948717948718,0.9615384615384616,0.5149572649572649,0.11538461538461539,0.14957264957264957,0.30982905982905984,0.32051282051282054,0.5790598290598291,0.391025641025641,0.43803418803418803
Mohamed Salah,Liverpool,2535,0.64,0.75,0.27,25.1,0.9,0.4,0.1,0.0,1.0,22.0,Premier League,0.9615384615384616,0.9871794871794872,0.9551282051282052,0.3418803418803419,0.3525641025641026,0.1047008547008547,0.05128205128205128,0.00641025641025641,0.6089743589743589,1.0
Jean-Philippe Mateta,Crystal Palace,2283,0.63,0.43,0.05,12.0,0.3,0.6,0.2,0.6,1.0,5.0,Premier League,0.9551282051282052,0.905982905982906,0.25,0.05128205128205128,0.08547008547008547,0.2222222222222222,0.10683760683760683,0.2863247863247863,0.6089743589743589,0.6239316239316239
Elijah Adebayo,Luton Town,1418,0.63,0.43,0.03,9.1,0.1,0.1,0.4,1.6,1.1,0.0,Premier League,0.9551282051282052,0.905982905982906,0.12606837606837606,0.010683760683760684,0.019230769230769232,0.01282051282051282,0.23504273504273504,0.6239316239316239,0.6538461538461539,0.06837606837606838
Phil Foden,Manchester City,2865,0.6,0.32,0.22,46.7,1.3,0.6,0.4,0.5,1.5,10.0,Premier League,0.9487179487179487,0.7948717948717948,0.8931623931623932,0.7905982905982906,0.5064102564102564,0.2222222222222222,0.23504273504273504,0.2222222222222222,0.811965811965812,0.8717948717948718
Harvey Barnes,Newcastle United,794,0.57,0.41,0.22,22.8,0.3,0.1,0.6,0.2,0.8,8.0,Premier League,0.9444444444444444,0.8846153846153846,0.8931623931623932,0.2564102564102564,0.08547008547008547,0.01282051282051282,0.41239316239316237,0.04700854700854701,0.5128205128205128,0.8226495726495726
Ollie Watkins,Aston Villa,3221,0.53,0.47,0.12,12.7,0.1,0.2,0.1,0.5,0.7,11.0,Premier League,0.9401709401709402,0.9273504273504274,0.6282051282051282,0.05982905982905983,0.019230769230769232,0.03205128205128205,0.05128205128205128,0.2222222222222222,0.45726495726495725,0.8974358974358975
Heung-Min Son,Tottenham Hotspur,2946,0.52,0.37,0.25,26.6,0.3,0.4,0.2,0.1,1.2,20.0,Premier League,0.9337606837606838,0.8418803418803419,0.9273504273504274,0.39316239316239315,0.08547008547008547,0.1047008547008547,0.10683760683760683,0.021367521367521368,0.7008547008547008,0.9914529914529915
Taiwo Awoniyi,Nottingham Forest,1046,0.52,0.41,0.08,10.9,0.2,0.6,0.1,0.8,0.7,2.0,Premier League,0.9337606837606838,0.8846153846153846,0.46153846153846156,0.038461538461538464,0.042735042735042736,0.2222222222222222,0.05128205128205128,0.36324786324786323,0.45726495726495725,0.3162393162393162
Dominic Solanke,Bournemouth,3331,0.51,0.53,0.05,10.6,0.2,0.3,0.2,1.2,1.1,3.0,Premier League,0.9230769230769231,0.9529914529914529,0.25,0.03418803418803419,0.042735042735042736,0.05982905982905983,0.10683760683760683,0.5149572649572649,0.6538461538461539,0.43803418803418803
Hee-Chan Hwang,Wolverhampton Wanderers,2124,0.51,0.33,0.12,17.5,0.4,0.4,0.4,0.3,1.5,4.0,Premier League,0.9230769230769231,0.8076923076923077,0.6282051282051282,0.1581196581196581,0.14957264957264957,0.1047008547008547,0.23504273504273504,0.0876068376068376,0.811965811965812,0.532051282051282
Rodrigo Muniz,Fulham,1597,0.51,0.49,0.05,7.7,0.4,0.2,0.3,1.1,0.3,2.0,Premier League,0.9230769230769231,0.9423076923076923,0.25,0.004273504273504274,0.14957264957264957,0.03205128205128205,0.16452991452991453,0.4807692307692308,0.17307692307692307,0.3162393162393162
Bukayo Saka,Arsenal,2933,0.49,0.48,0.34,33.4,0.8,1.1,0.5,0.6,1.5,15.0,Premier League,0.9145299145299145,0.9337606837606838,0.9957264957264957,0.5683760683760684,0.30982905982905984,0.655982905982906,0.32051282051282054,0.2863247863247863,0.811965811965812,0.9615384615384616
Jarrod Bowen,West Ham United,3020,0.48,0.35,0.14,13.9,0.4,0.8,0.6,0.4,1.0,12.0,Premier League,0.905982905982906,0.8205128205128205,0.6944444444444444,0.07478632478632478,0.14957264957264957,0.40384615384615385,0.41239316239316237,0.14743589743589744,0.6089743589743589,0.9209401709401709
Darwin Nunez,Liverpool,2046,0.48,0.72,0.2,14.6,0.5,0.5,0.1,0.4,0.7,11.0,Premier League,0.905982905982906,0.9829059829059829,0.8611111111111112,0.09401709401709402,0.1987179487179487,0.1623931623931624,0.05128205128205128,0.14743589743589744,0.45726495726495725,0.8974358974358975
Eberechi Eze,Crystal Palace,2065,0.48,0.4,0.24,28.9,1.2,0.7,0.5,0.2,3.0,7.0,Premier League,0.905982905982906,0.8717948717948718,0.9145299145299145,0.4444444444444444,0.4700854700854701,0.30982905982905984,0.32051282051282054,0.04700854700854701,0.9829059829059829,0.782051282051282
Nicolas Jackson,Chelsea,2804,0.45,0.6,0.09,16.5,0.4,0.4,0.1,0.5,1.7,8.0,Premier League,0.8952991452991453,0.9700854700854701,0.5149572649572649,0.13247863247863248,0.14957264957264957,0.1047008547008547,0.05128205128205128,0.2222222222222222,0.8589743589743589,0.8226495726495726
Raul Jiménez,Fulham,1402,0.45,0.33,0.06,16.7,0.8,0.8,0.3,0.8,0.6,3.0,Premier League,0.8952991452991453,0.8076923076923077,0.31837606837606836,0.13675213675213677,0.30982905982905984,0.40384615384615385,0.16452991452991453,0.36324786324786323,0.391025641025641,0.43803418803418803
Kai Havertz,Arsenal,2639,0.44,0.42,0.15,25.8,0.3,0.5,0.7,0.8,0.5,8.0,Premier League,0.8846153846153846,0.8952991452991453,0.7307692307692307,0.3717948717948718,0.08547008547008547,0.1623931623931624,0.48717948717948717,0.36324786324786323,0.3247863247863248,0.8226495726495726
Matheus Cunha,Wolverhampton Wanderers,2453,0.44,0.35,0.11,23.5,0.7,0.6,0.5,0.7,2.3,7.0,Premier League,0.8846153846153846,0.8205128205128205,0.594017094017094,0.2905982905982906,0.27136752136752135,0.2222222222222222,0.32051282051282054,0.3247863247863248,0.9508547008547008,0.782051282051282
Cody Gakpo,Liverpool,1644,0.44,0.49,0.15,23.2,0.5,0.9,0.8,0.4,1.7,5.0,Premier League,0.8846153846153846,0.9423076923076923,0.7307692307692307,0.27136752136752135,0.1987179487179487,0.4893162393162393,0.561965811965812,0.14743589743589744,0.8589743589743589,0.6239316239316239
Yoane Wissa,Brentford,2508,0.43,0.38,0.07,11.6,0.4,0.6,0.3,0.5,0.7,7.0,Premier League,0.8696581196581197,0.8482905982905983,0.39316239316239315,0.04700854700854701,0.14957264957264957,0.2222222222222222,0.16452991452991453,0.2222222222222222,0.45726495726495725,0.782051282051282
Leon Bailey,Aston Villa,2072,0.43,0.27,0.32,23.8,1.2,0.3,0.4,0.2,2.5,12.0,Premier League,0.8696581196581197,0.7222222222222222,0.9850427350427351,0.3034188034188034,0.4700854700854701,0.05982905982905983,0.23504273504273504,0.04700854700854701,0.9700854700854701,0.9209401709401709
Jacob Bruun Larsen,Burnley,1248,0.43,0.36,0.13,25.3,1.0,0.3,0.5,1.5,1.4,1.0,Premier League,0.8696581196581197,0.8333333333333334,0.6581196581196581,0.3504273504273504,0.39316239316239315,0.05982905982905983,0.32051282051282054,0.6025641025641025,0.782051282051282,0.19658119658119658
Noni Madueke,Chelsea,1053,0.43,0.21,0.17,34.4,0.8,0.9,0.3,1.0,3.2,2.0,Premier League,0.8696581196581197,0.6517094017094017,0.7841880341880342,0.5790598290598291,0.30982905982905984,0.4893162393162393,0.16452991452991453,0.4465811965811966,0.9871794871794872,0.3162393162393162
Oliver McBurnie,Sheffield United,1283,0.42,0.48,0.14,16.8,0.1,0.5,0.4,2.0,0.4,3.0,Premier League,0.8568376068376068,0.9337606837606838,0.6944444444444444,0.14102564102564102,0.019230769230769232,0.1623931623931624,0.23504273504273504,0.6965811965811965,0.24572649572649571,0.43803418803418803
Edward Nketiah,Arsenal,1073,0.42,0.38,0.06,14.0,0.0,0.6,0.3,0.3,0.7,2.0,Premier League,0.8568376068376068,0.8482905982905983,0.31837606837606836,0.0811965811965812,0.004273504273504274,0.2222222222222222,0.16452991452991453,0.0876068376068376,0.45726495726495725,0.3162393162393162
Rasmus Højlund,Manchester United,2169,0.41,0.32,0.04,12.5,0.4,0.3,0.0,0.8,0.7,0.0,Premier League,0.8461538461538461,0.7948717948717948,0.19017094017094016,0.05555555555555555,0.14957264957264957,0.05982905982905983,0.010683760683760684,0.36324786324786323,0.45726495726495725,0.06837606837606838
Bryan Mbeumo,Brentford,1959,0.41,0.45,0.26,21.6,0.8,0.5,0.3,0.6,1.2,6.0,Premier League,0.8461538461538461,0.9188034188034188,0.9444444444444444,0.21794871794871795,0.30982905982905984,0.1623931623931624,0.16452991452991453,0.2863247863247863,0.7008547008547008,0.717948717948718
Odsonne Edouard,Crystal Palace,1552,0.41,0.36,0.06,14.3,0.2,0.7,0.3,1.0,1.1,1.0,Premier League,0.8461538461538461,0.8333333333333334,0.31837606837606836,0.08547008547008547,0.042735042735042736,0.30982905982905984,0.16452991452991453,0.4465811965811966,0.6538461538461539,0.19658119658119658
Joao Pedro,Brighton and Hove Albion,2043,0.4,0.53,0.21,28.2,0.6,0.6,0.5,1.1,1.9,9.0,Premier League,0.8354700854700855,0.9529914529914529,0.8760683760683761,0.4252136752136752,0.23717948717948717,0.2222222222222222,0.32051282051282054,0.4807692307692308,0.9017094017094017,0.844017094017094
Evan Ferguson,Brighton and Hove Albion,1365,0.4,0.3,0.05,16.1,0.3,0.4,0.1,0.5,0.5,1.0,Premier League,0.8354700854700855,0.7756410256410257,0.25,0.11965811965811966,0.08547008547008547,0.1047008547008547,0.05128205128205128,0.2222222222222222,0.3247863247863248,0.19658119658119658
Callum Hudson-Odoi,Nottingham Forest,1854,0.39,0.13,0.12,26.8,1.5,0.4,0.3,0.5,2.1,4.0,Premier League,0.8290598290598291,0.46794871794871795,0.6282051282051282,0.3995726495726496,0.5705128205128205,0.1047008547008547,0.16452991452991453,0.2222222222222222,0.9273504273504274,0.532051282051282
Bobby Reid,Fulham,1424,0.38,0.29,0.07,22.1,0.6,0.9,0.3,0.8,0.5,3.0,Premier League,0.8226495726495726,0.7542735042735043,0.39316239316239315,0.2222222222222222,0.23717948717948717,0.4893162393162393,0.16452991452991453,0.36324786324786323,0.3247863247863248,0.43803418803418803
Neal Maupay,Brentford,1424,0.38,0.46,0.14,18.5,1.0,0.4,0.1,0.3,0.6,5.0,Premier League,0.8226495726495726,0.9230769230769231,0.6944444444444444,0.1752136752136752,0.39316239316239315,0.1047008547008547,0.05128205128205128,0.0876068376068376,0.391025641025641,0.6239316239316239
Julián Álvarez,Manchester City,2657,0.37,0.44,0.21,33.1,0.8,0.4,0.1,0.4,0.7,7.0,Premier League,0.8162393162393162,0.9145299145299145,0.8760683760683761,0.561965811965812,0.30982905982905984,0.1047008547008547,0.05128205128205128,0.14743589743589744,0.45726495726495725,0.782051282051282
Raheem Sterling,Chelsea,1981,0.36,0.29,0.2,23.7,0.3,0.5,0.6,0.4,2.0,7.0,Premier League,0.811965811965812,0.7542735042735043,0.8611111111111112,0.297008547008547,0.08547008547008547,0.1623931623931624,0.41239316239316237,0.14743589743589744,0.9145299145299145,0.782051282051282
Carlton Morris,Luton Town,2867,0.35,0.36,0.05,15.1,0.3,0.3,0.0,1.7,1.0,5.0,Premier League,0.8076923076923077,0.8333333333333334,0.25,0.10042735042735043,0.08547008547008547,0.05982905982905983,0.010683760683760684,0.6495726495726496,0.6089743589743589,0.6239316239316239
Anthony Gordon,Newcastle United,2898,0.34,0.32,0.17,23.4,0.9,1.1,0.2,0.1,1.7,16.0,Premier League,0.8012820512820513,0.7948717948717948,0.7841880341880342,0.2841880341880342,0.3525641025641026,0.655982905982906,0.10683760683760683,0.021367521367521368,0.8589743589743589,0.967948717948718
Antoine Semenyo,Bournemouth,2111,0.34,0.2,0.1,18.6,0.6,0.7,0.3,0.9,2.1,6.0,Premier League,0.8012820512820513,0.6303418803418803,0.5534188034188035,0.18376068376068377,0.23717948717948717,0.30982905982905984,0.16452991452991453,0.405982905982906,0.9273504273504274,0.717948717948718
Justin Kluivert,Bournemouth,1934,0.33,0.29,0.08,12.8,0.6,0.7,0.4,0.5,1.1,1.0,Premier League,0.7927350427350427,0.7542735042735043,0.46153846153846156,0.0641025641025641,0.23717948717948717,0.30982905982905984,0.23504273504273504,0.2222222222222222,0.6538461538461539,0.19658119658119658
Scott McTominay,Manchester United,1891,0.33,0.27,0.02,24.9,0.9,1.2,0.7,2.6,0.4,2.0,Premier League,0.7927350427350427,0.7222222222222222,0.06196581196581197,0.3333333333333333,0.3525641025641026,0.7158119658119658,0.48717948717948717,0.7863247863247863,0.24572649572649571,0.3162393162393162
Michail Antonio,West Ham United,1710,0.32,0.3,0.07,9.1,0.4,0.4,0.2,0.2,1.5,1.0,Premier League,0.7863247863247863,0.7756410256410257,0.39316239316239315,0.010683760683760684,0.14957264957264957,0.1047008547008547,0.10683760683760683,0.04700854700854701,0.811965811965812,0.19658119658119658
Bruno Fernandes,Manchester United,3119,0.29,0.29,0.3,43.8,4.4,1.1,0.8,1.4,0.5,21.0,Premier League,0.7735042735042735,0.7542735042735043,0.9722222222222222,0.7564102564102564,0.9636752136752137,0.655982905982906,0.561965811965812,0.5790598290598291,0.3247863247863248,0.9957264957264957
Mohammed Kudus,West Ham United,2483,0.29,0.19,0.13,23.7,1.6,1.7,0.4,0.3,4.5,5.0,Premier League,0.7735042735042735,0.6089743589743589,0.6581196581196581,0.297008547008547,0.6132478632478633,0.9145299145299145,0.23504273504273504,0.0876068376068376,0.9957264957264957,0.6239316239316239
Dominic Calvert-Lewin,Everton,2185,0.29,0.53,0.07,10.2,0.2,0.2,0.2,1.6,0.6,4.0,Premier League,0.7735042735042735,0.9529914529914529,0.39316239316239315,0.021367521367521368,0.042735042735042736,0.03205128205128205,0.10683760683760683,0.6239316239316239,0.391025641025641,0.532051282051282
Mykhaylo Mudryk,Chelsea,1578,0.29,0.25,0.18,20.9,0.8,0.7,0.5,0.3,2.2,6.0,Premier League,0.7735042735042735,0.7051282051282052,0.811965811965812,0.20512820512820512,0.30982905982905984,0.30982905982905984,0.32051282051282054,0.0876068376068376,0.938034188034188,0.717948717948718
Beto,Everton,939,0.29,0.65,0.03,10.3,0.6,0.6,0.1,1.2,1.4,3.0,Premier League,0.7735042735042735,0.9786324786324786,0.12606837606837606,0.02564102564102564,0.23717948717948717,0.2222222222222222,0.05128205128205128,0.5149572649572649,0.782051282051282,0.43803418803418803
Marcus Rashford,Manchester United,2278,0.28,0.29,0.11,21.4,1.0,0.5,0.2,0.8,1.9,6.0,Premier League,0.7606837606837606,0.7542735042735043,0.594017094017094,0.21367521367521367,0.39316239316239315,0.1623931623931624,0.10683760683760683,0.36324786324786323,0.9017094017094017,0.717948717948718
Douglas Luiz,Aston Villa,3001,0.27,0.21,0.16,52.9,3.0,1.1,0.7,0.5,0.7,10.0,Premier League,0.75,0.6517094017094017,0.7564102564102564,0.8568376068376068,0.8910256410256411,0.655982905982906,0.48717948717948717,0.2222222222222222,0.45726495726495725,0.8717948717948718
Luis Diaz,Liverpool,2646,0.27,0.4,0.16,29.6,1.5,0.9,0.1,0.2,2.3,5.0,Premier League,0.75,0.8717948717948718,0.7564102564102564,0.46794871794871795,0.5705128205128205,0.4893162393162393,0.05128205128205128,0.04700854700854701,0.9508547008547008,0.6239316239316239
Gabriel Martinelli,Arsenal,2029,0.27,0.31,0.23,30.4,1.1,1.1,0.2,0.3,1.8,7.0,Premier League,0.75,0.7863247863247863,0.9081196581196581,0.49145299145299143,0.43803418803418803,0.655982905982906,0.10683760683760683,0.0876068376068376,0.8824786324786325,0.782051282051282
Jack Grealish,Manchester City,1003,0.27,0.19,0.25,43.4,1.1,0.7,0.5,0.4,1.6,3.0,Premier League,0.75,0.6089743589743589,0.9273504273504274,0.7521367521367521,0.43803418803418803,0.30982905982905984,0.32051282051282054,0.14743589743589744,0.8376068376068376,0.43803418803418803
Dejan Kulusevski,Tottenham Hotspur,2763,0.26,0.15,0.22,30.2,0.5,1.1,0.6,0.0,1.8,14.0,Premier League,0.7350427350427351,0.5256410256410257,0.8931623931623932,0.4829059829059829,0.1987179487179487,0.655982905982906,0.41239316239316237,0.00641025641025641,0.8824786324786325,0.9551282051282052
Danny Welbeck,Brighton and Hove Albion,1703,0.26,0.28,0.07,22.2,0.1,0.9,0.5,0.9,0.4,3.0,Premier League,0.7350427350427351,0.7371794871794872,0.39316239316239315,0.22863247863247863,0.019230769230769232,0.4893162393162393,0.32051282051282054,0.405982905982906,0.24572649572649571,0.43803418803418803
Luis Sinisterra,Bournemouth,692,0.26,0.33,0.14,29.3,1.8,1.6,1.0,0.5,3.8,2.0,Premier League,0.7350427350427351,0.8076923076923077,0.6944444444444444,0.4551282051282051,0.6752136752136753,0.8931623931623932,0.6965811965811965,0.2222222222222222,0.9914529914529915,0.3162393162393162
Rodri,Manchester City,2938,0.25,0.12,0.19,102.9,7.4,1.3,0.8,1.2,1.3,8.0,Premier League,0.7243589743589743,0.43162393162393164,0.8354700854700855,1.0,1.0,0.7649572649572649,0.561965811965812,0.5149572649572649,0.7478632478632479,0.8226495726495726
Moussa Diaby,Aston Villa,2184,0.25,0.29,0.19,19.4,0.4,0.2,0.4,0.2,1.2,13.0,Premier League,0.7243589743589743,0.7542735042735043,0.8354700854700855,0.19230769230769232,0.14957264957264957,0.03205128205128205,0.23504273504273504,0.04700854700854701,0.7008547008547008,0.9423076923076923
Abdoulaye Doucouré,Everton,2637,0.24,0.3,0.05,23.2,0.6,0.9,0.5,0.6,0.9,4.0,Premier League,0.7094017094017094,0.7756410256410257,0.25,0.27136752136752135,0.23717948717948717,0.4893162393162393,0.32051282051282054,0.2863247863247863,0.5598290598290598,0.532051282051282
Alejandro Garnacho,Manchester United,2573,0.24,0.3,0.1,23.2,0.7,0.5,0.6,0.4,1.7,6.0,Premier League,0.7094017094017094,0.7756410256410257,0.5534188034188035,0.27136752136752135,0.27136752136752135,0.1623931623931624,0.41239316239316237,0.14743589743589744,0.8589743589743589,0.717948717948718
Simon Adingra,Brighton and Hove Albion,2230,0.24,0.17,0.14,24.5,0.6,0.8,0.8,0.9,2.0,6.0,Premier League,0.7094017094017094,0.5747863247863247,0.6944444444444444,0.32264957264957267,0.23717948717948717,0.40384615384615385,0.561965811965812,0.405982905982906,0.9145299145299145,0.717948717948718
Lyle Foster,Burnley,1906,0.24,0.21,0.06,14.5,0.5,0.5,0.1,1.6,0.9,1.0,Premier League,0.7094017094017094,0.6517094017094017,0.31837606837606836,0.08974358974358974,0.1987179487179487,0.1623931623931624,0.05128205128205128,0.6239316239316239,0.5598290598290598,0.19658119658119658
Gabriel Jesus,Arsenal,1482,0.24,0.39,0.2,24.1,0.4,1.0,0.8,0.7,2.1,6.0,Premier League,0.7094017094017094,0.8589743589743589,0.8611111111111112,0.30982905982905984,0.14957264957264957,0.5747863247863247,0.561965811965812,0.3247863247863248,0.9273504273504274,0.717948717948718
Martin Ødegaard,Arsenal,3098,0.23,0.22,0.32,47.9,1.3,0.5,0.4,0.1,1.1,17.0,Premier League,0.6923076923076923,0.6752136752136753,0.9850427350427351,0.7948717948717948,0.5064102564102564,0.1623931623931624,0.23504273504273504,0.021367521367521368,0.6538461538461539,0.9807692307692307
Zeki Amdouni,Burnley,1971,0.23,0.27,0.06,18.0,0.8,0.8,0.4,0.5,1.3,2.0,Premier League,0.6923076923076923,0.7222222222222222,0.31837606837606836,0.16666666666666666,0.30982905982905984,0.40384615384615385,0.23504273504273504,0.2222222222222222,0.7478632478632479,0.3162393162393162
Jacob Murphy,Newcastle United,1193,0.23,0.16,0.26,23.4,0.5,0.8,0.5,1.0,1.0,10.0,Premier League,0.6923076923076923,0.5512820512820513,0.9444444444444444,0.2841880341880342,0.1987179487179487,0.40384615384615385,0.32051282051282054,0.4465811965811966,0.6089743589743589,0.8717948717948718
Tomas Soucek,West Ham United,2874,0.22,0.22,0.04,22.5,1.0,1.1,1.2,3.4,0.1,4.0,Premier League,0.6773504273504274,0.6752136752136753,0.19017094017094016,0.24786324786324787,0.39316239316239315,0.655982905982906,0.8141025641025641,0.8782051282051282,0.053418803418803416,0.532051282051282
Harry Wilson,Fulham,1614,0.22,0.19,0.15,25.7,1.6,0.8,0.6,0.6,0.8,5.0,Premier League,0.6773504273504274,0.6089743589743589,0.7307692307692307,0.36752136752136755,0.6132478632478633,0.40384615384615385,0.41239316239316237,0.2863247863247863,0.5128205128205128,0.6239316239316239
Jay Rodriguez,Burnley,813,0.22,0.39,0.01,15.7,0.7,1.0,0.1,0.8,0.7,0.0,Premier League,0.6773504273504274,0.8589743589743589,0.019230769230769232,0.10897435897435898,0.27136752136752135,0.5747863247863247,0.05128205128205128,0.36324786324786323,0.45726495726495725,0.06837606837606838
Nicolo Zaniolo,Aston Villa,830,0.22,0.28,0.08,16.2,0.3,1.0,0.1,1.2,1.4,0.0,Premier League,0.6773504273504274,0.7371794871794872,0.46153846153846156,0.12393162393162394,0.08547008547008547,0.5747863247863247,0.05128205128205128,0.5149572649572649,0.782051282051282,0.06837606837606838
James Ward-Prowse,West Ham United,3005,0.21,0.19,0.19,39.5,1.5,0.9,1.1,1.3,0.3,12.0,Premier League,0.6623931623931624,0.6089743589743589,0.8354700854700855,0.6794871794871795,0.5705128205128205,0.4893162393162393,0.7628205128205128,0.5491452991452992,0.17307692307692307,0.9209401709401709
Bernardo Silva,Manchester City,2581,0.21,0.13,0.28,56.9,2.1,0.8,0.6,0.4,1.3,13.0,Premier League,0.6623931623931624,0.46794871794871795,0.9636752136752137,0.9017094017094017,0.7478632478632479,0.40384615384615385,0.41239316239316237,0.14743589743589744,0.7478632478632479,0.9423076923076923
Pablo Sarabia,Wolverhampton Wanderers,1748,0.21,0.35,0.25,32.9,1.7,0.7,0.5,0.3,0.9,9.0,Premier League,0.6623931623931624,0.8205128205128205,0.9273504273504274,0.5470085470085471,0.6431623931623932,0.30982905982905984,0.32051282051282054,0.0876068376068376,0.5598290598290598,0.844017094017094
Declan Rice,Arsenal,3230,0.2,0.09,0.13,56.3,2.2,1.4,1.2,1.4,0.6,9.0,Premier League,0.6452991452991453,0.344017094017094,0.6581196581196581,0.8888888888888888,0.7756410256410257,0.8205128205128205,0.8141025641025641,0.5790598290598291,0.391025641025641,0.844017094017094
Sean Longstaff,Newcastle United,2746,0.2,0.22,0.1,32.1,1.4,1.0,0.6,0.7,0.4,5.0,Premier League,0.6452991452991453,0.6752136752136753,0.5534188034188035,0.5384615384615384,0.5384615384615384,0.5747863247863247,0.41239316239316237,0.3247863247863248,0.24572649572649571,0.6239316239316239
Cameron Archer,Sheffield United,1839,0.2,0.27,0.07,13.2,0.1,0.6,0.0,0.4,1.5,6.0,Premier League,0.6452991452991453,0.7222222222222222,0.39316239316239315,0.06837606837606838,0.019230769230769232,0.2222222222222222,0.010683760683760684,0.14743589743589744,0.811965811965812,0.717948717948718
Facundo Buonanotte,Brighton and Hove Albion,1368,0.2,0.16,0.08,26.3,0.3,1.4,0.5,0.3,1.2,3.0,Premier League,0.6452991452991453,0.5512820512820513,0.46153846153846156,0.3803418803418803,0.08547008547008547,0.8205128205128205,0.32051282051282054,0.0876068376068376,0.7008547008547008,0.43803418803418803
Harvey Elliott,Liverpool,1336,0.2,0.18,0.31,53.4,2.7,1.1,0.4,0.4,0.6,5.0,Premier League,0.6452991452991453,0.5897435897435898,0.9786324786324786,0.8717948717948718,0.8653846153846154,0.655982905982906,0.23504273504273504,0.14743589743589744,0.391025641025641,0.6239316239316239
Bruno Guimaraes,Newcastle United,3268,0.19,0.13,0.17,53.0,3.6,1.5,1.0,0.5,2.0,12.0,Premier League,0.6217948717948718,0.46794871794871795,0.7841880341880342,0.8653846153846154,0.9294871794871795,0.8611111111111112,0.6965811965811965,0.2222222222222222,0.9145299145299145,0.9209401709401709
Alex Iwobi,Fulham,2342,0.19,0.22,0.17,31.7,1.5,0.7,0.6,0.2,1.5,5.0,Premier League,0.6217948717948718,0.6752136752136753,0.7841880341880342,0.5299145299145299,0.5705128205128205,0.30982905982905984,0.41239316239316237,0.04700854700854701,0.811965811965812,0.6239316239316239
Brennan Johnson,Tottenham Hotspur,2330,0.19,0.41,0.17,20.7,0.3,0.6,0.4,0.3,1.0,12.0,Premier League,0.6217948717948718,0.8846153846153846,0.7841880341880342,0.19658119658119658,0.08547008547008547,0.2222222222222222,0.23504273504273504,0.0876068376068376,0.6089743589743589,0.9209401709401709
Idrissa Gana Gueye,Everton,1892,0.19,0.06,0.04,35.8,1.0,2.1,1.3,0.8,0.5,1.0,Premier League,0.6217948717948718,0.1987179487179487,0.19017094017094016,0.6153846153846154,0.39316239316239315,0.9743589743589743,0.8653846153846154,0.36324786324786323,0.3247863247863248,0.19658119658119658
Keane Lewis-Potter,Brentford,1441,0.19,0.4,0.12,17.3,0.6,0.4,0.4,1.2,1.3,3.0,Premier League,0.6217948717948718,0.8717948717948718,0.6282051282051282,0.14957264957264957,0.23717948717948717,0.1047008547008547,0.23504273504273504,0.5149572649572649,0.7478632478632479,0.43803418803418803
Jean-Ricner Bellegarde,Wolverhampton Wanderers,958,0.19,0.15,0.07,22.3,0.5,0.9,0.8,1.2,1.6,1.0,Premier League,0.6217948717948718,0.5256410256410257,0.39316239316239315,0.23504273504273504,0.1987179487179487,0.4893162393162393,0.561965811965812,0.5149572649572649,0.8376068376068376,0.19658119658119658
John McGinn,Aston Villa,3009,0.18,0.15,0.15,28.3,2.2,1.0,0.6,0.5,1.6,10.0,Premier League,0.594017094017094,0.5256410256410257,0.7307692307692307,0.43162393162393164,0.7756410256410257,0.5747863247863247,0.41239316239316237,0.2222222222222222,0.8376068376068376,0.8717948717948718
Anthony Elanga,Nottingham Forest,2434,0.18,0.24,0.15,17.9,0.3,0.7,0.3,0.6,1.0,14.0,Premier League,0.594017094017094,0.6965811965811965,0.7307692307692307,0.1623931623931624,0.08547008547008547,0.30982905982905984,0.16452991452991453,0.2863247863247863,0.6089743589743589,0.9551282051282052
Chiedozie Ogbene,Luton Town,1993,0.18,0.19,0.16,23.2,0.5,0.5,0.3,1.4,2.8,5.0,Premier League,0.594017094017094,0.6089743589743589,0.7564102564102564,0.27136752136752135,0.1987179487179487,0.1623931623931624,0.16452991452991453,0.5790598290598291,0.9764957264957265,0.6239316239316239
Tahith Chong,Luton Town,1986,0.18,0.12,0.06,18.5,0.7,1.0,0.4,0.5,1.1,0.0,Premier League,0.594017094017094,0.43162393162393164,0.31837606837606836,0.1752136752136752,0.27136752136752135,0.5747863247863247,0.23504273504273504,0.2222222222222222,0.6538461538461539,0.06837606837606838
Willian,Fulham,2054,0.18,0.23,0.2,39.7,2.6,0.5,0.4,0.4,1.3,6.0,Premier League,0.594017094017094,0.6901709401709402,0.8611111111111112,0.6901709401709402,0.8525641025641025,0.1623931623931624,0.23504273504273504,0.14743589743589744,0.7478632478632479,0.717948717948718
Kaoru Mitoma,Brighton and Hove Albion,1488,0.18,0.21,0.21,30.1,0.3,0.4,0.3,0.7,2.4,6.0,Premier League,0.594017094017094,0.6517094017094017,0.8760683760683761,0.47863247863247865,0.08547008547008547,0.1047008547008547,0.16452991452991453,0.3247863247863248,0.9636752136752137,0.717948717948718
Jacob Brown,Luton Town,1020,0.18,0.25,0.04,11.4,0.4,1.1,0.7,1.5,0.5,1.0,Premier League,0.594017094017094,0.7051282051282052,0.19017094017094016,0.042735042735042736,0.14957264957264957,0.655982905982906,0.48717948717948717,0.6025641025641025,0.3247863247863248,0.19658119658119658
Alexis Mac Allister,Liverpool,2609,0.17,0.13,0.17,58.4,2.1,1.9,1.2,0.9,0.6,3.0,Premier League,0.5683760683760684,0.46794871794871795,0.7841880341880342,0.9145299145299145,0.7478632478632479,0.9529914529914529,0.8141025641025641,0.405982905982906,0.391025641025641,0.43803418803418803
Ross Barkley,Luton Town,2622,0.17,0.14,0.09,40.9,3.0,0.7,0.9,1.6,2.3,6.0,Premier League,0.5683760683760684,0.5,0.5149572649572649,0.7158119658119658,0.8910256410256411,0.30982905982905984,0.6303418803418803,0.6239316239316239,0.9508547008547008,0.717948717948718
James Maddison,Tottenham Hotspur,2152,0.17,0.27,0.26,49.2,1.8,0.8,0.5,0.3,1.3,11.0,Premier League,0.5683760683760684,0.7222222222222222,0.9444444444444444,0.7991452991452992,0.6752136752136753,0.40384615384615385,0.32051282051282054,0.0876068376068376,0.7478632478632479,0.8974358974358975
Jérémy Doku,Manchester City,1593,0.17,0.14,0.33,38.2,0.8,1.2,0.5,0.1,4.9,5.0,Premier League,0.5683760683760684,0.5,0.9914529914529915,0.6623931623931624,0.30982905982905984,0.7158119658119658,0.32051282051282054,0.021367521367521368,1.0,0.6239316239316239
Álex Moreno,Aston Villa,1030,0.17,0.12,0.09,29.6,1.1,1.0,1.1,2.9,1.3,1.0,Premier League,0.5683760683760684,0.43162393162393164,0.5149572649572649,0.46794871794871795,0.43803418803418803,0.5747863247863247,0.7628205128205128,0.8376068376068376,0.7478632478632479,0.19658119658119658
Cristian Romero,Tottenham Hotspur,2792,0.16,0.11,0.05,76.6,1.9,1.3,1.4,3.2,0.2,1.0,Premier League,0.5470085470085471,0.3974358974358974,0.25,0.9786324786324786,0.7029914529914529,0.7649572649572649,0.9102564102564102,0.8696581196581197,0.11965811965811966,0.19658119658119658
Josh Brownhill,Burnley,2251,0.16,0.08,0.08,33.0,1.8,1.4,1.4,1.6,0.3,0.0,Premier League,0.5470085470085471,0.3034188034188034,0.46153846153846156,0.5534188034188035,0.6752136752136753,0.8205128205128205,0.9102564102564102,0.6239316239316239,0.17307692307692307,0.06837606837606838
Marcos Senesi,Bournemouth,2247,0.16,0.08,0.1,39.6,5.0,1.3,1.4,4.2,0.4,2.0,Premier League,0.5470085470085471,0.3034188034188034,0.5534188034188035,0.6837606837606838,0.9764957264957265,0.7649572649572649,0.9102564102564102,0.9188034188034188,0.24572649572649571,0.3162393162393162
Andrew Robertson,Liverpool,1691,0.16,0.1,0.23,58.1,2.5,1.3,0.7,1.8,0.3,10.0,Premier League,0.5470085470085471,0.3717948717948718,0.9081196581196581,0.9102564102564102,0.8354700854700855,0.7649572649572649,0.48717948717948717,0.6709401709401709,0.17307692307692307,0.8717948717948718
Takehiro Tomiyasu,Arsenal,1143,0.16,0.12,0.07,40.9,1.3,0.7,1.4,2.4,0.3,0.0,Premier League,0.5470085470085471,0.43162393162393164,0.39316239316239315,0.7158119658119658,0.5064102564102564,0.30982905982905984,0.9102564102564102,0.7542735042735043,0.17307692307692307,0.06837606837606838
Josko Gvardiol,Manchester City,2328,0.15,0.12,0.08,59.1,1.6,1.3,1.0,1.0,1.0,2.0,Premier League,0.532051282051282,0.43162393162393164,0.46153846153846156,0.9188034188034188,0.6132478632478633,0.7649572649572649,0.6965811965811965,0.4465811965811966,0.6089743589743589,0.3162393162393162
James McAtee,Sheffield United,1828,0.15,0.15,0.11,17.3,0.3,1.0,0.5,0.7,1.6,4.0,Premier League,0.532051282051282,0.5256410256410257,0.594017094017094,0.14957264957264957,0.08547008547008547,0.5747863247863247,0.32051282051282054,0.3247863247863248,0.8376068376068376,0.532051282051282
Conor Gallagher,Chelsea,3135,0.14,0.12,0.1,50.7,1.6,1.5,1.2,0.9,1.1,11.0,Premier League,0.5106837606837606,0.43162393162393164,0.5534188034188035,0.8205128205128205,0.6132478632478633,0.8611111111111112,0.8141025641025641,0.405982905982906,0.6538461538461539,0.8974358974358975
Morgan Gibbs-White,Nottingham Forest,3160,0.14,0.2,0.19,28.1,2.1,0.7,0.5,0.5,1.3,16.0,Premier League,0.5106837606837606,0.6303418803418803,0.8354700854700855,0.4188034188034188,0.7478632478632479,0.30982905982905984,0.32051282051282054,0.2222222222222222,0.7478632478632479,0.967948717948718
Jordan Ayew,Crystal Palace,2549,0.14,0.14,0.09,23.1,0.4,1.3,0.6,0.5,1.8,7.0,Premier League,0.5106837606837606,0.5,0.5149572649572649,0.2606837606837607,0.14957264957264957,0.7649572649572649,0.41239316239316237,0.2222222222222222,0.8824786324786325,0.782051282051282
Lucas Paquetá,West Ham United,2634,0.14,0.18,0.17,36.3,2.4,1.6,0.7,0.9,1.4,12.0,Premier League,0.5106837606837606,0.5897435897435898,0.7841880341880342,0.6260683760683761,0.8205128205128205,0.8931623931623932,0.48717948717948717,0.405982905982906,0.782051282051282,0.9209401709401709
Kobbie Mainoo,Manchester United,1939,0.14,0.04,0.08,34.7,1.0,1.3,1.0,1.3,1.4,0.0,Premier League,0.5106837606837606,0.1047008547008547,0.46153846153846156,0.5918803418803419,0.39316239316239315,0.7649572649572649,0.6965811965811965,0.5491452991452992,0.782051282051282,0.06837606837606838
Miguel Almiron,Newcastle United,1945,0.14,0.21,0.11,30.4,0.6,1.1,0.5,0.6,1.1,6.0,Premier League,0.5106837606837606,0.6517094017094017,0.594017094017094,0.49145299145299143,0.23717948717948717,0.655982905982906,0.32051282051282054,0.2863247863247863,0.6538461538461539,0.717948717948718
Joelinton,Newcastle United,1282,0.14,0.22,0.08,36.3,0.8,1.9,1.3,0.7,1.2,5.0,Premier League,0.5106837606837606,0.6752136752136753,0.46153846153846156,0.6260683760683761,0.30982905982905984,0.9529914529914529,0.8653846153846154,0.3247863247863248,0.7008547008547008,0.6239316239316239
Pervis Estupinán,Brighton and Hove Albion,1244,0.14,0.07,0.17,52.6,0.9,0.9,1.5,1.4,0.7,4.0,Premier League,0.5106837606837606,0.25,0.7841880341880342,0.8418803418803419,0.3525641025641026,0.4893162393162393,0.9465811965811965,0.5790598290598291,0.45726495726495725,0.532051282051282
Joao Palhinha,Fulham,2709,0.13,0.11,0.03,36.4,2.7,2.5,1.5,1.8,0.4,1.0,Premier League,0.47649572649572647,0.3974358974358974,0.12606837606837606,0.6367521367521367,0.8653846153846154,0.9914529914529915,0.9465811965811965,0.6709401709401709,0.24572649572649571,0.19658119658119658
Dominik Szoboszlai,Liverpool,2109,0.13,0.16,0.22,52.1,2.3,0.8,0.6,0.6,1.0,7.0,Premier League,0.47649572649572647,0.5512820512820513,0.8931623931623932,0.8376068376068376,0.8034188034188035,0.40384615384615385,0.41239316239316237,0.2863247863247863,0.6089743589743589,0.782051282051282
Marcus Tavernier,Bournemouth,2129,0.13,0.17,0.18,25.5,1.1,1.4,0.2,0.8,1.9,7.0,Premier League,0.47649572649572647,0.5747863247863247,0.811965811965812,0.358974358974359,0.43803418803418803,0.8205128205128205,0.10683760683760683,0.36324786324786323,0.9017094017094017,0.782051282051282
Pape Sarr,Tottenham Hotspur,2085,0.13,0.15,0.09,50.3,1.2,1.0,1.3,1.2,0.8,2.0,Premier League,0.47649572649572647,0.5256410256410257,0.5149572649572649,0.8162393162393162,0.4700854700854701,0.5747863247863247,0.8653846153846154,0.5149572649572649,0.5128205128205128,0.3162393162393162
Trent Alexander-Arnold,Liverpool,2159,0.13,0.11,0.25,55.9,6.1,1.1,1.3,1.8,1.2,17.0,Premier League,0.47649572649572647,0.3974358974358974,0.9273504273504274,0.8803418803418803,0.9957264957264957,0.655982905982906,0.8653846153846154,0.6709401709401709,0.7008547008547008,0.9807692307692307
Wilson Odobert,Burnley,2107,0.13,0.12,0.15,18.5,0.4,0.6,0.3,0.5,2.3,7.0,Premier League,0.47649572649572647,0.43162393162393164,0.7307692307692307,0.1752136752136752,0.14957264957264957,0.2222222222222222,0.16452991452991453,0.2222222222222222,0.9508547008547008,0.782051282051282
Jeffrey Schlupp,Crystal Palace,1355,0.13,0.12,0.09,16.3,0.4,1.6,0.5,1.2,1.1,2.0,Premier League,0.47649572649572647,0.43162393162393164,0.5149572649572649,0.1282051282051282,0.14957264957264957,0.8931623931623932,0.32051282051282054,0.5149572649572649,0.6538461538461539,0.3162393162393162
Philip Billing,Bournemouth,1393,0.13,0.16,0.14,25.4,1.1,1.0,1.3,1.7,0.8,7.0,Premier League,0.47649572649572647,0.5512820512820513,0.6944444444444444,0.3547008547008547,0.43803418803418803,0.5747863247863247,0.8653846153846154,0.6495726495726496,0.5128205128205128,0.782051282051282
Ben White,Arsenal,2995,0.12,0.03,0.11,49.8,1.5,0.8,1.0,2.0,0.3,7.0,Premier League,0.42948717948717946,0.053418803418803416,0.594017094017094,0.8034188034188035,0.5705128205128205,0.40384615384615385,0.6965811965811965,0.6965811965811965,0.17307692307692307,0.782051282051282
Fabian Schär,Newcastle United,3054,0.12,0.08,0.04,51.7,5.5,0.7,1.1,3.9,0.4,2.0,Premier League,0.42948717948717946,0.3034188034188034,0.19017094017094016,0.8290598290598291,0.9914529914529915,0.30982905982905984,0.7628205128205128,0.9017094017094017,0.24572649572649571,0.3162393162393162
Gabriel,Arsenal,3044,0.12,0.13,0.02,56.5,2.0,0.8,0.9,2.9,0.1,2.0,Premier League,0.42948717948717946,0.46794871794871795,0.06196581196581197,0.8931623931623932,0.7243589743589743,0.40384615384615385,0.6303418803418803,0.8376068376068376,0.053418803418803416,0.3162393162393162
Gustavo Hamer,Sheffield United,2923,0.12,0.09,0.14,22.2,1.3,0.6,0.9,1.0,0.9,10.0,Premier League,0.42948717948717946,0.344017094017094,0.6944444444444444,0.22863247863247863,0.5064102564102564,0.2222222222222222,0.6303418803418803,0.4465811965811966,0.5598290598290598,0.8717948717948718
Mario Lemina,Wolverhampton Wanderers,2974,0.12,0.14,0.04,37.8,1.8,1.8,1.2,1.7,0.8,3.0,Premier League,0.42948717948717946,0.5,0.19017094017094016,0.655982905982906,0.6752136752136753,0.9316239316239316,0.8141025641025641,0.6495726495726496,0.5128205128205128,0.43803418803418803
Pascal Gross,Brighton and Hove Albion,3114,0.12,0.19,0.27,76.3,2.8,1.3,0.6,0.8,0.5,11.0,Premier League,0.42948717948717946,0.6089743589743589,0.9551282051282052,0.9743589743589743,0.8760683760683761,0.7649572649572649,0.41239316239316237,0.36324786324786323,0.3247863247863248,0.8974358974358975
Enzo Fernández,Chelsea,2214,0.12,0.25,0.15,63.4,5.2,0.9,0.7,1.1,0.9,5.0,Premier League,0.42948717948717946,0.7051282051282052,0.7307692307692307,0.9358974358974359,0.9829059829059829,0.4893162393162393,0.48717948717948717,0.4807692307692308,0.5598290598290598,0.6239316239316239
Jack Harrison,Everton,2219,0.12,0.14,0.13,15.7,0.6,0.9,0.5,0.9,1.2,5.0,Premier League,0.42948717948717946,0.5,0.6581196581196581,0.10897435897435898,0.23717948717948717,0.4893162393162393,0.32051282051282054,0.405982905982906,0.7008547008547008,0.6239316239316239
Mathias Jensen,Brentford,2217,0.12,0.03,0.19,31.0,3.3,1.3,0.9,1.0,0.7,9.0,Premier League,0.42948717948717946,0.053418803418803416,0.8354700854700855,0.5128205128205128,0.9102564102564102,0.7649572649572649,0.6303418803418803,0.4465811965811966,0.45726495726495725,0.844017094017094
Micky van de Ven,Tottenham Hotspur,2342,0.12,0.04,0.01,64.6,1.6,1.3,0.7,2.7,0.6,0.0,Premier League,0.42948717948717946,0.1047008547008547,0.019230769230769232,0.9401709401709402,0.6132478632478633,0.7649572649572649,0.48717948717948717,0.8055555555555556,0.391025641025641,0.06837606837606838
Nicolás Dominguez,Nottingham Forest,1503,0.12,0.08,0.08,42.4,1.6,2.0,1.1,1.4,0.4,2.0,Premier League,0.42948717948717946,0.3034188034188034,0.46153846153846156,0.7350427350427351,0.6132478632478633,0.967948717948718,0.7628205128205128,0.5790598290598291,0.24572649572649571,0.3162393162393162
Pedro Neto,Wolverhampton Wanderers,1518,0.12,0.21,0.22,29.1,1.0,0.2,0.3,0.1,2.2,7.0,Premier League,0.42948717948717946,0.6517094017094017,0.8931623931623932,0.44871794871794873,0.39316239316239315,0.03205128205128205,0.16452991452991453,0.021367521367521368,0.938034188034188,0.782051282051282
Willy Boly,Nottingham Forest,1443,0.12,0.09,0.05,29.4,1.9,1.8,1.6,5.4,0.2,4.0,Premier League,0.42948717948717946,0.344017094017094,0.25,0.46153846153846156,0.7029914529914529,0.9316239316239316,0.9722222222222222,0.9914529914529915,0.11965811965811966,0.532051282051282
Saman Ghoddos,Brentford,729,0.12,0.04,0.13,34.7,1.7,2.3,0.6,1.1,0.4,1.0,Premier League,0.42948717948717946,0.1047008547008547,0.6581196581196581,0.5918803418803419,0.6431623931623932,0.9807692307692307,0.41239316239316237,0.4807692307692308,0.24572649572649571,0.19658119658119658
Thiago Silva,Chelsea,2527,0.11,0.03,0.02,77.0,3.4,0.5,0.9,5.3,0.1,3.0,Premier League,0.391025641025641,0.053418803418803416,0.06196581196581197,0.9829059829059829,0.9166666666666666,0.1623931623931624,0.6303418803418803,0.9850427350427351,0.053418803418803416,0.43803418803418803
Harry Maguire,Manchester United,1650,0.11,0.11,0.05,49.9,4.0,0.9,1.4,4.5,0.0,2.0,Premier League,0.391025641025641,0.3974358974358974,0.25,0.8076923076923077,0.9423076923076923,0.4893162393162393,0.9102564102564102,0.9358974358974359,0.008547008547008548,0.3162393162393162
Tosin Adarabioyo,Fulham,1617,0.11,0.04,0.02,57.1,4.0,0.6,1.4,4.5,0.1,0.0,Premier League,0.391025641025641,0.1047008547008547,0.06196581196581197,0.905982905982906,0.9423076923076923,0.2222222222222222,0.9102564102564102,0.9358974358974359,0.053418803418803416,0.06837606837606838
Youri Tielemans,Aston Villa,1620,0.11,0.07,0.12,43.3,2.0,1.1,0.8,0.4,0.8,5.0,Premier League,0.391025641025641,0.25,0.6282051282051282,0.7478632478632479,0.7243589743589743,0.655982905982906,0.561965811965812,0.14743589743589744,0.5128205128205128,0.6239316239316239
Andreas Pereira,Fulham,2637,0.1,0.16,0.19,28.6,1.7,0.4,0.1,0.4,0.6,9.0,Premier League,0.36752136752136755,0.5512820512820513,0.8354700854700855,0.4358974358974359,0.6431623931623932,0.1047008547008547,0.05128205128205128,0.14743589743589744,0.391025641025641,0.844017094017094
Jayden Bogle,Sheffield United,2792,0.1,0.07,0.04,17.3,1.1,1.2,1.0,2.8,0.8,0.0,Premier League,0.36752136752136755,0.25,0.19017094017094016,0.14957264957264957,0.43803418803418803,0.7158119658119658,0.6965811965811965,0.8226495726495726,0.5128205128205128,0.06837606837606838
Kurt Zouma,West Ham United,2838,0.1,0.06,0.0,30.4,2.2,0.5,0.9,5.0,0.1,0.0,Premier League,0.36752136752136755,0.1987179487179487,0.004273504273504274,0.49145299145299143,0.7756410256410257,0.1623931623931624,0.6303418803418803,0.9764957264957265,0.053418803418803416,0.06837606837606838
Danilo,Nottingham Forest,1796,0.1,0.09,0.04,29.3,2.3,0.9,1.8,2.1,0.9,2.0,Premier League,0.36752136752136755,0.344017094017094,0.19017094017094016,0.4551282051282051,0.8034188034188035,0.4893162393162393,0.9893162393162394,0.7072649572649573,0.5598290598290598,0.3162393162393162
Gabriel Osho,Luton Town,1848,0.1,0.05,0.01,28.2,1.3,1.1,1.5,4.3,0.3,0.0,Premier League,0.36752136752136755,0.15598290598290598,0.019230769230769232,0.4252136752136752,0.5064102564102564,0.655982905982906,0.9465811965811965,0.9230769230769231,0.17307692307692307,0.06837606837606838
Kristoffer Vassbakk Ajer,Brentford,1833,0.1,0.06,0.13,26.9,1.5,1.0,1.2,3.8,0.5,5.0,Premier League,0.36752136752136755,0.1987179487179487,0.6581196581196581,0.405982905982906,0.5705128205128205,0.5747863247863247,0.8141025641025641,0.8931623931623932,0.3247863247863248,0.6239316239316239
Jakub Kiwior,Arsenal,945,0.1,0.08,0.06,44.5,2.0,1.1,0.8,2.3,0.2,1.0,Premier League,0.36752136752136755,0.3034188034188034,0.31837606837606836,0.7649572649572649,0.7243589743589743,0.655982905982906,0.561965811965812,0.7350427350427351,0.11965811965811966,0.19658119658119658
Dara O'Shea,Burnley,2894,0.09,0.02,0.03,42.9,3.4,0.6,1.1,4.9,0.0,3.0,Premier League,0.3311965811965812,0.023504273504273504,0.12606837606837606,0.7393162393162394,0.9166666666666666,0.2222222222222222,0.7628205128205128,0.967948717948718,0.008547008547008548,0.43803418803418803
Dwight McNeil,Everton,2897,0.09,0.11,0.25,24.4,1.4,0.8,0.7,0.8,0.9,17.0,Premier League,0.3311965811965812,0.3974358974358974,0.9273504273504274,0.3162393162393162,0.5384615384615384,0.40384615384615385,0.48717948717948717,0.36324786324786323,0.5598290598290598,0.9807692307692307
Jarrad Branthwaite,Everton,3117,0.09,0.05,0.04,31.7,2.1,0.9,1.4,4.5,0.1,1.0,Premier League,0.3311965811965812,0.15598290598290598,0.19017094017094016,0.5299145299145299,0.7478632478632479,0.4893162393162393,0.9102564102564102,0.9358974358974359,0.053418803418803416,0.19658119658119658
Lewis Dunk,Brighton and Hove Albion,2872,0.09,0.1,0.07,93.1,4.7,0.4,1.0,2.8,0.2,1.0,Premier League,0.3311965811965812,0.3717948717948718,0.39316239316239315,0.9957264957264957,0.9700854700854701,0.1047008547008547,0.6965811965811965,0.8226495726495726,0.11965811965811966,0.19658119658119658
Pedro Porro,Tottenham Hotspur,3092,0.09,0.09,0.18,43.2,2.2,1.8,1.0,2.3,0.8,13.0,Premier League,0.3311965811965812,0.344017094017094,0.811965811965812,0.7435897435897436,0.7756410256410257,0.9316239316239316,0.6965811965811965,0.7350427350427351,0.5128205128205128,0.9423076923076923
Amadou Onana,Everton,2090,0.09,0.09,0.06,37.4,2.6,1.6,0.9,1.3,0.5,4.0,Premier League,0.3311965811965812,0.344017094017094,0.31837606837606836,0.6431623931623932,0.8525641025641025,0.8931623931623932,0.6303418803418803,0.5491452991452992,0.3247863247863248,0.532051282051282
Josh Cullen,Burnley,2059,0.09,0.03,0.1,50.8,1.5,1.3,0.7,1.0,0.1,3.0,Premier League,0.3311965811965812,0.053418803418803416,0.5534188034188035,0.8247863247863247,0.5705128205128205,0.7649572649572649,0.48717948717948717,0.4465811965811966,0.053418803418803416,0.43803418803418803
Nathan Aké,Manchester City,2044,0.09,0.11,0.05,72.3,0.8,0.7,0.6,2.3,0.2,3.0,Premier League,0.3311965811965812,0.3974358974358974,0.25,0.9658119658119658,0.30982905982905984,0.30982905982905984,0.41239316239316237,0.7350427350427351,0.11965811965811966,0.43803418803418803
Alex Scott,Bournemouth,1010,0.09,0.06,0.09,31.2,1.3,1.3,1.1,1.5,1.2,4.0,Premier League,0.3311965811965812,0.1987179487179487,0.5149572649572649,0.5192307692307693,0.5064102564102564,0.7649572649572649,0.7628205128205128,0.6025641025641025,0.7008547008547008,0.532051282051282
Rodrigo Bentancur,Tottenham Hotspur,1007,0.09,0.17,0.09,60.1,1.8,1.3,1.5,1.4,1.0,0.0,Premier League,0.3311965811965812,0.5747863247863247,0.5149572649572649,0.9273504273504274,0.6752136752136753,0.7649572649572649,0.9465811965811965,0.5790598290598291,0.6089743589743589,0.06837606837606838
Destiny Udogie,Tottenham Hotspur,2398,0.08,0.09,0.08,39.9,0.3,1.2,1.4,2.5,0.9,3.0,Premier League,0.2863247863247863,0.344017094017094,0.46153846153846156,0.6965811965811965,0.08547008547008547,0.7158119658119658,0.9102564102564102,0.7692307692307693,0.5598290598290598,0.43803418803418803
Matty Cash,Aston Villa,2142,0.08,0.18,0.1,36.3,1.3,1.3,0.8,2.2,0.5,6.0,Premier League,0.2863247863247863,0.5897435897435898,0.5534188034188035,0.6260683760683761,0.5064102564102564,0.7649572649572649,0.561965811965812,0.717948717948718,0.3247863247863248,0.717948717948718
Rayan Ait Nouri,Wolverhampton Wanderers,2344,0.08,0.13,0.07,34.5,0.9,1.7,0.6,1.2,2.4,3.0,Premier League,0.2863247863247863,0.46794871794871795,0.39316239316239315,0.5854700854700855,0.3525641025641026,0.9145299145299145,0.41239316239316237,0.5149572649572649,0.9636752136752137,0.43803418803418803
Christian Eriksen,Manchester United,1139,0.08,0.08,0.19,50.1,2.6,1.0,0.3,0.9,0.2,3.0,Premier League,0.2863247863247863,0.3034188034188034,0.8354700854700855,0.811965811965812,0.8525641025641025,0.5747863247863247,0.16452991452991453,0.405982905982906,0.11965811965811966,0.43803418803418803
Curtis Jones,Liverpool,1167,0.08,0.2,0.08,52.9,0.9,1.1,0.5,0.5,1.2,0.0,Premier League,0.2863247863247863,0.6303418803418803,0.46153846153846156,0.8568376068376068,0.3525641025641026,0.655982905982906,0.32051282051282054,0.2222222222222222,0.7008547008547008,0.06837606837606838
Emerson Royal,Tottenham Hotspur,1155,0.08,0.02,0.07,67.4,1.5,1.9,1.6,3.5,0.8,1.0,Premier League,0.2863247863247863,0.023504273504273504,0.39316239316239315,0.9487179487179487,0.5705128205128205,0.9529914529914529,0.9722222222222222,0.8846153846153846,0.5128205128205128,0.19658119658119658
Frank Onyeka,Brentford,1155,0.08,0.17,0.11,22.7,1.1,1.9,1.8,1.3,0.9,2.0,Premier League,0.2863247863247863,0.5747863247863247,0.594017094017094,0.25213675213675213,0.43803418803418803,0.9529914529914529,0.9893162393162394,0.5491452991452992,0.5598290598290598,0.3162393162393162
Johann Berg Gudmundsson,Burnley,1191,0.08,0.14,0.19,27.5,2.2,0.3,1.2,1.2,0.4,5.0,Premier League,0.2863247863247863,0.5,0.8354700854700855,0.41025641025641024,0.7756410256410257,0.05982905982905983,0.8141025641025641,0.5149572649572649,0.24572649572649571,0.6239316239316239
Matt Doherty,Wolverhampton Wanderers,1142,0.08,0.07,0.07,35.2,2.3,1.4,0.6,2.9,0.5,3.0,Premier League,0.2863247863247863,0.25,0.39316239316239315,0.6025641025641025,0.8034188034188035,0.8205128205128205,0.41239316239316237,0.8376068376068376,0.3247863247863248,0.43803418803418803
Ryan Gravenberch,Liverpool,1121,0.08,0.16,0.11,33.0,0.5,1.0,1.1,0.9,1.8,1.0,Premier League,0.2863247863247863,0.5512820512820513,0.594017094017094,0.5534188034188035,0.1987179487179487,0.5747863247863247,0.7628205128205128,0.405982905982906,0.8824786324786325,0.19658119658119658
Sasa Lukic,Fulham,1119,0.08,0.13,0.04,34.4,0.9,1.5,1.3,1.4,0.4,0.0,Premier League,0.2863247863247863,0.46794871794871795,0.19017094017094016,0.5790598290598291,0.3525641025641026,0.8611111111111112,0.8653846153846154,0.5790598290598291,0.24572649572649571,0.06837606837606838
Anel Ahmedhodzic,Sheffield United,2649,0.07,0.11,0.02,24.5,1.6,1.2,1.2,4.6,0.4,1.0,Premier League,0.22863247863247863,0.3974358974358974,0.06196581196581197,0.32264957264957267,0.6132478632478633,0.7158119658119658,0.8141025641025641,0.9465811965811965,0.24572649572649571,0.19658119658119658
Axel Disasi,Chelsea,2581,0.07,0.12,0.03,69.5,1.6,0.7,0.6,3.4,0.4,0.0,Premier League,0.22863247863247863,0.43162393162393164,0.12606837606837606,0.9615384615384616,0.6132478632478633,0.30982905982905984,0.41239316239316237,0.8782051282051282,0.24572649572649571,0.06837606837606838
Christian Nørgaard,Brentford,2513,0.07,0.13,0.09,41.9,2.1,1.8,1.9,1.8,0.2,6.0,Premier League,0.22863247863247863,0.46794871794871795,0.5149572649572649,0.7286324786324786,0.7478632478632479,0.9316239316239316,0.9957264957264957,0.6709401709401709,0.11965811965811966,0.717948717948718
Daniel Burn,Newcastle United,2732,0.07,0.1,0.04,40.1,0.8,1.1,1.2,3.9,0.1,3.0,Premier League,0.22863247863247863,0.3717948717948718,0.19017094017094016,0.7008547008547008,0.30982905982905984,0.655982905982906,0.8141025641025641,0.9017094017094017,0.053418803418803416,0.43803418803418803
Ethan Pinnock,Brentford,2521,0.07,0.07,0.03,41.9,2.5,0.8,1.5,6.0,0.2,1.0,Premier League,0.22863247863247863,0.25,0.12606837606837606,0.7286324786324786,0.8354700854700855,0.40384615384615385,0.9465811965811965,1.0,0.11965811965811966,0.19658119658119658
Joao Gomes,Wolverhampton Wanderers,2658,0.07,0.06,0.06,34.9,1.0,2.5,0.6,1.0,0.9,2.0,Premier League,0.22863247863247863,0.1987179487179487,0.31837606837606836,0.5982905982905983,0.39316239316239315,0.9914529914529915,0.41239316239316237,0.4465811965811966,0.5598290598290598,0.3162393162393162
Manuel Akanji,Manchester City,2513,0.07,0.07,0.06,77.1,2.9,1.0,0.8,2.2,0.1,0.0,Premier League,0.22863247863247863,0.25,0.31837606837606836,0.9871794871794872,0.8846153846153846,0.5747863247863247,0.561965811965812,0.717948717948718,0.053418803418803416,0.06837606837606838
Pau Torres,Aston Villa,2463,0.07,0.04,0.03,56.8,3.1,0.7,0.5,2.7,0.6,1.0,Premier League,0.22863247863247863,0.1047008547008547,0.12606837606837606,0.8974358974358975,0.8974358974358975,0.30982905982905984,0.32051282051282054,0.8055555555555556,0.391025641025641,0.19658119658119658
Vitalii Mykolenko,Everton,2471,0.07,0.06,0.04,24.1,2.0,1.4,1.3,3.0,0.7,2.0,Premier League,0.22863247863247863,0.1987179487179487,0.19017094017094016,0.30982905982905984,0.7243589743589743,0.8205128205128205,0.8653846153846154,0.8525641025641025,0.45726495726495725,0.3162393162393162
Andros Townsend,Luton Town,1209,0.07,0.09,0.13,20.8,1.1,1.0,0.4,0.7,1.2,2.0,Premier League,0.22863247863247863,0.344017094017094,0.6581196581196581,0.20085470085470086,0.43803418803418803,0.5747863247863247,0.23504273504273504,0.3247863247863248,0.7008547008547008,0.3162393162393162
Antony,Manchester United,1323,0.07,0.23,0.13,30.5,0.7,1.4,0.8,0.5,1.8,7.0,Premier League,0.22863247863247863,0.6901709401709402,0.6581196581196581,0.5,0.27136752136752135,0.8205128205128205,0.561965811965812,0.2222222222222222,0.8824786324786325,0.782051282051282
Dango Ouattara,Bournemouth,1220,0.07,0.2,0.1,22.4,1.3,2.0,1.6,2.4,1.5,1.0,Premier League,0.22863247863247863,0.6303418803418803,0.5534188034188035,0.24145299145299146,0.5064102564102564,0.967948717948718,0.9722222222222222,0.7542735042735043,0.811965811965812,0.19658119658119658
Jordan Clark,Luton Town,1306,0.07,0.07,0.08,24.7,1.7,1.2,0.8,1.0,0.8,3.0,Premier League,0.22863247863247863,0.25,0.46153846153846156,0.32905982905982906,0.6431623931623932,0.7158119658119658,0.561965811965812,0.4465811965811966,0.5128205128205128,0.43803418803418803
Raphaël Varane,Manchester United,1371,0.07,0.08,0.04,45.4,1.9,0.7,1.0,5.6,0.1,0.0,Premier League,0.22863247863247863,0.3034188034188034,0.19017094017094016,0.7799145299145299,0.7029914529914529,0.30982905982905984,0.6965811965811965,0.9957264957264957,0.053418803418803416,0.06837606837606838
Valentino Livramento,Newcastle United,1305,0.07,0.03,0.06,40.4,0.9,0.9,1.7,2.6,1.2,1.0,Premier League,0.22863247863247863,0.053418803418803416,0.31837606837606836,0.7051282051282052,0.3525641025641026,0.4893162393162393,0.9829059829059829,0.7863247863247863,0.7008547008547008,0.19658119658119658
Victor Nilsson Lindelöf,Manchester United,1332,0.07,0.05,0.03,53.0,1.8,0.7,0.8,2.6,0.1,0.0,Premier League,0.22863247863247863,0.15598290598290598,0.12606837606837606,0.8653846153846154,0.6752136752136753,0.30982905982905984,0.561965811965812,0.7863247863247863,0.053418803418803416,0.06837606837606838
Alfie Doughty,Luton Town,2937,0.06,0.04,0.17,25.1,2.0,1.2,0.9,1.1,1.0,10.0,Premier League,0.16880341880341881,0.1047008547008547,0.7841880341880342,0.3418803418803419,0.7243589743589743,0.7158119658119658,0.6303418803418803,0.4807692307692308,0.6089743589743589,0.8717948717948718
Diogo Dalot,Manchester United,3173,0.06,0.05,0.07,35.5,2.2,1.4,1.0,2.7,0.9,5.0,Premier League,0.16880341880341881,0.15598290598290598,0.39316239316239315,0.6068376068376068,0.7756410256410257,0.8205128205128205,0.6965811965811965,0.8055555555555556,0.5598290598290598,0.6239316239316239
Tyrick Mitchell,Crystal Palace,3208,0.06,0.05,0.07,25.1,1.0,1.7,0.7,2.4,0.5,5.0,Premier League,0.16880341880341881,0.15598290598290598,0.39316239316239315,0.3418803418803419,0.39316239316239315,0.9145299145299145,0.48717948717948717,0.7542735042735043,0.3247863247863248,0.6239316239316239
Virgil van Dijk,Liverpool,3178,0.06,0.08,0.03,74.4,4.4,0.7,1.1,4.0,0.1,3.0,Premier League,0.16880341880341881,0.3034188034188034,0.12606837606837606,0.9700854700854701,0.9636752136752137,0.30982905982905984,0.7628205128205128,0.9123931623931624,0.053418803418803416,0.43803418803418803
Harry Toffolo,Nottingham Forest,1455,0.06,0.1,0.07,21.0,1.1,0.9,0.9,2.7,0.1,3.0,Premier League,0.16880341880341881,0.3717948717948718,0.39316239316239315,0.2094017094017094,0.43803418803418803,0.4893162393162393,0.6303418803418803,0.8055555555555556,0.053418803418803416,0.43803418803418803
Joel Veltman,Brighton and Hove Albion,1582,0.06,0.03,0.03,39.1,1.7,2.3,1.0,3.0,0.1,1.0,Premier League,0.16880341880341881,0.053418803418803416,0.12606837606837606,0.6752136752136753,0.6431623931623932,0.9807692307692307,0.6965811965811965,0.8525641025641025,0.053418803418803416,0.19658119658119658
Konstantinos Mavropanos,West Ham United,1501,0.06,0.08,0.01,28.8,2.4,1.0,1.4,4.7,0.1,0.0,Premier League,0.16880341880341881,0.3034188034188034,0.019230769230769232,0.44017094017094016,0.8205128205128205,0.5747863247863247,0.9102564102564102,0.9551282051282052,0.053418803418803416,0.06837606837606838
Mateo Kovacic,Manchester City,1548,0.06,0.07,0.11,83.3,1.2,1.5,0.6,0.6,1.2,3.0,Premier League,0.16880341880341881,0.25,0.594017094017094,0.9914529914529915,0.4700854700854701,0.8611111111111112,0.41239316239316237,0.2863247863247863,0.7008547008547008,0.43803418803418803
Moussa Niakhaté,Nottingham Forest,1457,0.06,0.07,0.02,36.3,1.9,1.5,0.9,3.0,0.2,0.0,Premier League,0.16880341880341881,0.25,0.06196581196581197,0.6260683760683761,0.7029914529914529,0.8611111111111112,0.6303418803418803,0.8525641025641025,0.11965811965811966,0.06837606837606838
Oliver Norwood,Sheffield United,1433,0.06,0.07,0.08,38.8,4.3,1.6,1.3,2.3,0.1,1.0,Premier League,0.16880341880341881,0.25,0.46153846153846156,0.6666666666666666,0.9572649572649573,0.8931623931623932,0.8653846153846154,0.7350427350427351,0.053418803418803416,0.19658119658119658
Orel Mangala,Nottingham Forest,1569,0.06,0.05,0.02,32.6,1.3,0.7,1.5,1.6,0.7,0.0,Premier League,0.16880341880341881,0.15598290598290598,0.06196581196581197,0.5427350427350427,0.5064102564102564,0.30982905982905984,0.9465811965811965,0.6239316239316239,0.45726495726495725,0.06837606837606838
Tom Cairney,Fulham,1475,0.06,0.07,0.15,68.4,2.5,1.0,0.8,0.4,1.6,5.0,Premier League,0.16880341880341881,0.25,0.7307692307692307,0.9529914529914529,0.8354700854700855,0.5747863247863247,0.561965811965812,0.14743589743589744,0.8376068376068376,0.6239316239316239
Joachim Andersen,Crystal Palace,3416,0.05,0.04,0.06,45.1,5.3,0.9,1.1,5.3,0.4,5.0,Premier League,0.11965811965811966,0.1047008547008547,0.31837606837606836,0.7735042735042735,0.9871794871794872,0.4893162393162393,0.7628205128205128,0.9850427350427351,0.24572649572649571,0.6239316239316239
Max Kilman,Wolverhampton Wanderers,3420,0.05,0.05,0.03,51.9,3.8,0.6,1.0,4.7,0.3,4.0,Premier League,0.11965811965811966,0.15598290598290598,0.12606837606837606,0.8333333333333334,0.9358974358974359,0.2222222222222222,0.6965811965811965,0.9551282051282052,0.17307692307692307,0.532051282051282
William Saliba,Arsenal,3420,0.05,0.04,0.02,69.2,1.8,0.7,0.8,2.1,0.3,0.0,Premier League,0.11965811965811966,0.1047008547008547,0.06196581196581197,0.9572649572649573,0.6752136752136753,0.30982905982905984,0.561965811965812,0.7072649572649573,0.17307692307692307,0.06837606837606838
Casemiro,Manchester United,1985,0.05,0.16,0.06,52.7,3.6,2.5,0.8,3.0,0.4,2.0,Premier League,0.11965811965811966,0.5512820512820513,0.31837606837606836,0.8482905982905983,0.9294871794871795,0.9914529914529915,0.561965811965812,0.8525641025641025,0.24572649572649571,0.3162393162393162
Levi Colwill,Chelsea,1798,0.05,0.06,0.03,43.9,2.2,1.5,1.3,3.2,0.5,3.0,Premier League,0.11965811965811966,0.1987179487179487,0.12606837606837606,0.7606837606837606,0.7756410256410257,0.8611111111111112,0.8653846153846154,0.8696581196581197,0.3247863247863248,0.43803418803418803
Mads Roerslev,Brentford,1987,0.05,0.04,0.06,18.9,1.0,1.4,0.9,2.8,0.5,3.0,Premier League,0.11965811965811966,0.1047008547008547,0.31837606837606836,0.18803418803418803,0.39316239316239315,0.8205128205128205,0.6303418803418803,0.8226495726495726,0.3247863247863248,0.43803418803418803
Nayef Aguerd,West Ham United,1859,0.05,0.08,0.02,45.4,5.0,0.7,0.8,3.9,0.1,0.0,Premier League,0.11965811965811966,0.3034188034188034,0.06196581196581197,0.7799145299145299,0.9764957264957265,0.30982905982905984,0.561965811965812,0.9017094017094017,0.053418803418803416,0.06837606837606838
Ola Aina,Nottingham Forest,1700,0.05,0.01,0.05,26.8,1.1,1.6,1.0,2.2,1.4,0.0,Premier League,0.11965811965811966,0.008547008547008548,0.25,0.3995726495726496,0.43803418803418803,0.8931623931623932,0.6965811965811965,0.717948717948718,0.782051282051282,0.06837606837606838
Oleksandr Zinchenko,Arsenal,1722,0.05,0.03,0.15,65.9,2.8,1.6,1.0,1.1,0.4,5.0,Premier League,0.11965811965811966,0.053418803418803416,0.7307692307692307,0.9444444444444444,0.8760683760683761,0.8931623931623932,0.6965811965811965,0.4807692307692308,0.24572649572649571,0.6239316239316239
Ryan Yates,Nottingham Forest,1986,0.05,0.14,0.03,29.7,1.3,1.8,1.0,1.8,0.2,2.0,Premier League,0.11965811965811966,0.5,0.12606837606837606,0.47435897435897434,0.5064102564102564,0.9316239316239316,0.6965811965811965,0.6709401709401709,0.11965811965811966,0.3162393162393162
Wataru Endo,Liverpool,1719,0.05,0.03,0.08,60.4,1.5,1.5,1.0,1.6,0.5,2.0,Premier League,0.11965811965811966,0.053418803418803416,0.46153846153846156,0.9316239316239316,0.5705128205128205,0.8611111111111112,0.6965811965811965,0.6239316239316239,0.3247863247863248,0.3162393162393162
Calvin Bassey,Fulham,2301,0.04,0.01,0.01,56.2,3.2,1.1,1.1,3.1,0.4,0.0,Premier League,0.07692307692307693,0.008547008547008548,0.019230769230769232,0.8846153846153846,0.9038461538461539,0.655982905982906,0.7628205128205128,0.8632478632478633,0.24572649572649571,0.06837606837606838
Charlie Taylor,Burnley,2332,0.04,0.01,0.06,31.7,2.0,0.8,0.7,2.6,0.3,4.0,Premier League,0.07692307692307693,0.008547008547008548,0.31837606837606836,0.5299145299145299,0.7243589743589743,0.40384615384615385,0.48717948717948717,0.7863247863247863,0.17307692307692307,0.532051282051282
Chris Richards,Crystal Palace,2091,0.04,0.04,0.01,33.1,1.5,1.2,1.2,4.6,0.0,1.0,Premier League,0.07692307692307693,0.1047008547008547,0.019230769230769232,0.561965811965812,0.5705128205128205,0.7158119658119658,0.8141025641025641,0.9465811965811965,0.008547008547008548,0.19658119658119658
Craig Dawson,Wolverhampton Wanderers,2211,0.04,0.06,0.02,44.9,4.1,0.8,0.7,4.8,0.1,2.0,Premier League,0.07692307692307693,0.1987179487179487,0.06196581196581197,0.7692307692307693,0.9487179487179487,0.40384615384615385,0.48717948717948717,0.9615384615384616,0.053418803418803416,0.3162393162393162
Edson Álvarez,West Ham United,2383,0.04,0.05,0.03,38.9,2.3,1.5,1.6,2.6,1.0,0.0,Premier League,0.07692307692307693,0.15598290598290598,0.12606837606837606,0.6709401709401709,0.8034188034188035,0.8611111111111112,0.9722222222222222,0.7863247863247863,0.6089743589743589,0.06837606837606838
Jefferson Lerma,Crystal Palace,2403,0.04,0.1,0.07,37.8,1.5,0.9,1.3,2.4,0.4,3.0,Premier League,0.07692307692307693,0.3717948717948718,0.39316239316239315,0.655982905982906,0.5705128205128205,0.4893162393162393,0.8653846153846154,0.7542735042735043,0.24572649572649571,0.43803418803418803
Kieran Trippier,Newcastle United,2240,0.04,0.03,0.28,54.9,3.2,1.1,1.0,1.9,0.6,13.0,Premier League,0.07692307692307693,0.053418803418803416,0.9636752136752137,0.8760683760683761,0.9038461538461539,0.655982905982906,0.6965811965811965,0.6858974358974359,0.391025641025641,0.9423076923076923
Lucas Digne,Aston Villa,2410,0.04,0.04,0.13,30.8,0.8,0.7,1.0,2.3,0.4,5.0,Premier League,0.07692307692307693,0.1047008547008547,0.6581196581196581,0.5085470085470085,0.30982905982905984,0.30982905982905984,0.6965811965811965,0.7350427350427351,0.24572649572649571,0.6239316239316239
Teden Mengi,Luton Town,2470,0.04,0.02,0.02,26.5,2.6,0.8,2.1,5.0,0.3,0.0,Premier League,0.07692307692307693,0.023504273504273504,0.06196581196581197,0.38675213675213677,0.8525641025641025,0.40384615384615385,1.0,0.9764957264957265,0.17307692307692307,0.06837606837606838
Emerson,West Ham United,3142,0.03,0.04,0.06,34.1,1.2,1.9,1.2,2.5,0.7,2.0,Premier League,0.029914529914529916,0.1047008547008547,0.31837606837606836,0.5726495726495726,0.4700854700854701,0.9529914529914529,0.8141025641025641,0.7692307692307693,0.45726495726495725,0.3162393162393162
Ezri Konsa,Aston Villa,3073,0.03,0.07,0.03,52.7,1.3,0.9,0.8,2.0,0.6,1.0,Premier League,0.029914529914529916,0.25,0.12606837606837606,0.8482905982905983,0.5064102564102564,0.4893162393162393,0.561965811965812,0.6965811965811965,0.391025641025641,0.19658119658119658
Illia Zabarnyi,Bournemouth,3330,0.03,0.03,0.02,39.7,3.5,0.9,0.9,3.7,0.2,0.0,Premier League,0.029914529914529916,0.053418803418803416,0.06196581196581197,0.6901709401709402,0.9230769230769231,0.4893162393162393,0.6303418803418803,0.8888888888888888,0.11965811965811966,0.06837606837606838
Jack Robinson,Sheffield United,2885,0.03,0.04,0.03,25.6,2.2,0.9,1.0,4.0,0.2,1.0,Premier League,0.029914529914529916,0.1047008547008547,0.12606837606837606,0.36324786324786323,0.7756410256410257,0.4893162393162393,0.6965811965811965,0.9123931623931624,0.11965811965811966,0.19658119658119658
James Garner,Everton,3005,0.03,0.08,0.11,27.6,1.4,1.3,1.3,1.3,0.6,7.0,Premier League,0.029914529914529916,0.3034188034188034,0.594017094017094,0.41452991452991456,0.5384615384615384,0.7649572649572649,0.8653846153846154,0.5491452991452992,0.391025641025641,0.782051282051282
James Tarkowski,Everton,3419,0.03,0.07,0.07,31.2,4.2,1.1,1.5,4.9,0.4,5.0,Premier League,0.029914529914529916,0.25,0.39316239316239315,0.5192307692307693,0.9529914529914529,0.655982905982906,0.9465811965811965,0.967948717948718,0.24572649572649571,0.6239316239316239
Moisés Caicedo,Chelsea,2872,0.03,0.02,0.06,59.7,2.8,1.4,1.2,1.0,0.8,4.0,Premier League,0.029914529914529916,0.023504273504273504,0.31837606837606836,0.9230769230769231,0.8760683760683761,0.8205128205128205,0.8141025641025641,0.4465811965811966,0.5128205128205128,0.532051282051282
Nathan Collins,Brentford,2649,0.03,0.07,0.04,40.6,2.3,0.7,1.5,4.4,0.4,5.0,Premier League,0.029914529914529916,0.25,0.19017094017094016,0.7094017094017094,0.8034188034188035,0.30982905982905984,0.9465811965811965,0.9273504273504274,0.24572649572649571,0.6239316239316239
Sander Berge,Burnley,3005,0.03,0.06,0.05,41.2,2.5,1.4,0.7,1.7,0.6,5.0,Premier League,0.029914529914529916,0.1987179487179487,0.25,0.7222222222222222,0.8354700854700855,0.8205128205128205,0.48717948717948717,0.6495726495726496,0.391025641025641,0.6239316239316239
Timothy Castagne,Fulham,2633,0.03,0.06,0.06,37.5,1.7,0.8,1.3,1.9,0.6,1.0,Premier League,0.029914529914529916,0.1987179487179487,0.31837606837606836,0.6495726495726496,0.6431623931623932,0.40384615384615385,0.8653846153846154,0.6858974358974359,0.391025641025641,0.19658119658119658
Toti Gomes,Wolverhampton Wanderers,2774,0.03,0.05,0.02,46.0,1.5,0.8,0.8,2.8,0.7,2.0,Premier League,0.029914529914529916,0.15598290598290598,0.06196581196581197,0.7863247863247863,0.5705128205128205,0.40384615384615385,0.561965811965812,0.8226495726495726,0.45726495726495725,0.3162393162393162
Vinicius de Souza Costa,Sheffield United,2672,0.03,0.04,0.02,26.5,1.3,2.6,1.1,2.5,0.6,0.0,Premier League,0.029914529914529916,0.1047008547008547,0.06196581196581197,0.38675213675213677,0.5064102564102564,1.0,0.7628205128205128,0.7692307692307693,0.391025641025641,0.06837606837606838
Vitaly Janelt,Brentford,3069,0.03,0.05,0.11,30.6,1.8,1.1,1.1,1.7,0.2,5.0,Premier League,0.029914529914529916,0.15598290598290598,0.594017094017094,0.5042735042735043,0.6752136752136753,0.655982905982906,0.7628205128205128,0.6495726495726496,0.11965811965811966,0.6239316239316239
