Season_End_Year,Squad,Comp,Team_or_Opponent,Num_Players,Age,Poss,MP_Playing,Starts_Playing,Min_Playing,Mins_Per_90_Playing,Gls,Ast,G+A,G_minus_PK,PK,PKatt,CrdY,CrdR,PrgC_Progression,PrgP_Progression,Gls_Per,Ast_Per,G+A_Per,G_minus_PK_Per,G+A_minus_PK_Per,xG_Expected,npxG_Expected,xAG_Expected,npxG+xAG_Expected,xG_Per,xAG_Per,xG+xAG_Per,npxG_Per,npxG+xAG_Per,Url
2010,Almería,La Liga,team,24.0,25.6,,38.0,417.0,,,40.0,21.0,61.0,38.0,2.0,3.0,98.0,7.0,,,1.05,0.55,1.61,1.0,1.55,,,,,,,,,,https://fbref.com/en/squads/78ecf4bb/2009-2010/Almeria-Stats
2010,Almería,La Liga,opponent,24.0,26.8,,38.0,417.0,,,,,,,,,,,,,,,,,,,,,,,,,,,https://fbref.com/en/squads/78ecf4bb/2009-2010/Almeria-Stats
2010,Arsenal,Premier League,team,30.0,25.3,,38.0,418.0,,,79.0,53.0,132.0,76.0,3.0,4.0,56.0,1.0,,,2.08,1.39,3.47,2.0,3.39,,,,,,,,,,https://fbref.com/en/squads/18bb7c10/2009-2010/Arsenal-Stats
2010,Arsenal,Premier League,opponent,30.0,27.1,,38.0,418.0,,,,,,,,,,,,,,,,,,,,,,,,,,,https://fbref.com/en/squads/18bb7c10/2009-2010/Arsenal-Stats
2010,Aston Villa,Premier League,team,23.0,27.9,,38.0,418.0,,,48.0,34.0,82.0,43.0,5.0,8.0,58.0,2.0,,,1.26,0.89,2.16,1.13,2.03,,,,,,,,,,https://fbref.com/en/squads/8602292d/2009-2010/Aston-Villa-Stats
2010,Aston Villa,Premier League,opponent,23.0,27.0,,38.0,418.0,,,,,,,,,,,,,,,,,,,,,,,,,,,https://fbref.com/en/squads/8602292d/2009-2010/Aston-Villa-Stats
2010,Atalanta,Serie A,team,31.0,27.8,,38.0,418.0,,,37.0,16.0,53.0,34.0,3.0,4.0,104.0,8.0,,,0.97,0.42,1.39,0.89,1.32,,,,,,,,,,https://fbref.com/en/squads/922493f3/2009-2010/Atalanta-Stats
2010,Atalanta,Serie A,opponent,31.0,27.7,,38.0,418.0,,,,,,,,,,,,,,,,,,,,,,,,,,,https://fbref.com/en/squads/922493f3/2009-2010/Atalanta-Stats
2010,Athletic Club,La Liga,team,29.0,25.2,,38.0,418.0,,,48.0,24.0,72.0,43.0,5.0,10.0,91.0,10.0,,,1.26,0.63,1.89,1.13,1.76,,,,,,,,,,https://fbref.com/en/squads/2b390eca/2009-2010/Athletic-Club-Stats
2010,Athletic Club,La Liga,opponent,29.0,26.8,,38.0,418.0,,,,,,,,,,,,,,,,,,,,,,,,,,,https://fbref.com/en/squads/2b390eca/2009-2010/Athletic-Club-Stats
2010,Atlético Madrid,La Liga,team,33.0,26.0,,38.0,418.0,,,56.0,27.0,83.0,53.0,3.0,5.0,87.0,7.0,,,1.47,0.71,2.18,1.39,2.11,,,,,,,,,,https://fbref.com/en/squads/db3b9613/2009-2010/Atletico-Madrid-Stats
2010,Atlético Madrid,La Liga,opponent,33.0,26.5,,38.0,418.0,,,,,,,,,,,,,,,,,,,,,,,,,,,https://fbref.com/en/squads/db3b9613/2009-2010/Atletico-Madrid-Stats
2010,Auxerre,Ligue 1,team,24.0,27.1,,38.0,418.0,,,41.0,21.0,62.0,39.0,2.0,2.0,55.0,2.0,,,1.08,0.55,1.63,1.03,1.58,,,,,,,,,,https://fbref.com/en/squads/5ae09109/2009-2010/Auxerre-Stats
2010,Auxerre,Ligue 1,opponent,24.0,26.1,,38.0,418.0,,,,,,,,,,,,,,,,,,,,,,,,,,,https://fbref.com/en/squads/5ae09109/2009-2010/Auxerre-Stats
2010,Barcelona,La Liga,team,24.0,26.3,,38.0,418.0,,,95.0,56.0,151.0,92.0,3.0,3.0,74.0,5.0,,,2.5,1.47,3.97,2.42,3.89,,,,,,,,,,https://fbref.com/en/squads/206d90db/2009-2010/Barcelona-Stats
2010,Barcelona,La Liga,opponent,24.0,26.4,,38.0,418.0,,,,,,,,,,,,,,,,,,,,,,,,,,,https://fbref.com/en/squads/206d90db/2009-2010/Barcelona-Stats
2010,Bari,Serie A,team,30.0,26.6,,38.0,418.0,,,48.0,21.0,69.0,43.0,5.0,6.0,59.0,4.0,,,1.26,0.55,1.82,1.13,1.68,,,,,,,,,,https://fbref.com/en/squads/01baa639/2009-2010/Bari-Stats
2010,Bari,Serie A,opponent,30.0,27.4,,38.0,418.0,,,,,,,,,,,,,,,,,,,,,,,,,,,https://fbref.com/en/squads/01baa639/2009-2010/Bari-Stats
2010,Bayern Munich,Bundesliga,team,25.0,26.9,,34.0,374.0,,,68.0,44.0,112.0,66.0,2.0,3.0,44.0,1.0,,,2.0,1.29,3.29,1.94,3.24,,,,,,,,,,https://fbref.com/en/squads/054efa67/2009-2010/Bayern-Munich-Stats
2010,Bayern Munich,Bundesliga,opponent,25.0,25.9,,34.0,374.0,,,,,,,,,,,,,,,,,,,,,,,,,,,https://fbref.com/en/squads/054efa67/2009-2010/Bayern-Munich-Stats
2010,Birmingham City,Premier League,team,25.0,26.8,,38.0,418.0,,,36.0,22.0,58.0,34.0,2.0,4.0,73.0,1.0,,,0.95,0.58,1.53,0.89,1.47,,,,,,,,,,https://fbref.com/en/squads/ec79b7c2/2009-2010/Birmingham-City-Stats
2010,Birmingham City,Premier League,opponent,25.0,27.2,,38.0,418.0,,,,,,,,,,,,,,,,,,,,,,,,,,,https://fbref.com/en/squads/ec79b7c2/2009-2010/Birmingham-City-Stats
2010,Blackburn,Premier League,team,28.0,27.3,,38.0,417.0,,,38.0,22.0,60.0,35.0,3.0,3.0,57.0,2.0,,,1.0,0.58,1.58,0.92,1.5,,,,,,,,,,https://fbref.com/en/squads/e090f40b/2009-2010/Blackburn-Rovers-Stats
2010,Blackburn,Premier League,opponent,28.0,27.1,,38.0,417.0,,,,,,,,,,,,,,,,,,,,,,,,,,,https://fbref.com/en/squads/e090f40b/2009-2010/Blackburn-Rovers-Stats
2010,Bochum,Bundesliga,team,28.0,27.5,,34.0,374.0,,,31.0,21.0,52.0,31.0,0.0,0.0,67.0,4.0,,,0.91,0.62,1.53,0.91,1.53,,,,,,,,,,https://fbref.com/en/squads/b42c6323/2009-2010/Bochum-Stats
2010,Bochum,Bundesliga,opponent,28.0,25.9,,34.0,374.0,,,,,,,,,,,,,,,,,,,,,,,,,,,https://fbref.com/en/squads/b42c6323/2009-2010/Bochum-Stats
2010,Bologna,Serie A,team,31.0,28.9,,38.0,418.0,,,40.0,17.0,57.0,37.0,3.0,3.0,71.0,3.0,,,1.05,0.45,1.5,0.97,1.42,,,,,,,,,,https://fbref.com/en/squads/1d8099f8/2009-2010/Bologna-Stats
2010,Bologna,Serie A,opponent,31.0,27.3,,38.0,418.0,,,,,,,,,,,,,,,,,,,,,,,,,,,https://fbref.com/en/squads/1d8099f8/2009-2010/Bologna-Stats
2010,Bolton,Premier League,team,25.0,27.4,,38.0,418.0,,,42.0,24.0,66.0,38.0,4.0,4.0,72.0,5.0,,,1.11,0.63,1.74,1.0,1.63,,,,,,,,,,https://fbref.com/en/squads/445d3104/2009-2010/Bolton-Wanderers-Stats
2010,Bolton,Premier League,opponent,25.0,27.3,,38.0,418.0,,,,,,,,,,,,,,,,,,,,,,,,,,,https://fbref.com/en/squads/445d3104/2009-2010/Bolton-Wanderers-Stats
2010,Bordeaux,Ligue 1,team,24.0,26.3,,38.0,418.0,,,53.0,31.0,84.0,48.0,5.0,7.0,65.0,6.0,,,1.39,0.82,2.21,1.26,2.08,,,,,,,,,,https://fbref.com/en/squads/123f3efe/2009-2010/Bordeaux-Stats
2010,Bordeaux,Ligue 1,opponent,24.0,26.1,,38.0,418.0,,,,,,,,,,,,,,,,,,,,,,,,,,,https://fbref.com/en/squads/123f3efe/2009-2010/Bordeaux-Stats
2010,Boulogne,Ligue 1,team,33.0,26.3,,38.0,418.0,,,29.0,18.0,47.0,27.0,2.0,3.0,76.0,6.0,,,0.76,0.47,1.24,0.71,1.18,,,,,,,,,,https://fbref.com/en/squads/98973a5c/2009-2010/Boulogne-Stats
2010,Boulogne,Ligue 1,opponent,33.0,26.3,,38.0,418.0,,,,,,,,,,,,,,,,,,,,,,,,,,,https://fbref.com/en/squads/98973a5c/2009-2010/Boulogne-Stats
2010,Burnley,Premier League,team,27.0,27.9,,38.0,418.0,,,42.0,25.0,67.0,36.0,6.0,6.0,55.0,2.0,,,1.11,0.66,1.76,0.95,1.61,,,,,,,,,,https://fbref.com/en/squads/943e8050/2009-2010/Burnley-Stats
2010,Burnley,Premier League,opponent,27.0,27.2,,38.0,418.0,,,,,,,,,,,,,,,,,,,,,,,,,,,https://fbref.com/en/squads/943e8050/2009-2010/Burnley-Stats
2010,Cagliari,Serie A,team,27.0,26.6,,38.0,418.0,,,54.0,30.0,84.0,48.0,6.0,7.0,80.0,7.0,,,1.42,0.79,2.21,1.26,2.05,,,,,,,,,,https://fbref.com/en/squads/c4260e09/2009-2010/Cagliari-Stats
2010,Cagliari,Serie A,opponent,27.0,27.5,,38.0,418.0,,,,,,,,,,,,,,,,,,,,,,,,,,,https://fbref.com/en/squads/c4260e09/2009-2010/Cagliari-Stats
2010,Catania,Serie A,team,30.0,26.5,,38.0,418.0,,,44.0,19.0,63.0,37.0,7.0,9.0,91.0,7.0,,,1.16,0.5,1.66,0.97,1.47,,,,,,,,,,https://fbref.com/en/squads/7b046f08/2009-2010/Catania-Stats
2010,Catania,Serie A,opponent,30.0,27.5,,38.0,418.0,,,,,,,,,,,,,,,,,,,,,,,,,,,https://fbref.com/en/squads/7b046f08/2009-2010/Catania-Stats
2010,Chelsea,Premier League,team,30.0,28.7,,38.0,418.0,,,99.0,64.0,163.0,88.0,11.0,12.0,54.0,5.0,,,2.61,1.68,4.29,2.32,4.0,,,,,,,,,,https://fbref.com/en/squads/cff3d9bb/2009-2010/Chelsea-Stats
2010,Chelsea,Premier League,opponent,30.0,27.0,,38.0,418.0,,,,,,,,,,,,,,,,,,,,,,,,,,,https://fbref.com/en/squads/cff3d9bb/2009-2010/Chelsea-Stats
2010,Chievo,Serie A,team,26.0,29.1,,38.0,418.0,,,36.0,16.0,52.0,35.0,1.0,1.0,102.0,5.0,,,0.95,0.42,1.37,0.92,1.34,,,,,,,,,,https://fbref.com/en/squads/cc919b35/2009-2010/Chievo-Stats
2010,Chievo,Serie A,opponent,26.0,27.6,,38.0,418.0,,,,,,,,,,,,,,,,,,,,,,,,,,,https://fbref.com/en/squads/cc919b35/2009-2010/Chievo-Stats
2010,Dortmund,Bundesliga,team,25.0,24.5,,34.0,374.0,,,51.0,32.0,83.0,48.0,3.0,4.0,49.0,0.0,,,1.5,0.94,2.44,1.41,2.35,,,,,,,,,,https://fbref.com/en/squads/add600ae/2009-2010/Dortmund-Stats
2010,Dortmund,Bundesliga,opponent,25.0,26.1,,34.0,374.0,,,,,,,,,,,,,,,,,,,,,,,,,,,https://fbref.com/en/squads/add600ae/2009-2010/Dortmund-Stats
2010,Eint Frankfurt,Bundesliga,team,30.0,27.5,,34.0,374.0,,,47.0,26.0,73.0,45.0,2.0,3.0,62.0,5.0,,,1.38,0.76,2.15,1.32,2.09,,,,,,,,,,https://fbref.com/en/squads/f0ac8ee6/2009-2010/Eintracht-Frankfurt-Stats
2010,Eint Frankfurt,Bundesliga,opponent,30.0,25.9,,34.0,374.0,,,,,,,,,,,,,,,,,,,,,,,,,,,https://fbref.com/en/squads/f0ac8ee6/2009-2010/Eintracht-Frankfurt-Stats
2010,Espanyol,La Liga,team,28.0,25.0,,38.0,417.0,,,29.0,15.0,44.0,29.0,0.0,0.0,108.0,8.0,,,0.76,0.39,1.16,0.76,1.16,,,,,,,,,,https://fbref.com/en/squads/a8661628/2009-2010/Espanyol-Stats
2010,Espanyol,La Liga,opponent,28.0,26.8,,38.0,417.0,,,,,,,,,,,,,,,,,,,,,,,,,,,https://fbref.com/en/squads/a8661628/2009-2010/Espanyol-Stats
2010,Everton,Premier League,team,28.0,27.4,,38.0,418.0,,,56.0,33.0,89.0,51.0,5.0,6.0,57.0,2.0,,,1.47,0.87,2.34,1.34,2.21,,,,,,,,,,https://fbref.com/en/squads/d3fd31cc/2009-2010/Everton-Stats
2010,Everton,Premier League,opponent,28.0,27.0,,38.0,418.0,,,,,,,,,,,,,,,,,,,,,,,,,,,https://fbref.com/en/squads/d3fd31cc/2009-2010/Everton-Stats
2010,Fiorentina,Serie A,team,28.0,27.1,,38.0,418.0,,,48.0,27.0,75.0,46.0,2.0,3.0,77.0,6.0,,,1.26,0.71,1.97,1.21,1.92,,,,,,,,,,https://fbref.com/en/squads/421387cf/2009-2010/Fiorentina-Stats
2010,Fiorentina,Serie A,opponent,28.0,27.5,,38.0,418.0,,,,,,,,,,,,,,,,,,,,,,,,,,,https://fbref.com/en/squads/421387cf/2009-2010/Fiorentina-Stats
2010,Freiburg,Bundesliga,team,28.0,26.1,,34.0,374.0,,,34.0,20.0,54.0,33.0,1.0,1.0,52.0,0.0,,,1.0,0.59,1.59,0.97,1.56,,,,,,,,,,https://fbref.com/en/squads/a486e511/2009-2010/Freiburg-Stats
2010,Freiburg,Bundesliga,opponent,28.0,26.0,,34.0,374.0,,,,,,,,,,,,,,,,,,,,,,,,,,,https://fbref.com/en/squads/a486e511/2009-2010/Freiburg-Stats
2010,Fulham,Premier League,team,29.0,29.2,,38.0,418.0,,,38.0,21.0,59.0,34.0,4.0,4.0,46.0,1.0,,,1.0,0.55,1.55,0.89,1.45,,,,,,,,,,https://fbref.com/en/squads/fd962109/2009-2010/Fulham-Stats
2010,Fulham,Premier League,opponent,29.0,27.0,,38.0,418.0,,,,,,,,,,,,,,,,,,,,,,,,,,,https://fbref.com/en/squads/fd962109/2009-2010/Fulham-Stats
2010,Genoa,Serie A,team,32.0,27.4,,38.0,418.0,,,57.0,24.0,81.0,48.0,9.0,10.0,98.0,7.0,,,1.5,0.63,2.13,1.26,1.89,,,,,,,,,,https://fbref.com/en/squads/658bf2de/2009-2010/Genoa-Stats
2010,Genoa,Serie A,opponent,32.0,27.5,,38.0,418.0,,,,,,,,,,,,,,,,,,,,,,,,,,,https://fbref.com/en/squads/658bf2de/2009-2010/Genoa-Stats
2010,Getafe,La Liga,team,24.0,26.4,,38.0,418.0,,,57.0,29.0,86.0,51.0,6.0,6.0,108.0,4.0,,,1.5,0.76,2.26,1.34,2.11,,,,,,,,,,https://fbref.com/en/squads/7848bd64/2009-2010/Getafe-Stats
2010,Getafe,La Liga,opponent,24.0,26.5,,38.0,418.0,,,,,,,,,,,,,,,,,,,,,,,,,,,https://fbref.com/en/squads/7848bd64/2009-2010/Getafe-Stats
2010,Grenoble,Ligue 1,team,32.0,29.0,,38.0,418.0,,,30.0,14.0,44.0,30.0,0.0,2.0,65.0,7.0,,,0.79,0.37,1.16,0.79,1.16,,,,,,,,,,https://fbref.com/en/squads/40aa7280/2009-2010/Grenoble-Foot-Stats
2010,Grenoble,Ligue 1,opponent,32.0,25.8,,38.0,418.0,,,,,,,,,,,,,,,,,,,,,,,,,,,https://fbref.com/en/squads/40aa7280/2009-2010/Grenoble-Foot-Stats
2010,Hamburger SV,Bundesliga,team,26.0,27.1,,34.0,374.0,,,54.0,30.0,84.0,52.0,2.0,2.0,55.0,3.0,,,1.59,0.88,2.47,1.53,2.41,,,,,,,,,,https://fbref.com/en/squads/26790c6a/2009-2010/Hamburger-SV-Stats
2010,Hamburger SV,Bundesliga,opponent,26.0,26.1,,34.0,374.0,,,,,,,,,,,,,,,,,,,,,,,,,,,https://fbref.com/en/squads/26790c6a/2009-2010/Hamburger-SV-Stats
2010,Hannover 96,Bundesliga,team,32.0,26.7,,34.0,375.0,,,40.0,24.0,64.0,38.0,2.0,2.0,62.0,3.0,,,1.18,0.71,1.88,1.12,1.82,,,,,,,,,,https://fbref.com/en/squads/60b5e41f/2009-2010/Hannover-96-Stats
2010,Hannover 96,Bundesliga,opponent,32.0,26.2,,34.0,375.0,,,,,,,,,,,,,,,,,,,,,,,,,,,https://fbref.com/en/squads/60b5e41f/2009-2010/Hannover-96-Stats
2010,Hertha BSC,Bundesliga,team,28.0,26.0,,34.0,374.0,,,34.0,18.0,52.0,34.0,0.0,1.0,55.0,2.0,,,1.0,0.53,1.53,1.0,1.53,,,,,,,,,,https://fbref.com/en/squads/2818f8bc/2009-2010/Hertha-BSC-Stats
2010,Hertha BSC,Bundesliga,opponent,28.0,26.2,,34.0,374.0,,,,,,,,,,,,,,,,,,,,,,,,,,,https://fbref.com/en/squads/2818f8bc/2009-2010/Hertha-BSC-Stats
2010,Hoffenheim,Bundesliga,team,28.0,24.8,,34.0,374.0,,,44.0,24.0,68.0,39.0,5.0,6.0,64.0,3.0,,,1.29,0.71,2.0,1.15,1.85,,,,,,,,,,https://fbref.com/en/squads/033ea6b8/2009-2010/Hoffenheim-Stats
2010,Hoffenheim,Bundesliga,opponent,28.0,26.1,,34.0,374.0,,,,,,,,,,,,,,,,,,,,,,,,,,,https://fbref.com/en/squads/033ea6b8/2009-2010/Hoffenheim-Stats
2010,Hull City,Premier League,team,30.0,27.7,,38.0,418.0,,,33.0,16.0,49.0,27.0,6.0,8.0,63.0,6.0,,,0.87,0.42,1.29,0.71,1.13,,,,,,,,,,https://fbref.com/en/squads/bd8769d1/2009-2010/Hull-City-Stats
2010,Hull City,Premier League,opponent,30.0,27.1,,38.0,418.0,,,,,,,,,,,,,,,,,,,,,,,,,,,https://fbref.com/en/squads/bd8769d1/2009-2010/Hull-City-Stats
2010,Inter,Serie A,team,26.0,29.2,,38.0,418.0,,,74.0,44.0,118.0,68.0,6.0,6.0,89.0,7.0,,,1.95,1.16,3.11,1.79,2.95,,,,,,,,,,https://fbref.com/en/squads/d609edc0/2009-2010/Internazionale-Stats
2010,Inter,Serie A,opponent,26.0,27.3,,38.0,418.0,,,,,,,,,,,,,,,,,,,,,,,,,,,https://fbref.com/en/squads/d609edc0/2009-2010/Internazionale-Stats
2010,Juventus,Serie A,team,30.0,28.6,,38.0,418.0,,,54.0,24.0,78.0,51.0,3.0,4.0,95.0,6.0,,,1.42,0.63,2.05,1.34,1.97,,,,,,,,,,https://fbref.com/en/squads/e0652b02/2009-2010/Juventus-Stats
2010,Juventus,Serie A,opponent,30.0,27.5,,38.0,418.0,,,,,,,,,,,,,,,,,,,,,,,,,,,https://fbref.com/en/squads/e0652b02/2009-2010/Juventus-Stats
2010,Köln,Bundesliga,team,26.0,27.6,,34.0,374.0,,,32.0,22.0,54.0,31.0,1.0,1.0,70.0,4.0,,,0.94,0.65,1.59,0.91,1.56,,,,,,,,,,https://fbref.com/en/squads/bc357bf7/2009-2010/Koln-Stats
2010,Köln,Bundesliga,opponent,26.0,26.1,,34.0,374.0,,,,,,,,,,,,,,,,,,,,,,,,,,,https://fbref.com/en/squads/bc357bf7/2009-2010/Koln-Stats
2010,La Coruña,La Liga,team,28.0,27.5,,38.0,418.0,,,34.0,15.0,49.0,31.0,3.0,3.0,64.0,6.0,,,0.89,0.39,1.29,0.82,1.21,,,,,,,,,,https://fbref.com/en/squads/2a60ed82/2009-2010/Deportivo-La-Coruna-Stats
2010,La Coruña,La Liga,opponent,28.0,26.5,,38.0,418.0,,,,,,,,,,,,,,,,,,,,,,,,,,,https://fbref.com/en/squads/2a60ed82/2009-2010/Deportivo-La-Coruna-Stats
2010,Lazio,Serie A,team,32.0,27.8,,38.0,418.0,,,38.0,24.0,62.0,35.0,3.0,5.0,96.0,6.0,,,1.0,0.63,1.63,0.92,1.55,,,,,,,,,,https://fbref.com/en/squads/7213da33/2009-2010/Lazio-Stats
2010,Lazio,Serie A,opponent,32.0,27.6,,38.0,418.0,,,,,,,,,,,,,,,,,,,,,,,,,,,https://fbref.com/en/squads/7213da33/2009-2010/Lazio-Stats
2010,Le Mans,Ligue 1,team,33.0,24.4,,38.0,418.0,,,35.0,18.0,53.0,34.0,1.0,2.0,85.0,8.0,,,0.92,0.47,1.39,0.89,1.37,,,,,,,,,,https://fbref.com/en/squads/cd5d7aa6/2009-2010/Le-Mans-Stats
2010,Le Mans,Ligue 1,opponent,33.0,26.2,,38.0,418.0,,,,,,,,,,,,,,,,,,,,,,,,,,,https://fbref.com/en/squads/cd5d7aa6/2009-2010/Le-Mans-Stats
2010,Lens,Ligue 1,team,23.0,27.1,,38.0,418.0,,,39.0,20.0,59.0,34.0,5.0,5.0,60.0,2.0,,,1.03,0.53,1.55,0.89,1.42,,,,,,,,,,https://fbref.com/en/squads/fd4e0f7d/2009-2010/Lens-Stats
2010,Lens,Ligue 1,opponent,23.0,26.1,,38.0,418.0,,,,,,,,,,,,,,,,,,,,,,,,,,,https://fbref.com/en/squads/fd4e0f7d/2009-2010/Lens-Stats
2010,Leverkusen,Bundesliga,team,24.0,24.6,,34.0,374.0,,,65.0,35.0,100.0,61.0,4.0,4.0,64.0,3.0,,,1.91,1.03,2.94,1.79,2.82,,,,,,,,,,https://fbref.com/en/squads/c7a9f859/2009-2010/Bayer-Leverkusen-Stats
2010,Leverkusen,Bundesliga,opponent,24.0,26.2,,34.0,374.0,,,,,,,,,,,,,,,,,,,,,,,,,,,https://fbref.com/en/squads/c7a9f859/2009-2010/Bayer-Leverkusen-Stats
2010,Lille,Ligue 1,team,23.0,25.1,,38.0,418.0,,,70.0,32.0,102.0,60.0,10.0,13.0,69.0,4.0,,,1.84,0.84,2.68,1.58,2.42,,,,,,,,,,https://fbref.com/en/squads/cb188c0c/2009-2010/Lille-Stats
2010,Lille,Ligue 1,opponent,23.0,26.1,,38.0,418.0,,,,,,,,,,,,,,,,,,,,,,,,,,,https://fbref.com/en/squads/cb188c0c/2009-2010/Lille-Stats
2010,Liverpool,Premier League,team,30.0,26.3,,38.0,418.0,,,58.0,37.0,95.0,55.0,3.0,3.0,55.0,5.0,,,1.53,0.97,2.5,1.45,2.42,,,,,,,,,,https://fbref.com/en/squads/822bd0ba/2009-2010/Liverpool-Stats
2010,Liverpool,Premier League,opponent,30.0,27.3,,38.0,418.0,,,,,,,,,,,,,,,,,,,,,,,,,,,https://fbref.com/en/squads/822bd0ba/2009-2010/Liverpool-Stats
2010,Livorno,Serie A,team,36.0,27.6,,38.0,418.0,,,27.0,17.0,44.0,24.0,3.0,3.0,86.0,8.0,,,0.71,0.45,1.16,0.63,1.08,,,,,,,,,,https://fbref.com/en/squads/939201df/2009-2010/Livorno-Stats
2010,Livorno,Serie A,opponent,36.0,27.5,,38.0,418.0,,,,,,,,,,,,,,,,,,,,,,,,,,,https://fbref.com/en/squads/939201df/2009-2010/Livorno-Stats
2010,Lorient,Ligue 1,team,24.0,26.6,,38.0,418.0,,,53.0,27.0,80.0,49.0,4.0,4.0,56.0,4.0,,,1.39,0.71,2.11,1.29,2.0,,,,,,,,,,https://fbref.com/en/squads/d2c87802/2009-2010/Lorient-Stats
2010,Lorient,Ligue 1,opponent,24.0,26.1,,38.0,418.0,,,,,,,,,,,,,,,,,,,,,,,,,,,https://fbref.com/en/squads/d2c87802/2009-2010/Lorient-Stats
2010,Lyon,Ligue 1,team,28.0,25.7,,38.0,418.0,,,62.0,33.0,95.0,59.0,3.0,3.0,64.0,3.0,,,1.63,0.87,2.5,1.55,2.42,,,,,,,,,,https://fbref.com/en/squads/d53c0b06/2009-2010/Lyon-Stats
2010,Lyon,Ligue 1,opponent,28.0,26.0,,38.0,418.0,,,,,,,,,,,,,,,,,,,,,,,,,,,https://fbref.com/en/squads/d53c0b06/2009-2010/Lyon-Stats
2010,M'Gladbach,Bundesliga,team,24.0,25.7,,34.0,374.0,,,39.0,23.0,62.0,38.0,1.0,1.0,48.0,1.0,,,1.15,0.68,1.82,1.12,1.79,,,,,,,,,,https://fbref.com/en/squads/32f3ee20/2009-2010/Monchengladbach-Stats
2010,M'Gladbach,Bundesliga,opponent,24.0,26.1,,34.0,374.0,,,,,,,,,,,,,,,,,,,,,,,,,,,https://fbref.com/en/squads/32f3ee20/2009-2010/Monchengladbach-Stats
2010,Mainz 05,Bundesliga,team,29.0,27.2,,34.0,374.0,,,36.0,12.0,48.0,34.0,2.0,2.0,58.0,4.0,,,1.06,0.35,1.41,1.0,1.35,,,,,,,,,,https://fbref.com/en/squads/a224b06a/2009-2010/Mainz-05-Stats
2010,Mainz 05,Bundesliga,opponent,29.0,25.9,,34.0,374.0,,,,,,,,,,,,,,,,,,,,,,,,,,,https://fbref.com/en/squads/a224b06a/2009-2010/Mainz-05-Stats
2010,Mallorca,La Liga,team,24.0,27.7,,38.0,418.0,,,57.0,29.0,86.0,53.0,4.0,6.0,96.0,4.0,,,1.5,0.76,2.26,1.39,2.16,,,,,,,,,,https://fbref.com/en/squads/2aa12281/2009-2010/Mallorca-Stats
2010,Mallorca,La Liga,opponent,24.0,26.4,,38.0,418.0,,,,,,,,,,,,,,,,,,,,,,,,,,,https://fbref.com/en/squads/2aa12281/2009-2010/Mallorca-Stats
2010,Manchester City,Premier League,team,31.0,27.0,,38.0,418.0,,,73.0,48.0,121.0,68.0,5.0,5.0,49.0,2.0,,,1.92,1.26,3.18,1.79,3.05,,,,,,,,,,https://fbref.com/en/squads/b8fd03ef/2009-2010/Manchester-City-Stats
2010,Manchester City,Premier League,opponent,31.0,27.2,,38.0,418.0,,,,,,,,,,,,,,,,,,,,,,,,,,,https://fbref.com/en/squads/b8fd03ef/2009-2010/Manchester-City-Stats
2010,Manchester Utd,Premier League,team,30.0,27.8,,38.0,418.0,,,74.0,48.0,122.0,68.0,6.0,8.0,48.0,4.0,,,1.95,1.26,3.21,1.79,3.05,,,,,,,,,,https://fbref.com/en/squads/19538871/2009-2010/Manchester-United-Stats
2010,Manchester Utd,Premier League,opponent,30.0,27.1,,38.0,418.0,,,,,,,,,,,,,,,,,,,,,,,,,,,https://fbref.com/en/squads/19538871/2009-2010/Manchester-United-Stats
2010,Marseille,Ligue 1,team,23.0,27.7,,38.0,418.0,,,67.0,39.0,106.0,61.0,6.0,6.0,63.0,2.0,,,1.76,1.03,2.79,1.61,2.63,,,,,,,,,,https://fbref.com/en/squads/5725cc7b/2009-2010/Marseille-Stats
2010,Marseille,Ligue 1,opponent,23.0,26.0,,38.0,418.0,,,,,,,,,,,,,,,,,,,,,,,,,,,https://fbref.com/en/squads/5725cc7b/2009-2010/Marseille-Stats
2010,Milan,Serie A,team,28.0,29.7,,38.0,418.0,,,59.0,30.0,89.0,52.0,7.0,10.0,66.0,8.0,,,1.55,0.79,2.34,1.37,2.16,,,,,,,,,,https://fbref.com/en/squads/dc56fe14/2009-2010/Milan-Stats
2010,Milan,Serie A,opponent,28.0,27.5,,38.0,418.0,,,,,,,,,,,,,,,,,,,,,,,,,,,https://fbref.com/en/squads/dc56fe14/2009-2010/Milan-Stats
2010,Monaco,Ligue 1,team,28.0,25.0,,38.0,418.0,,,36.0,19.0,55.0,33.0,3.0,4.0,89.0,4.0,,,0.95,0.5,1.45,0.87,1.37,,,,,,,,,,https://fbref.com/en/squads/fd6114db/2009-2010/Monaco-Stats
2010,Monaco,Ligue 1,opponent,28.0,26.2,,38.0,418.0,,,,,,,,,,,,,,,,,,,,,,,,,,,https://fbref.com/en/squads/fd6114db/2009-2010/Monaco-Stats
2010,Montpellier,Ligue 1,team,23.0,25.9,,38.0,418.0,,,49.0,24.0,73.0,43.0,6.0,8.0,81.0,6.0,,,1.29,0.63,1.92,1.13,1.76,,,,,,,,,,https://fbref.com/en/squads/281b0e73/2009-2010/Montpellier-Stats
2010,Montpellier,Ligue 1,opponent,23.0,26.1,,38.0,418.0,,,,,,,,,,,,,,,,,,,,,,,,,,,https://fbref.com/en/squads/281b0e73/2009-2010/Montpellier-Stats
2010,Málaga,La Liga,team,30.0,26.5,,38.0,418.0,,,41.0,20.0,61.0,41.0,0.0,0.0,131.0,10.0,,,1.08,0.53,1.61,1.08,1.61,,,,,,,,,,https://fbref.com/en/squads/1c896955/2009-2010/Malaga-Stats
2010,Málaga,La Liga,opponent,30.0,26.7,,38.0,418.0,,,,,,,,,,,,,,,,,,,,,,,,,,,https://fbref.com/en/squads/1c896955/2009-2010/Malaga-Stats
2010,Nancy,Ligue 1,team,26.0,26.0,,38.0,418.0,,,45.0,26.0,71.0,41.0,4.0,5.0,63.0,6.0,,,1.18,0.68,1.87,1.08,1.76,,,,,,,,,,https://fbref.com/en/squads/e88fc6e5/2009-2010/Nancy-Stats
2010,Nancy,Ligue 1,opponent,26.0,26.0,,38.0,418.0,,,,,,,,,,,,,,,,,,,,,,,,,,,https://fbref.com/en/squads/e88fc6e5/2009-2010/Nancy-Stats
2010,Napoli,Serie A,team,25.0,27.3,,38.0,418.0,,,50.0,26.0,76.0,48.0,2.0,5.0,97.0,6.0,,,1.32,0.68,2.0,1.26,1.95,,,,,,,,,,https://fbref.com/en/squads/d48ad4ff/2009-2010/Napoli-Stats
2010,Napoli,Serie A,opponent,25.0,27.6,,38.0,418.0,,,,,,,,,,,,,,,,,,,,,,,,,,,https://fbref.com/en/squads/d48ad4ff/2009-2010/Napoli-Stats
2010,Nice,Ligue 1,team,26.0,25.4,,38.0,418.0,,,39.0,21.0,60.0,37.0,2.0,2.0,70.0,5.0,,,1.03,0.55,1.58,0.97,1.53,,,,,,,,,,https://fbref.com/en/squads/132ebc33/2009-2010/Nice-Stats
2010,Nice,Ligue 1,opponent,26.0,26.2,,38.0,418.0,,,,,,,,,,,,,,,,,,,,,,,,,,,https://fbref.com/en/squads/132ebc33/2009-2010/Nice-Stats
2010,Nürnberg,Bundesliga,team,27.0,24.7,,34.0,374.0,,,32.0,22.0,54.0,31.0,1.0,1.0,53.0,2.0,,,0.94,0.65,1.59,0.91,1.56,,,,,,,,,,https://fbref.com/en/squads/6f2c108c/2009-2010/Nurnberg-Stats
2010,Nürnberg,Bundesliga,opponent,27.0,26.1,,34.0,374.0,,,,,,,,,,,,,,,,,,,,,,,,,,,https://fbref.com/en/squads/6f2c108c/2009-2010/Nurnberg-Stats
2010,Osasuna,La Liga,team,25.0,28.2,,38.0,418.0,,,36.0,20.0,56.0,34.0,2.0,3.0,81.0,9.0,,,0.95,0.53,1.47,0.89,1.42,,,,,,,,,,https://fbref.com/en/squads/03c57e2b/2009-2010/Osasuna-Stats
2010,Osasuna,La Liga,opponent,25.0,26.6,,38.0,418.0,,,,,,,,,,,,,,,,,,,,,,,,,,,https://fbref.com/en/squads/03c57e2b/2009-2010/Osasuna-Stats
2010,Palermo,Serie A,team,25.0,25.7,,38.0,418.0,,,59.0,32.0,91.0,51.0,8.0,9.0,90.0,3.0,,,1.55,0.84,2.39,1.34,2.18,,,,,,,,,,https://fbref.com/en/squads/ee058a17/2009-2010/Palermo-Stats
2010,Palermo,Serie A,opponent,25.0,27.6,,38.0,418.0,,,,,,,,,,,,,,,,,,,,,,,,,,,https://fbref.com/en/squads/ee058a17/2009-2010/Palermo-Stats
2010,Paris S-G,Ligue 1,team,22.0,27.4,,38.0,418.0,,,48.0,26.0,74.0,45.0,3.0,4.0,57.0,2.0,,,1.26,0.68,1.95,1.18,1.87,,,,,,,,,,https://fbref.com/en/squads/e2d8892c/2009-2010/Paris-Saint-Germain-Stats
2010,Paris S-G,Ligue 1,opponent,22.0,26.1,,38.0,418.0,,,,,,,,,,,,,,,,,,,,,,,,,,,https://fbref.com/en/squads/e2d8892c/2009-2010/Paris-Saint-Germain-Stats
2010,Parma,Serie A,team,27.0,27.5,,38.0,418.0,,,44.0,20.0,64.0,42.0,2.0,4.0,89.0,7.0,,,1.16,0.53,1.68,1.11,1.63,,,,,,,,,,https://fbref.com/en/squads/eab4234c/2009-2010/Parma-Stats
2010,Parma,Serie A,opponent,27.0,27.5,,38.0,418.0,,,,,,,,,,,,,,,,,,,,,,,,,,,https://fbref.com/en/squads/eab4234c/2009-2010/Parma-Stats
2010,Portsmouth,Premier League,team,33.0,28.2,,38.0,418.0,,,34.0,19.0,53.0,31.0,3.0,6.0,68.0,5.0,,,0.89,0.5,1.39,0.82,1.32,,,,,,,,,,https://fbref.com/en/squads/76ffc013/2009-2010/Portsmouth-Stats
2010,Portsmouth,Premier League,opponent,33.0,26.9,,38.0,418.0,,,,,,,,,,,,,,,,,,,,,,,,,,,https://fbref.com/en/squads/76ffc013/2009-2010/Portsmouth-Stats
2010,Racing Sant,La Liga,team,29.0,26.6,,38.0,418.0,,,42.0,23.0,65.0,38.0,4.0,4.0,100.0,7.0,,,1.11,0.61,1.71,1.0,1.61,,,,,,,,,,https://fbref.com/en/squads/dee3bbc8/2009-2010/Racing-Santander-Stats
2010,Racing Sant,La Liga,opponent,29.0,26.4,,38.0,418.0,,,,,,,,,,,,,,,,,,,,,,,,,,,https://fbref.com/en/squads/dee3bbc8/2009-2010/Racing-Santander-Stats
2010,Real Madrid,La Liga,team,25.0,25.1,,38.0,418.0,,,102.0,53.0,155.0,95.0,7.0,8.0,87.0,5.0,,,2.68,1.39,4.08,2.5,3.89,,,,,,,,,,https://fbref.com/en/squads/53a2f082/2009-2010/Real-Madrid-Stats
2010,Real Madrid,La Liga,opponent,25.0,26.6,,38.0,418.0,,,,,,,,,,,,,,,,,,,,,,,,,,,https://fbref.com/en/squads/53a2f082/2009-2010/Real-Madrid-Stats
2010,Rennes,Ligue 1,team,24.0,26.2,,38.0,418.0,,,51.0,29.0,80.0,45.0,6.0,6.0,48.0,5.0,,,1.34,0.76,2.11,1.18,1.95,,,,,,,,,,https://fbref.com/en/squads/b3072e00/2009-2010/Rennes-Stats
2010,Rennes,Ligue 1,opponent,24.0,26.0,,38.0,418.0,,,,,,,,,,,,,,,,,,,,,,,,,,,https://fbref.com/en/squads/b3072e00/2009-2010/Rennes-Stats
2010,Roma,Serie A,team,29.0,28.7,,38.0,418.0,,,68.0,34.0,102.0,59.0,9.0,11.0,87.0,3.0,,,1.79,0.89,2.68,1.55,2.45,,,,,,,,,,https://fbref.com/en/squads/cf74a709/2009-2010/Roma-Stats
2010,Roma,Serie A,opponent,29.0,27.6,,38.0,418.0,,,,,,,,,,,,,,,,,,,,,,,,,,,https://fbref.com/en/squads/cf74a709/2009-2010/Roma-Stats
2010,Saint-Étienne,Ligue 1,team,28.0,24.8,,38.0,418.0,,,27.0,19.0,46.0,26.0,1.0,2.0,62.0,4.0,,,0.71,0.5,1.21,0.68,1.18,,,,,,,,,,https://fbref.com/en/squads/d298ef2c/2009-2010/Saint-Etienne-Stats
2010,Saint-Étienne,Ligue 1,opponent,28.0,26.1,,38.0,418.0,,,,,,,,,,,,,,,,,,,,,,,,,,,https://fbref.com/en/squads/d298ef2c/2009-2010/Saint-Etienne-Stats
2010,Sampdoria,Serie A,team,26.0,26.7,,38.0,418.0,,,49.0,27.0,76.0,45.0,4.0,5.0,83.0,8.0,,,1.29,0.71,2.0,1.18,1.89,,,,,,,,,,https://fbref.com/en/squads/8ff9e3b3/2009-2010/Sampdoria-Stats
2010,Sampdoria,Serie A,opponent,26.0,27.7,,38.0,418.0,,,,,,,,,,,,,,,,,,,,,,,,,,,https://fbref.com/en/squads/8ff9e3b3/2009-2010/Sampdoria-Stats
2010,Schalke 04,Bundesliga,team,29.0,24.3,,34.0,374.0,,,53.0,35.0,88.0,48.0,5.0,5.0,60.0,1.0,,,1.56,1.03,2.59,1.41,2.44,,,,,,,,,,https://fbref.com/en/squads/c539e393/2009-2010/Schalke-04-Stats
2010,Schalke 04,Bundesliga,opponent,29.0,26.2,,34.0,374.0,,,,,,,,,,,,,,,,,,,,,,,,,,,https://fbref.com/en/squads/c539e393/2009-2010/Schalke-04-Stats
2010,Sevilla,La Liga,team,31.0,27.4,,38.0,417.0,,,63.0,30.0,93.0,58.0,5.0,5.0,99.0,10.0,,,1.66,0.79,2.45,1.53,2.32,,,,,,,,,,https://fbref.com/en/squads/ad2be733/2009-2010/Sevilla-Stats
2010,Sevilla,La Liga,opponent,31.0,26.5,,38.0,417.0,,,,,,,,,,,,,,,,,,,,,,,,,,,https://fbref.com/en/squads/ad2be733/2009-2010/Sevilla-Stats
2010,Siena,Serie A,team,29.0,26.5,,38.0,418.0,,,40.0,19.0,59.0,38.0,2.0,3.0,96.0,5.0,,,1.05,0.5,1.55,1.0,1.5,,,,,,,,,,https://fbref.com/en/squads/45a2f824/2009-2010/Siena-Stats
2010,Siena,Serie A,opponent,29.0,27.6,,38.0,418.0,,,,,,,,,,,,,,,,,,,,,,,,,,,https://fbref.com/en/squads/45a2f824/2009-2010/Siena-Stats
2010,Sochaux,Ligue 1,team,28.0,25.4,,38.0,418.0,,,27.0,13.0,40.0,25.0,2.0,3.0,57.0,4.0,,,0.71,0.34,1.05,0.66,1.0,,,,,,,,,,https://fbref.com/en/squads/b9cd3c9a/2009-2010/Sochaux-Stats
2010,Sochaux,Ligue 1,opponent,28.0,26.2,,38.0,418.0,,,,,,,,,,,,,,,,,,,,,,,,,,,https://fbref.com/en/squads/b9cd3c9a/2009-2010/Sochaux-Stats
2010,Sporting Gijón,La Liga,team,28.0,26.5,,38.0,417.0,,,35.0,18.0,53.0,31.0,4.0,6.0,95.0,6.0,,,0.92,0.47,1.39,0.82,1.29,,,,,,,,,,https://fbref.com/en/squads/bb9efd50/2009-2010/Sporting-Gijon-Stats
2010,Sporting Gijón,La Liga,opponent,28.0,26.5,,38.0,417.0,,,,,,,,,,,,,,,,,,,,,,,,,,,https://fbref.com/en/squads/bb9efd50/2009-2010/Sporting-Gijon-Stats
2010,Stoke City,Premier League,team,23.0,28.5,,38.0,418.0,,,32.0,23.0,55.0,30.0,2.0,2.0,62.0,5.0,,,0.84,0.61,1.45,0.79,1.39,,,,,,,,,,https://fbref.com/en/squads/17892952/2009-2010/Stoke-City-Stats
2010,Stoke City,Premier League,opponent,23.0,27.2,,38.0,418.0,,,,,,,,,,,,,,,,,,,,,,,,,,,https://fbref.com/en/squads/17892952/2009-2010/Stoke-City-Stats
2010,Stuttgart,Bundesliga,team,28.0,25.7,,34.0,374.0,,,50.0,30.0,80.0,48.0,2.0,3.0,71.0,2.0,,,1.47,0.88,2.35,1.41,2.29,,,,,,,,,,https://fbref.com/en/squads/598bc722/2009-2010/Stuttgart-Stats
2010,Stuttgart,Bundesliga,opponent,28.0,26.1,,34.0,374.0,,,,,,,,,,,,,,,,,,,,,,,,,,,https://fbref.com/en/squads/598bc722/2009-2010/Stuttgart-Stats
2010,Sunderland,Premier League,team,28.0,25.4,,38.0,418.0,,,45.0,28.0,73.0,39.0,6.0,9.0,78.0,9.0,,,1.18,0.74,1.92,1.03,1.76,,,,,,,,,,https://fbref.com/en/squads/8ef52968/2009-2010/Sunderland-Stats
2010,Sunderland,Premier League,opponent,28.0,27.2,,38.0,418.0,,,,,,,,,,,,,,,,,,,,,,,,,,,https://fbref.com/en/squads/8ef52968/2009-2010/Sunderland-Stats
2010,Tenerife,La Liga,team,22.0,27.2,,38.0,418.0,,,39.0,17.0,56.0,37.0,2.0,4.0,89.0,4.0,,,1.03,0.45,1.47,0.97,1.42,,,,,,,,,,https://fbref.com/en/squads/27cc9c62/2009-2010/Tenerife-Stats
2010,Tenerife,La Liga,opponent,22.0,26.7,,38.0,418.0,,,,,,,,,,,,,,,,,,,,,,,,,,,https://fbref.com/en/squads/27cc9c62/2009-2010/Tenerife-Stats
2010,Tottenham,Premier League,team,30.0,25.4,,38.0,418.0,,,66.0,45.0,111.0,64.0,2.0,3.0,57.0,1.0,,,1.74,1.18,2.92,1.68,2.87,,,,,,,,,,https://fbref.com/en/squads/361ca564/2009-2010/Tottenham-Hotspur-Stats
2010,Tottenham,Premier League,opponent,30.0,27.4,,38.0,418.0,,,,,,,,,,,,,,,,,,,,,,,,,,,https://fbref.com/en/squads/361ca564/2009-2010/Tottenham-Hotspur-Stats
2010,Toulouse,Ligue 1,team,30.0,24.0,,38.0,418.0,,,36.0,14.0,50.0,36.0,0.0,0.0,72.0,5.0,,,0.95,0.37,1.32,0.95,1.32,,,,,,,,,,https://fbref.com/en/squads/3f8c4b5f/2009-2010/Toulouse-Stats
2010,Toulouse,Ligue 1,opponent,30.0,26.2,,38.0,418.0,,,,,,,,,,,,,,,,,,,,,,,,,,,https://fbref.com/en/squads/3f8c4b5f/2009-2010/Toulouse-Stats
2010,Udinese,Serie A,team,28.0,25.2,,38.0,418.0,,,54.0,25.0,79.0,48.0,6.0,7.0,91.0,3.0,,,1.42,0.66,2.08,1.26,1.92,,,,,,,,,,https://fbref.com/en/squads/04eea015/2009-2010/Udinese-Stats
2010,Udinese,Serie A,opponent,28.0,27.7,,38.0,418.0,,,,,,,,,,,,,,,,,,,,,,,,,,,https://fbref.com/en/squads/04eea015/2009-2010/Udinese-Stats
2010,Valencia,La Liga,team,27.0,26.9,,38.0,418.0,,,59.0,32.0,91.0,56.0,3.0,3.0,107.0,8.0,,,1.55,0.84,2.39,1.47,2.32,,,,,,,,,,https://fbref.com/en/squads/dcc91a7b/2009-2010/Valencia-Stats
2010,Valencia,La Liga,opponent,27.0,26.7,,38.0,418.0,,,,,,,,,,,,,,,,,,,,,,,,,,,https://fbref.com/en/squads/dcc91a7b/2009-2010/Valencia-Stats
2010,Valenciennes,Ligue 1,team,27.0,26.5,,38.0,418.0,,,50.0,29.0,79.0,48.0,2.0,3.0,71.0,3.0,,,1.32,0.76,2.08,1.26,2.03,,,,,,,,,,https://fbref.com/en/squads/259d3345/2009-2010/Valenciennes-Stats
2010,Valenciennes,Ligue 1,opponent,27.0,26.1,,38.0,418.0,,,,,,,,,,,,,,,,,,,,,,,,,,,https://fbref.com/en/squads/259d3345/2009-2010/Valenciennes-Stats
2010,Valladolid,La Liga,team,31.0,26.4,,38.0,417.0,,,35.0,17.0,52.0,33.0,2.0,2.0,97.0,11.0,,,0.92,0.45,1.37,0.87,1.32,,,,,,,,,,https://fbref.com/en/squads/17859612/2009-2010/Valladolid-Stats
2010,Valladolid,La Liga,opponent,31.0,26.4,,38.0,417.0,,,,,,,,,,,,,,,,,,,,,,,,,,,https://fbref.com/en/squads/17859612/2009-2010/Valladolid-Stats
2010,Villarreal,La Liga,team,25.0,27.5,,38.0,418.0,,,58.0,28.0,86.0,58.0,0.0,0.0,90.0,11.0,,,1.53,0.74,2.26,1.53,2.26,,,,,,,,,,https://fbref.com/en/squads/2a8183b3/2009-2010/Villarreal-Stats
2010,Villarreal,La Liga,opponent,25.0,26.6,,38.0,418.0,,,,,,,,,,,,,,,,,,,,,,,,,,,https://fbref.com/en/squads/2a8183b3/2009-2010/Villarreal-Stats
2010,Werder Bremen,Bundesliga,team,26.0,25.9,,34.0,374.0,,,70.0,44.0,114.0,64.0,6.0,7.0,51.0,2.0,,,2.06,1.29,3.35,1.88,3.18,,,,,,,,,,https://fbref.com/en/squads/62add3bf/2009-2010/Werder-Bremen-Stats
2010,Werder Bremen,Bundesliga,opponent,26.0,26.1,,34.0,374.0,,,,,,,,,,,,,,,,,,,,,,,,,,,https://fbref.com/en/squads/62add3bf/2009-2010/Werder-Bremen-Stats
2010,West Ham,Premier League,team,30.0,26.0,,38.0,418.0,,,46.0,27.0,73.0,39.0,7.0,9.0,63.0,3.0,,,1.21,0.71,1.92,1.03,1.74,,,,,,,,,,https://fbref.com/en/squads/7c21e445/2009-2010/West-Ham-United-Stats
2010,West Ham,Premier League,opponent,30.0,27.2,,38.0,418.0,,,,,,,,,,,,,,,,,,,,,,,,,,,https://fbref.com/en/squads/7c21e445/2009-2010/West-Ham-United-Stats
2010,Wigan Athletic,Premier League,team,27.0,26.3,,38.0,418.0,,,36.0,21.0,57.0,35.0,1.0,2.0,63.0,3.0,,,0.95,0.55,1.5,0.92,1.47,,,,,,,,,,https://fbref.com/en/squads/e59ddc76/2009-2010/Wigan-Athletic-Stats
2010,Wigan Athletic,Premier League,opponent,27.0,27.0,,38.0,418.0,,,,,,,,,,,,,,,,,,,,,,,,,,,https://fbref.com/en/squads/e59ddc76/2009-2010/Wigan-Athletic-Stats
2010,Wolfsburg,Bundesliga,team,26.0,26.4,,34.0,374.0,,,62.0,37.0,99.0,58.0,4.0,5.0,60.0,1.0,,,1.82,1.09,2.91,1.71,2.79,,,,,,,,,,https://fbref.com/en/squads/4eaa11d7/2009-2010/Wolfsburg-Stats
2010,Wolfsburg,Bundesliga,opponent,26.0,25.8,,34.0,374.0,,,,,,,,,,,,,,,,,,,,,,,,,,,https://fbref.com/en/squads/4eaa11d7/2009-2010/Wolfsburg-Stats
2010,Wolves,Premier League,team,29.0,25.9,,38.0,418.0,,,28.0,15.0,43.0,26.0,2.0,2.0,61.0,4.0,,,0.74,0.39,1.13,0.68,1.08,,,,,,,,,,https://fbref.com/en/squads/8cec06e1/2009-2010/Wolverhampton-Wanderers-Stats
2010,Wolves,Premier League,opponent,29.0,27.2,,38.0,418.0,,,,,,,,,,,,,,,,,,,,,,,,,,,https://fbref.com/en/squads/8cec06e1/2009-2010/Wolverhampton-Wanderers-Stats
2010,Xerez,La Liga,team,24.0,26.3,,38.0,418.0,,,38.0,21.0,59.0,36.0,2.0,3.0,97.0,14.0,,,1.0,0.55,1.55,0.95,1.5,,,,,,,,,,https://fbref.com/en/squads/c653e8bf/2009-2010/Xerez-Stats
2010,Xerez,La Liga,opponent,24.0,26.7,,38.0,418.0,,,,,,,,,,,,,,,,,,,,,,,,,,,https://fbref.com/en/squads/c653e8bf/2009-2010/Xerez-Stats
2010,Zaragoza,La Liga,team,33.0,27.1,,38.0,418.0,,,45.0,19.0,64.0,41.0,4.0,5.0,125.0,6.0,,,1.18,0.5,1.68,1.08,1.58,,,,,,,,,,https://fbref.com/en/squads/800303a0/2009-2010/Zaragoza-Stats
2010,Zaragoza,La Liga,opponent,33.0,26.4,,38.0,418.0,,,,,,,,,,,,,,,,,,,,,,,,,,,https://fbref.com/en/squads/800303a0/2009-2010/Zaragoza-Stats
2011,Almería,La Liga,team,26.0,25.7,,38.0,418.0,,,36.0,27.0,63.0,36.0,0.0,1.0,100.0,4.0,,,0.95,0.71,1.66,0.95,1.66,,,,,,,,,,https://fbref.com/en/squads/78ecf4bb/2010-2011/Almeria-Stats
2011,Almería,La Liga,opponent,26.0,27.0,,38.0,418.0,,,,,,,,,,,,,,,,,,,,,,,,,,,https://fbref.com/en/squads/78ecf4bb/2010-2011/Almeria-Stats
2011,Arles-Avignon,Ligue 1,team,34.0,27.5,,38.0,418.0,,,21.0,17.0,38.0,20.0,1.0,1.0,68.0,8.0,,,0.55,0.45,1.0,0.53,0.97,,,,,,,,,,https://fbref.com/en/squads/e95faa7f/2010-2011/Arles-Avignon-Stats
2011,Arles-Avignon,Ligue 1,opponent,34.0,26.2,,38.0,418.0,,,,,,,,,,,,,,,,,,,,,,,,,,,https://fbref.com/en/squads/e95faa7f/2010-2011/Arles-Avignon-Stats
2011,Arsenal,Premier League,team,27.0,24.8,,38.0,418.0,,,70.0,51.0,121.0,66.0,4.0,7.0,65.0,6.0,,,1.84,1.34,3.18,1.74,3.08,,,,,,,,,,https://fbref.com/en/squads/18bb7c10/2010-2011/Arsenal-Stats
2011,Arsenal,Premier League,opponent,27.0,27.1,,38.0,418.0,,,,,,,,,,,,,,,,,,,,,,,,,,,https://fbref.com/en/squads/18bb7c10/2010-2011/Arsenal-Stats
2011,Aston Villa,Premier League,team,32.0,27.5,,38.0,418.0,,,45.0,32.0,77.0,41.0,4.0,6.0,70.0,2.0,,,1.18,0.84,2.03,1.08,1.92,,,,,,,,,,https://fbref.com/en/squads/8602292d/2010-2011/Aston-Villa-Stats
2011,Aston Villa,Premier League,opponent,32.0,27.0,,38.0,418.0,,,,,,,,,,,,,,,,,,,,,,,,,,,https://fbref.com/en/squads/8602292d/2010-2011/Aston-Villa-Stats
2011,Athletic Club,La Liga,team,29.0,25.4,,38.0,418.0,,,57.0,34.0,91.0,50.0,7.0,11.0,102.0,7.0,,,1.5,0.89,2.39,1.32,2.21,,,,,,,,,,https://fbref.com/en/squads/2b390eca/2010-2011/Athletic-Club-Stats
2011,Athletic Club,La Liga,opponent,29.0,26.9,,38.0,418.0,,,,,,,,,,,,,,,,,,,,,,,,,,,https://fbref.com/en/squads/2b390eca/2010-2011/Athletic-Club-Stats
2011,Atlético Madrid,La Liga,team,24.0,26.0,,38.0,418.0,,,61.0,44.0,105.0,59.0,2.0,5.0,105.0,5.0,,,1.61,1.16,2.76,1.55,2.71,,,,,,,,,,https://fbref.com/en/squads/db3b9613/2010-2011/Atletico-Madrid-Stats
2011,Atlético Madrid,La Liga,opponent,24.0,26.8,,38.0,418.0,,,,,,,,,,,,,,,,,,,,,,,,,,,https://fbref.com/en/squads/db3b9613/2010-2011/Atletico-Madrid-Stats
2011,Auxerre,Ligue 1,team,25.0,26.8,,38.0,418.0,,,44.0,28.0,72.0,42.0,2.0,2.0,73.0,0.0,,,1.16,0.74,1.89,1.11,1.84,,,,,,,,,,https://fbref.com/en/squads/5ae09109/2010-2011/Auxerre-Stats
2011,Auxerre,Ligue 1,opponent,25.0,26.2,,38.0,418.0,,,,,,,,,,,,,,,,,,,,,,,,,,,https://fbref.com/en/squads/5ae09109/2010-2011/Auxerre-Stats
2011,Barcelona,La Liga,team,28.0,26.5,,38.0,418.0,,,94.0,73.0,167.0,89.0,5.0,5.0,72.0,2.0,,,2.47,1.92,4.39,2.34,4.26,,,,,,,,,,https://fbref.com/en/squads/206d90db/2010-2011/Barcelona-Stats
2011,Barcelona,La Liga,opponent,28.0,26.6,,38.0,418.0,,,,,,,,,,,,,,,,,,,,,,,,,,,https://fbref.com/en/squads/206d90db/2010-2011/Barcelona-Stats
2011,Bari,Serie A,team,34.0,26.9,,38.0,418.0,,,27.0,18.0,45.0,22.0,5.0,8.0,72.0,7.0,,,0.71,0.47,1.18,0.58,1.05,,,,,,,,,,https://fbref.com/en/squads/01baa639/2010-2011/Bari-Stats
2011,Bari,Serie A,opponent,34.0,27.5,,38.0,418.0,,,,,,,,,,,,,,,,,,,,,,,,,,,https://fbref.com/en/squads/01baa639/2010-2011/Bari-Stats
2011,Bayern Munich,Bundesliga,team,24.0,26.5,,34.0,374.0,,,77.0,54.0,131.0,74.0,3.0,6.0,44.0,2.0,,,2.26,1.59,3.85,2.18,3.76,,,,,,,,,,https://fbref.com/en/squads/054efa67/2010-2011/Bayern-Munich-Stats
2011,Bayern Munich,Bundesliga,opponent,24.0,25.6,,34.0,374.0,,,,,,,,,,,,,,,,,,,,,,,,,,,https://fbref.com/en/squads/054efa67/2010-2011/Bayern-Munich-Stats
2011,Birmingham City,Premier League,team,26.0,28.0,,38.0,418.0,,,37.0,23.0,60.0,35.0,2.0,2.0,56.0,3.0,,,0.97,0.61,1.58,0.92,1.53,,,,,,,,,,https://fbref.com/en/squads/ec79b7c2/2010-2011/Birmingham-City-Stats
2011,Birmingham City,Premier League,opponent,26.0,26.9,,38.0,418.0,,,,,,,,,,,,,,,,,,,,,,,,,,,https://fbref.com/en/squads/ec79b7c2/2010-2011/Birmingham-City-Stats
2011,Blackburn,Premier League,team,29.0,27.8,,38.0,418.0,,,43.0,28.0,71.0,42.0,1.0,2.0,64.0,5.0,,,1.13,0.74,1.87,1.11,1.84,,,,,,,,,,https://fbref.com/en/squads/e090f40b/2010-2011/Blackburn-Rovers-Stats
2011,Blackburn,Premier League,opponent,29.0,27.1,,38.0,418.0,,,,,,,,,,,,,,,,,,,,,,,,,,,https://fbref.com/en/squads/e090f40b/2010-2011/Blackburn-Rovers-Stats
2011,Blackpool,Premier League,team,30.0,26.8,,38.0,418.0,,,54.0,29.0,83.0,47.0,7.0,8.0,47.0,2.0,,,1.42,0.76,2.18,1.24,2.0,,,,,,,,,,https://fbref.com/en/squads/7cbf5cb4/2010-2011/Blackpool-Stats
2011,Blackpool,Premier League,opponent,30.0,27.0,,38.0,418.0,,,,,,,,,,,,,,,,,,,,,,,,,,,https://fbref.com/en/squads/7cbf5cb4/2010-2011/Blackpool-Stats
2011,Bologna,Serie A,team,25.0,26.5,,38.0,418.0,,,35.0,20.0,55.0,34.0,1.0,4.0,84.0,4.0,,,0.92,0.53,1.45,0.89,1.42,,,,,,,,,,https://fbref.com/en/squads/1d8099f8/2010-2011/Bologna-Stats
2011,Bologna,Serie A,opponent,25.0,27.7,,38.0,418.0,,,,,,,,,,,,,,,,,,,,,,,,,,,https://fbref.com/en/squads/1d8099f8/2010-2011/Bologna-Stats
2011,Bolton,Premier League,team,24.0,28.1,,38.0,418.0,,,50.0,34.0,84.0,46.0,4.0,5.0,66.0,5.0,,,1.32,0.89,2.21,1.21,2.11,,,,,,,,,,https://fbref.com/en/squads/445d3104/2010-2011/Bolton-Wanderers-Stats
2011,Bolton,Premier League,opponent,24.0,27.1,,38.0,418.0,,,,,,,,,,,,,,,,,,,,,,,,,,,https://fbref.com/en/squads/445d3104/2010-2011/Bolton-Wanderers-Stats
2011,Bordeaux,Ligue 1,team,31.0,26.4,,38.0,418.0,,,41.0,27.0,68.0,36.0,5.0,7.0,76.0,3.0,,,1.08,0.71,1.79,0.95,1.66,,,,,,,,,,https://fbref.com/en/squads/123f3efe/2010-2011/Bordeaux-Stats
2011,Bordeaux,Ligue 1,opponent,31.0,26.2,,38.0,418.0,,,,,,,,,,,,,,,,,,,,,,,,,,,https://fbref.com/en/squads/123f3efe/2010-2011/Bordeaux-Stats
2011,Brescia,Serie A,team,32.0,28.3,,38.0,418.0,,,34.0,18.0,52.0,29.0,5.0,6.0,132.0,5.0,,,0.89,0.47,1.37,0.76,1.24,,,,,,,,,,https://fbref.com/en/squads/4ef57aeb/2010-2011/Brescia-Stats
2011,Brescia,Serie A,opponent,32.0,27.5,,38.0,418.0,,,,,,,,,,,,,,,,,,,,,,,,,,,https://fbref.com/en/squads/4ef57aeb/2010-2011/Brescia-Stats
2011,Brest,Ligue 1,team,25.0,26.9,,38.0,418.0,,,36.0,24.0,60.0,31.0,5.0,7.0,50.0,0.0,,,0.95,0.63,1.58,0.82,1.45,,,,,,,,,,https://fbref.com/en/squads/fb08dbb3/2010-2011/Brest-Stats
2011,Brest,Ligue 1,opponent,25.0,26.0,,38.0,418.0,,,,,,,,,,,,,,,,,,,,,,,,,,,https://fbref.com/en/squads/fb08dbb3/2010-2011/Brest-Stats
2011,Caen,Ligue 1,team,26.0,25.6,,38.0,418.0,,,46.0,32.0,78.0,45.0,1.0,1.0,82.0,4.0,,,1.21,0.84,2.05,1.18,2.03,,,,,,,,,,https://fbref.com/en/squads/74229020/2010-2011/Caen-Stats
2011,Caen,Ligue 1,opponent,26.0,26.3,,38.0,418.0,,,,,,,,,,,,,,,,,,,,,,,,,,,https://fbref.com/en/squads/74229020/2010-2011/Caen-Stats
2011,Cagliari,Serie A,team,22.0,26.2,,38.0,418.0,,,41.0,28.0,69.0,40.0,1.0,2.0,73.0,0.0,,,1.08,0.74,1.82,1.05,1.79,,,,,,,,,,https://fbref.com/en/squads/c4260e09/2010-2011/Cagliari-Stats
2011,Cagliari,Serie A,opponent,22.0,27.5,,38.0,418.0,,,,,,,,,,,,,,,,,,,,,,,,,,,https://fbref.com/en/squads/c4260e09/2010-2011/Cagliari-Stats
2011,Catania,Serie A,team,29.0,26.8,,38.0,418.0,,,38.0,21.0,59.0,35.0,3.0,3.0,65.0,7.0,,,1.0,0.55,1.55,0.92,1.47,,,,,,,,,,https://fbref.com/en/squads/7b046f08/2010-2011/Catania-Stats
2011,Catania,Serie A,opponent,29.0,27.8,,38.0,418.0,,,,,,,,,,,,,,,,,,,,,,,,,,,https://fbref.com/en/squads/7b046f08/2010-2011/Catania-Stats
2011,Cesena,Serie A,team,29.0,28.6,,38.0,418.0,,,37.0,23.0,60.0,33.0,4.0,5.0,77.0,7.0,,,0.97,0.61,1.58,0.87,1.47,,,,,,,,,,https://fbref.com/en/squads/283f2557/2010-2011/Cesena-Stats
2011,Cesena,Serie A,opponent,29.0,27.4,,38.0,418.0,,,,,,,,,,,,,,,,,,,,,,,,,,,https://fbref.com/en/squads/283f2557/2010-2011/Cesena-Stats
2011,Chelsea,Premier League,team,24.0,28.2,,38.0,418.0,,,68.0,39.0,107.0,62.0,6.0,8.0,59.0,1.0,,,1.79,1.03,2.82,1.63,2.66,,,,,,,,,,https://fbref.com/en/squads/cff3d9bb/2010-2011/Chelsea-Stats
2011,Chelsea,Premier League,opponent,24.0,27.0,,38.0,418.0,,,,,,,,,,,,,,,,,,,,,,,,,,,https://fbref.com/en/squads/cff3d9bb/2010-2011/Chelsea-Stats
2011,Chievo,Serie A,team,26.0,28.2,,38.0,418.0,,,37.0,21.0,58.0,36.0,1.0,2.0,94.0,4.0,,,0.97,0.55,1.53,0.95,1.5,,,,,,,,,,https://fbref.com/en/squads/cc919b35/2010-2011/Chievo-Stats
2011,Chievo,Serie A,opponent,26.0,27.6,,38.0,418.0,,,,,,,,,,,,,,,,,,,,,,,,,,,https://fbref.com/en/squads/cc919b35/2010-2011/Chievo-Stats
2011,Dortmund,Bundesliga,team,23.0,23.4,,34.0,374.0,,,63.0,42.0,105.0,63.0,0.0,3.0,38.0,1.0,,,1.85,1.24,3.09,1.85,3.09,,,,,,,,,,https://fbref.com/en/squads/add600ae/2010-2011/Dortmund-Stats
2011,Dortmund,Bundesliga,opponent,23.0,25.7,,34.0,374.0,,,,,,,,,,,,,,,,,,,,,,,,,,,https://fbref.com/en/squads/add600ae/2010-2011/Dortmund-Stats
2011,Eint Frankfurt,Bundesliga,team,27.0,26.2,,34.0,374.0,,,31.0,20.0,51.0,27.0,4.0,4.0,73.0,3.0,,,0.91,0.59,1.5,0.79,1.38,,,,,,,,,,https://fbref.com/en/squads/f0ac8ee6/2010-2011/Eintracht-Frankfurt-Stats
2011,Eint Frankfurt,Bundesliga,opponent,27.0,25.8,,34.0,374.0,,,,,,,,,,,,,,,,,,,,,,,,,,,https://fbref.com/en/squads/f0ac8ee6/2010-2011/Eintracht-Frankfurt-Stats
2011,Espanyol,La Liga,team,31.0,24.9,,38.0,418.0,,,44.0,28.0,72.0,38.0,6.0,6.0,109.0,5.0,,,1.16,0.74,1.89,1.0,1.74,,,,,,,,,,https://fbref.com/en/squads/a8661628/2010-2011/Espanyol-Stats
2011,Espanyol,La Liga,opponent,31.0,26.8,,38.0,418.0,,,,,,,,,,,,,,,,,,,,,,,,,,,https://fbref.com/en/squads/a8661628/2010-2011/Espanyol-Stats
2011,Everton,Premier League,team,24.0,28.1,,38.0,418.0,,,50.0,33.0,83.0,47.0,3.0,4.0,56.0,5.0,,,1.32,0.87,2.18,1.24,2.11,,,,,,,,,,https://fbref.com/en/squads/d3fd31cc/2010-2011/Everton-Stats
2011,Everton,Premier League,opponent,24.0,27.0,,38.0,418.0,,,,,,,,,,,,,,,,,,,,,,,,,,,https://fbref.com/en/squads/d3fd31cc/2010-2011/Everton-Stats
2011,Fiorentina,Serie A,team,30.0,27.5,,38.0,418.0,,,47.0,32.0,79.0,44.0,3.0,4.0,78.0,5.0,,,1.24,0.84,2.08,1.16,2.0,,,,,,,,,,https://fbref.com/en/squads/421387cf/2010-2011/Fiorentina-Stats
2011,Fiorentina,Serie A,opponent,30.0,27.5,,38.0,418.0,,,,,,,,,,,,,,,,,,,,,,,,,,,https://fbref.com/en/squads/421387cf/2010-2011/Fiorentina-Stats
2011,Freiburg,Bundesliga,team,27.0,25.5,,34.0,374.0,,,38.0,21.0,59.0,34.0,4.0,6.0,44.0,3.0,,,1.12,0.62,1.74,1.0,1.62,,,,,,,,,,https://fbref.com/en/squads/a486e511/2010-2011/Freiburg-Stats
2011,Freiburg,Bundesliga,opponent,27.0,25.7,,34.0,374.0,,,,,,,,,,,,,,,,,,,,,,,,,,,https://fbref.com/en/squads/a486e511/2010-2011/Freiburg-Stats
2011,Fulham,Premier League,team,29.0,29.8,,38.0,418.0,,,48.0,32.0,80.0,46.0,2.0,3.0,52.0,1.0,,,1.26,0.84,2.11,1.21,2.05,,,,,,,,,,https://fbref.com/en/squads/fd962109/2010-2011/Fulham-Stats
2011,Fulham,Premier League,opponent,29.0,26.8,,38.0,418.0,,,,,,,,,,,,,,,,,,,,,,,,,,,https://fbref.com/en/squads/fd962109/2010-2011/Fulham-Stats
2011,Genoa,Serie A,team,32.0,27.8,,38.0,418.0,,,42.0,29.0,71.0,40.0,2.0,2.0,63.0,5.0,,,1.11,0.76,1.87,1.05,1.82,,,,,,,,,,https://fbref.com/en/squads/658bf2de/2010-2011/Genoa-Stats
2011,Genoa,Serie A,opponent,32.0,27.5,,38.0,418.0,,,,,,,,,,,,,,,,,,,,,,,,,,,https://fbref.com/en/squads/658bf2de/2010-2011/Genoa-Stats
2011,Getafe,La Liga,team,23.0,26.2,,38.0,418.0,,,47.0,30.0,77.0,42.0,5.0,5.0,109.0,7.0,,,1.24,0.79,2.03,1.11,1.89,,,,,,,,,,https://fbref.com/en/squads/7848bd64/2010-2011/Getafe-Stats
2011,Getafe,La Liga,opponent,23.0,26.9,,38.0,418.0,,,,,,,,,,,,,,,,,,,,,,,,,,,https://fbref.com/en/squads/7848bd64/2010-2011/Getafe-Stats
2011,Hamburger SV,Bundesliga,team,25.0,28.0,,34.0,374.0,,,45.0,28.0,73.0,42.0,3.0,3.0,52.0,2.0,,,1.32,0.82,2.15,1.24,2.06,,,,,,,,,,https://fbref.com/en/squads/26790c6a/2010-2011/Hamburger-SV-Stats
2011,Hamburger SV,Bundesliga,opponent,25.0,25.4,,34.0,374.0,,,,,,,,,,,,,,,,,,,,,,,,,,,https://fbref.com/en/squads/26790c6a/2010-2011/Hamburger-SV-Stats
2011,Hannover 96,Bundesliga,team,23.0,25.6,,34.0,374.0,,,48.0,30.0,78.0,45.0,3.0,3.0,54.0,5.0,,,1.41,0.88,2.29,1.32,2.21,,,,,,,,,,https://fbref.com/en/squads/60b5e41f/2010-2011/Hannover-96-Stats
2011,Hannover 96,Bundesliga,opponent,23.0,25.6,,34.0,374.0,,,,,,,,,,,,,,,,,,,,,,,,,,,https://fbref.com/en/squads/60b5e41f/2010-2011/Hannover-96-Stats
2011,Hoffenheim,Bundesliga,team,28.0,23.9,,34.0,374.0,,,48.0,27.0,75.0,43.0,5.0,5.0,60.0,4.0,,,1.41,0.79,2.21,1.26,2.06,,,,,,,,,,https://fbref.com/en/squads/033ea6b8/2010-2011/Hoffenheim-Stats
2011,Hoffenheim,Bundesliga,opponent,28.0,25.9,,34.0,374.0,,,,,,,,,,,,,,,,,,,,,,,,,,,https://fbref.com/en/squads/033ea6b8/2010-2011/Hoffenheim-Stats
2011,Hércules,La Liga,team,26.0,28.6,,38.0,418.0,,,36.0,17.0,53.0,33.0,3.0,4.0,92.0,8.0,,,0.95,0.45,1.39,0.87,1.32,,,,,,,,,,https://fbref.com/en/squads/4222a514/2010-2011/Hercules-Stats
2011,Hércules,La Liga,opponent,26.0,26.4,,38.0,418.0,,,,,,,,,,,,,,,,,,,,,,,,,,,https://fbref.com/en/squads/4222a514/2010-2011/Hercules-Stats
2011,Inter,Serie A,team,30.0,29.5,,38.0,418.0,,,68.0,48.0,116.0,63.0,5.0,6.0,55.0,3.0,,,1.79,1.26,3.05,1.66,2.92,,,,,,,,,,https://fbref.com/en/squads/d609edc0/2010-2011/Internazionale-Stats
2011,Inter,Serie A,opponent,30.0,27.3,,38.0,418.0,,,,,,,,,,,,,,,,,,,,,,,,,,,https://fbref.com/en/squads/d609edc0/2010-2011/Internazionale-Stats
2011,Juventus,Serie A,team,32.0,27.4,,38.0,418.0,,,56.0,35.0,91.0,52.0,4.0,4.0,72.0,5.0,,,1.47,0.92,2.39,1.37,2.29,,,,,,,,,,https://fbref.com/en/squads/e0652b02/2010-2011/Juventus-Stats
2011,Juventus,Serie A,opponent,32.0,27.3,,38.0,418.0,,,,,,,,,,,,,,,,,,,,,,,,,,,https://fbref.com/en/squads/e0652b02/2010-2011/Juventus-Stats
2011,Kaiserslautern,Bundesliga,team,25.0,25.2,,34.0,374.0,,,47.0,32.0,79.0,46.0,1.0,2.0,59.0,4.0,,,1.38,0.94,2.32,1.35,2.29,,,,,,,,,,https://fbref.com/en/squads/73a27a73/2010-2011/Kaiserslautern-Stats
2011,Kaiserslautern,Bundesliga,opponent,25.0,25.7,,34.0,374.0,,,,,,,,,,,,,,,,,,,,,,,,,,,https://fbref.com/en/squads/73a27a73/2010-2011/Kaiserslautern-Stats
2011,Köln,Bundesliga,team,30.0,26.3,,34.0,374.0,,,47.0,25.0,72.0,45.0,2.0,2.0,79.0,1.0,,,1.38,0.74,2.12,1.32,2.06,,,,,,,,,,https://fbref.com/en/squads/bc357bf7/2010-2011/Koln-Stats
2011,Köln,Bundesliga,opponent,30.0,25.5,,34.0,374.0,,,,,,,,,,,,,,,,,,,,,,,,,,,https://fbref.com/en/squads/bc357bf7/2010-2011/Koln-Stats
2011,La Coruña,La Liga,team,30.0,27.2,,38.0,418.0,,,30.0,21.0,51.0,25.0,5.0,5.0,86.0,5.0,,,0.79,0.55,1.34,0.66,1.21,,,,,,,,,,https://fbref.com/en/squads/2a60ed82/2010-2011/Deportivo-La-Coruna-Stats
2011,La Coruña,La Liga,opponent,30.0,26.7,,38.0,418.0,,,,,,,,,,,,,,,,,,,,,,,,,,,https://fbref.com/en/squads/2a60ed82/2010-2011/Deportivo-La-Coruna-Stats
2011,Lazio,Serie A,team,25.0,28.0,,38.0,418.0,,,52.0,40.0,92.0,48.0,4.0,5.0,68.0,7.0,,,1.37,1.05,2.42,1.26,2.32,,,,,,,,,,https://fbref.com/en/squads/7213da33/2010-2011/Lazio-Stats
2011,Lazio,Serie A,opponent,25.0,27.4,,38.0,418.0,,,,,,,,,,,,,,,,,,,,,,,,,,,https://fbref.com/en/squads/7213da33/2010-2011/Lazio-Stats
2011,Lecce,Serie A,team,26.0,27.4,,38.0,418.0,,,45.0,31.0,76.0,43.0,2.0,5.0,82.0,9.0,,,1.18,0.82,2.0,1.13,1.95,,,,,,,,,,https://fbref.com/en/squads/ffcbe334/2010-2011/Lecce-Stats
2011,Lecce,Serie A,opponent,26.0,27.4,,38.0,418.0,,,,,,,,,,,,,,,,,,,,,,,,,,,https://fbref.com/en/squads/ffcbe334/2010-2011/Lecce-Stats
2011,Lens,Ligue 1,team,31.0,27.0,,38.0,418.0,,,32.0,22.0,54.0,31.0,1.0,2.0,54.0,3.0,,,0.84,0.58,1.42,0.82,1.39,,,,,,,,,,https://fbref.com/en/squads/fd4e0f7d/2010-2011/Lens-Stats
2011,Lens,Ligue 1,opponent,31.0,26.1,,38.0,418.0,,,,,,,,,,,,,,,,,,,,,,,,,,,https://fbref.com/en/squads/fd4e0f7d/2010-2011/Lens-Stats
2011,Levante,La Liga,team,28.0,28.8,,38.0,418.0,,,41.0,29.0,70.0,39.0,2.0,2.0,126.0,3.0,,,1.08,0.76,1.84,1.03,1.79,,,,,,,,,,https://fbref.com/en/squads/9800b6a1/2010-2011/Levante-Stats
2011,Levante,La Liga,opponent,28.0,26.9,,38.0,418.0,,,,,,,,,,,,,,,,,,,,,,,,,,,https://fbref.com/en/squads/9800b6a1/2010-2011/Levante-Stats
2011,Leverkusen,Bundesliga,team,21.0,25.2,,34.0,374.0,,,62.0,39.0,101.0,56.0,6.0,6.0,55.0,1.0,,,1.82,1.15,2.97,1.65,2.79,,,,,,,,,,https://fbref.com/en/squads/c7a9f859/2010-2011/Bayer-Leverkusen-Stats
2011,Leverkusen,Bundesliga,opponent,21.0,25.9,,34.0,374.0,,,,,,,,,,,,,,,,,,,,,,,,,,,https://fbref.com/en/squads/c7a9f859/2010-2011/Bayer-Leverkusen-Stats
2011,Lille,Ligue 1,team,22.0,25.7,,38.0,418.0,,,66.0,45.0,111.0,64.0,2.0,4.0,53.0,1.0,,,1.74,1.18,2.92,1.68,2.87,,,,,,,,,,https://fbref.com/en/squads/cb188c0c/2010-2011/Lille-Stats
2011,Lille,Ligue 1,opponent,22.0,26.3,,38.0,418.0,,,,,,,,,,,,,,,,,,,,,,,,,,,https://fbref.com/en/squads/cb188c0c/2010-2011/Lille-Stats
2011,Liverpool,Premier League,team,30.0,26.9,,38.0,418.0,,,58.0,30.0,88.0,51.0,7.0,8.0,63.0,2.0,,,1.53,0.79,2.32,1.34,2.13,,,,,,,,,,https://fbref.com/en/squads/822bd0ba/2010-2011/Liverpool-Stats
2011,Liverpool,Premier League,opponent,30.0,27.0,,38.0,418.0,,,,,,,,,,,,,,,,,,,,,,,,,,,https://fbref.com/en/squads/822bd0ba/2010-2011/Liverpool-Stats
2011,Lorient,Ligue 1,team,27.0,25.6,,38.0,418.0,,,46.0,31.0,77.0,42.0,4.0,4.0,50.0,6.0,,,1.21,0.82,2.03,1.11,1.92,,,,,,,,,,https://fbref.com/en/squads/d2c87802/2010-2011/Lorient-Stats
2011,Lorient,Ligue 1,opponent,27.0,26.0,,38.0,418.0,,,,,,,,,,,,,,,,,,,,,,,,,,,https://fbref.com/en/squads/d2c87802/2010-2011/Lorient-Stats
2011,Lyon,Ligue 1,team,26.0,25.5,,38.0,418.0,,,58.0,40.0,98.0,56.0,2.0,4.0,57.0,8.0,,,1.53,1.05,2.58,1.47,2.53,,,,,,,,,,https://fbref.com/en/squads/d53c0b06/2010-2011/Lyon-Stats
2011,Lyon,Ligue 1,opponent,26.0,26.1,,38.0,418.0,,,,,,,,,,,,,,,,,,,,,,,,,,,https://fbref.com/en/squads/d53c0b06/2010-2011/Lyon-Stats
2011,M'Gladbach,Bundesliga,team,28.0,25.8,,34.0,374.0,,,47.0,29.0,76.0,43.0,4.0,4.0,49.0,8.0,,,1.38,0.85,2.24,1.26,2.12,,,,,,,,,,https://fbref.com/en/squads/32f3ee20/2010-2011/Monchengladbach-Stats
2011,M'Gladbach,Bundesliga,opponent,28.0,25.5,,34.0,374.0,,,,,,,,,,,,,,,,,,,,,,,,,,,https://fbref.com/en/squads/32f3ee20/2010-2011/Monchengladbach-Stats
2011,Mainz 05,Bundesliga,team,26.0,26.1,,34.0,374.0,,,49.0,37.0,86.0,46.0,3.0,5.0,53.0,1.0,,,1.44,1.09,2.53,1.35,2.44,,,,,,,,,,https://fbref.com/en/squads/a224b06a/2010-2011/Mainz-05-Stats
2011,Mainz 05,Bundesliga,opponent,26.0,25.7,,34.0,374.0,,,,,,,,,,,,,,,,,,,,,,,,,,,https://fbref.com/en/squads/a224b06a/2010-2011/Mainz-05-Stats
2011,Mallorca,La Liga,team,24.0,26.5,,38.0,418.0,,,41.0,31.0,72.0,37.0,4.0,7.0,88.0,4.0,,,1.08,0.82,1.89,0.97,1.79,,,,,,,,,,https://fbref.com/en/squads/2aa12281/2010-2011/Mallorca-Stats
2011,Mallorca,La Liga,opponent,24.0,26.7,,38.0,418.0,,,,,,,,,,,,,,,,,,,,,,,,,,,https://fbref.com/en/squads/2aa12281/2010-2011/Mallorca-Stats
2011,Manchester City,Premier League,team,27.0,25.4,,38.0,418.0,,,56.0,35.0,91.0,48.0,8.0,9.0,71.0,5.0,,,1.47,0.92,2.39,1.26,2.18,,,,,,,,,,https://fbref.com/en/squads/b8fd03ef/2010-2011/Manchester-City-Stats
2011,Manchester City,Premier League,opponent,27.0,27.1,,38.0,418.0,,,,,,,,,,,,,,,,,,,,,,,,,,,https://fbref.com/en/squads/b8fd03ef/2010-2011/Manchester-City-Stats
2011,Manchester Utd,Premier League,team,29.0,28.3,,38.0,418.0,,,75.0,59.0,134.0,72.0,3.0,5.0,56.0,3.0,,,1.97,1.55,3.53,1.89,3.45,,,,,,,,,,https://fbref.com/en/squads/19538871/2010-2011/Manchester-United-Stats
2011,Manchester Utd,Premier League,opponent,29.0,27.0,,38.0,418.0,,,,,,,,,,,,,,,,,,,,,,,,,,,https://fbref.com/en/squads/19538871/2010-2011/Manchester-United-Stats
2011,Marseille,Ligue 1,team,24.0,26.7,,38.0,418.0,,,60.0,41.0,101.0,58.0,2.0,3.0,60.0,4.0,,,1.58,1.08,2.66,1.53,2.61,,,,,,,,,,https://fbref.com/en/squads/5725cc7b/2010-2011/Marseille-Stats
2011,Marseille,Ligue 1,opponent,24.0,26.1,,38.0,418.0,,,,,,,,,,,,,,,,,,,,,,,,,,,https://fbref.com/en/squads/5725cc7b/2010-2011/Marseille-Stats
2011,Milan,Serie A,team,34.0,29.2,,38.0,418.0,,,63.0,47.0,110.0,58.0,5.0,6.0,62.0,5.0,,,1.66,1.24,2.89,1.53,2.76,,,,,,,,,,https://fbref.com/en/squads/dc56fe14/2010-2011/Milan-Stats
2011,Milan,Serie A,opponent,34.0,27.4,,38.0,418.0,,,,,,,,,,,,,,,,,,,,,,,,,,,https://fbref.com/en/squads/dc56fe14/2010-2011/Milan-Stats
2011,Monaco,Ligue 1,team,34.0,25.5,,38.0,418.0,,,34.0,18.0,52.0,30.0,4.0,5.0,75.0,4.0,,,0.89,0.47,1.37,0.79,1.26,,,,,,,,,,https://fbref.com/en/squads/fd6114db/2010-2011/Monaco-Stats
2011,Monaco,Ligue 1,opponent,34.0,26.2,,38.0,418.0,,,,,,,,,,,,,,,,,,,,,,,,,,,https://fbref.com/en/squads/fd6114db/2010-2011/Monaco-Stats
2011,Montpellier,Ligue 1,team,25.0,25.8,,38.0,418.0,,,32.0,23.0,55.0,29.0,3.0,4.0,76.0,8.0,,,0.84,0.61,1.45,0.76,1.37,,,,,,,,,,https://fbref.com/en/squads/281b0e73/2010-2011/Montpellier-Stats
2011,Montpellier,Ligue 1,opponent,25.0,26.1,,38.0,418.0,,,,,,,,,,,,,,,,,,,,,,,,,,,https://fbref.com/en/squads/281b0e73/2010-2011/Montpellier-Stats
2011,Málaga,La Liga,team,34.0,26.3,,38.0,418.0,,,53.0,36.0,89.0,50.0,3.0,6.0,102.0,7.0,,,1.39,0.95,2.34,1.32,2.26,,,,,,,,,,https://fbref.com/en/squads/1c896955/2010-2011/Malaga-Stats
2011,Málaga,La Liga,opponent,34.0,26.8,,38.0,418.0,,,,,,,,,,,,,,,,,,,,,,,,,,,https://fbref.com/en/squads/1c896955/2010-2011/Malaga-Stats
2011,Nancy,Ligue 1,team,26.0,26.9,,38.0,418.0,,,41.0,27.0,68.0,39.0,2.0,4.0,63.0,7.0,,,1.08,0.71,1.79,1.03,1.74,,,,,,,,,,https://fbref.com/en/squads/e88fc6e5/2010-2011/Nancy-Stats
2011,Nancy,Ligue 1,opponent,26.0,25.9,,38.0,418.0,,,,,,,,,,,,,,,,,,,,,,,,,,,https://fbref.com/en/squads/e88fc6e5/2010-2011/Nancy-Stats
2011,Napoli,Serie A,team,24.0,27.7,,38.0,418.0,,,58.0,45.0,103.0,51.0,7.0,10.0,93.0,5.0,,,1.53,1.18,2.71,1.34,2.53,,,,,,,,,,https://fbref.com/en/squads/d48ad4ff/2010-2011/Napoli-Stats
2011,Napoli,Serie A,opponent,24.0,27.5,,38.0,418.0,,,,,,,,,,,,,,,,,,,,,,,,,,,https://fbref.com/en/squads/d48ad4ff/2010-2011/Napoli-Stats
2011,Newcastle Utd,Premier League,team,30.0,26.3,,38.0,418.0,,,55.0,35.0,90.0,50.0,5.0,5.0,78.0,2.0,,,1.45,0.92,2.37,1.32,2.24,,,,,,,,,,https://fbref.com/en/squads/b2b47a98/2010-2011/Newcastle-United-Stats
2011,Newcastle Utd,Premier League,opponent,30.0,27.1,,38.0,418.0,,,,,,,,,,,,,,,,,,,,,,,,,,,https://fbref.com/en/squads/b2b47a98/2010-2011/Newcastle-United-Stats
2011,Nice,Ligue 1,team,32.0,25.7,,38.0,418.0,,,31.0,24.0,55.0,29.0,2.0,4.0,79.0,4.0,,,0.82,0.63,1.45,0.76,1.39,,,,,,,,,,https://fbref.com/en/squads/132ebc33/2010-2011/Nice-Stats
2011,Nice,Ligue 1,opponent,32.0,26.1,,38.0,418.0,,,,,,,,,,,,,,,,,,,,,,,,,,,https://fbref.com/en/squads/132ebc33/2010-2011/Nice-Stats
2011,Nürnberg,Bundesliga,team,28.0,25.2,,34.0,374.0,,,45.0,28.0,73.0,43.0,2.0,4.0,60.0,3.0,,,1.32,0.82,2.15,1.26,2.09,,,,,,,,,,https://fbref.com/en/squads/6f2c108c/2010-2011/Nurnberg-Stats
2011,Nürnberg,Bundesliga,opponent,28.0,25.9,,34.0,374.0,,,,,,,,,,,,,,,,,,,,,,,,,,,https://fbref.com/en/squads/6f2c108c/2010-2011/Nurnberg-Stats
2011,Osasuna,La Liga,team,26.0,29.5,,38.0,418.0,,,44.0,27.0,71.0,39.0,5.0,5.0,106.0,7.0,,,1.16,0.71,1.87,1.03,1.74,,,,,,,,,,https://fbref.com/en/squads/03c57e2b/2010-2011/Osasuna-Stats
2011,Osasuna,La Liga,opponent,26.0,26.6,,38.0,418.0,,,,,,,,,,,,,,,,,,,,,,,,,,,https://fbref.com/en/squads/03c57e2b/2010-2011/Osasuna-Stats
2011,Palermo,Serie A,team,27.0,24.9,,38.0,418.0,,,58.0,31.0,89.0,56.0,2.0,4.0,77.0,3.0,,,1.53,0.82,2.34,1.47,2.29,,,,,,,,,,https://fbref.com/en/squads/ee058a17/2010-2011/Palermo-Stats
2011,Palermo,Serie A,opponent,27.0,27.7,,38.0,418.0,,,,,,,,,,,,,,,,,,,,,,,,,,,https://fbref.com/en/squads/ee058a17/2010-2011/Palermo-Stats
2011,Paris S-G,Ligue 1,team,25.0,28.1,,38.0,418.0,,,51.0,35.0,86.0,48.0,3.0,3.0,59.0,4.0,,,1.34,0.92,2.26,1.26,2.18,,,,,,,,,,https://fbref.com/en/squads/e2d8892c/2010-2011/Paris-Saint-Germain-Stats
2011,Paris S-G,Ligue 1,opponent,25.0,26.1,,38.0,418.0,,,,,,,,,,,,,,,,,,,,,,,,,,,https://fbref.com/en/squads/e2d8892c/2010-2011/Paris-Saint-Germain-Stats
2011,Parma,Serie A,team,31.0,28.1,,38.0,418.0,,,39.0,17.0,56.0,36.0,3.0,3.0,84.0,7.0,,,1.03,0.45,1.47,0.95,1.39,,,,,,,,,,https://fbref.com/en/squads/eab4234c/2010-2011/Parma-Stats
2011,Parma,Serie A,opponent,31.0,27.5,,38.0,418.0,,,,,,,,,,,,,,,,,,,,,,,,,,,https://fbref.com/en/squads/eab4234c/2010-2011/Parma-Stats
2011,Racing Sant,La Liga,team,29.0,27.5,,38.0,418.0,,,38.0,21.0,59.0,37.0,1.0,6.0,87.0,7.0,,,1.0,0.55,1.55,0.97,1.53,,,,,,,,,,https://fbref.com/en/squads/dee3bbc8/2010-2011/Racing-Santander-Stats
2011,Racing Sant,La Liga,opponent,29.0,26.8,,38.0,418.0,,,,,,,,,,,,,,,,,,,,,,,,,,,https://fbref.com/en/squads/dee3bbc8/2010-2011/Racing-Santander-Stats
2011,Real Madrid,La Liga,team,32.0,25.5,,38.0,418.0,,,100.0,67.0,167.0,89.0,11.0,12.0,93.0,8.0,,,2.63,1.76,4.39,2.34,4.11,,,,,,,,,,https://fbref.com/en/squads/53a2f082/2010-2011/Real-Madrid-Stats
2011,Real Madrid,La Liga,opponent,32.0,26.9,,38.0,418.0,,,,,,,,,,,,,,,,,,,,,,,,,,,https://fbref.com/en/squads/53a2f082/2010-2011/Real-Madrid-Stats
2011,Real Sociedad,La Liga,team,23.0,26.2,,38.0,418.0,,,45.0,32.0,77.0,41.0,4.0,4.0,80.0,0.0,,,1.18,0.84,2.03,1.08,1.92,,,,,,,,,,https://fbref.com/en/squads/e31d1cd9/2010-2011/Real-Sociedad-Stats
2011,Real Sociedad,La Liga,opponent,23.0,26.8,,38.0,418.0,,,,,,,,,,,,,,,,,,,,,,,,,,,https://fbref.com/en/squads/e31d1cd9/2010-2011/Real-Sociedad-Stats
2011,Rennes,Ligue 1,team,27.0,24.9,,38.0,418.0,,,37.0,24.0,61.0,32.0,5.0,6.0,54.0,5.0,,,0.97,0.63,1.61,0.84,1.47,,,,,,,,,,https://fbref.com/en/squads/b3072e00/2010-2011/Rennes-Stats
2011,Rennes,Ligue 1,opponent,27.0,26.1,,38.0,418.0,,,,,,,,,,,,,,,,,,,,,,,,,,,https://fbref.com/en/squads/b3072e00/2010-2011/Rennes-Stats
2011,Roma,Serie A,team,29.0,29.7,,38.0,418.0,,,57.0,33.0,90.0,46.0,11.0,13.0,81.0,9.0,,,1.5,0.87,2.37,1.21,2.08,,,,,,,,,,https://fbref.com/en/squads/cf74a709/2010-2011/Roma-Stats
2011,Roma,Serie A,opponent,29.0,27.5,,38.0,418.0,,,,,,,,,,,,,,,,,,,,,,,,,,,https://fbref.com/en/squads/cf74a709/2010-2011/Roma-Stats
2011,Saint-Étienne,Ligue 1,team,26.0,26.3,,38.0,418.0,,,44.0,21.0,65.0,40.0,4.0,5.0,64.0,2.0,,,1.16,0.55,1.71,1.05,1.61,,,,,,,,,,https://fbref.com/en/squads/d298ef2c/2010-2011/Saint-Etienne-Stats
2011,Saint-Étienne,Ligue 1,opponent,26.0,26.3,,38.0,418.0,,,,,,,,,,,,,,,,,,,,,,,,,,,https://fbref.com/en/squads/d298ef2c/2010-2011/Saint-Etienne-Stats
2011,Sampdoria,Serie A,team,30.0,26.0,,38.0,418.0,,,32.0,13.0,45.0,25.0,7.0,8.0,75.0,5.0,,,0.84,0.34,1.18,0.66,1.0,,,,,,,,,,https://fbref.com/en/squads/8ff9e3b3/2010-2011/Sampdoria-Stats
2011,Sampdoria,Serie A,opponent,30.0,27.6,,38.0,418.0,,,,,,,,,,,,,,,,,,,,,,,,,,,https://fbref.com/en/squads/8ff9e3b3/2010-2011/Sampdoria-Stats
2011,Schalke 04,Bundesliga,team,31.0,25.3,,34.0,374.0,,,37.0,23.0,60.0,35.0,2.0,3.0,51.0,4.0,,,1.09,0.68,1.76,1.03,1.71,,,,,,,,,,https://fbref.com/en/squads/c539e393/2010-2011/Schalke-04-Stats
2011,Schalke 04,Bundesliga,opponent,31.0,25.8,,34.0,374.0,,,,,,,,,,,,,,,,,,,,,,,,,,,https://fbref.com/en/squads/c539e393/2010-2011/Schalke-04-Stats
2011,Sevilla,La Liga,team,32.0,26.5,,38.0,418.0,,,62.0,41.0,103.0,52.0,10.0,12.0,100.0,7.0,,,1.63,1.08,2.71,1.37,2.45,,,,,,,,,,https://fbref.com/en/squads/ad2be733/2010-2011/Sevilla-Stats
2011,Sevilla,La Liga,opponent,32.0,26.8,,38.0,418.0,,,,,,,,,,,,,,,,,,,,,,,,,,,https://fbref.com/en/squads/ad2be733/2010-2011/Sevilla-Stats
2011,Sochaux,Ligue 1,team,25.0,24.8,,38.0,418.0,,,58.0,44.0,102.0,55.0,3.0,3.0,48.0,4.0,,,1.53,1.16,2.68,1.45,2.61,,,,,,,,,,https://fbref.com/en/squads/b9cd3c9a/2010-2011/Sochaux-Stats
2011,Sochaux,Ligue 1,opponent,25.0,26.2,,38.0,418.0,,,,,,,,,,,,,,,,,,,,,,,,,,,https://fbref.com/en/squads/b9cd3c9a/2010-2011/Sochaux-Stats
2011,Sporting Gijón,La Liga,team,31.0,26.7,,38.0,418.0,,,33.0,21.0,54.0,26.0,7.0,7.0,109.0,6.0,,,0.87,0.55,1.42,0.68,1.24,,,,,,,,,,https://fbref.com/en/squads/bb9efd50/2010-2011/Sporting-Gijon-Stats
2011,Sporting Gijón,La Liga,opponent,31.0,26.7,,38.0,418.0,,,,,,,,,,,,,,,,,,,,,,,,,,,https://fbref.com/en/squads/bb9efd50/2010-2011/Sporting-Gijon-Stats
2011,St. Pauli,Bundesliga,team,28.0,26.7,,34.0,374.0,,,34.0,23.0,57.0,31.0,3.0,3.0,56.0,5.0,,,1.0,0.68,1.68,0.91,1.59,,,,,,,,,,https://fbref.com/en/squads/54864664/2010-2011/St-Pauli-Stats
2011,St. Pauli,Bundesliga,opponent,28.0,25.8,,34.0,374.0,,,,,,,,,,,,,,,,,,,,,,,,,,,https://fbref.com/en/squads/54864664/2010-2011/St-Pauli-Stats
2011,Stoke City,Premier League,team,25.0,27.6,,38.0,418.0,,,44.0,28.0,72.0,41.0,3.0,3.0,69.0,2.0,,,1.16,0.74,1.89,1.08,1.82,,,,,,,,,,https://fbref.com/en/squads/17892952/2010-2011/Stoke-City-Stats
2011,Stoke City,Premier League,opponent,25.0,27.1,,38.0,418.0,,,,,,,,,,,,,,,,,,,,,,,,,,,https://fbref.com/en/squads/17892952/2010-2011/Stoke-City-Stats
2011,Stuttgart,Bundesliga,team,27.0,24.8,,34.0,374.0,,,60.0,35.0,95.0,54.0,6.0,8.0,63.0,4.0,,,1.76,1.03,2.79,1.59,2.62,,,,,,,,,,https://fbref.com/en/squads/598bc722/2010-2011/Stuttgart-Stats
2011,Stuttgart,Bundesliga,opponent,27.0,26.0,,34.0,374.0,,,,,,,,,,,,,,,,,,,,,,,,,,,https://fbref.com/en/squads/598bc722/2010-2011/Stuttgart-Stats
2011,Sunderland,Premier League,team,31.0,25.0,,38.0,418.0,,,41.0,23.0,64.0,37.0,4.0,5.0,56.0,5.0,,,1.08,0.61,1.68,0.97,1.58,,,,,,,,,,https://fbref.com/en/squads/8ef52968/2010-2011/Sunderland-Stats
2011,Sunderland,Premier League,opponent,31.0,27.2,,38.0,418.0,,,,,,,,,,,,,,,,,,,,,,,,,,,https://fbref.com/en/squads/8ef52968/2010-2011/Sunderland-Stats
2011,Tottenham,Premier League,team,28.0,26.6,,38.0,418.0,,,54.0,34.0,88.0,49.0,5.0,5.0,50.0,2.0,,,1.42,0.89,2.32,1.29,2.18,,,,,,,,,,https://fbref.com/en/squads/361ca564/2010-2011/Tottenham-Hotspur-Stats
2011,Tottenham,Premier League,opponent,28.0,27.2,,38.0,418.0,,,,,,,,,,,,,,,,,,,,,,,,,,,https://fbref.com/en/squads/361ca564/2010-2011/Tottenham-Hotspur-Stats
2011,Toulouse,Ligue 1,team,26.0,24.1,,38.0,418.0,,,36.0,23.0,59.0,32.0,4.0,5.0,61.0,2.0,,,0.95,0.61,1.55,0.84,1.45,,,,,,,,,,https://fbref.com/en/squads/3f8c4b5f/2010-2011/Toulouse-Stats
2011,Toulouse,Ligue 1,opponent,26.0,26.1,,38.0,418.0,,,,,,,,,,,,,,,,,,,,,,,,,,,https://fbref.com/en/squads/3f8c4b5f/2010-2011/Toulouse-Stats
2011,Udinese,Serie A,team,24.0,25.6,,38.0,418.0,,,65.0,41.0,106.0,60.0,5.0,7.0,71.0,7.0,,,1.71,1.08,2.79,1.58,2.66,,,,,,,,,,https://fbref.com/en/squads/04eea015/2010-2011/Udinese-Stats
2011,Udinese,Serie A,opponent,24.0,27.6,,38.0,418.0,,,,,,,,,,,,,,,,,,,,,,,,,,,https://fbref.com/en/squads/04eea015/2010-2011/Udinese-Stats
2011,Valencia,La Liga,team,27.0,27.0,,38.0,418.0,,,63.0,47.0,110.0,61.0,2.0,2.0,111.0,8.0,,,1.66,1.24,2.89,1.61,2.84,,,,,,,,,,https://fbref.com/en/squads/dcc91a7b/2010-2011/Valencia-Stats
2011,Valencia,La Liga,opponent,27.0,26.6,,38.0,418.0,,,,,,,,,,,,,,,,,,,,,,,,,,,https://fbref.com/en/squads/dcc91a7b/2010-2011/Valencia-Stats
2011,Valenciennes,Ligue 1,team,26.0,26.9,,38.0,418.0,,,45.0,35.0,80.0,44.0,1.0,2.0,67.0,2.0,,,1.18,0.92,2.11,1.16,2.08,,,,,,,,,,https://fbref.com/en/squads/259d3345/2010-2011/Valenciennes-Stats
2011,Valenciennes,Ligue 1,opponent,26.0,26.2,,38.0,418.0,,,,,,,,,,,,,,,,,,,,,,,,,,,https://fbref.com/en/squads/259d3345/2010-2011/Valenciennes-Stats
2011,Villarreal,La Liga,team,28.0,26.4,,38.0,418.0,,,54.0,39.0,93.0,50.0,4.0,4.0,89.0,5.0,,,1.42,1.03,2.45,1.32,2.34,,,,,,,,,,https://fbref.com/en/squads/2a8183b3/2010-2011/Villarreal-Stats
2011,Villarreal,La Liga,opponent,28.0,26.9,,38.0,418.0,,,,,,,,,,,,,,,,,,,,,,,,,,,https://fbref.com/en/squads/2a8183b3/2010-2011/Villarreal-Stats
2011,Werder Bremen,Bundesliga,team,28.0,26.6,,34.0,374.0,,,43.0,29.0,72.0,36.0,7.0,11.0,67.0,4.0,,,1.26,0.85,2.12,1.06,1.91,,,,,,,,,,https://fbref.com/en/squads/62add3bf/2010-2011/Werder-Bremen-Stats
2011,Werder Bremen,Bundesliga,opponent,28.0,25.7,,34.0,374.0,,,,,,,,,,,,,,,,,,,,,,,,,,,https://fbref.com/en/squads/62add3bf/2010-2011/Werder-Bremen-Stats
2011,West Brom,Premier League,team,28.0,26.7,,38.0,418.0,,,52.0,37.0,89.0,48.0,4.0,6.0,51.0,7.0,,,1.37,0.97,2.34,1.26,2.24,,,,,,,,,,https://fbref.com/en/squads/60c6b05f/2010-2011/West-Bromwich-Albion-Stats
2011,West Brom,Premier League,opponent,28.0,27.1,,38.0,418.0,,,,,,,,,,,,,,,,,,,,,,,,,,,https://fbref.com/en/squads/60c6b05f/2010-2011/West-Bromwich-Albion-Stats
2011,West Ham,Premier League,team,35.0,27.9,,38.0,418.0,,,41.0,21.0,62.0,36.0,5.0,6.0,58.0,1.0,,,1.08,0.55,1.63,0.95,1.5,,,,,,,,,,https://fbref.com/en/squads/7c21e445/2010-2011/West-Ham-United-Stats
2011,West Ham,Premier League,opponent,35.0,27.0,,38.0,418.0,,,,,,,,,,,,,,,,,,,,,,,,,,,https://fbref.com/en/squads/7c21e445/2010-2011/West-Ham-United-Stats
2011,Wigan Athletic,Premier League,team,25.0,25.8,,38.0,418.0,,,37.0,20.0,57.0,35.0,2.0,3.0,67.0,4.0,,,0.97,0.53,1.5,0.92,1.45,,,,,,,,,,https://fbref.com/en/squads/e59ddc76/2010-2011/Wigan-Athletic-Stats
2011,Wigan Athletic,Premier League,opponent,25.0,27.1,,38.0,418.0,,,,,,,,,,,,,,,,,,,,,,,,,,,https://fbref.com/en/squads/e59ddc76/2010-2011/Wigan-Athletic-Stats
2011,Wolfsburg,Bundesliga,team,28.0,26.4,,34.0,374.0,,,43.0,28.0,71.0,43.0,0.0,4.0,70.0,2.0,,,1.26,0.82,2.09,1.26,2.09,,,,,,,,,,https://fbref.com/en/squads/4eaa11d7/2010-2011/Wolfsburg-Stats
2011,Wolfsburg,Bundesliga,opponent,28.0,25.7,,34.0,374.0,,,,,,,,,,,,,,,,,,,,,,,,,,,https://fbref.com/en/squads/4eaa11d7/2010-2011/Wolfsburg-Stats
2011,Wolves,Premier League,team,30.0,25.8,,38.0,418.0,,,45.0,29.0,74.0,42.0,3.0,3.0,62.0,2.0,,,1.18,0.76,1.95,1.11,1.87,,,,,,,,,,https://fbref.com/en/squads/8cec06e1/2010-2011/Wolverhampton-Wanderers-Stats
2011,Wolves,Premier League,opponent,30.0,27.3,,38.0,418.0,,,,,,,,,,,,,,,,,,,,,,,,,,,https://fbref.com/en/squads/8cec06e1/2010-2011/Wolverhampton-Wanderers-Stats
2011,Zaragoza,La Liga,team,24.0,27.5,,38.0,418.0,,,40.0,22.0,62.0,34.0,6.0,6.0,120.0,9.0,,,1.05,0.58,1.63,0.89,1.47,,,,,,,,,,https://fbref.com/en/squads/800303a0/2010-2011/Zaragoza-Stats
2011,Zaragoza,La Liga,opponent,24.0,26.5,,38.0,418.0,,,,,,,,,,,,,,,,,,,,,,,,,,,https://fbref.com/en/squads/800303a0/2010-2011/Zaragoza-Stats
2012,Ajaccio,Ligue 1,team,25.0,27.4,,38.0,418.0,,,39.0,23.0,62.0,35.0,4.0,6.0,93.0,9.0,,,1.03,0.61,1.63,0.92,1.53,,,,,,,,,,https://fbref.com/en/squads/7a54bb4f/2011-2012/Ajaccio-Stats
2012,Ajaccio,Ligue 1,opponent,25.0,25.9,,38.0,418.0,,,,,,,,,,,,,,,,,,,,,,,,,,,https://fbref.com/en/squads/7a54bb4f/2011-2012/Ajaccio-Stats
2012,Arsenal,Premier League,team,32.0,25.2,,38.0,418.0,,,73.0,57.0,130.0,71.0,2.0,3.0,64.0,4.0,,,1.92,1.5,3.42,1.87,3.37,,,,,,,,,,https://fbref.com/en/squads/18bb7c10/2011-2012/Arsenal-Stats
2012,Arsenal,Premier League,opponent,32.0,26.7,,38.0,418.0,,,,,,,,,,,,,,,,,,,,,,,,,,,https://fbref.com/en/squads/18bb7c10/2011-2012/Arsenal-Stats
2012,Aston Villa,Premier League,team,27.0,27.3,,38.0,418.0,,,37.0,26.0,63.0,34.0,3.0,3.0,69.0,2.0,,,0.97,0.68,1.66,0.89,1.58,,,,,,,,,,https://fbref.com/en/squads/8602292d/2011-2012/Aston-Villa-Stats
2012,Aston Villa,Premier League,opponent,27.0,26.8,,38.0,418.0,,,,,,,,,,,,,,,,,,,,,,,,,,,https://fbref.com/en/squads/8602292d/2011-2012/Aston-Villa-Stats
2012,Atalanta,Serie A,team,30.0,26.8,,38.0,418.0,,,39.0,22.0,61.0,36.0,3.0,4.0,96.0,4.0,,,1.03,0.58,1.61,0.95,1.53,,,,,,,,,,https://fbref.com/en/squads/922493f3/2011-2012/Atalanta-Stats
2012,Atalanta,Serie A,opponent,30.0,27.9,,38.0,418.0,,,,,,,,,,,,,,,,,,,,,,,,,,,https://fbref.com/en/squads/922493f3/2011-2012/Atalanta-Stats
2012,Athletic Club,La Liga,team,22.0,24.4,,38.0,418.0,,,49.0,33.0,82.0,48.0,1.0,2.0,104.0,8.0,,,1.29,0.87,2.16,1.26,2.13,,,,,,,,,,https://fbref.com/en/squads/2b390eca/2011-2012/Athletic-Club-Stats
2012,Athletic Club,La Liga,opponent,22.0,26.7,,38.0,418.0,,,,,,,,,,,,,,,,,,,,,,,,,,,https://fbref.com/en/squads/2b390eca/2011-2012/Athletic-Club-Stats
2012,Atlético Madrid,La Liga,team,24.0,25.1,,38.0,418.0,,,51.0,32.0,83.0,46.0,5.0,6.0,127.0,4.0,,,1.34,0.84,2.18,1.21,2.05,,,,,,,,,,https://fbref.com/en/squads/db3b9613/2011-2012/Atletico-Madrid-Stats
2012,Atlético Madrid,La Liga,opponent,24.0,26.7,,38.0,418.0,,,,,,,,,,,,,,,,,,,,,,,,,,,https://fbref.com/en/squads/db3b9613/2011-2012/Atletico-Madrid-Stats
2012,Augsburg,Bundesliga,team,29.0,26.8,,34.0,374.0,,,36.0,28.0,64.0,32.0,4.0,5.0,67.0,2.0,,,1.06,0.82,1.88,0.94,1.76,,,,,,,,,,https://fbref.com/en/squads/0cdc4311/2011-2012/Augsburg-Stats
2012,Augsburg,Bundesliga,opponent,29.0,25.4,,34.0,374.0,,,,,,,,,,,,,,,,,,,,,,,,,,,https://fbref.com/en/squads/0cdc4311/2011-2012/Augsburg-Stats
2012,Auxerre,Ligue 1,team,29.0,27.0,,38.0,418.0,,,46.0,28.0,74.0,45.0,1.0,1.0,84.0,5.0,,,1.21,0.74,1.95,1.18,1.92,,,,,,,,,,https://fbref.com/en/squads/5ae09109/2011-2012/Auxerre-Stats
2012,Auxerre,Ligue 1,opponent,29.0,25.9,,38.0,418.0,,,,,,,,,,,,,,,,,,,,,,,,,,,https://fbref.com/en/squads/5ae09109/2011-2012/Auxerre-Stats
2012,Barcelona,La Liga,team,29.0,26.6,,38.0,418.0,,,112.0,69.0,181.0,102.0,10.0,11.0,74.0,4.0,,,2.95,1.82,4.76,2.68,4.5,,,,,,,,,,https://fbref.com/en/squads/206d90db/2011-2012/Barcelona-Stats
2012,Barcelona,La Liga,opponent,29.0,26.4,,38.0,418.0,,,,,,,,,,,,,,,,,,,,,,,,,,,https://fbref.com/en/squads/206d90db/2011-2012/Barcelona-Stats
2012,Bayern Munich,Bundesliga,team,21.0,25.4,,34.0,374.0,,,75.0,49.0,124.0,66.0,9.0,11.0,45.0,3.0,,,2.21,1.44,3.65,1.94,3.38,,,,,,,,,,https://fbref.com/en/squads/054efa67/2011-2012/Bayern-Munich-Stats
2012,Bayern Munich,Bundesliga,opponent,21.0,25.4,,34.0,374.0,,,,,,,,,,,,,,,,,,,,,,,,,,,https://fbref.com/en/squads/054efa67/2011-2012/Bayern-Munich-Stats
2012,Betis,La Liga,team,31.0,27.4,,38.0,418.0,,,47.0,25.0,72.0,44.0,3.0,3.0,101.0,7.0,,,1.24,0.66,1.89,1.16,1.82,,,,,,,,,,https://fbref.com/en/squads/fc536746/2011-2012/Real-Betis-Stats
2012,Betis,La Liga,opponent,31.0,26.3,,38.0,418.0,,,,,,,,,,,,,,,,,,,,,,,,,,,https://fbref.com/en/squads/fc536746/2011-2012/Real-Betis-Stats
2012,Blackburn,Premier League,team,31.0,25.5,,38.0,418.0,,,44.0,32.0,76.0,40.0,4.0,8.0,66.0,5.0,,,1.16,0.84,2.0,1.05,1.89,,,,,,,,,,https://fbref.com/en/squads/e090f40b/2011-2012/Blackburn-Rovers-Stats
2012,Blackburn,Premier League,opponent,31.0,26.8,,38.0,418.0,,,,,,,,,,,,,,,,,,,,,,,,,,,https://fbref.com/en/squads/e090f40b/2011-2012/Blackburn-Rovers-Stats
2012,Bologna,Serie A,team,27.0,28.1,,38.0,418.0,,,41.0,25.0,66.0,39.0,2.0,3.0,97.0,3.0,,,1.08,0.66,1.74,1.03,1.68,,,,,,,,,,https://fbref.com/en/squads/1d8099f8/2011-2012/Bologna-Stats
2012,Bologna,Serie A,opponent,27.0,27.9,,38.0,418.0,,,,,,,,,,,,,,,,,,,,,,,,,,,https://fbref.com/en/squads/1d8099f8/2011-2012/Bologna-Stats
2012,Bolton,Premier League,team,30.0,27.4,,38.0,418.0,,,43.0,29.0,72.0,38.0,5.0,6.0,50.0,5.0,,,1.13,0.76,1.89,1.0,1.76,,,,,,,,,,https://fbref.com/en/squads/445d3104/2011-2012/Bolton-Wanderers-Stats
2012,Bolton,Premier League,opponent,30.0,26.8,,38.0,418.0,,,,,,,,,,,,,,,,,,,,,,,,,,,https://fbref.com/en/squads/445d3104/2011-2012/Bolton-Wanderers-Stats
2012,Bordeaux,Ligue 1,team,26.0,26.7,,38.0,418.0,,,53.0,30.0,83.0,46.0,7.0,9.0,62.0,4.0,,,1.39,0.79,2.18,1.21,2.0,,,,,,,,,,https://fbref.com/en/squads/123f3efe/2011-2012/Bordeaux-Stats
2012,Bordeaux,Ligue 1,opponent,26.0,25.9,,38.0,418.0,,,,,,,,,,,,,,,,,,,,,,,,,,,https://fbref.com/en/squads/123f3efe/2011-2012/Bordeaux-Stats
2012,Brest,Ligue 1,team,31.0,27.4,,38.0,418.0,,,31.0,15.0,46.0,27.0,4.0,6.0,73.0,5.0,,,0.82,0.39,1.21,0.71,1.11,,,,,,,,,,https://fbref.com/en/squads/fb08dbb3/2011-2012/Brest-Stats
2012,Brest,Ligue 1,opponent,31.0,26.0,,38.0,418.0,,,,,,,,,,,,,,,,,,,,,,,,,,,https://fbref.com/en/squads/fb08dbb3/2011-2012/Brest-Stats
2012,Caen,Ligue 1,team,23.0,26.3,,38.0,418.0,,,39.0,21.0,60.0,33.0,6.0,6.0,69.0,6.0,,,1.03,0.55,1.58,0.87,1.42,,,,,,,,,,https://fbref.com/en/squads/74229020/2011-2012/Caen-Stats
2012,Caen,Ligue 1,opponent,23.0,26.0,,38.0,418.0,,,,,,,,,,,,,,,,,,,,,,,,,,,https://fbref.com/en/squads/74229020/2011-2012/Caen-Stats
2012,Cagliari,Serie A,team,25.0,26.6,,38.0,418.0,,,35.0,20.0,55.0,29.0,6.0,6.0,78.0,2.0,,,0.92,0.53,1.45,0.76,1.29,,,,,,,,,,https://fbref.com/en/squads/c4260e09/2011-2012/Cagliari-Stats
2012,Cagliari,Serie A,opponent,25.0,27.8,,38.0,418.0,,,,,,,,,,,,,,,,,,,,,,,,,,,https://fbref.com/en/squads/c4260e09/2011-2012/Cagliari-Stats
2012,Catania,Serie A,team,33.0,27.5,,38.0,418.0,,,46.0,24.0,70.0,37.0,9.0,11.0,74.0,6.0,,,1.21,0.63,1.84,0.97,1.61,,,,,,,,,,https://fbref.com/en/squads/7b046f08/2011-2012/Catania-Stats
2012,Catania,Serie A,opponent,33.0,28.1,,38.0,418.0,,,,,,,,,,,,,,,,,,,,,,,,,,,https://fbref.com/en/squads/7b046f08/2011-2012/Catania-Stats
2012,Cesena,Serie A,team,34.0,28.8,,38.0,418.0,,,23.0,10.0,33.0,19.0,4.0,7.0,94.0,10.0,,,0.61,0.26,0.87,0.5,0.76,,,,,,,,,,https://fbref.com/en/squads/283f2557/2011-2012/Cesena-Stats
2012,Cesena,Serie A,opponent,34.0,27.8,,38.0,418.0,,,,,,,,,,,,,,,,,,,,,,,,,,,https://fbref.com/en/squads/283f2557/2011-2012/Cesena-Stats
2012,Chelsea,Premier League,team,29.0,27.6,,38.0,418.0,,,63.0,45.0,108.0,59.0,4.0,5.0,74.0,4.0,,,1.66,1.18,2.84,1.55,2.74,,,,,,,,,,https://fbref.com/en/squads/cff3d9bb/2011-2012/Chelsea-Stats
2012,Chelsea,Premier League,opponent,29.0,26.5,,38.0,418.0,,,,,,,,,,,,,,,,,,,,,,,,,,,https://fbref.com/en/squads/cff3d9bb/2011-2012/Chelsea-Stats
2012,Chievo,Serie A,team,26.0,28.0,,38.0,418.0,,,35.0,22.0,57.0,32.0,3.0,5.0,82.0,1.0,,,0.92,0.58,1.5,0.84,1.42,,,,,,,,,,https://fbref.com/en/squads/cc919b35/2011-2012/Chievo-Stats
2012,Chievo,Serie A,opponent,26.0,28.0,,38.0,418.0,,,,,,,,,,,,,,,,,,,,,,,,,,,https://fbref.com/en/squads/cc919b35/2011-2012/Chievo-Stats
2012,Dijon,Ligue 1,team,29.0,24.4,,38.0,418.0,,,38.0,19.0,57.0,35.0,3.0,4.0,80.0,7.0,,,1.0,0.5,1.5,0.92,1.42,,,,,,,,,,https://fbref.com/en/squads/8dfb7350/2011-2012/Dijon-Stats
2012,Dijon,Ligue 1,opponent,29.0,26.1,,38.0,418.0,,,,,,,,,,,,,,,,,,,,,,,,,,,https://fbref.com/en/squads/8dfb7350/2011-2012/Dijon-Stats
2012,Dortmund,Bundesliga,team,23.0,24.4,,34.0,374.0,,,80.0,58.0,138.0,79.0,1.0,1.0,34.0,2.0,,,2.35,1.71,4.06,2.32,4.03,,,,,,,,,,https://fbref.com/en/squads/add600ae/2011-2012/Dortmund-Stats
2012,Dortmund,Bundesliga,opponent,23.0,25.6,,34.0,374.0,,,,,,,,,,,,,,,,,,,,,,,,,,,https://fbref.com/en/squads/add600ae/2011-2012/Dortmund-Stats
2012,Espanyol,La Liga,team,29.0,24.2,,38.0,418.0,,,45.0,32.0,77.0,44.0,1.0,1.0,130.0,6.0,,,1.18,0.84,2.03,1.16,2.0,,,,,,,,,,https://fbref.com/en/squads/a8661628/2011-2012/Espanyol-Stats
2012,Espanyol,La Liga,opponent,29.0,26.7,,38.0,418.0,,,,,,,,,,,,,,,,,,,,,,,,,,,https://fbref.com/en/squads/a8661628/2011-2012/Espanyol-Stats
2012,Everton,Premier League,team,29.0,28.6,,38.0,407.0,,,47.0,32.0,79.0,42.0,5.0,5.0,61.0,2.0,,,1.24,0.84,2.08,1.11,1.95,,,,,,,,,,https://fbref.com/en/squads/d3fd31cc/2011-2012/Everton-Stats
2012,Everton,Premier League,opponent,29.0,26.8,,38.0,407.0,,,,,,,,,,,,,,,,,,,,,,,,,,,https://fbref.com/en/squads/d3fd31cc/2011-2012/Everton-Stats
2012,Evian,Ligue 1,team,28.0,27.1,,38.0,418.0,,,52.0,26.0,78.0,47.0,5.0,6.0,83.0,5.0,,,1.37,0.68,2.05,1.24,1.92,,,,,,,,,,https://fbref.com/en/squads/633fbb6e/2011-2012/Evian-Stats
2012,Evian,Ligue 1,opponent,28.0,26.0,,38.0,418.0,,,,,,,,,,,,,,,,,,,,,,,,,,,https://fbref.com/en/squads/633fbb6e/2011-2012/Evian-Stats
2012,Fiorentina,Serie A,team,28.0,27.0,,38.0,418.0,,,36.0,22.0,58.0,30.0,6.0,8.0,91.0,3.0,,,0.95,0.58,1.53,0.79,1.37,,,,,,,,,,https://fbref.com/en/squads/421387cf/2011-2012/Fiorentina-Stats
2012,Fiorentina,Serie A,opponent,28.0,27.8,,38.0,418.0,,,,,,,,,,,,,,,,,,,,,,,,,,,https://fbref.com/en/squads/421387cf/2011-2012/Fiorentina-Stats
2012,Freiburg,Bundesliga,team,31.0,24.9,,34.0,374.0,,,44.0,31.0,75.0,41.0,3.0,4.0,56.0,1.0,,,1.29,0.91,2.21,1.21,2.12,,,,,,,,,,https://fbref.com/en/squads/a486e511/2011-2012/Freiburg-Stats
2012,Freiburg,Bundesliga,opponent,31.0,25.7,,34.0,374.0,,,,,,,,,,,,,,,,,,,,,,,,,,,https://fbref.com/en/squads/a486e511/2011-2012/Freiburg-Stats
2012,Fulham,Premier League,team,28.0,29.6,,38.0,418.0,,,44.0,31.0,75.0,41.0,3.0,4.0,54.0,0.0,,,1.16,0.82,1.97,1.08,1.89,,,,,,,,,,https://fbref.com/en/squads/fd962109/2011-2012/Fulham-Stats
2012,Fulham,Premier League,opponent,28.0,26.7,,38.0,418.0,,,,,,,,,,,,,,,,,,,,,,,,,,,https://fbref.com/en/squads/fd962109/2011-2012/Fulham-Stats
2012,Genoa,Serie A,team,29.0,28.3,,38.0,418.0,,,49.0,29.0,78.0,44.0,5.0,6.0,84.0,11.0,,,1.29,0.76,2.05,1.16,1.92,,,,,,,,,,https://fbref.com/en/squads/658bf2de/2011-2012/Genoa-Stats
2012,Genoa,Serie A,opponent,29.0,27.9,,38.0,418.0,,,,,,,,,,,,,,,,,,,,,,,,,,,https://fbref.com/en/squads/658bf2de/2011-2012/Genoa-Stats
2012,Getafe,La Liga,team,29.0,27.6,,38.0,418.0,,,38.0,20.0,58.0,35.0,3.0,3.0,127.0,8.0,,,1.0,0.53,1.53,0.92,1.45,,,,,,,,,,https://fbref.com/en/squads/7848bd64/2011-2012/Getafe-Stats
2012,Getafe,La Liga,opponent,29.0,26.4,,38.0,418.0,,,,,,,,,,,,,,,,,,,,,,,,,,,https://fbref.com/en/squads/7848bd64/2011-2012/Getafe-Stats
2012,Granada,La Liga,team,25.0,26.5,,38.0,418.0,,,35.0,18.0,53.0,31.0,4.0,4.0,107.0,10.0,,,0.92,0.47,1.39,0.82,1.29,,,,,,,,,,https://fbref.com/en/squads/a0435291/2011-2012/Granada-Stats
2012,Granada,La Liga,opponent,25.0,26.6,,38.0,418.0,,,,,,,,,,,,,,,,,,,,,,,,,,,https://fbref.com/en/squads/a0435291/2011-2012/Granada-Stats
2012,Hamburger SV,Bundesliga,team,26.0,25.2,,34.0,374.0,,,35.0,15.0,50.0,32.0,3.0,3.0,64.0,2.0,,,1.03,0.44,1.47,0.94,1.38,,,,,,,,,,https://fbref.com/en/squads/26790c6a/2011-2012/Hamburger-SV-Stats
2012,Hamburger SV,Bundesliga,opponent,26.0,25.8,,34.0,374.0,,,,,,,,,,,,,,,,,,,,,,,,,,,https://fbref.com/en/squads/26790c6a/2011-2012/Hamburger-SV-Stats
2012,Hannover 96,Bundesliga,team,23.0,26.5,,34.0,374.0,,,38.0,25.0,63.0,33.0,5.0,5.0,64.0,3.0,,,1.12,0.74,1.85,0.97,1.71,,,,,,,,,,https://fbref.com/en/squads/60b5e41f/2011-2012/Hannover-96-Stats
2012,Hannover 96,Bundesliga,opponent,23.0,25.5,,34.0,374.0,,,,,,,,,,,,,,,,,,,,,,,,,,,https://fbref.com/en/squads/60b5e41f/2011-2012/Hannover-96-Stats
2012,Hertha BSC,Bundesliga,team,25.0,26.0,,34.0,373.0,,,37.0,25.0,62.0,36.0,1.0,2.0,64.0,8.0,,,1.09,0.74,1.82,1.06,1.79,,,,,,,,,,https://fbref.com/en/squads/2818f8bc/2011-2012/Hertha-BSC-Stats
2012,Hertha BSC,Bundesliga,opponent,25.0,25.5,,34.0,373.0,,,,,,,,,,,,,,,,,,,,,,,,,,,https://fbref.com/en/squads/2818f8bc/2011-2012/Hertha-BSC-Stats
2012,Hoffenheim,Bundesliga,team,27.0,24.2,,34.0,374.0,,,38.0,22.0,60.0,30.0,8.0,9.0,70.0,3.0,,,1.12,0.65,1.76,0.88,1.53,,,,,,,,,,https://fbref.com/en/squads/033ea6b8/2011-2012/Hoffenheim-Stats
2012,Hoffenheim,Bundesliga,opponent,27.0,25.6,,34.0,374.0,,,,,,,,,,,,,,,,,,,,,,,,,,,https://fbref.com/en/squads/033ea6b8/2011-2012/Hoffenheim-Stats
2012,Inter,Serie A,team,30.0,29.7,,38.0,418.0,,,57.0,39.0,96.0,49.0,8.0,11.0,62.0,4.0,,,1.5,1.03,2.53,1.29,2.32,,,,,,,,,,https://fbref.com/en/squads/d609edc0/2011-2012/Internazionale-Stats
2012,Inter,Serie A,opponent,30.0,27.9,,38.0,418.0,,,,,,,,,,,,,,,,,,,,,,,,,,,https://fbref.com/en/squads/d609edc0/2011-2012/Internazionale-Stats
2012,Juventus,Serie A,team,25.0,28.0,,38.0,418.0,,,67.0,45.0,112.0,65.0,2.0,4.0,68.0,4.0,,,1.76,1.18,2.95,1.71,2.89,,,,,,,,,,https://fbref.com/en/squads/e0652b02/2011-2012/Juventus-Stats
2012,Juventus,Serie A,opponent,25.0,27.8,,38.0,418.0,,,,,,,,,,,,,,,,,,,,,,,,,,,https://fbref.com/en/squads/e0652b02/2011-2012/Juventus-Stats
2012,Kaiserslautern,Bundesliga,team,32.0,25.4,,34.0,374.0,,,21.0,15.0,36.0,20.0,1.0,1.0,69.0,4.0,,,0.62,0.44,1.06,0.59,1.03,,,,,,,,,,https://fbref.com/en/squads/73a27a73/2011-2012/Kaiserslautern-Stats
2012,Kaiserslautern,Bundesliga,opponent,32.0,25.8,,34.0,374.0,,,,,,,,,,,,,,,,,,,,,,,,,,,https://fbref.com/en/squads/73a27a73/2011-2012/Kaiserslautern-Stats
2012,Köln,Bundesliga,team,26.0,26.3,,34.0,374.0,,,39.0,29.0,68.0,36.0,3.0,3.0,68.0,6.0,,,1.15,0.85,2.0,1.06,1.91,,,,,,,,,,https://fbref.com/en/squads/bc357bf7/2011-2012/Koln-Stats
2012,Köln,Bundesliga,opponent,26.0,25.4,,34.0,374.0,,,,,,,,,,,,,,,,,,,,,,,,,,,https://fbref.com/en/squads/bc357bf7/2011-2012/Koln-Stats
2012,Lazio,Serie A,team,32.0,29.1,,38.0,418.0,,,54.0,37.0,91.0,47.0,7.0,7.0,76.0,9.0,,,1.42,0.97,2.39,1.24,2.21,,,,,,,,,,https://fbref.com/en/squads/7213da33/2011-2012/Lazio-Stats
2012,Lazio,Serie A,opponent,32.0,27.9,,38.0,418.0,,,,,,,,,,,,,,,,,,,,,,,,,,,https://fbref.com/en/squads/7213da33/2011-2012/Lazio-Stats
2012,Lecce,Serie A,team,31.0,27.8,,38.0,418.0,,,40.0,21.0,61.0,34.0,6.0,7.0,104.0,9.0,,,1.05,0.55,1.61,0.89,1.45,,,,,,,,,,https://fbref.com/en/squads/ffcbe334/2011-2012/Lecce-Stats
2012,Lecce,Serie A,opponent,31.0,28.0,,38.0,418.0,,,,,,,,,,,,,,,,,,,,,,,,,,,https://fbref.com/en/squads/ffcbe334/2011-2012/Lecce-Stats
2012,Levante,La Liga,team,27.0,30.4,,38.0,418.0,,,54.0,30.0,84.0,46.0,8.0,8.0,117.0,4.0,,,1.42,0.79,2.21,1.21,2.0,,,,,,,,,,https://fbref.com/en/squads/9800b6a1/2011-2012/Levante-Stats
2012,Levante,La Liga,opponent,27.0,26.2,,38.0,418.0,,,,,,,,,,,,,,,,,,,,,,,,,,,https://fbref.com/en/squads/9800b6a1/2011-2012/Levante-Stats
2012,Leverkusen,Bundesliga,team,26.0,24.4,,34.0,374.0,,,51.0,34.0,85.0,50.0,1.0,2.0,46.0,4.0,,,1.5,1.0,2.5,1.47,2.47,,,,,,,,,,https://fbref.com/en/squads/c7a9f859/2011-2012/Bayer-Leverkusen-Stats
2012,Leverkusen,Bundesliga,opponent,26.0,25.8,,34.0,374.0,,,,,,,,,,,,,,,,,,,,,,,,,,,https://fbref.com/en/squads/c7a9f859/2011-2012/Bayer-Leverkusen-Stats
2012,Lille,Ligue 1,team,24.0,27.0,,38.0,418.0,,,70.0,42.0,112.0,58.0,12.0,13.0,66.0,4.0,,,1.84,1.11,2.95,1.53,2.63,,,,,,,,,,https://fbref.com/en/squads/cb188c0c/2011-2012/Lille-Stats
2012,Lille,Ligue 1,opponent,24.0,26.0,,38.0,418.0,,,,,,,,,,,,,,,,,,,,,,,,,,,https://fbref.com/en/squads/cb188c0c/2011-2012/Lille-Stats
2012,Liverpool,Premier League,team,26.0,26.3,,38.0,418.0,,,42.0,23.0,65.0,41.0,1.0,4.0,52.0,5.0,,,1.11,0.61,1.71,1.08,1.68,,,,,,,,,,https://fbref.com/en/squads/822bd0ba/2011-2012/Liverpool-Stats
2012,Liverpool,Premier League,opponent,26.0,26.8,,38.0,418.0,,,,,,,,,,,,,,,,,,,,,,,,,,,https://fbref.com/en/squads/822bd0ba/2011-2012/Liverpool-Stats
2012,Lorient,Ligue 1,team,33.0,25.8,,38.0,418.0,,,34.0,22.0,56.0,31.0,3.0,3.0,67.0,4.0,,,0.89,0.58,1.47,0.82,1.39,,,,,,,,,,https://fbref.com/en/squads/d2c87802/2011-2012/Lorient-Stats
2012,Lorient,Ligue 1,opponent,33.0,26.0,,38.0,418.0,,,,,,,,,,,,,,,,,,,,,,,,,,,https://fbref.com/en/squads/d2c87802/2011-2012/Lorient-Stats
2012,Lyon,Ligue 1,team,28.0,25.5,,38.0,418.0,,,62.0,35.0,97.0,56.0,6.0,6.0,61.0,6.0,,,1.63,0.92,2.55,1.47,2.39,,,,,,,,,,https://fbref.com/en/squads/d53c0b06/2011-2012/Lyon-Stats
2012,Lyon,Ligue 1,opponent,28.0,26.1,,38.0,418.0,,,,,,,,,,,,,,,,,,,,,,,,,,,https://fbref.com/en/squads/d53c0b06/2011-2012/Lyon-Stats
2012,M'Gladbach,Bundesliga,team,25.0,25.6,,34.0,374.0,,,49.0,35.0,84.0,46.0,3.0,3.0,49.0,1.0,,,1.44,1.03,2.47,1.35,2.38,,,,,,,,,,https://fbref.com/en/squads/32f3ee20/2011-2012/Monchengladbach-Stats
2012,M'Gladbach,Bundesliga,opponent,25.0,25.5,,34.0,374.0,,,,,,,,,,,,,,,,,,,,,,,,,,,https://fbref.com/en/squads/32f3ee20/2011-2012/Monchengladbach-Stats
2012,Mainz 05,Bundesliga,team,27.0,27.1,,34.0,374.0,,,46.0,31.0,77.0,41.0,5.0,5.0,49.0,2.0,,,1.35,0.91,2.26,1.21,2.12,,,,,,,,,,https://fbref.com/en/squads/a224b06a/2011-2012/Mainz-05-Stats
2012,Mainz 05,Bundesliga,opponent,27.0,25.3,,34.0,374.0,,,,,,,,,,,,,,,,,,,,,,,,,,,https://fbref.com/en/squads/a224b06a/2011-2012/Mainz-05-Stats
2012,Mallorca,La Liga,team,28.0,26.4,,38.0,418.0,,,38.0,25.0,63.0,33.0,5.0,5.0,118.0,6.0,,,1.0,0.66,1.66,0.87,1.53,,,,,,,,,,https://fbref.com/en/squads/2aa12281/2011-2012/Mallorca-Stats
2012,Mallorca,La Liga,opponent,28.0,26.4,,38.0,418.0,,,,,,,,,,,,,,,,,,,,,,,,,,,https://fbref.com/en/squads/2aa12281/2011-2012/Mallorca-Stats
2012,Manchester City,Premier League,team,24.0,25.8,,38.0,418.0,,,91.0,73.0,164.0,84.0,7.0,8.0,51.0,5.0,,,2.39,1.92,4.32,2.21,4.13,,,,,,,,,,https://fbref.com/en/squads/b8fd03ef/2011-2012/Manchester-City-Stats
2012,Manchester City,Premier League,opponent,24.0,26.9,,38.0,418.0,,,,,,,,,,,,,,,,,,,,,,,,,,,https://fbref.com/en/squads/b8fd03ef/2011-2012/Manchester-City-Stats
2012,Manchester Utd,Premier League,team,31.0,26.3,,38.0,418.0,,,87.0,69.0,156.0,78.0,9.0,11.0,51.0,1.0,,,2.29,1.82,4.11,2.05,3.87,,,,,,,,,,https://fbref.com/en/squads/19538871/2011-2012/Manchester-United-Stats
2012,Manchester Utd,Premier League,opponent,31.0,26.6,,38.0,418.0,,,,,,,,,,,,,,,,,,,,,,,,,,,https://fbref.com/en/squads/19538871/2011-2012/Manchester-United-Stats
2012,Marseille,Ligue 1,team,24.0,26.3,,38.0,418.0,,,44.0,30.0,74.0,41.0,3.0,4.0,73.0,5.0,,,1.16,0.79,1.95,1.08,1.87,,,,,,,,,,https://fbref.com/en/squads/5725cc7b/2011-2012/Marseille-Stats
2012,Marseille,Ligue 1,opponent,24.0,25.9,,38.0,418.0,,,,,,,,,,,,,,,,,,,,,,,,,,,https://fbref.com/en/squads/5725cc7b/2011-2012/Marseille-Stats
2012,Milan,Serie A,team,32.0,29.1,,38.0,418.0,,,72.0,44.0,116.0,62.0,10.0,10.0,75.0,4.0,,,1.89,1.16,3.05,1.63,2.79,,,,,,,,,,https://fbref.com/en/squads/dc56fe14/2011-2012/Milan-Stats
2012,Milan,Serie A,opponent,32.0,27.8,,38.0,418.0,,,,,,,,,,,,,,,,,,,,,,,,,,,https://fbref.com/en/squads/dc56fe14/2011-2012/Milan-Stats
2012,Montpellier,Ligue 1,team,23.0,26.3,,38.0,418.0,,,65.0,36.0,101.0,58.0,7.0,10.0,68.0,7.0,,,1.71,0.95,2.66,1.53,2.47,,,,,,,,,,https://fbref.com/en/squads/281b0e73/2011-2012/Montpellier-Stats
2012,Montpellier,Ligue 1,opponent,23.0,25.8,,38.0,418.0,,,,,,,,,,,,,,,,,,,,,,,,,,,https://fbref.com/en/squads/281b0e73/2011-2012/Montpellier-Stats
2012,Málaga,La Liga,team,26.0,27.3,,38.0,418.0,,,51.0,26.0,77.0,50.0,1.0,2.0,73.0,7.0,,,1.34,0.68,2.03,1.32,2.0,,,,,,,,,,https://fbref.com/en/squads/1c896955/2011-2012/Malaga-Stats
2012,Málaga,La Liga,opponent,26.0,26.4,,38.0,418.0,,,,,,,,,,,,,,,,,,,,,,,,,,,https://fbref.com/en/squads/1c896955/2011-2012/Malaga-Stats
2012,Nancy,Ligue 1,team,31.0,25.6,,38.0,418.0,,,37.0,26.0,63.0,34.0,3.0,4.0,60.0,2.0,,,0.97,0.68,1.66,0.89,1.58,,,,,,,,,,https://fbref.com/en/squads/e88fc6e5/2011-2012/Nancy-Stats
2012,Nancy,Ligue 1,opponent,31.0,26.0,,38.0,418.0,,,,,,,,,,,,,,,,,,,,,,,,,,,https://fbref.com/en/squads/e88fc6e5/2011-2012/Nancy-Stats
2012,Napoli,Serie A,team,25.0,28.3,,38.0,418.0,,,65.0,40.0,105.0,61.0,4.0,9.0,78.0,5.0,,,1.71,1.05,2.76,1.61,2.66,,,,,,,,,,https://fbref.com/en/squads/d48ad4ff/2011-2012/Napoli-Stats
2012,Napoli,Serie A,opponent,25.0,27.9,,38.0,418.0,,,,,,,,,,,,,,,,,,,,,,,,,,,https://fbref.com/en/squads/d48ad4ff/2011-2012/Napoli-Stats
2012,Newcastle Utd,Premier League,team,26.0,25.6,,38.0,418.0,,,51.0,36.0,87.0,49.0,2.0,3.0,65.0,2.0,,,1.34,0.95,2.29,1.29,2.24,,,,,,,,,,https://fbref.com/en/squads/b2b47a98/2011-2012/Newcastle-United-Stats
2012,Newcastle Utd,Premier League,opponent,26.0,27.0,,38.0,418.0,,,,,,,,,,,,,,,,,,,,,,,,,,,https://fbref.com/en/squads/b2b47a98/2011-2012/Newcastle-United-Stats
2012,Nice,Ligue 1,team,31.0,26.0,,38.0,418.0,,,38.0,21.0,59.0,31.0,7.0,9.0,68.0,7.0,,,1.0,0.55,1.55,0.82,1.37,,,,,,,,,,https://fbref.com/en/squads/132ebc33/2011-2012/Nice-Stats
2012,Nice,Ligue 1,opponent,31.0,26.1,,38.0,418.0,,,,,,,,,,,,,,,,,,,,,,,,,,,https://fbref.com/en/squads/132ebc33/2011-2012/Nice-Stats
2012,Norwich City,Premier League,team,27.0,25.8,,38.0,418.0,,,52.0,33.0,85.0,50.0,2.0,2.0,58.0,3.0,,,1.37,0.87,2.24,1.32,2.18,,,,,,,,,,https://fbref.com/en/squads/1c781004/2011-2012/Norwich-City-Stats
2012,Norwich City,Premier League,opponent,27.0,27.0,,38.0,418.0,,,,,,,,,,,,,,,,,,,,,,,,,,,https://fbref.com/en/squads/1c781004/2011-2012/Norwich-City-Stats
2012,Novara,Serie A,team,32.0,28.7,,38.0,418.0,,,34.0,17.0,51.0,28.0,6.0,7.0,77.0,6.0,,,0.89,0.45,1.34,0.74,1.18,,,,,,,,,,https://fbref.com/en/squads/6c37111f/2011-2012/Novara-Stats
2012,Novara,Serie A,opponent,32.0,27.9,,38.0,418.0,,,,,,,,,,,,,,,,,,,,,,,,,,,https://fbref.com/en/squads/6c37111f/2011-2012/Novara-Stats
2012,Nürnberg,Bundesliga,team,27.0,25.4,,34.0,374.0,,,38.0,27.0,65.0,35.0,3.0,3.0,71.0,2.0,,,1.12,0.79,1.91,1.03,1.82,,,,,,,,,,https://fbref.com/en/squads/6f2c108c/2011-2012/Nurnberg-Stats
2012,Nürnberg,Bundesliga,opponent,27.0,25.6,,34.0,374.0,,,,,,,,,,,,,,,,,,,,,,,,,,,https://fbref.com/en/squads/6f2c108c/2011-2012/Nurnberg-Stats
2012,Osasuna,La Liga,team,28.0,27.8,,38.0,418.0,,,43.0,30.0,73.0,42.0,1.0,2.0,98.0,8.0,,,1.13,0.79,1.92,1.11,1.89,,,,,,,,,,https://fbref.com/en/squads/03c57e2b/2011-2012/Osasuna-Stats
2012,Osasuna,La Liga,opponent,28.0,26.4,,38.0,418.0,,,,,,,,,,,,,,,,,,,,,,,,,,,https://fbref.com/en/squads/03c57e2b/2011-2012/Osasuna-Stats
2012,Palermo,Serie A,team,30.0,26.3,,38.0,418.0,,,50.0,34.0,84.0,45.0,5.0,5.0,84.0,6.0,,,1.32,0.89,2.21,1.18,2.08,,,,,,,,,,https://fbref.com/en/squads/ee058a17/2011-2012/Palermo-Stats
2012,Palermo,Serie A,opponent,30.0,27.9,,38.0,418.0,,,,,,,,,,,,,,,,,,,,,,,,,,,https://fbref.com/en/squads/ee058a17/2011-2012/Palermo-Stats
2012,Paris S-G,Ligue 1,team,24.0,26.9,,38.0,418.0,,,74.0,53.0,127.0,64.0,10.0,10.0,79.0,4.0,,,1.95,1.39,3.34,1.68,3.08,,,,,,,,,,https://fbref.com/en/squads/e2d8892c/2011-2012/Paris-Saint-Germain-Stats
2012,Paris S-G,Ligue 1,opponent,24.0,26.0,,38.0,418.0,,,,,,,,,,,,,,,,,,,,,,,,,,,https://fbref.com/en/squads/e2d8892c/2011-2012/Paris-Saint-Germain-Stats
2012,Parma,Serie A,team,32.0,28.2,,38.0,418.0,,,52.0,25.0,77.0,45.0,7.0,8.0,79.0,2.0,,,1.37,0.66,2.03,1.18,1.84,,,,,,,,,,https://fbref.com/en/squads/eab4234c/2011-2012/Parma-Stats
2012,Parma,Serie A,opponent,32.0,27.8,,38.0,418.0,,,,,,,,,,,,,,,,,,,,,,,,,,,https://fbref.com/en/squads/eab4234c/2011-2012/Parma-Stats
2012,QPR,Premier League,team,34.0,28.8,,38.0,418.0,,,41.0,25.0,66.0,39.0,2.0,2.0,53.0,9.0,,,1.08,0.66,1.74,1.03,1.68,,,,,,,,,,https://fbref.com/en/squads/a757999c/2011-2012/Queens-Park-Rangers-Stats
2012,QPR,Premier League,opponent,34.0,27.0,,38.0,418.0,,,,,,,,,,,,,,,,,,,,,,,,,,,https://fbref.com/en/squads/a757999c/2011-2012/Queens-Park-Rangers-Stats
2012,Racing Sant,La Liga,team,32.0,25.6,,38.0,418.0,,,27.0,21.0,48.0,23.0,4.0,4.0,115.0,8.0,,,0.71,0.55,1.26,0.61,1.16,,,,,,,,,,https://fbref.com/en/squads/dee3bbc8/2011-2012/Racing-Santander-Stats
2012,Racing Sant,La Liga,opponent,32.0,26.6,,38.0,418.0,,,,,,,,,,,,,,,,,,,,,,,,,,,https://fbref.com/en/squads/dee3bbc8/2011-2012/Racing-Santander-Stats
2012,Rayo Vallecano,La Liga,team,32.0,26.8,,38.0,418.0,,,51.0,26.0,77.0,46.0,5.0,6.0,125.0,3.0,,,1.34,0.68,2.03,1.21,1.89,,,,,,,,,,https://fbref.com/en/squads/98e8af82/2011-2012/Rayo-Vallecano-Stats
2012,Rayo Vallecano,La Liga,opponent,32.0,26.7,,38.0,418.0,,,,,,,,,,,,,,,,,,,,,,,,,,,https://fbref.com/en/squads/98e8af82/2011-2012/Rayo-Vallecano-Stats
2012,Real Madrid,La Liga,team,25.0,26.1,,38.0,418.0,,,120.0,85.0,205.0,108.0,12.0,13.0,90.0,5.0,,,3.16,2.24,5.39,2.84,5.08,,,,,,,,,,https://fbref.com/en/squads/53a2f082/2011-2012/Real-Madrid-Stats
2012,Real Madrid,La Liga,opponent,25.0,26.5,,38.0,418.0,,,,,,,,,,,,,,,,,,,,,,,,,,,https://fbref.com/en/squads/53a2f082/2011-2012/Real-Madrid-Stats
2012,Real Sociedad,La Liga,team,24.0,25.0,,38.0,418.0,,,45.0,27.0,72.0,45.0,0.0,1.0,78.0,8.0,,,1.18,0.71,1.89,1.18,1.89,,,,,,,,,,https://fbref.com/en/squads/e31d1cd9/2011-2012/Real-Sociedad-Stats
2012,Real Sociedad,La Liga,opponent,24.0,26.6,,38.0,418.0,,,,,,,,,,,,,,,,,,,,,,,,,,,https://fbref.com/en/squads/e31d1cd9/2011-2012/Real-Sociedad-Stats
2012,Rennes,Ligue 1,team,27.0,24.1,,38.0,418.0,,,52.0,35.0,87.0,46.0,6.0,7.0,67.0,3.0,,,1.37,0.92,2.29,1.21,2.13,,,,,,,,,,https://fbref.com/en/squads/b3072e00/2011-2012/Rennes-Stats
2012,Rennes,Ligue 1,opponent,27.0,26.2,,38.0,418.0,,,,,,,,,,,,,,,,,,,,,,,,,,,https://fbref.com/en/squads/b3072e00/2011-2012/Rennes-Stats
2012,Roma,Serie A,team,30.0,26.9,,38.0,418.0,,,59.0,40.0,99.0,57.0,2.0,4.0,78.0,10.0,,,1.55,1.05,2.61,1.5,2.55,,,,,,,,,,https://fbref.com/en/squads/cf74a709/2011-2012/Roma-Stats
2012,Roma,Serie A,opponent,30.0,28.0,,38.0,418.0,,,,,,,,,,,,,,,,,,,,,,,,,,,https://fbref.com/en/squads/cf74a709/2011-2012/Roma-Stats
2012,Saint-Étienne,Ligue 1,team,30.0,25.1,,38.0,418.0,,,45.0,31.0,76.0,43.0,2.0,2.0,71.0,5.0,,,1.18,0.82,2.0,1.13,1.95,,,,,,,,,,https://fbref.com/en/squads/d298ef2c/2011-2012/Saint-Etienne-Stats
2012,Saint-Étienne,Ligue 1,opponent,30.0,26.1,,38.0,418.0,,,,,,,,,,,,,,,,,,,,,,,,,,,https://fbref.com/en/squads/d298ef2c/2011-2012/Saint-Etienne-Stats
2012,Schalke 04,Bundesliga,team,28.0,24.5,,34.0,374.0,,,74.0,50.0,124.0,68.0,6.0,7.0,63.0,2.0,,,2.18,1.47,3.65,2.0,3.47,,,,,,,,,,https://fbref.com/en/squads/c539e393/2011-2012/Schalke-04-Stats
2012,Schalke 04,Bundesliga,opponent,28.0,25.6,,34.0,374.0,,,,,,,,,,,,,,,,,,,,,,,,,,,https://fbref.com/en/squads/c539e393/2011-2012/Schalke-04-Stats
2012,Sevilla,La Liga,team,28.0,26.9,,38.0,418.0,,,47.0,32.0,79.0,46.0,1.0,4.0,109.0,8.0,,,1.24,0.84,2.08,1.21,2.05,,,,,,,,,,https://fbref.com/en/squads/ad2be733/2011-2012/Sevilla-Stats
2012,Sevilla,La Liga,opponent,28.0,26.4,,38.0,418.0,,,,,,,,,,,,,,,,,,,,,,,,,,,https://fbref.com/en/squads/ad2be733/2011-2012/Sevilla-Stats
2012,Siena,Serie A,team,29.0,28.2,,38.0,418.0,,,45.0,20.0,65.0,38.0,7.0,8.0,94.0,2.0,,,1.18,0.53,1.71,1.0,1.53,,,,,,,,,,https://fbref.com/en/squads/45a2f824/2011-2012/Siena-Stats
2012,Siena,Serie A,opponent,29.0,27.8,,38.0,418.0,,,,,,,,,,,,,,,,,,,,,,,,,,,https://fbref.com/en/squads/45a2f824/2011-2012/Siena-Stats
2012,Sochaux,Ligue 1,team,31.0,24.9,,38.0,418.0,,,38.0,21.0,59.0,35.0,3.0,3.0,50.0,7.0,,,1.0,0.55,1.55,0.92,1.47,,,,,,,,,,https://fbref.com/en/squads/b9cd3c9a/2011-2012/Sochaux-Stats
2012,Sochaux,Ligue 1,opponent,31.0,26.1,,38.0,418.0,,,,,,,,,,,,,,,,,,,,,,,,,,,https://fbref.com/en/squads/b9cd3c9a/2011-2012/Sochaux-Stats
2012,Sporting Gijón,La Liga,team,30.0,26.4,,38.0,418.0,,,41.0,21.0,62.0,38.0,3.0,3.0,117.0,5.0,,,1.08,0.55,1.63,1.0,1.55,,,,,,,,,,https://fbref.com/en/squads/bb9efd50/2011-2012/Sporting-Gijon-Stats
2012,Sporting Gijón,La Liga,opponent,30.0,26.5,,38.0,418.0,,,,,,,,,,,,,,,,,,,,,,,,,,,https://fbref.com/en/squads/bb9efd50/2011-2012/Sporting-Gijon-Stats
2012,Stoke City,Premier League,team,23.0,27.9,,38.0,418.0,,,35.0,28.0,63.0,31.0,4.0,6.0,60.0,2.0,,,0.92,0.74,1.66,0.82,1.55,,,,,,,,,,https://fbref.com/en/squads/17892952/2011-2012/Stoke-City-Stats
2012,Stoke City,Premier League,opponent,23.0,26.8,,38.0,418.0,,,,,,,,,,,,,,,,,,,,,,,,,,,https://fbref.com/en/squads/17892952/2011-2012/Stoke-City-Stats
2012,Stuttgart,Bundesliga,team,26.0,26.2,,34.0,374.0,,,63.0,42.0,105.0,58.0,5.0,5.0,61.0,4.0,,,1.85,1.24,3.09,1.71,2.94,,,,,,,,,,https://fbref.com/en/squads/598bc722/2011-2012/Stuttgart-Stats
2012,Stuttgart,Bundesliga,opponent,26.0,25.4,,34.0,374.0,,,,,,,,,,,,,,,,,,,,,,,,,,,https://fbref.com/en/squads/598bc722/2011-2012/Stuttgart-Stats
2012,Sunderland,Premier League,team,28.0,25.8,,38.0,418.0,,,43.0,25.0,68.0,42.0,1.0,2.0,58.0,4.0,,,1.13,0.66,1.79,1.11,1.76,,,,,,,,,,https://fbref.com/en/squads/8ef52968/2011-2012/Sunderland-Stats
2012,Sunderland,Premier League,opponent,28.0,27.0,,38.0,418.0,,,,,,,,,,,,,,,,,,,,,,,,,,,https://fbref.com/en/squads/8ef52968/2011-2012/Sunderland-Stats
2012,Swansea City,Premier League,team,25.0,25.4,,38.0,418.0,,,43.0,24.0,67.0,38.0,5.0,6.0,40.0,2.0,,,1.13,0.63,1.76,1.0,1.63,,,,,,,,,,https://fbref.com/en/squads/fb10988f/2011-2012/Swansea-City-Stats
2012,Swansea City,Premier League,opponent,25.0,26.9,,38.0,418.0,,,,,,,,,,,,,,,,,,,,,,,,,,,https://fbref.com/en/squads/fb10988f/2011-2012/Swansea-City-Stats
2012,Tottenham,Premier League,team,29.0,27.6,,38.0,418.0,,,66.0,48.0,114.0,62.0,4.0,5.0,43.0,3.0,,,1.74,1.26,3.0,1.63,2.89,,,,,,,,,,https://fbref.com/en/squads/361ca564/2011-2012/Tottenham-Hotspur-Stats
2012,Tottenham,Premier League,opponent,29.0,26.8,,38.0,418.0,,,,,,,,,,,,,,,,,,,,,,,,,,,https://fbref.com/en/squads/361ca564/2011-2012/Tottenham-Hotspur-Stats
2012,Toulouse,Ligue 1,team,26.0,23.9,,38.0,418.0,,,35.0,22.0,57.0,32.0,3.0,5.0,71.0,8.0,,,0.92,0.58,1.5,0.84,1.42,,,,,,,,,,https://fbref.com/en/squads/3f8c4b5f/2011-2012/Toulouse-Stats
2012,Toulouse,Ligue 1,opponent,26.0,26.2,,38.0,418.0,,,,,,,,,,,,,,,,,,,,,,,,,,,https://fbref.com/en/squads/3f8c4b5f/2011-2012/Toulouse-Stats
2012,Udinese,Serie A,team,26.0,26.7,,38.0,418.0,,,51.0,35.0,86.0,47.0,4.0,5.0,81.0,3.0,,,1.34,0.92,2.26,1.24,2.16,,,,,,,,,,https://fbref.com/en/squads/04eea015/2011-2012/Udinese-Stats
2012,Udinese,Serie A,opponent,26.0,27.8,,38.0,418.0,,,,,,,,,,,,,,,,,,,,,,,,,,,https://fbref.com/en/squads/04eea015/2011-2012/Udinese-Stats
2012,Valencia,La Liga,team,26.0,25.9,,38.0,418.0,,,55.0,34.0,89.0,52.0,3.0,4.0,128.0,7.0,,,1.45,0.89,2.34,1.37,2.26,,,,,,,,,,https://fbref.com/en/squads/dcc91a7b/2011-2012/Valencia-Stats
2012,Valencia,La Liga,opponent,26.0,26.6,,38.0,418.0,,,,,,,,,,,,,,,,,,,,,,,,,,,https://fbref.com/en/squads/dcc91a7b/2011-2012/Valencia-Stats
2012,Valenciennes,Ligue 1,team,26.0,26.5,,38.0,418.0,,,38.0,19.0,57.0,33.0,5.0,6.0,67.0,4.0,,,1.0,0.5,1.5,0.87,1.37,,,,,,,,,,https://fbref.com/en/squads/259d3345/2011-2012/Valenciennes-Stats
2012,Valenciennes,Ligue 1,opponent,26.0,26.0,,38.0,418.0,,,,,,,,,,,,,,,,,,,,,,,,,,,https://fbref.com/en/squads/259d3345/2011-2012/Valenciennes-Stats
2012,Villarreal,La Liga,team,28.0,26.6,,38.0,418.0,,,38.0,22.0,60.0,32.0,6.0,10.0,97.0,5.0,,,1.0,0.58,1.58,0.84,1.42,,,,,,,,,,https://fbref.com/en/squads/2a8183b3/2011-2012/Villarreal-Stats
2012,Villarreal,La Liga,opponent,28.0,26.6,,38.0,418.0,,,,,,,,,,,,,,,,,,,,,,,,,,,https://fbref.com/en/squads/2a8183b3/2011-2012/Villarreal-Stats
2012,Werder Bremen,Bundesliga,team,31.0,25.2,,34.0,374.0,,,49.0,37.0,86.0,46.0,3.0,3.0,65.0,5.0,,,1.44,1.09,2.53,1.35,2.44,,,,,,,,,,https://fbref.com/en/squads/62add3bf/2011-2012/Werder-Bremen-Stats
2012,Werder Bremen,Bundesliga,opponent,31.0,25.5,,34.0,374.0,,,,,,,,,,,,,,,,,,,,,,,,,,,https://fbref.com/en/squads/62add3bf/2011-2012/Werder-Bremen-Stats
2012,West Brom,Premier League,team,25.0,27.8,,38.0,418.0,,,44.0,30.0,74.0,43.0,1.0,2.0,47.0,1.0,,,1.16,0.79,1.95,1.13,1.92,,,,,,,,,,https://fbref.com/en/squads/60c6b05f/2011-2012/West-Bromwich-Albion-Stats
2012,West Brom,Premier League,opponent,25.0,26.7,,38.0,418.0,,,,,,,,,,,,,,,,,,,,,,,,,,,https://fbref.com/en/squads/60c6b05f/2011-2012/West-Bromwich-Albion-Stats
2012,Wigan Athletic,Premier League,team,23.0,26.3,,38.0,418.0,,,41.0,22.0,63.0,36.0,5.0,7.0,67.0,3.0,,,1.08,0.58,1.66,0.95,1.53,,,,,,,,,,https://fbref.com/en/squads/e59ddc76/2011-2012/Wigan-Athletic-Stats
2012,Wigan Athletic,Premier League,opponent,23.0,27.0,,38.0,418.0,,,,,,,,,,,,,,,,,,,,,,,,,,,https://fbref.com/en/squads/e59ddc76/2011-2012/Wigan-Athletic-Stats
2012,Wolfsburg,Bundesliga,team,36.0,26.5,,34.0,374.0,,,44.0,36.0,80.0,42.0,2.0,2.0,63.0,4.0,,,1.29,1.06,2.35,1.24,2.29,,,,,,,,,,https://fbref.com/en/squads/4eaa11d7/2011-2012/Wolfsburg-Stats
2012,Wolfsburg,Bundesliga,opponent,36.0,25.4,,34.0,374.0,,,,,,,,,,,,,,,,,,,,,,,,,,,https://fbref.com/en/squads/4eaa11d7/2011-2012/Wolfsburg-Stats
2012,Wolves,Premier League,team,32.0,26.0,,38.0,418.0,,,40.0,25.0,65.0,37.0,3.0,4.0,64.0,4.0,,,1.05,0.66,1.71,0.97,1.63,,,,,,,,,,https://fbref.com/en/squads/8cec06e1/2011-2012/Wolverhampton-Wanderers-Stats
2012,Wolves,Premier League,opponent,32.0,26.9,,38.0,418.0,,,,,,,,,,,,,,,,,,,,,,,,,,,https://fbref.com/en/squads/8cec06e1/2011-2012/Wolverhampton-Wanderers-Stats
2012,Zaragoza,La Liga,team,28.0,27.1,,38.0,418.0,,,35.0,20.0,55.0,31.0,4.0,6.0,119.0,9.0,,,0.92,0.53,1.45,0.82,1.34,,,,,,,,,,https://fbref.com/en/squads/800303a0/2011-2012/Zaragoza-Stats
2012,Zaragoza,La Liga,opponent,28.0,26.4,,38.0,418.0,,,,,,,,,,,,,,,,,,,,,,,,,,,https://fbref.com/en/squads/800303a0/2011-2012/Zaragoza-Stats
2013,Ajaccio,Ligue 1,team,28.0,28.5,,38.0,418.0,,,37.0,22.0,59.0,33.0,4.0,5.0,74.0,7.0,,,0.97,0.58,1.55,0.87,1.45,,,,,,,,,,https://fbref.com/en/squads/7a54bb4f/2012-2013/Ajaccio-Stats
2013,Ajaccio,Ligue 1,opponent,28.0,26.3,,38.0,418.0,,,,,,,,,,,,,,,,,,,,,,,,,,,https://fbref.com/en/squads/7a54bb4f/2012-2013/Ajaccio-Stats
2013,Arsenal,Premier League,team,26.0,25.6,,38.0,418.0,,,69.0,54.0,123.0,64.0,5.0,6.0,37.0,4.0,,,1.82,1.42,3.24,1.68,3.11,,,,,,,,,,https://fbref.com/en/squads/18bb7c10/2012-2013/Arsenal-Stats
2013,Arsenal,Premier League,opponent,26.0,27.0,,38.0,418.0,,,,,,,,,,,,,,,,,,,,,,,,,,,https://fbref.com/en/squads/18bb7c10/2012-2013/Arsenal-Stats
2013,Aston Villa,Premier League,team,28.0,24.1,,38.0,418.0,,,47.0,34.0,81.0,44.0,3.0,3.0,72.0,3.0,,,1.24,0.89,2.13,1.16,2.05,,,,,,,,,,https://fbref.com/en/squads/8602292d/2012-2013/Aston-Villa-Stats
2013,Aston Villa,Premier League,opponent,28.0,27.1,,38.0,418.0,,,,,,,,,,,,,,,,,,,,,,,,,,,https://fbref.com/en/squads/8602292d/2012-2013/Aston-Villa-Stats
2013,Atalanta,Serie A,team,35.0,27.7,,38.0,418.0,,,38.0,25.0,63.0,33.0,5.0,5.0,113.0,12.0,,,1.0,0.66,1.66,0.87,1.53,,,,,,,,,,https://fbref.com/en/squads/922493f3/2012-2013/Atalanta-Stats
2013,Atalanta,Serie A,opponent,35.0,27.4,,38.0,418.0,,,,,,,,,,,,,,,,,,,,,,,,,,,https://fbref.com/en/squads/922493f3/2012-2013/Atalanta-Stats
2013,Athletic Club,La Liga,team,25.0,25.4,,38.0,418.0,,,44.0,38.0,82.0,43.0,1.0,2.0,120.0,9.0,,,1.16,1.0,2.16,1.13,2.13,,,,,,,,,,https://fbref.com/en/squads/2b390eca/2012-2013/Athletic-Club-Stats
2013,Athletic Club,La Liga,opponent,25.0,26.9,,38.0,418.0,,,,,,,,,,,,,,,,,,,,,,,,,,,https://fbref.com/en/squads/2b390eca/2012-2013/Athletic-Club-Stats
2013,Atlético Madrid,La Liga,team,27.0,25.9,,38.0,418.0,,,63.0,37.0,100.0,55.0,8.0,8.0,102.0,5.0,,,1.66,0.97,2.63,1.45,2.42,,,,,,,,,,https://fbref.com/en/squads/db3b9613/2012-2013/Atletico-Madrid-Stats
2013,Atlético Madrid,La Liga,opponent,27.0,26.9,,38.0,418.0,,,,,,,,,,,,,,,,,,,,,,,,,,,https://fbref.com/en/squads/db3b9613/2012-2013/Atletico-Madrid-Stats
2013,Augsburg,Bundesliga,team,29.0,25.9,,34.0,374.0,,,33.0,22.0,55.0,33.0,0.0,1.0,68.0,2.0,,,0.97,0.65,1.62,0.97,1.62,,,,,,,,,,https://fbref.com/en/squads/0cdc4311/2012-2013/Augsburg-Stats
2013,Augsburg,Bundesliga,opponent,29.0,25.4,,34.0,374.0,,,,,,,,,,,,,,,,,,,,,,,,,,,https://fbref.com/en/squads/0cdc4311/2012-2013/Augsburg-Stats
2013,Barcelona,La Liga,team,25.0,26.6,,38.0,418.0,,,112.0,91.0,203.0,108.0,4.0,5.0,57.0,2.0,,,2.95,2.39,5.34,2.84,5.24,,,,,,,,,,https://fbref.com/en/squads/206d90db/2012-2013/Barcelona-Stats
2013,Barcelona,La Liga,opponent,25.0,27.1,,38.0,418.0,,,,,,,,,,,,,,,,,,,,,,,,,,,https://fbref.com/en/squads/206d90db/2012-2013/Barcelona-Stats
2013,Bastia,Ligue 1,team,29.0,27.8,,38.0,418.0,,,49.0,32.0,81.0,44.0,5.0,7.0,82.0,7.0,,,1.29,0.84,2.13,1.16,2.0,,,,,,,,,,https://fbref.com/en/squads/6283be2c/2012-2013/Bastia-Stats
2013,Bastia,Ligue 1,opponent,29.0,26.1,,38.0,418.0,,,,,,,,,,,,,,,,,,,,,,,,,,,https://fbref.com/en/squads/6283be2c/2012-2013/Bastia-Stats
2013,Bayern Munich,Bundesliga,team,24.0,26.1,,34.0,374.0,,,94.0,79.0,173.0,90.0,4.0,5.0,36.0,1.0,,,2.76,2.32,5.09,2.65,4.97,,,,,,,,,,https://fbref.com/en/squads/054efa67/2012-2013/Bayern-Munich-Stats
2013,Bayern Munich,Bundesliga,opponent,24.0,25.6,,34.0,374.0,,,,,,,,,,,,,,,,,,,,,,,,,,,https://fbref.com/en/squads/054efa67/2012-2013/Bayern-Munich-Stats
2013,Betis,La Liga,team,33.0,26.8,,38.0,418.0,,,55.0,41.0,96.0,52.0,3.0,4.0,118.0,7.0,,,1.45,1.08,2.53,1.37,2.45,,,,,,,,,,https://fbref.com/en/squads/fc536746/2012-2013/Real-Betis-Stats
2013,Betis,La Liga,opponent,33.0,26.9,,38.0,418.0,,,,,,,,,,,,,,,,,,,,,,,,,,,https://fbref.com/en/squads/fc536746/2012-2013/Real-Betis-Stats
2013,Bologna,Serie A,team,31.0,26.8,,38.0,418.0,,,45.0,28.0,73.0,41.0,4.0,5.0,102.0,3.0,,,1.18,0.74,1.92,1.08,1.82,,,,,,,,,,https://fbref.com/en/squads/1d8099f8/2012-2013/Bologna-Stats
2013,Bologna,Serie A,opponent,31.0,27.3,,38.0,418.0,,,,,,,,,,,,,,,,,,,,,,,,,,,https://fbref.com/en/squads/1d8099f8/2012-2013/Bologna-Stats
2013,Bordeaux,Ligue 1,team,26.0,27.0,,38.0,418.0,,,39.0,29.0,68.0,37.0,2.0,4.0,67.0,3.0,,,1.03,0.76,1.79,0.97,1.74,,,,,,,,,,https://fbref.com/en/squads/123f3efe/2012-2013/Bordeaux-Stats
2013,Bordeaux,Ligue 1,opponent,26.0,26.3,,38.0,418.0,,,,,,,,,,,,,,,,,,,,,,,,,,,https://fbref.com/en/squads/123f3efe/2012-2013/Bordeaux-Stats
2013,Brest,Ligue 1,team,33.0,26.3,,38.0,418.0,,,31.0,19.0,50.0,26.0,5.0,5.0,68.0,4.0,,,0.82,0.5,1.32,0.68,1.18,,,,,,,,,,https://fbref.com/en/squads/fb08dbb3/2012-2013/Brest-Stats
2013,Brest,Ligue 1,opponent,33.0,26.4,,38.0,418.0,,,,,,,,,,,,,,,,,,,,,,,,,,,https://fbref.com/en/squads/fb08dbb3/2012-2013/Brest-Stats
2013,Cagliari,Serie A,team,25.0,26.1,,38.0,408.0,,,41.0,27.0,68.0,34.0,7.0,9.0,109.0,9.0,,,1.08,0.71,1.79,0.89,1.61,,,,,,,,,,https://fbref.com/en/squads/c4260e09/2012-2013/Cagliari-Stats
2013,Cagliari,Serie A,opponent,25.0,27.3,,38.0,408.0,,,,,,,,,,,,,,,,,,,,,,,,,,,https://fbref.com/en/squads/c4260e09/2012-2013/Cagliari-Stats
2013,Catania,Serie A,team,29.0,27.9,,38.0,418.0,,,50.0,38.0,88.0,49.0,1.0,2.0,93.0,7.0,,,1.32,1.0,2.32,1.29,2.29,,,,,,,,,,https://fbref.com/en/squads/7b046f08/2012-2013/Catania-Stats
2013,Catania,Serie A,opponent,29.0,27.4,,38.0,418.0,,,,,,,,,,,,,,,,,,,,,,,,,,,https://fbref.com/en/squads/7b046f08/2012-2013/Catania-Stats
2013,Celta Vigo,La Liga,team,28.0,26.9,,38.0,418.0,,,37.0,27.0,64.0,34.0,3.0,3.0,102.0,4.0,,,0.97,0.71,1.68,0.89,1.61,,,,,,,,,,https://fbref.com/en/squads/f25da7fb/2012-2013/Celta-Vigo-Stats
2013,Celta Vigo,La Liga,opponent,28.0,27.0,,38.0,418.0,,,,,,,,,,,,,,,,,,,,,,,,,,,https://fbref.com/en/squads/f25da7fb/2012-2013/Celta-Vigo-Stats
2013,Chelsea,Premier League,team,26.0,26.4,,38.0,418.0,,,71.0,50.0,121.0,62.0,9.0,11.0,51.0,3.0,,,1.87,1.32,3.18,1.63,2.95,,,,,,,,,,https://fbref.com/en/squads/cff3d9bb/2012-2013/Chelsea-Stats
2013,Chelsea,Premier League,opponent,26.0,27.0,,38.0,418.0,,,,,,,,,,,,,,,,,,,,,,,,,,,https://fbref.com/en/squads/cff3d9bb/2012-2013/Chelsea-Stats
2013,Chievo,Serie A,team,35.0,28.6,,38.0,417.0,,,37.0,24.0,61.0,32.0,5.0,6.0,98.0,4.0,,,0.97,0.63,1.61,0.84,1.47,,,,,,,,,,https://fbref.com/en/squads/cc919b35/2012-2013/Chievo-Stats
2013,Chievo,Serie A,opponent,35.0,27.5,,38.0,417.0,,,,,,,,,,,,,,,,,,,,,,,,,,,https://fbref.com/en/squads/cc919b35/2012-2013/Chievo-Stats
2013,Dortmund,Bundesliga,team,23.0,24.9,,34.0,374.0,,,81.0,63.0,144.0,76.0,5.0,7.0,42.0,4.0,,,2.38,1.85,4.24,2.24,4.09,,,,,,,,,,https://fbref.com/en/squads/add600ae/2012-2013/Dortmund-Stats
2013,Dortmund,Bundesliga,opponent,23.0,25.5,,34.0,374.0,,,,,,,,,,,,,,,,,,,,,,,,,,,https://fbref.com/en/squads/add600ae/2012-2013/Dortmund-Stats
2013,Düsseldorf,Bundesliga,team,28.0,26.6,,34.0,373.0,,,36.0,21.0,57.0,33.0,3.0,4.0,78.0,3.0,,,1.06,0.62,1.68,0.97,1.59,,,,,,,,,,https://fbref.com/en/squads/b1278397/2012-2013/Dusseldorf-Stats
2013,Düsseldorf,Bundesliga,opponent,28.0,25.6,,34.0,373.0,,,,,,,,,,,,,,,,,,,,,,,,,,,https://fbref.com/en/squads/b1278397/2012-2013/Dusseldorf-Stats
2013,Eint Frankfurt,Bundesliga,team,27.0,24.9,,34.0,374.0,,,46.0,36.0,82.0,43.0,3.0,3.0,63.0,3.0,,,1.35,1.06,2.41,1.26,2.32,,,,,,,,,,https://fbref.com/en/squads/f0ac8ee6/2012-2013/Eintracht-Frankfurt-Stats
2013,Eint Frankfurt,Bundesliga,opponent,27.0,25.8,,34.0,374.0,,,,,,,,,,,,,,,,,,,,,,,,,,,https://fbref.com/en/squads/f0ac8ee6/2012-2013/Eintracht-Frankfurt-Stats
2013,Espanyol,La Liga,team,25.0,26.5,,38.0,418.0,,,42.0,32.0,74.0,38.0,4.0,4.0,150.0,11.0,,,1.11,0.84,1.95,1.0,1.84,,,,,,,,,,https://fbref.com/en/squads/a8661628/2012-2013/Espanyol-Stats
2013,Espanyol,La Liga,opponent,25.0,26.9,,38.0,418.0,,,,,,,,,,,,,,,,,,,,,,,,,,,https://fbref.com/en/squads/a8661628/2012-2013/Espanyol-Stats
2013,Everton,Premier League,team,23.0,28.8,,38.0,418.0,,,53.0,42.0,95.0,51.0,2.0,2.0,59.0,3.0,,,1.39,1.11,2.5,1.34,2.45,,,,,,,,,,https://fbref.com/en/squads/d3fd31cc/2012-2013/Everton-Stats
2013,Everton,Premier League,opponent,23.0,26.9,,38.0,418.0,,,,,,,,,,,,,,,,,,,,,,,,,,,https://fbref.com/en/squads/d3fd31cc/2012-2013/Everton-Stats
2013,Evian,Ligue 1,team,30.0,27.6,,38.0,418.0,,,44.0,32.0,76.0,41.0,3.0,3.0,77.0,3.0,,,1.16,0.84,2.0,1.08,1.92,,,,,,,,,,https://fbref.com/en/squads/633fbb6e/2012-2013/Evian-Stats
2013,Evian,Ligue 1,opponent,30.0,26.4,,38.0,418.0,,,,,,,,,,,,,,,,,,,,,,,,,,,https://fbref.com/en/squads/633fbb6e/2012-2013/Evian-Stats
2013,Fiorentina,Serie A,team,30.0,26.8,,38.0,418.0,,,70.0,56.0,126.0,63.0,7.0,10.0,90.0,3.0,,,1.84,1.47,3.32,1.66,3.13,,,,,,,,,,https://fbref.com/en/squads/421387cf/2012-2013/Fiorentina-Stats
2013,Fiorentina,Serie A,opponent,30.0,27.2,,38.0,418.0,,,,,,,,,,,,,,,,,,,,,,,,,,,https://fbref.com/en/squads/421387cf/2012-2013/Fiorentina-Stats
2013,Freiburg,Bundesliga,team,27.0,24.4,,34.0,374.0,,,44.0,30.0,74.0,40.0,4.0,4.0,57.0,3.0,,,1.29,0.88,2.18,1.18,2.06,,,,,,,,,,https://fbref.com/en/squads/a486e511/2012-2013/Freiburg-Stats
2013,Freiburg,Bundesliga,opponent,27.0,25.7,,34.0,374.0,,,,,,,,,,,,,,,,,,,,,,,,,,,https://fbref.com/en/squads/a486e511/2012-2013/Freiburg-Stats
2013,Fulham,Premier League,team,29.0,30.4,,38.0,418.0,,,45.0,32.0,77.0,39.0,6.0,6.0,48.0,3.0,,,1.18,0.84,2.03,1.03,1.87,,,,,,,,,,https://fbref.com/en/squads/fd962109/2012-2013/Fulham-Stats
2013,Fulham,Premier League,opponent,29.0,26.7,,38.0,418.0,,,,,,,,,,,,,,,,,,,,,,,,,,,https://fbref.com/en/squads/fd962109/2012-2013/Fulham-Stats
2013,Genoa,Serie A,team,37.0,27.7,,38.0,418.0,,,38.0,31.0,69.0,36.0,2.0,4.0,103.0,4.0,,,1.0,0.82,1.82,0.95,1.76,,,,,,,,,,https://fbref.com/en/squads/658bf2de/2012-2013/Genoa-Stats
2013,Genoa,Serie A,opponent,37.0,27.2,,38.0,418.0,,,,,,,,,,,,,,,,,,,,,,,,,,,https://fbref.com/en/squads/658bf2de/2012-2013/Genoa-Stats
2013,Getafe,La Liga,team,27.0,26.9,,38.0,418.0,,,43.0,31.0,74.0,39.0,4.0,4.0,114.0,9.0,,,1.13,0.82,1.95,1.03,1.84,,,,,,,,,,https://fbref.com/en/squads/7848bd64/2012-2013/Getafe-Stats
2013,Getafe,La Liga,opponent,27.0,27.0,,38.0,418.0,,,,,,,,,,,,,,,,,,,,,,,,,,,https://fbref.com/en/squads/7848bd64/2012-2013/Getafe-Stats
2013,Granada,La Liga,team,28.0,26.9,,38.0,418.0,,,35.0,18.0,53.0,28.0,7.0,8.0,103.0,5.0,,,0.92,0.47,1.39,0.74,1.21,,,,,,,,,,https://fbref.com/en/squads/a0435291/2012-2013/Granada-Stats
2013,Granada,La Liga,opponent,28.0,27.0,,38.0,418.0,,,,,,,,,,,,,,,,,,,,,,,,,,,https://fbref.com/en/squads/a0435291/2012-2013/Granada-Stats
2013,Greuther Fürth,Bundesliga,team,32.0,24.9,,34.0,374.0,,,24.0,19.0,43.0,23.0,1.0,4.0,77.0,6.0,,,0.71,0.56,1.26,0.68,1.24,,,,,,,,,,https://fbref.com/en/squads/12192a4c/2012-2013/Greuther-Furth-Stats
2013,Greuther Fürth,Bundesliga,opponent,32.0,25.6,,34.0,374.0,,,,,,,,,,,,,,,,,,,,,,,,,,,https://fbref.com/en/squads/12192a4c/2012-2013/Greuther-Furth-Stats
2013,Hamburger SV,Bundesliga,team,25.0,24.9,,34.0,374.0,,,42.0,36.0,78.0,40.0,2.0,3.0,68.0,4.0,,,1.24,1.06,2.29,1.18,2.24,,,,,,,,,,https://fbref.com/en/squads/26790c6a/2012-2013/Hamburger-SV-Stats
2013,Hamburger SV,Bundesliga,opponent,25.0,25.6,,34.0,374.0,,,,,,,,,,,,,,,,,,,,,,,,,,,https://fbref.com/en/squads/26790c6a/2012-2013/Hamburger-SV-Stats
2013,Hannover 96,Bundesliga,team,25.0,26.8,,34.0,373.0,,,59.0,41.0,100.0,53.0,6.0,6.0,78.0,4.0,,,1.74,1.21,2.94,1.56,2.76,,,,,,,,,,https://fbref.com/en/squads/60b5e41f/2012-2013/Hannover-96-Stats
2013,Hannover 96,Bundesliga,opponent,25.0,25.7,,34.0,373.0,,,,,,,,,,,,,,,,,,,,,,,,,,,https://fbref.com/en/squads/60b5e41f/2012-2013/Hannover-96-Stats
2013,Hoffenheim,Bundesliga,team,33.0,24.3,,34.0,374.0,,,41.0,31.0,72.0,36.0,5.0,5.0,75.0,5.0,,,1.21,0.91,2.12,1.06,1.97,,,,,,,,,,https://fbref.com/en/squads/033ea6b8/2012-2013/Hoffenheim-Stats
2013,Hoffenheim,Bundesliga,opponent,33.0,25.6,,34.0,374.0,,,,,,,,,,,,,,,,,,,,,,,,,,,https://fbref.com/en/squads/033ea6b8/2012-2013/Hoffenheim-Stats
2013,Inter,Serie A,team,36.0,28.2,,38.0,418.0,,,52.0,42.0,94.0,48.0,4.0,5.0,82.0,4.0,,,1.37,1.11,2.47,1.26,2.37,,,,,,,,,,https://fbref.com/en/squads/d609edc0/2012-2013/Internazionale-Stats
2013,Inter,Serie A,opponent,36.0,27.4,,38.0,418.0,,,,,,,,,,,,,,,,,,,,,,,,,,,https://fbref.com/en/squads/d609edc0/2012-2013/Internazionale-Stats
2013,Juventus,Serie A,team,28.0,27.8,,38.0,418.0,,,71.0,49.0,120.0,63.0,8.0,11.0,77.0,1.0,,,1.87,1.29,3.16,1.66,2.95,,,,,,,,,,https://fbref.com/en/squads/e0652b02/2012-2013/Juventus-Stats
2013,Juventus,Serie A,opponent,28.0,27.4,,38.0,418.0,,,,,,,,,,,,,,,,,,,,,,,,,,,https://fbref.com/en/squads/e0652b02/2012-2013/Juventus-Stats
2013,La Coruña,La Liga,team,28.0,28.8,,38.0,418.0,,,45.0,26.0,71.0,41.0,4.0,6.0,103.0,8.0,,,1.18,0.68,1.87,1.08,1.76,,,,,,,,,,https://fbref.com/en/squads/2a60ed82/2012-2013/Deportivo-La-Coruna-Stats
2013,La Coruña,La Liga,opponent,28.0,27.1,,38.0,418.0,,,,,,,,,,,,,,,,,,,,,,,,,,,https://fbref.com/en/squads/2a60ed82/2012-2013/Deportivo-La-Coruna-Stats
2013,Lazio,Serie A,team,28.0,29.1,,38.0,418.0,,,48.0,30.0,78.0,41.0,7.0,9.0,84.0,8.0,,,1.26,0.79,2.05,1.08,1.87,,,,,,,,,,https://fbref.com/en/squads/7213da33/2012-2013/Lazio-Stats
2013,Lazio,Serie A,opponent,28.0,27.2,,38.0,418.0,,,,,,,,,,,,,,,,,,,,,,,,,,,https://fbref.com/en/squads/7213da33/2012-2013/Lazio-Stats
2013,Levante,La Liga,team,27.0,29.2,,38.0,418.0,,,39.0,22.0,61.0,36.0,3.0,5.0,113.0,7.0,,,1.03,0.58,1.61,0.95,1.53,,,,,,,,,,https://fbref.com/en/squads/9800b6a1/2012-2013/Levante-Stats
2013,Levante,La Liga,opponent,27.0,26.8,,38.0,418.0,,,,,,,,,,,,,,,,,,,,,,,,,,,https://fbref.com/en/squads/9800b6a1/2012-2013/Levante-Stats
2013,Leverkusen,Bundesliga,team,24.0,24.3,,34.0,374.0,,,65.0,51.0,116.0,61.0,4.0,8.0,61.0,2.0,,,1.91,1.5,3.41,1.79,3.29,,,,,,,,,,https://fbref.com/en/squads/c7a9f859/2012-2013/Bayer-Leverkusen-Stats
2013,Leverkusen,Bundesliga,opponent,24.0,25.5,,34.0,374.0,,,,,,,,,,,,,,,,,,,,,,,,,,,https://fbref.com/en/squads/c7a9f859/2012-2013/Bayer-Leverkusen-Stats
2013,Lille,Ligue 1,team,25.0,26.9,,38.0,418.0,,,56.0,42.0,98.0,54.0,2.0,3.0,59.0,3.0,,,1.47,1.11,2.58,1.42,2.53,,,,,,,,,,https://fbref.com/en/squads/cb188c0c/2012-2013/Lille-Stats
2013,Lille,Ligue 1,opponent,25.0,26.3,,38.0,418.0,,,,,,,,,,,,,,,,,,,,,,,,,,,https://fbref.com/en/squads/cb188c0c/2012-2013/Lille-Stats
2013,Liverpool,Premier League,team,28.0,26.2,,38.0,418.0,,,67.0,47.0,114.0,62.0,5.0,6.0,54.0,2.0,,,1.76,1.24,3.0,1.63,2.87,,,,,,,,,,https://fbref.com/en/squads/822bd0ba/2012-2013/Liverpool-Stats
2013,Liverpool,Premier League,opponent,28.0,26.8,,38.0,418.0,,,,,,,,,,,,,,,,,,,,,,,,,,,https://fbref.com/en/squads/822bd0ba/2012-2013/Liverpool-Stats
2013,Lorient,Ligue 1,team,30.0,26.5,,38.0,418.0,,,56.0,38.0,94.0,52.0,4.0,5.0,49.0,7.0,,,1.47,1.0,2.47,1.37,2.37,,,,,,,,,,https://fbref.com/en/squads/d2c87802/2012-2013/Lorient-Stats
2013,Lorient,Ligue 1,opponent,30.0,26.3,,38.0,418.0,,,,,,,,,,,,,,,,,,,,,,,,,,,https://fbref.com/en/squads/d2c87802/2012-2013/Lorient-Stats
2013,Lyon,Ligue 1,team,31.0,26.0,,38.0,418.0,,,59.0,33.0,92.0,50.0,9.0,11.0,65.0,6.0,,,1.55,0.87,2.42,1.32,2.18,,,,,,,,,,https://fbref.com/en/squads/d53c0b06/2012-2013/Lyon-Stats
2013,Lyon,Ligue 1,opponent,31.0,26.3,,38.0,418.0,,,,,,,,,,,,,,,,,,,,,,,,,,,https://fbref.com/en/squads/d53c0b06/2012-2013/Lyon-Stats
2013,M'Gladbach,Bundesliga,team,22.0,25.3,,34.0,374.0,,,44.0,29.0,73.0,40.0,4.0,4.0,57.0,1.0,,,1.29,0.85,2.15,1.18,2.03,,,,,,,,,,https://fbref.com/en/squads/32f3ee20/2012-2013/Monchengladbach-Stats
2013,M'Gladbach,Bundesliga,opponent,22.0,25.7,,34.0,374.0,,,,,,,,,,,,,,,,,,,,,,,,,,,https://fbref.com/en/squads/32f3ee20/2012-2013/Monchengladbach-Stats
2013,Mainz 05,Bundesliga,team,29.0,28.4,,34.0,373.0,,,42.0,26.0,68.0,38.0,4.0,5.0,71.0,4.0,,,1.24,0.76,2.0,1.12,1.88,,,,,,,,,,https://fbref.com/en/squads/a224b06a/2012-2013/Mainz-05-Stats
2013,Mainz 05,Bundesliga,opponent,29.0,25.4,,34.0,373.0,,,,,,,,,,,,,,,,,,,,,,,,,,,https://fbref.com/en/squads/a224b06a/2012-2013/Mainz-05-Stats
2013,Mallorca,La Liga,team,29.0,26.9,,38.0,418.0,,,43.0,23.0,66.0,41.0,2.0,3.0,103.0,8.0,,,1.13,0.61,1.74,1.08,1.68,,,,,,,,,,https://fbref.com/en/squads/2aa12281/2012-2013/Mallorca-Stats
2013,Mallorca,La Liga,opponent,29.0,26.8,,38.0,418.0,,,,,,,,,,,,,,,,,,,,,,,,,,,https://fbref.com/en/squads/2aa12281/2012-2013/Mallorca-Stats
2013,Manchester City,Premier League,team,25.0,26.7,,38.0,418.0,,,64.0,45.0,109.0,60.0,4.0,6.0,63.0,3.0,,,1.68,1.18,2.87,1.58,2.76,,,,,,,,,,https://fbref.com/en/squads/b8fd03ef/2012-2013/Manchester-City-Stats
2013,Manchester City,Premier League,opponent,25.0,26.9,,38.0,418.0,,,,,,,,,,,,,,,,,,,,,,,,,,,https://fbref.com/en/squads/b8fd03ef/2012-2013/Manchester-City-Stats
2013,Manchester Utd,Premier League,team,25.0,27.3,,38.0,418.0,,,80.0,63.0,143.0,76.0,4.0,7.0,57.0,1.0,,,2.11,1.66,3.76,2.0,3.66,,,,,,,,,,https://fbref.com/en/squads/19538871/2012-2013/Manchester-United-Stats
2013,Manchester Utd,Premier League,opponent,25.0,27.0,,38.0,418.0,,,,,,,,,,,,,,,,,,,,,,,,,,,https://fbref.com/en/squads/19538871/2012-2013/Manchester-United-Stats
2013,Marseille,Ligue 1,team,25.0,26.4,,38.0,418.0,,,41.0,30.0,71.0,40.0,1.0,3.0,53.0,7.0,,,1.08,0.79,1.87,1.05,1.84,,,,,,,,,,https://fbref.com/en/squads/5725cc7b/2012-2013/Marseille-Stats
2013,Marseille,Ligue 1,opponent,25.0,26.3,,38.0,418.0,,,,,,,,,,,,,,,,,,,,,,,,,,,https://fbref.com/en/squads/5725cc7b/2012-2013/Marseille-Stats
2013,Milan,Serie A,team,29.0,26.9,,38.0,418.0,,,64.0,36.0,100.0,54.0,10.0,11.0,96.0,7.0,,,1.68,0.95,2.63,1.42,2.37,,,,,,,,,,https://fbref.com/en/squads/dc56fe14/2012-2013/Milan-Stats
2013,Milan,Serie A,opponent,29.0,27.5,,38.0,418.0,,,,,,,,,,,,,,,,,,,,,,,,,,,https://fbref.com/en/squads/dc56fe14/2012-2013/Milan-Stats
2013,Montpellier,Ligue 1,team,28.0,26.6,,38.0,418.0,,,52.0,34.0,86.0,49.0,3.0,4.0,66.0,6.0,,,1.37,0.89,2.26,1.29,2.18,,,,,,,,,,https://fbref.com/en/squads/281b0e73/2012-2013/Montpellier-Stats
2013,Montpellier,Ligue 1,opponent,28.0,26.2,,38.0,418.0,,,,,,,,,,,,,,,,,,,,,,,,,,,https://fbref.com/en/squads/281b0e73/2012-2013/Montpellier-Stats
2013,Málaga,La Liga,team,28.0,27.9,,38.0,418.0,,,52.0,37.0,89.0,48.0,4.0,5.0,93.0,6.0,,,1.37,0.97,2.34,1.26,2.24,,,,,,,,,,https://fbref.com/en/squads/1c896955/2012-2013/Malaga-Stats
2013,Málaga,La Liga,opponent,28.0,26.7,,38.0,418.0,,,,,,,,,,,,,,,,,,,,,,,,,,,https://fbref.com/en/squads/1c896955/2012-2013/Malaga-Stats
2013,Nancy,Ligue 1,team,29.0,25.5,,38.0,418.0,,,38.0,27.0,65.0,37.0,1.0,2.0,65.0,5.0,,,1.0,0.71,1.71,0.97,1.68,,,,,,,,,,https://fbref.com/en/squads/e88fc6e5/2012-2013/Nancy-Stats
2013,Nancy,Ligue 1,opponent,29.0,26.2,,38.0,418.0,,,,,,,,,,,,,,,,,,,,,,,,,,,https://fbref.com/en/squads/e88fc6e5/2012-2013/Nancy-Stats
2013,Napoli,Serie A,team,27.0,28.5,,38.0,418.0,,,72.0,55.0,127.0,65.0,7.0,10.0,87.0,0.0,,,1.89,1.45,3.34,1.71,3.16,,,,,,,,,,https://fbref.com/en/squads/d48ad4ff/2012-2013/Napoli-Stats
2013,Napoli,Serie A,opponent,27.0,27.1,,38.0,418.0,,,,,,,,,,,,,,,,,,,,,,,,,,,https://fbref.com/en/squads/d48ad4ff/2012-2013/Napoli-Stats
2013,Newcastle Utd,Premier League,team,32.0,26.2,,38.0,418.0,,,43.0,22.0,65.0,39.0,4.0,5.0,71.0,4.0,,,1.13,0.58,1.71,1.03,1.61,,,,,,,,,,https://fbref.com/en/squads/b2b47a98/2012-2013/Newcastle-United-Stats
2013,Newcastle Utd,Premier League,opponent,32.0,27.1,,38.0,418.0,,,,,,,,,,,,,,,,,,,,,,,,,,,https://fbref.com/en/squads/b2b47a98/2012-2013/Newcastle-United-Stats
2013,Nice,Ligue 1,team,32.0,24.9,,38.0,418.0,,,57.0,34.0,91.0,51.0,6.0,8.0,64.0,5.0,,,1.5,0.89,2.39,1.34,2.24,,,,,,,,,,https://fbref.com/en/squads/132ebc33/2012-2013/Nice-Stats
2013,Nice,Ligue 1,opponent,32.0,26.5,,38.0,418.0,,,,,,,,,,,,,,,,,,,,,,,,,,,https://fbref.com/en/squads/132ebc33/2012-2013/Nice-Stats
2013,Norwich City,Premier League,team,27.0,26.7,,38.0,418.0,,,40.0,27.0,67.0,39.0,1.0,2.0,60.0,1.0,,,1.05,0.71,1.76,1.03,1.74,,,,,,,,,,https://fbref.com/en/squads/1c781004/2012-2013/Norwich-City-Stats
2013,Norwich City,Premier League,opponent,27.0,26.9,,38.0,418.0,,,,,,,,,,,,,,,,,,,,,,,,,,,https://fbref.com/en/squads/1c781004/2012-2013/Norwich-City-Stats
2013,Nürnberg,Bundesliga,team,25.0,27.0,,34.0,374.0,,,39.0,27.0,66.0,36.0,3.0,4.0,70.0,2.0,,,1.15,0.79,1.94,1.06,1.85,,,,,,,,,,https://fbref.com/en/squads/6f2c108c/2012-2013/Nurnberg-Stats
2013,Nürnberg,Bundesliga,opponent,25.0,25.5,,34.0,374.0,,,,,,,,,,,,,,,,,,,,,,,,,,,https://fbref.com/en/squads/6f2c108c/2012-2013/Nurnberg-Stats
2013,Osasuna,La Liga,team,30.0,27.6,,38.0,418.0,,,33.0,24.0,57.0,32.0,1.0,1.0,115.0,10.0,,,0.87,0.63,1.5,0.84,1.47,,,,,,,,,,https://fbref.com/en/squads/03c57e2b/2012-2013/Osasuna-Stats
2013,Osasuna,La Liga,opponent,30.0,26.9,,38.0,418.0,,,,,,,,,,,,,,,,,,,,,,,,,,,https://fbref.com/en/squads/03c57e2b/2012-2013/Osasuna-Stats
2013,Palermo,Serie A,team,36.0,26.9,,38.0,418.0,,,34.0,26.0,60.0,32.0,2.0,2.0,93.0,8.0,,,0.89,0.68,1.58,0.84,1.53,,,,,,,,,,https://fbref.com/en/squads/ee058a17/2012-2013/Palermo-Stats
2013,Palermo,Serie A,opponent,36.0,27.4,,38.0,418.0,,,,,,,,,,,,,,,,,,,,,,,,,,,https://fbref.com/en/squads/ee058a17/2012-2013/Palermo-Stats
2013,Paris S-G,Ligue 1,team,31.0,26.8,,38.0,418.0,,,65.0,48.0,113.0,61.0,4.0,4.0,73.0,9.0,,,1.71,1.26,2.97,1.61,2.87,,,,,,,,,,https://fbref.com/en/squads/e2d8892c/2012-2013/Paris-Saint-Germain-Stats
2013,Paris S-G,Ligue 1,opponent,31.0,26.2,,38.0,418.0,,,,,,,,,,,,,,,,,,,,,,,,,,,https://fbref.com/en/squads/e2d8892c/2012-2013/Paris-Saint-Germain-Stats
2013,Parma,Serie A,team,33.0,28.1,,38.0,418.0,,,44.0,29.0,73.0,41.0,3.0,5.0,109.0,3.0,,,1.16,0.76,1.92,1.08,1.84,,,,,,,,,,https://fbref.com/en/squads/eab4234c/2012-2013/Parma-Stats
2013,Parma,Serie A,opponent,33.0,27.3,,38.0,418.0,,,,,,,,,,,,,,,,,,,,,,,,,,,https://fbref.com/en/squads/eab4234c/2012-2013/Parma-Stats
2013,Pescara,Serie A,team,39.0,25.8,,38.0,418.0,,,27.0,15.0,42.0,25.0,2.0,3.0,95.0,9.0,,,0.71,0.39,1.11,0.66,1.05,,,,,,,,,,https://fbref.com/en/squads/b985784c/2012-2013/Pescara-Stats
2013,Pescara,Serie A,opponent,39.0,27.5,,38.0,418.0,,,,,,,,,,,,,,,,,,,,,,,,,,,https://fbref.com/en/squads/b985784c/2012-2013/Pescara-Stats
2013,QPR,Premier League,team,30.0,28.2,,38.0,418.0,,,29.0,22.0,51.0,28.0,1.0,4.0,59.0,3.0,,,0.76,0.58,1.34,0.74,1.32,,,,,,,,,,https://fbref.com/en/squads/a757999c/2012-2013/Queens-Park-Rangers-Stats
2013,QPR,Premier League,opponent,30.0,27.0,,38.0,418.0,,,,,,,,,,,,,,,,,,,,,,,,,,,https://fbref.com/en/squads/a757999c/2012-2013/Queens-Park-Rangers-Stats
2013,Rayo Vallecano,La Liga,team,29.0,26.6,,38.0,418.0,,,49.0,30.0,79.0,42.0,7.0,7.0,139.0,4.0,,,1.29,0.79,2.08,1.11,1.89,,,,,,,,,,https://fbref.com/en/squads/98e8af82/2012-2013/Rayo-Vallecano-Stats
2013,Rayo Vallecano,La Liga,opponent,29.0,26.9,,38.0,418.0,,,,,,,,,,,,,,,,,,,,,,,,,,,https://fbref.com/en/squads/98e8af82/2012-2013/Rayo-Vallecano-Stats
2013,Reading,Premier League,team,28.0,27.2,,38.0,418.0,,,41.0,28.0,69.0,37.0,4.0,4.0,45.0,1.0,,,1.08,0.74,1.82,0.97,1.71,,,,,,,,,,https://fbref.com/en/squads/b0ac61ff/2012-2013/Reading-Stats
2013,Reading,Premier League,opponent,28.0,26.9,,38.0,418.0,,,,,,,,,,,,,,,,,,,,,,,,,,,https://fbref.com/en/squads/b0ac61ff/2012-2013/Reading-Stats
2013,Real Madrid,La Liga,team,31.0,26.9,,38.0,418.0,,,100.0,71.0,171.0,92.0,8.0,10.0,93.0,5.0,,,2.63,1.87,4.5,2.42,4.29,,,,,,,,,,https://fbref.com/en/squads/53a2f082/2012-2013/Real-Madrid-Stats
2013,Real Madrid,La Liga,opponent,31.0,27.0,,38.0,418.0,,,,,,,,,,,,,,,,,,,,,,,,,,,https://fbref.com/en/squads/53a2f082/2012-2013/Real-Madrid-Stats
2013,Real Sociedad,La Liga,team,22.0,25.3,,38.0,418.0,,,68.0,49.0,117.0,61.0,7.0,7.0,96.0,2.0,,,1.79,1.29,3.08,1.61,2.89,,,,,,,,,,https://fbref.com/en/squads/e31d1cd9/2012-2013/Real-Sociedad-Stats
2013,Real Sociedad,La Liga,opponent,22.0,27.0,,38.0,418.0,,,,,,,,,,,,,,,,,,,,,,,,,,,https://fbref.com/en/squads/e31d1cd9/2012-2013/Real-Sociedad-Stats
2013,Reims,Ligue 1,team,26.0,26.1,,38.0,418.0,,,30.0,18.0,48.0,27.0,3.0,6.0,64.0,6.0,,,0.79,0.47,1.26,0.71,1.18,,,,,,,,,,https://fbref.com/en/squads/7fdd64e0/2012-2013/Reims-Stats
2013,Reims,Ligue 1,opponent,26.0,26.4,,38.0,418.0,,,,,,,,,,,,,,,,,,,,,,,,,,,https://fbref.com/en/squads/7fdd64e0/2012-2013/Reims-Stats
2013,Rennes,Ligue 1,team,31.0,24.8,,38.0,418.0,,,48.0,33.0,81.0,46.0,2.0,2.0,45.0,10.0,,,1.26,0.87,2.13,1.21,2.08,,,,,,,,,,https://fbref.com/en/squads/b3072e00/2012-2013/Rennes-Stats
2013,Rennes,Ligue 1,opponent,31.0,26.5,,38.0,418.0,,,,,,,,,,,,,,,,,,,,,,,,,,,https://fbref.com/en/squads/b3072e00/2012-2013/Rennes-Stats
2013,Roma,Serie A,team,24.0,26.0,,38.0,407.0,,,68.0,43.0,111.0,63.0,5.0,7.0,91.0,8.0,,,1.79,1.13,2.92,1.66,2.79,,,,,,,,,,https://fbref.com/en/squads/cf74a709/2012-2013/Roma-Stats
2013,Roma,Serie A,opponent,24.0,27.4,,38.0,407.0,,,,,,,,,,,,,,,,,,,,,,,,,,,https://fbref.com/en/squads/cf74a709/2012-2013/Roma-Stats
2013,Saint-Étienne,Ligue 1,team,25.0,25.9,,38.0,418.0,,,57.0,44.0,101.0,55.0,2.0,3.0,58.0,4.0,,,1.5,1.16,2.66,1.45,2.61,,,,,,,,,,https://fbref.com/en/squads/d298ef2c/2012-2013/Saint-Etienne-Stats
2013,Saint-Étienne,Ligue 1,opponent,25.0,26.3,,38.0,418.0,,,,,,,,,,,,,,,,,,,,,,,,,,,https://fbref.com/en/squads/d298ef2c/2012-2013/Saint-Etienne-Stats
2013,Sampdoria,Serie A,team,29.0,25.0,,38.0,418.0,,,41.0,29.0,70.0,35.0,6.0,7.0,86.0,9.0,,,1.08,0.76,1.84,0.92,1.68,,,,,,,,,,https://fbref.com/en/squads/8ff9e3b3/2012-2013/Sampdoria-Stats
2013,Sampdoria,Serie A,opponent,29.0,27.6,,38.0,418.0,,,,,,,,,,,,,,,,,,,,,,,,,,,https://fbref.com/en/squads/8ff9e3b3/2012-2013/Sampdoria-Stats
2013,Schalke 04,Bundesliga,team,26.0,25.1,,34.0,374.0,,,56.0,48.0,104.0,53.0,3.0,5.0,56.0,3.0,,,1.65,1.41,3.06,1.56,2.97,,,,,,,,,,https://fbref.com/en/squads/c539e393/2012-2013/Schalke-04-Stats
2013,Schalke 04,Bundesliga,opponent,26.0,25.8,,34.0,374.0,,,,,,,,,,,,,,,,,,,,,,,,,,,https://fbref.com/en/squads/c539e393/2012-2013/Schalke-04-Stats
2013,Sevilla,La Liga,team,30.0,26.7,,38.0,418.0,,,56.0,36.0,92.0,51.0,5.0,7.0,99.0,12.0,,,1.47,0.95,2.42,1.34,2.29,,,,,,,,,,https://fbref.com/en/squads/ad2be733/2012-2013/Sevilla-Stats
2013,Sevilla,La Liga,opponent,30.0,26.9,,38.0,418.0,,,,,,,,,,,,,,,,,,,,,,,,,,,https://fbref.com/en/squads/ad2be733/2012-2013/Sevilla-Stats
2013,Siena,Serie A,team,37.0,28.9,,38.0,418.0,,,35.0,28.0,63.0,31.0,4.0,7.0,96.0,6.0,,,0.92,0.74,1.66,0.82,1.55,,,,,,,,,,https://fbref.com/en/squads/45a2f824/2012-2013/Siena-Stats
2013,Siena,Serie A,opponent,37.0,27.4,,38.0,418.0,,,,,,,,,,,,,,,,,,,,,,,,,,,https://fbref.com/en/squads/45a2f824/2012-2013/Siena-Stats
2013,Sochaux,Ligue 1,team,27.0,24.8,,38.0,418.0,,,39.0,29.0,68.0,37.0,2.0,3.0,63.0,3.0,,,1.03,0.76,1.79,0.97,1.74,,,,,,,,,,https://fbref.com/en/squads/b9cd3c9a/2012-2013/Sochaux-Stats
2013,Sochaux,Ligue 1,opponent,27.0,26.3,,38.0,418.0,,,,,,,,,,,,,,,,,,,,,,,,,,,https://fbref.com/en/squads/b9cd3c9a/2012-2013/Sochaux-Stats
2013,Southampton,Premier League,team,25.0,25.3,,38.0,418.0,,,46.0,25.0,71.0,43.0,3.0,3.0,43.0,2.0,,,1.21,0.66,1.87,1.13,1.79,,,,,,,,,,https://fbref.com/en/squads/33c895d4/2012-2013/Southampton-Stats
2013,Southampton,Premier League,opponent,25.0,27.0,,38.0,418.0,,,,,,,,,,,,,,,,,,,,,,,,,,,https://fbref.com/en/squads/33c895d4/2012-2013/Southampton-Stats
2013,Stoke City,Premier League,team,24.0,27.1,,38.0,418.0,,,33.0,23.0,56.0,30.0,3.0,5.0,76.0,4.0,,,0.87,0.61,1.47,0.79,1.39,,,,,,,,,,https://fbref.com/en/squads/17892952/2012-2013/Stoke-City-Stats
2013,Stoke City,Premier League,opponent,24.0,26.8,,38.0,418.0,,,,,,,,,,,,,,,,,,,,,,,,,,,https://fbref.com/en/squads/17892952/2012-2013/Stoke-City-Stats
2013,Stuttgart,Bundesliga,team,27.0,25.6,,34.0,374.0,,,34.0,21.0,55.0,28.0,6.0,8.0,74.0,7.0,,,1.0,0.62,1.62,0.82,1.44,,,,,,,,,,https://fbref.com/en/squads/598bc722/2012-2013/Stuttgart-Stats
2013,Stuttgart,Bundesliga,opponent,27.0,25.6,,34.0,374.0,,,,,,,,,,,,,,,,,,,,,,,,,,,https://fbref.com/en/squads/598bc722/2012-2013/Stuttgart-Stats
2013,Sunderland,Premier League,team,29.0,26.2,,38.0,418.0,,,39.0,24.0,63.0,35.0,4.0,4.0,61.0,3.0,,,1.03,0.63,1.66,0.92,1.55,,,,,,,,,,https://fbref.com/en/squads/8ef52968/2012-2013/Sunderland-Stats
2013,Sunderland,Premier League,opponent,29.0,26.8,,38.0,418.0,,,,,,,,,,,,,,,,,,,,,,,,,,,https://fbref.com/en/squads/8ef52968/2012-2013/Sunderland-Stats
2013,Swansea City,Premier League,team,25.0,26.6,,38.0,418.0,,,47.0,32.0,79.0,47.0,0.0,0.0,57.0,2.0,,,1.24,0.84,2.08,1.24,2.08,,,,,,,,,,https://fbref.com/en/squads/fb10988f/2012-2013/Swansea-City-Stats
2013,Swansea City,Premier League,opponent,25.0,26.7,,38.0,418.0,,,,,,,,,,,,,,,,,,,,,,,,,,,https://fbref.com/en/squads/fb10988f/2012-2013/Swansea-City-Stats
2013,Torino,Serie A,team,29.0,27.7,,38.0,418.0,,,45.0,32.0,77.0,40.0,5.0,6.0,81.0,5.0,,,1.18,0.84,2.03,1.05,1.89,,,,,,,,,,https://fbref.com/en/squads/105360fe/2012-2013/Torino-Stats
2013,Torino,Serie A,opponent,29.0,27.3,,38.0,418.0,,,,,,,,,,,,,,,,,,,,,,,,,,,https://fbref.com/en/squads/105360fe/2012-2013/Torino-Stats
2013,Tottenham,Premier League,team,28.0,26.3,,38.0,418.0,,,62.0,45.0,107.0,62.0,0.0,0.0,54.0,2.0,,,1.63,1.18,2.82,1.63,2.82,,,,,,,,,,https://fbref.com/en/squads/361ca564/2012-2013/Tottenham-Hotspur-Stats
2013,Tottenham,Premier League,opponent,28.0,27.1,,38.0,418.0,,,,,,,,,,,,,,,,,,,,,,,,,,,https://fbref.com/en/squads/361ca564/2012-2013/Tottenham-Hotspur-Stats
2013,Toulouse,Ligue 1,team,24.0,24.1,,38.0,418.0,,,47.0,35.0,82.0,46.0,1.0,2.0,63.0,7.0,,,1.24,0.92,2.16,1.21,2.13,,,,,,,,,,https://fbref.com/en/squads/3f8c4b5f/2012-2013/Toulouse-Stats
2013,Toulouse,Ligue 1,opponent,24.0,26.3,,38.0,418.0,,,,,,,,,,,,,,,,,,,,,,,,,,,https://fbref.com/en/squads/3f8c4b5f/2012-2013/Toulouse-Stats
2013,Troyes,Ligue 1,team,26.0,26.7,,38.0,418.0,,,43.0,28.0,71.0,41.0,2.0,3.0,51.0,5.0,,,1.13,0.74,1.87,1.08,1.82,,,,,,,,,,https://fbref.com/en/squads/54195385/2012-2013/Troyes-Stats
2013,Troyes,Ligue 1,opponent,26.0,26.2,,38.0,418.0,,,,,,,,,,,,,,,,,,,,,,,,,,,https://fbref.com/en/squads/54195385/2012-2013/Troyes-Stats
2013,Udinese,Serie A,team,30.0,26.3,,38.0,418.0,,,59.0,37.0,96.0,55.0,4.0,6.0,84.0,6.0,,,1.55,0.97,2.53,1.45,2.42,,,,,,,,,,https://fbref.com/en/squads/04eea015/2012-2013/Udinese-Stats
2013,Udinese,Serie A,opponent,30.0,27.3,,38.0,418.0,,,,,,,,,,,,,,,,,,,,,,,,,,,https://fbref.com/en/squads/04eea015/2012-2013/Udinese-Stats
2013,Valencia,La Liga,team,23.0,26.4,,38.0,418.0,,,65.0,48.0,113.0,59.0,6.0,7.0,124.0,8.0,,,1.71,1.26,2.97,1.55,2.82,,,,,,,,,,https://fbref.com/en/squads/dcc91a7b/2012-2013/Valencia-Stats
2013,Valencia,La Liga,opponent,23.0,26.9,,38.0,418.0,,,,,,,,,,,,,,,,,,,,,,,,,,,https://fbref.com/en/squads/dcc91a7b/2012-2013/Valencia-Stats
2013,Valenciennes,Ligue 1,team,26.0,26.7,,38.0,418.0,,,45.0,32.0,77.0,42.0,3.0,4.0,57.0,3.0,,,1.18,0.84,2.03,1.11,1.95,,,,,,,,,,https://fbref.com/en/squads/259d3345/2012-2013/Valenciennes-Stats
2013,Valenciennes,Ligue 1,opponent,26.0,26.3,,38.0,418.0,,,,,,,,,,,,,,,,,,,,,,,,,,,https://fbref.com/en/squads/259d3345/2012-2013/Valenciennes-Stats
2013,Valladolid,La Liga,team,23.0,27.3,,38.0,418.0,,,48.0,32.0,80.0,43.0,5.0,6.0,80.0,3.0,,,1.26,0.84,2.11,1.13,1.97,,,,,,,,,,https://fbref.com/en/squads/17859612/2012-2013/Valladolid-Stats
2013,Valladolid,La Liga,opponent,23.0,26.8,,38.0,418.0,,,,,,,,,,,,,,,,,,,,,,,,,,,https://fbref.com/en/squads/17859612/2012-2013/Valladolid-Stats
2013,Werder Bremen,Bundesliga,team,24.0,24.2,,34.0,374.0,,,49.0,37.0,86.0,44.0,5.0,6.0,59.0,6.0,,,1.44,1.09,2.53,1.29,2.38,,,,,,,,,,https://fbref.com/en/squads/62add3bf/2012-2013/Werder-Bremen-Stats
2013,Werder Bremen,Bundesliga,opponent,24.0,25.7,,34.0,374.0,,,,,,,,,,,,,,,,,,,,,,,,,,,https://fbref.com/en/squads/62add3bf/2012-2013/Werder-Bremen-Stats
2013,West Brom,Premier League,team,25.0,27.6,,38.0,418.0,,,50.0,38.0,88.0,45.0,5.0,7.0,62.0,4.0,,,1.32,1.0,2.32,1.18,2.18,,,,,,,,,,https://fbref.com/en/squads/60c6b05f/2012-2013/West-Bromwich-Albion-Stats
2013,West Brom,Premier League,opponent,25.0,26.9,,38.0,418.0,,,,,,,,,,,,,,,,,,,,,,,,,,,https://fbref.com/en/squads/60c6b05f/2012-2013/West-Bromwich-Albion-Stats
2013,West Ham,Premier League,team,26.0,28.0,,38.0,418.0,,,43.0,33.0,76.0,39.0,4.0,4.0,74.0,1.0,,,1.13,0.87,2.0,1.03,1.89,,,,,,,,,,https://fbref.com/en/squads/7c21e445/2012-2013/West-Ham-United-Stats
2013,West Ham,Premier League,opponent,26.0,26.9,,38.0,418.0,,,,,,,,,,,,,,,,,,,,,,,,,,,https://fbref.com/en/squads/7c21e445/2012-2013/West-Ham-United-Stats
2013,Wigan Athletic,Premier League,team,28.0,27.7,,38.0,418.0,,,45.0,35.0,80.0,44.0,1.0,1.0,66.0,2.0,,,1.18,0.92,2.11,1.16,2.08,,,,,,,,,,https://fbref.com/en/squads/e59ddc76/2012-2013/Wigan-Athletic-Stats
2013,Wigan Athletic,Premier League,opponent,28.0,27.1,,38.0,418.0,,,,,,,,,,,,,,,,,,,,,,,,,,,https://fbref.com/en/squads/e59ddc76/2012-2013/Wigan-Athletic-Stats
2013,Wolfsburg,Bundesliga,team,29.0,27.1,,34.0,374.0,,,46.0,36.0,82.0,43.0,3.0,3.0,60.0,4.0,,,1.35,1.06,2.41,1.26,2.32,,,,,,,,,,https://fbref.com/en/squads/4eaa11d7/2012-2013/Wolfsburg-Stats
2013,Wolfsburg,Bundesliga,opponent,29.0,25.7,,34.0,374.0,,,,,,,,,,,,,,,,,,,,,,,,,,,https://fbref.com/en/squads/4eaa11d7/2012-2013/Wolfsburg-Stats
2013,Zaragoza,La Liga,team,33.0,26.9,,38.0,418.0,,,37.0,23.0,60.0,29.0,8.0,8.0,128.0,11.0,,,0.97,0.61,1.58,0.76,1.37,,,,,,,,,,https://fbref.com/en/squads/800303a0/2012-2013/Zaragoza-Stats
2013,Zaragoza,La Liga,opponent,33.0,26.9,,38.0,418.0,,,,,,,,,,,,,,,,,,,,,,,,,,,https://fbref.com/en/squads/800303a0/2012-2013/Zaragoza-Stats
2014,Ajaccio,Ligue 1,team,37.0,27.1,,38.0,418.0,,,36.0,28.0,64.0,36.0,0.0,2.0,0.0,0.0,,,0.95,0.74,1.68,0.95,1.68,,,,,,,,,,https://fbref.com/en/squads/7a54bb4f/2013-2014/Ajaccio-Stats
2014,Ajaccio,Ligue 1,opponent,37.0,26.3,,38.0,418.0,,,,,,,,,,,,,,,,,,,,,,,,,,,https://fbref.com/en/squads/7a54bb4f/2013-2014/Ajaccio-Stats
2014,Almería,La Liga,team,28.0,27.5,,38.0,418.0,,,43.0,28.0,71.0,35.0,8.0,8.0,0.0,0.0,,,1.13,0.74,1.87,0.92,1.66,,,,,,,,,,https://fbref.com/en/squads/78ecf4bb/2013-2014/Almeria-Stats
2014,Almería,La Liga,opponent,28.0,26.7,,38.0,418.0,,,,,,,,,,,,,,,,,,,,,,,,,,,https://fbref.com/en/squads/78ecf4bb/2013-2014/Almeria-Stats
2014,Arsenal,Premier League,team,27.0,26.8,,38.0,418.0,,,68.0,48.0,116.0,65.0,3.0,3.0,0.0,0.0,,,1.79,1.26,3.05,1.71,2.97,,,,,,,,,,https://fbref.com/en/squads/18bb7c10/2013-2014/Arsenal-Stats
2014,Arsenal,Premier League,opponent,27.0,26.8,,38.0,418.0,,,,,,,,,,,,,,,,,,,,,,,,,,,https://fbref.com/en/squads/18bb7c10/2013-2014/Arsenal-Stats
2014,Aston Villa,Premier League,team,26.0,24.6,,38.0,418.0,,,38.0,25.0,63.0,36.0,2.0,4.0,0.0,0.0,,,1.0,0.66,1.66,0.95,1.61,,,,,,,,,,https://fbref.com/en/squads/8602292d/2013-2014/Aston-Villa-Stats
2014,Aston Villa,Premier League,opponent,26.0,27.1,,38.0,418.0,,,,,,,,,,,,,,,,,,,,,,,,,,,https://fbref.com/en/squads/8602292d/2013-2014/Aston-Villa-Stats
2014,Atalanta,Serie A,team,31.0,28.4,,38.0,418.0,,,43.0,32.0,75.0,41.0,2.0,3.0,0.0,0.0,,,1.13,0.84,1.97,1.08,1.92,,,,,,,,,,https://fbref.com/en/squads/922493f3/2013-2014/Atalanta-Stats
2014,Atalanta,Serie A,opponent,31.0,27.2,,38.0,418.0,,,,,,,,,,,,,,,,,,,,,,,,,,,https://fbref.com/en/squads/922493f3/2013-2014/Atalanta-Stats
2014,Athletic Club,La Liga,team,24.0,26.4,,38.0,418.0,,,65.0,46.0,111.0,61.0,4.0,7.0,0.0,0.0,,,1.71,1.21,2.92,1.61,2.82,,,,,,,,,,https://fbref.com/en/squads/2b390eca/2013-2014/Athletic-Club-Stats
2014,Athletic Club,La Liga,opponent,24.0,26.8,,38.0,418.0,,,,,,,,,,,,,,,,,,,,,,,,,,,https://fbref.com/en/squads/2b390eca/2013-2014/Athletic-Club-Stats
2014,Atlético Madrid,La Liga,team,25.0,26.9,,38.0,418.0,,,74.0,55.0,129.0,68.0,6.0,10.0,0.0,0.0,,,1.95,1.45,3.39,1.79,3.24,,,,,,,,,,https://fbref.com/en/squads/db3b9613/2013-2014/Atletico-Madrid-Stats
2014,Atlético Madrid,La Liga,opponent,25.0,26.7,,38.0,418.0,,,,,,,,,,,,,,,,,,,,,,,,,,,https://fbref.com/en/squads/db3b9613/2013-2014/Atletico-Madrid-Stats
2014,Augsburg,Bundesliga,team,27.0,26.7,,34.0,374.0,,,46.0,33.0,79.0,44.0,2.0,2.0,0.0,0.0,,,1.35,0.97,2.32,1.29,2.26,,,,,,,,,,https://fbref.com/en/squads/0cdc4311/2013-2014/Augsburg-Stats
2014,Augsburg,Bundesliga,opponent,27.0,25.4,,34.0,374.0,,,,,,,,,,,,,,,,,,,,,,,,,,,https://fbref.com/en/squads/0cdc4311/2013-2014/Augsburg-Stats
2014,Barcelona,La Liga,team,25.0,27.4,,38.0,418.0,,,96.0,71.0,167.0,85.0,11.0,13.0,0.0,0.0,,,2.53,1.87,4.39,2.24,4.11,,,,,,,,,,https://fbref.com/en/squads/206d90db/2013-2014/Barcelona-Stats
2014,Barcelona,La Liga,opponent,25.0,26.3,,38.0,418.0,,,,,,,,,,,,,,,,,,,,,,,,,,,https://fbref.com/en/squads/206d90db/2013-2014/Barcelona-Stats
2014,Bastia,Ligue 1,team,27.0,28.7,,38.0,418.0,,,42.0,32.0,74.0,39.0,3.0,3.0,0.0,0.0,,,1.11,0.84,1.95,1.03,1.87,,,,,,,,,,https://fbref.com/en/squads/6283be2c/2013-2014/Bastia-Stats
2014,Bastia,Ligue 1,opponent,27.0,25.9,,38.0,418.0,,,,,,,,,,,,,,,,,,,,,,,,,,,https://fbref.com/en/squads/6283be2c/2013-2014/Bastia-Stats
2014,Bayern Munich,Bundesliga,team,25.0,26.5,,34.0,374.0,,,93.0,74.0,167.0,88.0,5.0,7.0,0.0,0.0,,,2.74,2.18,4.91,2.59,4.76,,,,,,,,,,https://fbref.com/en/squads/054efa67/2013-2014/Bayern-Munich-Stats
2014,Bayern Munich,Bundesliga,opponent,25.0,25.6,,34.0,374.0,,,,,,,,,,,,,,,,,,,,,,,,,,,https://fbref.com/en/squads/054efa67/2013-2014/Bayern-Munich-Stats
2014,Betis,La Liga,team,33.0,26.6,,38.0,418.0,,,35.0,21.0,56.0,34.0,1.0,4.0,0.0,0.0,,,0.92,0.55,1.47,0.89,1.45,,,,,,,,,,https://fbref.com/en/squads/fc536746/2013-2014/Real-Betis-Stats
2014,Betis,La Liga,opponent,33.0,26.8,,38.0,418.0,,,,,,,,,,,,,,,,,,,,,,,,,,,https://fbref.com/en/squads/fc536746/2013-2014/Real-Betis-Stats
2014,Bologna,Serie A,team,28.0,28.6,,38.0,418.0,,,28.0,12.0,40.0,23.0,5.0,6.0,0.0,0.0,,,0.74,0.32,1.05,0.61,0.92,,,,,,,,,,https://fbref.com/en/squads/1d8099f8/2013-2014/Bologna-Stats
2014,Bologna,Serie A,opponent,28.0,27.3,,38.0,418.0,,,,,,,,,,,,,,,,,,,,,,,,,,,https://fbref.com/en/squads/1d8099f8/2013-2014/Bologna-Stats
2014,Bordeaux,Ligue 1,team,32.0,26.9,,38.0,418.0,,,49.0,33.0,82.0,43.0,6.0,6.0,0.0,0.0,,,1.29,0.87,2.16,1.13,2.0,,,,,,,,,,https://fbref.com/en/squads/123f3efe/2013-2014/Bordeaux-Stats
2014,Bordeaux,Ligue 1,opponent,32.0,26.3,,38.0,418.0,,,,,,,,,,,,,,,,,,,,,,,,,,,https://fbref.com/en/squads/123f3efe/2013-2014/Bordeaux-Stats
2014,Braunschweig,Bundesliga,team,27.0,26.0,,34.0,374.0,,,28.0,22.0,50.0,27.0,1.0,3.0,0.0,0.0,,,0.82,0.65,1.47,0.79,1.44,,,,,,,,,,https://fbref.com/en/squads/8107958d/2013-2014/Eintracht-Braunschweig-Stats
2014,Braunschweig,Bundesliga,opponent,27.0,25.5,,34.0,374.0,,,,,,,,,,,,,,,,,,,,,,,,,,,https://fbref.com/en/squads/8107958d/2013-2014/Eintracht-Braunschweig-Stats
2014,Cagliari,Serie A,team,31.0,27.2,,38.0,418.0,,,34.0,21.0,55.0,29.0,5.0,8.0,0.0,0.0,,,0.89,0.55,1.45,0.76,1.32,,,,,,,,,,https://fbref.com/en/squads/c4260e09/2013-2014/Cagliari-Stats
2014,Cagliari,Serie A,opponent,31.0,27.4,,38.0,418.0,,,,,,,,,,,,,,,,,,,,,,,,,,,https://fbref.com/en/squads/c4260e09/2013-2014/Cagliari-Stats
2014,Cardiff City,Premier League,team,32.0,25.4,,38.0,418.0,,,31.0,24.0,55.0,30.0,1.0,1.0,0.0,0.0,,,0.82,0.63,1.45,0.79,1.42,,,,,,,,,,https://fbref.com/en/squads/75fae011/2013-2014/Cardiff-City-Stats
2014,Cardiff City,Premier League,opponent,32.0,26.9,,38.0,418.0,,,,,,,,,,,,,,,,,,,,,,,,,,,https://fbref.com/en/squads/75fae011/2013-2014/Cardiff-City-Stats
2014,Catania,Serie A,team,34.0,27.2,,38.0,418.0,,,34.0,23.0,57.0,31.0,3.0,3.0,0.0,0.0,,,0.89,0.61,1.5,0.82,1.42,,,,,,,,,,https://fbref.com/en/squads/7b046f08/2013-2014/Catania-Stats
2014,Catania,Serie A,opponent,34.0,27.6,,38.0,418.0,,,,,,,,,,,,,,,,,,,,,,,,,,,https://fbref.com/en/squads/7b046f08/2013-2014/Catania-Stats
2014,Celta Vigo,La Liga,team,26.0,25.0,,38.0,418.0,,,47.0,32.0,79.0,45.0,2.0,3.0,0.0,0.0,,,1.24,0.84,2.08,1.18,2.03,,,,,,,,,,https://fbref.com/en/squads/f25da7fb/2013-2014/Celta-Vigo-Stats
2014,Celta Vigo,La Liga,opponent,26.0,26.9,,38.0,418.0,,,,,,,,,,,,,,,,,,,,,,,,,,,https://fbref.com/en/squads/f25da7fb/2013-2014/Celta-Vigo-Stats
2014,Chelsea,Premier League,team,29.0,27.7,,38.0,418.0,,,69.0,39.0,108.0,64.0,5.0,7.0,0.0,0.0,,,1.82,1.03,2.84,1.68,2.71,,,,,,,,,,https://fbref.com/en/squads/cff3d9bb/2013-2014/Chelsea-Stats
2014,Chelsea,Premier League,opponent,29.0,26.8,,38.0,418.0,,,,,,,,,,,,,,,,,,,,,,,,,,,https://fbref.com/en/squads/cff3d9bb/2013-2014/Chelsea-Stats
2014,Chievo,Serie A,team,36.0,28.9,,38.0,418.0,,,33.0,24.0,57.0,27.0,6.0,7.0,0.0,0.0,,,0.87,0.63,1.5,0.71,1.34,,,,,,,,,,https://fbref.com/en/squads/cc919b35/2013-2014/Chievo-Stats
2014,Chievo,Serie A,opponent,36.0,27.6,,38.0,418.0,,,,,,,,,,,,,,,,,,,,,,,,,,,https://fbref.com/en/squads/cc919b35/2013-2014/Chievo-Stats
2014,Crystal Palace,Premier League,team,31.0,28.1,,38.0,418.0,,,32.0,21.0,53.0,27.0,5.0,6.0,0.0,0.0,,,0.84,0.55,1.39,0.71,1.26,,,,,,,,,,https://fbref.com/en/squads/47c64c55/2013-2014/Crystal-Palace-Stats
2014,Crystal Palace,Premier League,opponent,31.0,26.7,,38.0,418.0,,,,,,,,,,,,,,,,,,,,,,,,,,,https://fbref.com/en/squads/47c64c55/2013-2014/Crystal-Palace-Stats
2014,Dortmund,Bundesliga,team,26.0,25.9,,34.0,374.0,,,80.0,51.0,131.0,70.0,10.0,10.0,0.0,0.0,,,2.35,1.5,3.85,2.06,3.56,,,,,,,,,,https://fbref.com/en/squads/add600ae/2013-2014/Dortmund-Stats
2014,Dortmund,Bundesliga,opponent,26.0,25.4,,34.0,374.0,,,,,,,,,,,,,,,,,,,,,,,,,,,https://fbref.com/en/squads/add600ae/2013-2014/Dortmund-Stats
2014,Eint Frankfurt,Bundesliga,team,27.0,25.6,,34.0,374.0,,,38.0,28.0,66.0,37.0,1.0,2.0,0.0,0.0,,,1.12,0.82,1.94,1.09,1.91,,,,,,,,,,https://fbref.com/en/squads/f0ac8ee6/2013-2014/Eintracht-Frankfurt-Stats
2014,Eint Frankfurt,Bundesliga,opponent,27.0,25.6,,34.0,374.0,,,,,,,,,,,,,,,,,,,,,,,,,,,https://fbref.com/en/squads/f0ac8ee6/2013-2014/Eintracht-Frankfurt-Stats
2014,Elche,La Liga,team,28.0,27.2,,38.0,418.0,,,30.0,22.0,52.0,26.0,4.0,6.0,0.0,0.0,,,0.79,0.58,1.37,0.68,1.26,,,,,,,,,,https://fbref.com/en/squads/6c8b07df/2013-2014/Elche-Stats
2014,Elche,La Liga,opponent,28.0,26.6,,38.0,418.0,,,,,,,,,,,,,,,,,,,,,,,,,,,https://fbref.com/en/squads/6c8b07df/2013-2014/Elche-Stats
2014,Espanyol,La Liga,team,24.0,26.7,,38.0,418.0,,,40.0,30.0,70.0,35.0,5.0,6.0,0.0,0.0,,,1.05,0.79,1.84,0.92,1.71,,,,,,,,,,https://fbref.com/en/squads/a8661628/2013-2014/Espanyol-Stats
2014,Espanyol,La Liga,opponent,24.0,26.8,,38.0,418.0,,,,,,,,,,,,,,,,,,,,,,,,,,,https://fbref.com/en/squads/a8661628/2013-2014/Espanyol-Stats
2014,Everton,Premier League,team,28.0,27.6,,38.0,418.0,,,58.0,42.0,100.0,55.0,3.0,3.0,0.0,0.0,,,1.53,1.11,2.63,1.45,2.55,,,,,,,,,,https://fbref.com/en/squads/d3fd31cc/2013-2014/Everton-Stats
2014,Everton,Premier League,opponent,28.0,26.8,,38.0,418.0,,,,,,,,,,,,,,,,,,,,,,,,,,,https://fbref.com/en/squads/d3fd31cc/2013-2014/Everton-Stats
2014,Evian,Ligue 1,team,29.0,26.9,,38.0,418.0,,,39.0,22.0,61.0,35.0,4.0,5.0,0.0,0.0,,,1.03,0.58,1.61,0.92,1.5,,,,,,,,,,https://fbref.com/en/squads/633fbb6e/2013-2014/Evian-Stats
2014,Evian,Ligue 1,opponent,29.0,26.0,,38.0,418.0,,,,,,,,,,,,,,,,,,,,,,,,,,,https://fbref.com/en/squads/633fbb6e/2013-2014/Evian-Stats
2014,Fiorentina,Serie A,team,31.0,27.7,,38.0,418.0,,,65.0,41.0,106.0,54.0,11.0,11.0,0.0,0.0,,,1.71,1.08,2.79,1.42,2.5,,,,,,,,,,https://fbref.com/en/squads/421387cf/2013-2014/Fiorentina-Stats
2014,Fiorentina,Serie A,opponent,31.0,27.4,,38.0,418.0,,,,,,,,,,,,,,,,,,,,,,,,,,,https://fbref.com/en/squads/421387cf/2013-2014/Fiorentina-Stats
2014,Freiburg,Bundesliga,team,30.0,23.9,,34.0,374.0,,,42.0,31.0,73.0,41.0,1.0,2.0,0.0,0.0,,,1.24,0.91,2.15,1.21,2.12,,,,,,,,,,https://fbref.com/en/squads/a486e511/2013-2014/Freiburg-Stats
2014,Freiburg,Bundesliga,opponent,30.0,25.8,,34.0,374.0,,,,,,,,,,,,,,,,,,,,,,,,,,,https://fbref.com/en/squads/a486e511/2013-2014/Freiburg-Stats
2014,Fulham,Premier League,team,39.0,29.0,,38.0,418.0,,,38.0,28.0,66.0,36.0,2.0,3.0,0.0,0.0,,,1.0,0.74,1.74,0.95,1.68,,,,,,,,,,https://fbref.com/en/squads/fd962109/2013-2014/Fulham-Stats
2014,Fulham,Premier League,opponent,39.0,26.7,,38.0,418.0,,,,,,,,,,,,,,,,,,,,,,,,,,,https://fbref.com/en/squads/fd962109/2013-2014/Fulham-Stats
2014,Genoa,Serie A,team,31.0,27.2,,38.0,418.0,,,39.0,23.0,62.0,34.0,5.0,9.0,0.0,0.0,,,1.03,0.61,1.63,0.89,1.5,,,,,,,,,,https://fbref.com/en/squads/658bf2de/2013-2014/Genoa-Stats
2014,Genoa,Serie A,opponent,31.0,27.5,,38.0,418.0,,,,,,,,,,,,,,,,,,,,,,,,,,,https://fbref.com/en/squads/658bf2de/2013-2014/Genoa-Stats
2014,Getafe,La Liga,team,28.0,27.7,,38.0,418.0,,,34.0,30.0,64.0,32.0,2.0,3.0,0.0,0.0,,,0.89,0.79,1.68,0.84,1.63,,,,,,,,,,https://fbref.com/en/squads/7848bd64/2013-2014/Getafe-Stats
2014,Getafe,La Liga,opponent,28.0,26.7,,38.0,418.0,,,,,,,,,,,,,,,,,,,,,,,,,,,https://fbref.com/en/squads/7848bd64/2013-2014/Getafe-Stats
2014,Granada,La Liga,team,26.0,26.3,,38.0,418.0,,,31.0,22.0,53.0,28.0,3.0,6.0,0.0,0.0,,,0.82,0.58,1.39,0.74,1.32,,,,,,,,,,https://fbref.com/en/squads/a0435291/2013-2014/Granada-Stats
2014,Granada,La Liga,opponent,26.0,26.8,,38.0,418.0,,,,,,,,,,,,,,,,,,,,,,,,,,,https://fbref.com/en/squads/a0435291/2013-2014/Granada-Stats
2014,Guingamp,Ligue 1,team,25.0,27.2,,38.0,418.0,,,32.0,25.0,57.0,28.0,4.0,6.0,0.0,0.0,,,0.84,0.66,1.5,0.74,1.39,,,,,,,,,,https://fbref.com/en/squads/d41b5f53/2013-2014/Guingamp-Stats
2014,Guingamp,Ligue 1,opponent,25.0,26.2,,38.0,418.0,,,,,,,,,,,,,,,,,,,,,,,,,,,https://fbref.com/en/squads/d41b5f53/2013-2014/Guingamp-Stats
2014,Hamburger SV,Bundesliga,team,28.0,25.0,,34.0,374.0,,,50.0,31.0,81.0,47.0,3.0,3.0,0.0,0.0,,,1.47,0.91,2.38,1.38,2.29,,,,,,,,,,https://fbref.com/en/squads/26790c6a/2013-2014/Hamburger-SV-Stats
2014,Hamburger SV,Bundesliga,opponent,28.0,25.7,,34.0,374.0,,,,,,,,,,,,,,,,,,,,,,,,,,,https://fbref.com/en/squads/26790c6a/2013-2014/Hamburger-SV-Stats
2014,Hannover 96,Bundesliga,team,26.0,25.7,,34.0,374.0,,,46.0,32.0,78.0,43.0,3.0,4.0,0.0,0.0,,,1.35,0.94,2.29,1.26,2.21,,,,,,,,,,https://fbref.com/en/squads/60b5e41f/2013-2014/Hannover-96-Stats
2014,Hannover 96,Bundesliga,opponent,26.0,25.7,,34.0,374.0,,,,,,,,,,,,,,,,,,,,,,,,,,,https://fbref.com/en/squads/60b5e41f/2013-2014/Hannover-96-Stats
2014,Hellas Verona,Serie A,team,29.0,28.4,,38.0,418.0,,,60.0,38.0,98.0,52.0,8.0,8.0,0.0,0.0,,,1.58,1.0,2.58,1.37,2.37,,,,,,,,,,https://fbref.com/en/squads/0e72edf2/2013-2014/Hellas-Verona-Stats
2014,Hellas Verona,Serie A,opponent,29.0,27.4,,38.0,418.0,,,,,,,,,,,,,,,,,,,,,,,,,,,https://fbref.com/en/squads/0e72edf2/2013-2014/Hellas-Verona-Stats
2014,Hertha BSC,Bundesliga,team,25.0,26.1,,34.0,374.0,,,40.0,30.0,70.0,36.0,4.0,5.0,0.0,0.0,,,1.18,0.88,2.06,1.06,1.94,,,,,,,,,,https://fbref.com/en/squads/2818f8bc/2013-2014/Hertha-BSC-Stats
2014,Hertha BSC,Bundesliga,opponent,25.0,25.5,,34.0,374.0,,,,,,,,,,,,,,,,,,,,,,,,,,,https://fbref.com/en/squads/2818f8bc/2013-2014/Hertha-BSC-Stats
2014,Hoffenheim,Bundesliga,team,25.0,24.0,,34.0,374.0,,,72.0,46.0,118.0,62.0,10.0,14.0,0.0,0.0,,,2.12,1.35,3.47,1.82,3.18,,,,,,,,,,https://fbref.com/en/squads/033ea6b8/2013-2014/Hoffenheim-Stats
2014,Hoffenheim,Bundesliga,opponent,25.0,25.8,,34.0,374.0,,,,,,,,,,,,,,,,,,,,,,,,,,,https://fbref.com/en/squads/033ea6b8/2013-2014/Hoffenheim-Stats
2014,Hull City,Premier League,team,27.0,27.5,,38.0,418.0,,,35.0,21.0,56.0,33.0,2.0,3.0,0.0,0.0,,,0.92,0.55,1.47,0.87,1.42,,,,,,,,,,https://fbref.com/en/squads/bd8769d1/2013-2014/Hull-City-Stats
2014,Hull City,Premier League,opponent,27.0,26.8,,38.0,418.0,,,,,,,,,,,,,,,,,,,,,,,,,,,https://fbref.com/en/squads/bd8769d1/2013-2014/Hull-City-Stats
2014,Inter,Serie A,team,28.0,27.6,,38.0,418.0,,,59.0,48.0,107.0,59.0,0.0,1.0,0.0,0.0,,,1.55,1.26,2.82,1.55,2.82,,,,,,,,,,https://fbref.com/en/squads/d609edc0/2013-2014/Internazionale-Stats
2014,Inter,Serie A,opponent,28.0,27.4,,38.0,418.0,,,,,,,,,,,,,,,,,,,,,,,,,,,https://fbref.com/en/squads/d609edc0/2013-2014/Internazionale-Stats
2014,Juventus,Serie A,team,26.0,28.3,,38.0,418.0,,,78.0,54.0,132.0,74.0,4.0,4.0,0.0,0.0,,,2.05,1.42,3.47,1.95,3.37,,,,,,,,,,https://fbref.com/en/squads/e0652b02/2013-2014/Juventus-Stats
2014,Juventus,Serie A,opponent,26.0,27.5,,38.0,418.0,,,,,,,,,,,,,,,,,,,,,,,,,,,https://fbref.com/en/squads/e0652b02/2013-2014/Juventus-Stats
2014,Lazio,Serie A,team,30.0,28.0,,38.0,418.0,,,51.0,30.0,81.0,44.0,7.0,8.0,0.0,0.0,,,1.34,0.79,2.13,1.16,1.95,,,,,,,,,,https://fbref.com/en/squads/7213da33/2013-2014/Lazio-Stats
2014,Lazio,Serie A,opponent,30.0,27.7,,38.0,418.0,,,,,,,,,,,,,,,,,,,,,,,,,,,https://fbref.com/en/squads/7213da33/2013-2014/Lazio-Stats
2014,Levante,La Liga,team,28.0,28.9,,38.0,418.0,,,33.0,19.0,52.0,29.0,4.0,8.0,0.0,0.0,,,0.87,0.5,1.37,0.76,1.26,,,,,,,,,,https://fbref.com/en/squads/9800b6a1/2013-2014/Levante-Stats
2014,Levante,La Liga,opponent,28.0,26.6,,38.0,418.0,,,,,,,,,,,,,,,,,,,,,,,,,,,https://fbref.com/en/squads/9800b6a1/2013-2014/Levante-Stats
2014,Leverkusen,Bundesliga,team,24.0,25.4,,34.0,374.0,,,58.0,43.0,101.0,56.0,2.0,2.0,0.0,0.0,,,1.71,1.26,2.97,1.65,2.91,,,,,,,,,,https://fbref.com/en/squads/c7a9f859/2013-2014/Bayer-Leverkusen-Stats
2014,Leverkusen,Bundesliga,opponent,24.0,25.6,,34.0,374.0,,,,,,,,,,,,,,,,,,,,,,,,,,,https://fbref.com/en/squads/c7a9f859/2013-2014/Bayer-Leverkusen-Stats
2014,Lille,Ligue 1,team,22.0,26.9,,38.0,418.0,,,43.0,30.0,73.0,38.0,5.0,6.0,0.0,0.0,,,1.13,0.79,1.92,1.0,1.79,,,,,,,,,,https://fbref.com/en/squads/cb188c0c/2013-2014/Lille-Stats
2014,Lille,Ligue 1,opponent,22.0,26.2,,38.0,418.0,,,,,,,,,,,,,,,,,,,,,,,,,,,https://fbref.com/en/squads/cb188c0c/2013-2014/Lille-Stats
2014,Liverpool,Premier League,team,25.0,25.7,,38.0,418.0,,,97.0,61.0,158.0,87.0,10.0,12.0,0.0,0.0,,,2.55,1.61,4.16,2.29,3.89,,,,,,,,,,https://fbref.com/en/squads/822bd0ba/2013-2014/Liverpool-Stats
2014,Liverpool,Premier League,opponent,25.0,26.9,,38.0,418.0,,,,,,,,,,,,,,,,,,,,,,,,,,,https://fbref.com/en/squads/822bd0ba/2013-2014/Liverpool-Stats
2014,Livorno,Serie A,team,31.0,25.7,,38.0,418.0,,,37.0,23.0,60.0,33.0,4.0,4.0,0.0,0.0,,,0.97,0.61,1.58,0.87,1.47,,,,,,,,,,https://fbref.com/en/squads/939201df/2013-2014/Livorno-Stats
2014,Livorno,Serie A,opponent,31.0,27.5,,38.0,418.0,,,,,,,,,,,,,,,,,,,,,,,,,,,https://fbref.com/en/squads/939201df/2013-2014/Livorno-Stats
2014,Lorient,Ligue 1,team,28.0,25.6,,38.0,418.0,,,46.0,32.0,78.0,40.0,6.0,6.0,0.0,0.0,,,1.21,0.84,2.05,1.05,1.89,,,,,,,,,,https://fbref.com/en/squads/d2c87802/2013-2014/Lorient-Stats
2014,Lorient,Ligue 1,opponent,28.0,26.2,,38.0,418.0,,,,,,,,,,,,,,,,,,,,,,,,,,,https://fbref.com/en/squads/d2c87802/2013-2014/Lorient-Stats
2014,Lyon,Ligue 1,team,28.0,25.0,,38.0,418.0,,,56.0,36.0,92.0,55.0,1.0,2.0,0.0,0.0,,,1.47,0.95,2.42,1.45,2.39,,,,,,,,,,https://fbref.com/en/squads/d53c0b06/2013-2014/Lyon-Stats
2014,Lyon,Ligue 1,opponent,28.0,26.3,,38.0,418.0,,,,,,,,,,,,,,,,,,,,,,,,,,,https://fbref.com/en/squads/d53c0b06/2013-2014/Lyon-Stats
2014,M'Gladbach,Bundesliga,team,21.0,25.6,,34.0,374.0,,,57.0,38.0,95.0,51.0,6.0,8.0,0.0,0.0,,,1.68,1.12,2.79,1.5,2.62,,,,,,,,,,https://fbref.com/en/squads/32f3ee20/2013-2014/Monchengladbach-Stats
2014,M'Gladbach,Bundesliga,opponent,21.0,25.4,,34.0,374.0,,,,,,,,,,,,,,,,,,,,,,,,,,,https://fbref.com/en/squads/32f3ee20/2013-2014/Monchengladbach-Stats
2014,Mainz 05,Bundesliga,team,28.0,26.8,,34.0,374.0,,,50.0,34.0,84.0,47.0,3.0,3.0,0.0,0.0,,,1.47,1.0,2.47,1.38,2.38,,,,,,,,,,https://fbref.com/en/squads/a224b06a/2013-2014/Mainz-05-Stats
2014,Mainz 05,Bundesliga,opponent,28.0,25.5,,34.0,374.0,,,,,,,,,,,,,,,,,,,,,,,,,,,https://fbref.com/en/squads/a224b06a/2013-2014/Mainz-05-Stats
2014,Manchester City,Premier League,team,23.0,27.7,,38.0,418.0,,,97.0,63.0,160.0,91.0,6.0,7.0,0.0,0.0,,,2.55,1.66,4.21,2.39,4.05,,,,,,,,,,https://fbref.com/en/squads/b8fd03ef/2013-2014/Manchester-City-Stats
2014,Manchester City,Premier League,opponent,23.0,26.6,,38.0,418.0,,,,,,,,,,,,,,,,,,,,,,,,,,,https://fbref.com/en/squads/b8fd03ef/2013-2014/Manchester-City-Stats
2014,Manchester Utd,Premier League,team,30.0,26.7,,38.0,418.0,,,63.0,37.0,100.0,58.0,5.0,5.0,0.0,0.0,,,1.66,0.97,2.63,1.53,2.5,,,,,,,,,,https://fbref.com/en/squads/19538871/2013-2014/Manchester-United-Stats
2014,Manchester Utd,Premier League,opponent,30.0,26.8,,38.0,418.0,,,,,,,,,,,,,,,,,,,,,,,,,,,https://fbref.com/en/squads/19538871/2013-2014/Manchester-United-Stats
2014,Marseille,Ligue 1,team,24.0,26.4,,38.0,418.0,,,53.0,33.0,86.0,51.0,2.0,2.0,0.0,0.0,,,1.39,0.87,2.26,1.34,2.21,,,,,,,,,,https://fbref.com/en/squads/5725cc7b/2013-2014/Marseille-Stats
2014,Marseille,Ligue 1,opponent,24.0,26.3,,38.0,418.0,,,,,,,,,,,,,,,,,,,,,,,,,,,https://fbref.com/en/squads/5725cc7b/2013-2014/Marseille-Stats
2014,Milan,Serie A,team,32.0,28.0,,38.0,418.0,,,55.0,33.0,88.0,52.0,3.0,5.0,0.0,0.0,,,1.45,0.87,2.32,1.37,2.24,,,,,,,,,,https://fbref.com/en/squads/dc56fe14/2013-2014/Milan-Stats
2014,Milan,Serie A,opponent,32.0,27.3,,38.0,418.0,,,,,,,,,,,,,,,,,,,,,,,,,,,https://fbref.com/en/squads/dc56fe14/2013-2014/Milan-Stats
2014,Monaco,Ligue 1,team,29.0,26.4,,38.0,418.0,,,62.0,48.0,110.0,58.0,4.0,5.0,0.0,0.0,,,1.63,1.26,2.89,1.53,2.79,,,,,,,,,,https://fbref.com/en/squads/fd6114db/2013-2014/Monaco-Stats
2014,Monaco,Ligue 1,opponent,29.0,26.3,,38.0,418.0,,,,,,,,,,,,,,,,,,,,,,,,,,,https://fbref.com/en/squads/fd6114db/2013-2014/Monaco-Stats
2014,Montpellier,Ligue 1,team,26.0,26.0,,38.0,418.0,,,44.0,23.0,67.0,41.0,3.0,5.0,0.0,0.0,,,1.16,0.61,1.76,1.08,1.68,,,,,,,,,,https://fbref.com/en/squads/281b0e73/2013-2014/Montpellier-Stats
2014,Montpellier,Ligue 1,opponent,26.0,26.2,,38.0,418.0,,,,,,,,,,,,,,,,,,,,,,,,,,,https://fbref.com/en/squads/281b0e73/2013-2014/Montpellier-Stats
2014,Málaga,La Liga,team,28.0,27.0,,38.0,418.0,,,39.0,30.0,69.0,37.0,2.0,3.0,0.0,0.0,,,1.03,0.79,1.82,0.97,1.76,,,,,,,,,,https://fbref.com/en/squads/1c896955/2013-2014/Malaga-Stats
2014,Málaga,La Liga,opponent,28.0,26.6,,38.0,418.0,,,,,,,,,,,,,,,,,,,,,,,,,,,https://fbref.com/en/squads/1c896955/2013-2014/Malaga-Stats
2014,Nantes,Ligue 1,team,28.0,25.7,,38.0,418.0,,,36.0,25.0,61.0,36.0,0.0,2.0,0.0,0.0,,,0.95,0.66,1.61,0.95,1.61,,,,,,,,,,https://fbref.com/en/squads/d7a486cd/2013-2014/Nantes-Stats
2014,Nantes,Ligue 1,opponent,28.0,26.3,,38.0,418.0,,,,,,,,,,,,,,,,,,,,,,,,,,,https://fbref.com/en/squads/d7a486cd/2013-2014/Nantes-Stats
2014,Napoli,Serie A,team,30.0,27.1,,38.0,418.0,,,76.0,51.0,127.0,69.0,7.0,9.0,0.0,0.0,,,2.0,1.34,3.34,1.82,3.16,,,,,,,,,,https://fbref.com/en/squads/d48ad4ff/2013-2014/Napoli-Stats
2014,Napoli,Serie A,opponent,30.0,27.4,,38.0,418.0,,,,,,,,,,,,,,,,,,,,,,,,,,,https://fbref.com/en/squads/d48ad4ff/2013-2014/Napoli-Stats
2014,Newcastle Utd,Premier League,team,26.0,26.4,,38.0,418.0,,,41.0,25.0,66.0,39.0,2.0,3.0,0.0,0.0,,,1.08,0.66,1.74,1.03,1.68,,,,,,,,,,https://fbref.com/en/squads/b2b47a98/2013-2014/Newcastle-United-Stats
2014,Newcastle Utd,Premier League,opponent,26.0,26.8,,38.0,418.0,,,,,,,,,,,,,,,,,,,,,,,,,,,https://fbref.com/en/squads/b2b47a98/2013-2014/Newcastle-United-Stats
2014,Nice,Ligue 1,team,29.0,24.6,,38.0,418.0,,,30.0,17.0,47.0,28.0,2.0,3.0,0.0,0.0,,,0.79,0.45,1.24,0.74,1.18,,,,,,,,,,https://fbref.com/en/squads/132ebc33/2013-2014/Nice-Stats
2014,Nice,Ligue 1,opponent,29.0,26.5,,38.0,418.0,,,,,,,,,,,,,,,,,,,,,,,,,,,https://fbref.com/en/squads/132ebc33/2013-2014/Nice-Stats
2014,Norwich City,Premier League,team,25.0,26.3,,38.0,418.0,,,28.0,18.0,46.0,27.0,1.0,2.0,0.0,0.0,,,0.74,0.47,1.21,0.71,1.18,,,,,,,,,,https://fbref.com/en/squads/1c781004/2013-2014/Norwich-City-Stats
2014,Norwich City,Premier League,opponent,25.0,27.0,,38.0,418.0,,,,,,,,,,,,,,,,,,,,,,,,,,,https://fbref.com/en/squads/1c781004/2013-2014/Norwich-City-Stats
2014,Nürnberg,Bundesliga,team,27.0,25.9,,34.0,374.0,,,37.0,27.0,64.0,35.0,2.0,3.0,0.0,0.0,,,1.09,0.79,1.88,1.03,1.82,,,,,,,,,,https://fbref.com/en/squads/6f2c108c/2013-2014/Nurnberg-Stats
2014,Nürnberg,Bundesliga,opponent,27.0,25.4,,34.0,374.0,,,,,,,,,,,,,,,,,,,,,,,,,,,https://fbref.com/en/squads/6f2c108c/2013-2014/Nurnberg-Stats
2014,Osasuna,La Liga,team,25.0,28.0,,38.0,418.0,,,31.0,15.0,46.0,31.0,0.0,0.0,0.0,0.0,,,0.82,0.39,1.21,0.82,1.21,,,,,,,,,,https://fbref.com/en/squads/03c57e2b/2013-2014/Osasuna-Stats
2014,Osasuna,La Liga,opponent,25.0,26.7,,38.0,418.0,,,,,,,,,,,,,,,,,,,,,,,,,,,https://fbref.com/en/squads/03c57e2b/2013-2014/Osasuna-Stats
2014,Paris S-G,Ligue 1,team,23.0,26.6,,38.0,418.0,,,79.0,46.0,125.0,70.0,9.0,10.0,0.0,0.0,,,2.08,1.21,3.29,1.84,3.05,,,,,,,,,,https://fbref.com/en/squads/e2d8892c/2013-2014/Paris-Saint-Germain-Stats
2014,Paris S-G,Ligue 1,opponent,23.0,26.2,,38.0,418.0,,,,,,,,,,,,,,,,,,,,,,,,,,,https://fbref.com/en/squads/e2d8892c/2013-2014/Paris-Saint-Germain-Stats
2014,Parma,Serie A,team,30.0,29.5,,38.0,418.0,,,56.0,38.0,94.0,53.0,3.0,6.0,0.0,0.0,,,1.47,1.0,2.47,1.39,2.39,,,,,,,,,,https://fbref.com/en/squads/eab4234c/2013-2014/Parma-Stats
2014,Parma,Serie A,opponent,30.0,27.5,,38.0,418.0,,,,,,,,,,,,,,,,,,,,,,,,,,,https://fbref.com/en/squads/eab4234c/2013-2014/Parma-Stats
2014,Rayo Vallecano,La Liga,team,30.0,25.8,,38.0,418.0,,,45.0,30.0,75.0,38.0,7.0,9.0,0.0,0.0,,,1.18,0.79,1.97,1.0,1.79,,,,,,,,,,https://fbref.com/en/squads/98e8af82/2013-2014/Rayo-Vallecano-Stats
2014,Rayo Vallecano,La Liga,opponent,30.0,26.7,,38.0,418.0,,,,,,,,,,,,,,,,,,,,,,,,,,,https://fbref.com/en/squads/98e8af82/2013-2014/Rayo-Vallecano-Stats
2014,Real Madrid,La Liga,team,25.0,26.4,,38.0,418.0,,,103.0,78.0,181.0,97.0,6.0,6.0,0.0,0.0,,,2.71,2.05,4.76,2.55,4.61,,,,,,,,,,https://fbref.com/en/squads/53a2f082/2013-2014/Real-Madrid-Stats
2014,Real Madrid,La Liga,opponent,25.0,27.0,,38.0,418.0,,,,,,,,,,,,,,,,,,,,,,,,,,,https://fbref.com/en/squads/53a2f082/2013-2014/Real-Madrid-Stats
2014,Real Sociedad,La Liga,team,27.0,25.8,,38.0,418.0,,,59.0,44.0,103.0,57.0,2.0,2.0,0.0,0.0,,,1.55,1.16,2.71,1.5,2.66,,,,,,,,,,https://fbref.com/en/squads/e31d1cd9/2013-2014/Real-Sociedad-Stats
2014,Real Sociedad,La Liga,opponent,27.0,26.8,,38.0,418.0,,,,,,,,,,,,,,,,,,,,,,,,,,,https://fbref.com/en/squads/e31d1cd9/2013-2014/Real-Sociedad-Stats
2014,Reims,Ligue 1,team,25.0,26.5,,38.0,418.0,,,43.0,27.0,70.0,40.0,3.0,4.0,0.0,0.0,,,1.13,0.71,1.84,1.05,1.76,,,,,,,,,,https://fbref.com/en/squads/7fdd64e0/2013-2014/Reims-Stats
2014,Reims,Ligue 1,opponent,25.0,26.2,,38.0,418.0,,,,,,,,,,,,,,,,,,,,,,,,,,,https://fbref.com/en/squads/7fdd64e0/2013-2014/Reims-Stats
2014,Rennes,Ligue 1,team,32.0,25.5,,38.0,418.0,,,47.0,26.0,73.0,45.0,2.0,4.0,,,,,1.24,0.68,1.92,1.18,1.87,,,,,,,,,,https://fbref.com/en/squads/b3072e00/2013-2014/Rennes-Stats
2014,Rennes,Ligue 1,opponent,32.0,26.3,,38.0,418.0,,,,,,,,,,,,,,,,,,,,,,,,,,,https://fbref.com/en/squads/b3072e00/2013-2014/Rennes-Stats
2014,Roma,Serie A,team,29.0,27.5,,38.0,417.0,,,70.0,51.0,121.0,64.0,6.0,6.0,0.0,0.0,,,1.84,1.34,3.18,1.68,3.03,,,,,,,,,,https://fbref.com/en/squads/cf74a709/2013-2014/Roma-Stats
2014,Roma,Serie A,opponent,29.0,27.6,,38.0,417.0,,,,,,,,,,,,,,,,,,,,,,,,,,,https://fbref.com/en/squads/cf74a709/2013-2014/Roma-Stats
2014,Saint-Étienne,Ligue 1,team,26.0,26.9,,38.0,418.0,,,55.0,32.0,87.0,51.0,4.0,5.0,,,,,1.45,0.84,2.29,1.34,2.18,,,,,,,,,,https://fbref.com/en/squads/d298ef2c/2013-2014/Saint-Etienne-Stats
2014,Saint-Étienne,Ligue 1,opponent,26.0,26.2,,38.0,418.0,,,,,,,,,,,,,,,,,,,,,,,,,,,https://fbref.com/en/squads/d298ef2c/2013-2014/Saint-Etienne-Stats
2014,Sampdoria,Serie A,team,33.0,25.3,,38.0,418.0,,,46.0,29.0,75.0,42.0,4.0,5.0,0.0,0.0,,,1.21,0.76,1.97,1.11,1.87,,,,,,,,,,https://fbref.com/en/squads/8ff9e3b3/2013-2014/Sampdoria-Stats
2014,Sampdoria,Serie A,opponent,33.0,27.7,,38.0,418.0,,,,,,,,,,,,,,,,,,,,,,,,,,,https://fbref.com/en/squads/8ff9e3b3/2013-2014/Sampdoria-Stats
2014,Sassuolo,Serie A,team,38.0,26.5,,38.0,418.0,,,43.0,25.0,68.0,36.0,7.0,8.0,0.0,0.0,,,1.13,0.66,1.79,0.95,1.61,,,,,,,,,,https://fbref.com/en/squads/e2befd26/2013-2014/Sassuolo-Stats
2014,Sassuolo,Serie A,opponent,38.0,27.6,,38.0,418.0,,,,,,,,,,,,,,,,,,,,,,,,,,,https://fbref.com/en/squads/e2befd26/2013-2014/Sassuolo-Stats
2014,Schalke 04,Bundesliga,team,30.0,24.6,,34.0,374.0,,,60.0,39.0,99.0,55.0,5.0,8.0,0.0,0.0,,,1.76,1.15,2.91,1.62,2.76,,,,,,,,,,https://fbref.com/en/squads/c539e393/2013-2014/Schalke-04-Stats
2014,Schalke 04,Bundesliga,opponent,30.0,25.6,,34.0,374.0,,,,,,,,,,,,,,,,,,,,,,,,,,,https://fbref.com/en/squads/c539e393/2013-2014/Schalke-04-Stats
2014,Sevilla,La Liga,team,31.0,25.9,,38.0,418.0,,,68.0,47.0,115.0,61.0,7.0,10.0,0.0,0.0,,,1.79,1.24,3.03,1.61,2.84,,,,,,,,,,https://fbref.com/en/squads/ad2be733/2013-2014/Sevilla-Stats
2014,Sevilla,La Liga,opponent,31.0,26.7,,38.0,418.0,,,,,,,,,,,,,,,,,,,,,,,,,,,https://fbref.com/en/squads/ad2be733/2013-2014/Sevilla-Stats
2014,Sochaux,Ligue 1,team,36.0,25.2,,38.0,418.0,,,35.0,24.0,59.0,33.0,2.0,2.0,0.0,0.0,,,0.92,0.63,1.55,0.87,1.5,,,,,,,,,,https://fbref.com/en/squads/b9cd3c9a/2013-2014/Sochaux-Stats
2014,Sochaux,Ligue 1,opponent,36.0,26.5,,38.0,418.0,,,,,,,,,,,,,,,,,,,,,,,,,,,https://fbref.com/en/squads/b9cd3c9a/2013-2014/Sochaux-Stats
2014,Southampton,Premier League,team,24.0,25.1,,38.0,418.0,,,52.0,37.0,89.0,49.0,3.0,3.0,0.0,0.0,,,1.37,0.97,2.34,1.29,2.26,,,,,,,,,,https://fbref.com/en/squads/33c895d4/2013-2014/Southampton-Stats
2014,Southampton,Premier League,opponent,24.0,26.9,,38.0,418.0,,,,,,,,,,,,,,,,,,,,,,,,,,,https://fbref.com/en/squads/33c895d4/2013-2014/Southampton-Stats
2014,Stoke City,Premier League,team,26.0,27.3,,38.0,418.0,,,44.0,26.0,70.0,40.0,4.0,5.0,0.0,0.0,,,1.16,0.68,1.84,1.05,1.74,,,,,,,,,,https://fbref.com/en/squads/17892952/2013-2014/Stoke-City-Stats
2014,Stoke City,Premier League,opponent,26.0,26.8,,38.0,418.0,,,,,,,,,,,,,,,,,,,,,,,,,,,https://fbref.com/en/squads/17892952/2013-2014/Stoke-City-Stats
2014,Stuttgart,Bundesliga,team,27.0,24.8,,34.0,374.0,,,48.0,37.0,85.0,46.0,2.0,5.0,0.0,0.0,,,1.41,1.09,2.5,1.35,2.44,,,,,,,,,,https://fbref.com/en/squads/598bc722/2013-2014/Stuttgart-Stats
2014,Stuttgart,Bundesliga,opponent,27.0,25.6,,34.0,374.0,,,,,,,,,,,,,,,,,,,,,,,,,,,https://fbref.com/en/squads/598bc722/2013-2014/Stuttgart-Stats
2014,Sunderland,Premier League,team,31.0,26.5,,38.0,418.0,,,41.0,24.0,65.0,35.0,6.0,6.0,0.0,0.0,,,1.08,0.63,1.71,0.92,1.55,,,,,,,,,,https://fbref.com/en/squads/8ef52968/2013-2014/Sunderland-Stats
2014,Sunderland,Premier League,opponent,31.0,26.9,,38.0,418.0,,,,,,,,,,,,,,,,,,,,,,,,,,,https://fbref.com/en/squads/8ef52968/2013-2014/Sunderland-Stats
2014,Swansea City,Premier League,team,27.0,26.5,,38.0,418.0,,,47.0,37.0,84.0,43.0,4.0,4.0,0.0,0.0,,,1.24,0.97,2.21,1.13,2.11,,,,,,,,,,https://fbref.com/en/squads/fb10988f/2013-2014/Swansea-City-Stats
2014,Swansea City,Premier League,opponent,27.0,27.0,,38.0,418.0,,,,,,,,,,,,,,,,,,,,,,,,,,,https://fbref.com/en/squads/fb10988f/2013-2014/Swansea-City-Stats
2014,Torino,Serie A,team,26.0,27.1,,38.0,418.0,,,57.0,35.0,92.0,52.0,5.0,8.0,0.0,0.0,,,1.5,0.92,2.42,1.37,2.29,,,,,,,,,,https://fbref.com/en/squads/105360fe/2013-2014/Torino-Stats
2014,Torino,Serie A,opponent,26.0,27.5,,38.0,418.0,,,,,,,,,,,,,,,,,,,,,,,,,,,https://fbref.com/en/squads/105360fe/2013-2014/Torino-Stats
2014,Tottenham,Premier League,team,28.0,25.2,,38.0,418.0,,,50.0,33.0,83.0,45.0,5.0,6.0,0.0,0.0,,,1.32,0.87,2.18,1.18,2.05,,,,,,,,,,https://fbref.com/en/squads/361ca564/2013-2014/Tottenham-Hotspur-Stats
2014,Tottenham,Premier League,opponent,28.0,27.0,,38.0,418.0,,,,,,,,,,,,,,,,,,,,,,,,,,,https://fbref.com/en/squads/361ca564/2013-2014/Tottenham-Hotspur-Stats
2014,Toulouse,Ligue 1,team,28.0,24.2,,38.0,418.0,,,44.0,32.0,76.0,41.0,3.0,6.0,,,,,1.16,0.84,2.0,1.08,1.92,,,,,,,,,,https://fbref.com/en/squads/3f8c4b5f/2013-2014/Toulouse-Stats
2014,Toulouse,Ligue 1,opponent,28.0,26.5,,38.0,418.0,,,,,,,,,,,,,,,,,,,,,,,,,,,https://fbref.com/en/squads/3f8c4b5f/2013-2014/Toulouse-Stats
2014,Udinese,Serie A,team,27.0,25.8,,38.0,418.0,,,45.0,25.0,70.0,39.0,6.0,8.0,0.0,0.0,,,1.18,0.66,1.84,1.03,1.68,,,,,,,,,,https://fbref.com/en/squads/04eea015/2013-2014/Udinese-Stats
2014,Udinese,Serie A,opponent,27.0,27.8,,38.0,418.0,,,,,,,,,,,,,,,,,,,,,,,,,,,https://fbref.com/en/squads/04eea015/2013-2014/Udinese-Stats
2014,Valencia,La Liga,team,31.0,26.1,,38.0,418.0,,,51.0,35.0,86.0,49.0,2.0,3.0,0.0,0.0,,,1.34,0.92,2.26,1.29,2.21,,,,,,,,,,https://fbref.com/en/squads/dcc91a7b/2013-2014/Valencia-Stats
2014,Valencia,La Liga,opponent,31.0,26.8,,38.0,418.0,,,,,,,,,,,,,,,,,,,,,,,,,,,https://fbref.com/en/squads/dcc91a7b/2013-2014/Valencia-Stats
2014,Valenciennes,Ligue 1,team,26.0,26.7,,38.0,418.0,,,35.0,23.0,58.0,31.0,4.0,7.0,0.0,0.0,,,0.92,0.61,1.53,0.82,1.42,,,,,,,,,,https://fbref.com/en/squads/259d3345/2013-2014/Valenciennes-Stats
2014,Valenciennes,Ligue 1,opponent,26.0,26.2,,38.0,418.0,,,,,,,,,,,,,,,,,,,,,,,,,,,https://fbref.com/en/squads/259d3345/2013-2014/Valenciennes-Stats
2014,Valladolid,La Liga,team,25.0,27.7,,38.0,418.0,,,37.0,28.0,65.0,36.0,1.0,2.0,0.0,0.0,,,0.97,0.74,1.71,0.95,1.68,,,,,,,,,,https://fbref.com/en/squads/17859612/2013-2014/Valladolid-Stats
2014,Valladolid,La Liga,opponent,25.0,26.8,,38.0,418.0,,,,,,,,,,,,,,,,,,,,,,,,,,,https://fbref.com/en/squads/17859612/2013-2014/Valladolid-Stats
2014,Villarreal,La Liga,team,25.0,25.2,,38.0,418.0,,,58.0,42.0,100.0,53.0,5.0,6.0,0.0,0.0,,,1.53,1.11,2.63,1.39,2.5,,,,,,,,,,https://fbref.com/en/squads/2a8183b3/2013-2014/Villarreal-Stats
2014,Villarreal,La Liga,opponent,25.0,26.7,,38.0,418.0,,,,,,,,,,,,,,,,,,,,,,,,,,,https://fbref.com/en/squads/2a8183b3/2013-2014/Villarreal-Stats
2014,Werder Bremen,Bundesliga,team,27.0,25.8,,34.0,374.0,,,39.0,28.0,67.0,37.0,2.0,3.0,0.0,0.0,,,1.15,0.82,1.97,1.09,1.91,,,,,,,,,,https://fbref.com/en/squads/62add3bf/2013-2014/Werder-Bremen-Stats
2014,Werder Bremen,Bundesliga,opponent,27.0,25.5,,34.0,374.0,,,,,,,,,,,,,,,,,,,,,,,,,,,https://fbref.com/en/squads/62add3bf/2013-2014/Werder-Bremen-Stats
2014,West Brom,Premier League,team,28.0,28.4,,38.0,418.0,,,41.0,27.0,68.0,39.0,2.0,2.0,0.0,0.0,,,1.08,0.71,1.79,1.03,1.74,,,,,,,,,,https://fbref.com/en/squads/60c6b05f/2013-2014/West-Bromwich-Albion-Stats
2014,West Brom,Premier League,opponent,28.0,26.8,,38.0,418.0,,,,,,,,,,,,,,,,,,,,,,,,,,,https://fbref.com/en/squads/60c6b05f/2013-2014/West-Bromwich-Albion-Stats
2014,West Ham,Premier League,team,29.0,28.5,,38.0,418.0,,,36.0,22.0,58.0,34.0,2.0,2.0,0.0,0.0,,,0.95,0.58,1.53,0.89,1.47,,,,,,,,,,https://fbref.com/en/squads/7c21e445/2013-2014/West-Ham-United-Stats
2014,West Ham,Premier League,opponent,29.0,26.7,,38.0,418.0,,,,,,,,,,,,,,,,,,,,,,,,,,,https://fbref.com/en/squads/7c21e445/2013-2014/West-Ham-United-Stats
2014,Wolfsburg,Bundesliga,team,26.0,25.9,,34.0,374.0,,,62.0,38.0,100.0,58.0,4.0,5.0,0.0,0.0,,,1.82,1.12,2.94,1.71,2.82,,,,,,,,,,https://fbref.com/en/squads/4eaa11d7/2013-2014/Wolfsburg-Stats
2014,Wolfsburg,Bundesliga,opponent,26.0,25.6,,34.0,374.0,,,,,,,,,,,,,,,,,,,,,,,,,,,https://fbref.com/en/squads/4eaa11d7/2013-2014/Wolfsburg-Stats
2015,Almería,La Liga,team,27.0,26.1,46.4,38.0,418.0,3420.0,38.0,33.0,22.0,55.0,28.0,5.0,6.0,0.0,0.0,,,0.87,0.58,1.45,0.74,1.32,,,,,,,,,,https://fbref.com/en/squads/78ecf4bb/2014-2015/Almeria-Stats
2015,Almería,La Liga,opponent,27.0,26.7,53.6,38.0,418.0,3420.0,38.0,62.0,47.0,109.0,61.0,1.0,2.0,121.0,7.0,,,1.63,1.24,2.87,1.61,2.84,,,,,,,,,,https://fbref.com/en/squads/78ecf4bb/2014-2015/Almeria-Stats
2015,Arsenal,Premier League,team,29.0,26.1,56.6,38.0,418.0,3420.0,38.0,69.0,47.0,116.0,63.0,6.0,7.0,0.0,0.0,,,1.82,1.24,3.05,1.66,2.89,,,,,,,,,,https://fbref.com/en/squads/18bb7c10/2014-2015/Arsenal-Stats
2015,Arsenal,Premier League,opponent,29.0,27.0,43.4,38.0,418.0,3420.0,38.0,35.0,24.0,59.0,32.0,3.0,3.0,82.0,3.0,,,0.92,0.63,1.55,0.84,1.47,,,,,,,,,,https://fbref.com/en/squads/18bb7c10/2014-2015/Arsenal-Stats
2015,Aston Villa,Premier League,team,27.0,26.3,49.0,38.0,418.0,3420.0,38.0,31.0,23.0,54.0,30.0,1.0,1.0,0.0,0.0,,,0.82,0.61,1.42,0.79,1.39,,,,,,,,,,https://fbref.com/en/squads/8602292d/2014-2015/Aston-Villa-Stats
2015,Aston Villa,Premier League,opponent,27.0,27.0,51.0,38.0,418.0,3420.0,38.0,56.0,37.0,93.0,52.0,4.0,4.0,69.0,3.0,,,1.47,0.97,2.45,1.37,2.34,,,,,,,,,,https://fbref.com/en/squads/8602292d/2014-2015/Aston-Villa-Stats
2015,Atalanta,Serie A,team,32.0,28.1,46.4,38.0,418.0,3420.0,38.0,37.0,21.0,58.0,33.0,4.0,5.0,0.0,0.0,,,0.97,0.55,1.53,0.87,1.42,,,,,,,,,,https://fbref.com/en/squads/922493f3/2014-2015/Atalanta-Stats
2015,Atalanta,Serie A,opponent,32.0,27.5,53.6,38.0,418.0,3420.0,38.0,57.0,41.0,98.0,51.0,6.0,9.0,99.0,3.0,,,1.5,1.08,2.58,1.34,2.42,,,,,,,,,,https://fbref.com/en/squads/922493f3/2014-2015/Atalanta-Stats
2015,Athletic Club,La Liga,team,26.0,26.8,53.2,38.0,418.0,3420.0,38.0,41.0,26.0,67.0,36.0,5.0,5.0,0.0,0.0,,,1.08,0.68,1.76,0.95,1.63,,,,,,,,,,https://fbref.com/en/squads/2b390eca/2014-2015/Athletic-Club-Stats
2015,Athletic Club,La Liga,opponent,26.0,26.6,46.8,38.0,418.0,3420.0,38.0,39.0,29.0,68.0,37.0,2.0,3.0,111.0,7.0,,,1.03,0.76,1.79,0.97,1.74,,,,,,,,,,https://fbref.com/en/squads/2b390eca/2014-2015/Athletic-Club-Stats
2015,Atlético Madrid,La Liga,team,25.0,27.5,48.6,38.0,418.0,3420.0,38.0,65.0,48.0,113.0,60.0,5.0,6.0,0.0,0.0,,,1.71,1.26,2.97,1.58,2.84,,,,,,,,,,https://fbref.com/en/squads/db3b9613/2014-2015/Atletico-Madrid-Stats
2015,Atlético Madrid,La Liga,opponent,25.0,26.6,51.4,38.0,418.0,3420.0,38.0,27.0,20.0,47.0,24.0,3.0,3.0,91.0,4.0,,,0.71,0.53,1.24,0.63,1.16,,,,,,,,,,https://fbref.com/en/squads/db3b9613/2014-2015/Atletico-Madrid-Stats
2015,Augsburg,Bundesliga,team,25.0,27.6,52.3,34.0,374.0,3060.0,34.0,43.0,29.0,72.0,36.0,7.0,9.0,0.0,0.0,,,1.26,0.85,2.12,1.06,1.91,,,,,,,,,,https://fbref.com/en/squads/0cdc4311/2014-2015/Augsburg-Stats
2015,Augsburg,Bundesliga,opponent,25.0,25.7,47.7,34.0,374.0,3060.0,34.0,43.0,31.0,74.0,39.0,4.0,4.0,78.0,4.0,,,1.26,0.91,2.18,1.15,2.06,,,,,,,,,,https://fbref.com/en/squads/0cdc4311/2014-2015/Augsburg-Stats
2015,Barcelona,La Liga,team,24.0,27.7,65.7,38.0,418.0,3420.0,38.0,107.0,79.0,186.0,101.0,6.0,7.0,0.0,0.0,,,2.82,2.08,4.89,2.66,4.74,,,,,,,,,,https://fbref.com/en/squads/206d90db/2014-2015/Barcelona-Stats
2015,Barcelona,La Liga,opponent,24.0,26.3,34.3,38.0,418.0,3420.0,38.0,19.0,10.0,29.0,15.0,4.0,5.0,113.0,8.0,,,0.5,0.26,0.76,0.39,0.66,,,,,,,,,,https://fbref.com/en/squads/206d90db/2014-2015/Barcelona-Stats
2015,Bastia,Ligue 1,team,31.0,27.2,48.9,38.0,418.0,3420.0,38.0,35.0,20.0,55.0,30.0,5.0,5.0,0.0,0.0,,,0.92,0.53,1.45,0.79,1.32,,,,,,,,,,https://fbref.com/en/squads/6283be2c/2014-2015/Bastia-Stats
2015,Bastia,Ligue 1,opponent,31.0,26.0,51.1,38.0,418.0,3420.0,38.0,43.0,27.0,70.0,39.0,4.0,6.0,66.0,5.0,,,1.13,0.71,1.84,1.03,1.74,,,,,,,,,,https://fbref.com/en/squads/6283be2c/2014-2015/Bastia-Stats
2015,Bayern Munich,Bundesliga,team,28.0,26.6,70.4,34.0,374.0,3060.0,34.0,78.0,49.0,127.0,72.0,6.0,6.0,0.0,0.0,,,2.29,1.44,3.74,2.12,3.56,,,,,,,,,,https://fbref.com/en/squads/054efa67/2014-2015/Bayern-Munich-Stats
2015,Bayern Munich,Bundesliga,opponent,28.0,25.8,29.6,34.0,374.0,3060.0,34.0,18.0,15.0,33.0,18.0,0.0,2.0,51.0,2.0,,,0.53,0.44,0.97,0.53,0.97,,,,,,,,,,https://fbref.com/en/squads/054efa67/2014-2015/Bayern-Munich-Stats
2015,Bordeaux,Ligue 1,team,30.0,26.2,52.8,38.0,418.0,3420.0,38.0,46.0,34.0,80.0,38.0,8.0,8.0,0.0,0.0,,,1.21,0.89,2.11,1.0,1.89,,,,,,,,,,https://fbref.com/en/squads/123f3efe/2014-2015/Bordeaux-Stats
2015,Bordeaux,Ligue 1,opponent,30.0,26.1,47.2,38.0,418.0,3420.0,38.0,42.0,30.0,72.0,36.0,6.0,7.0,75.0,3.0,,,1.11,0.79,1.89,0.95,1.74,,,,,,,,,,https://fbref.com/en/squads/123f3efe/2014-2015/Bordeaux-Stats
2015,Burnley,Premier League,team,24.0,27.2,42.5,38.0,418.0,3420.0,38.0,27.0,22.0,49.0,26.0,1.0,2.0,0.0,0.0,,,0.71,0.58,1.29,0.68,1.26,,,,,,,,,,https://fbref.com/en/squads/943e8050/2014-2015/Burnley-Stats
2015,Burnley,Premier League,opponent,24.0,26.8,57.5,38.0,418.0,3420.0,38.0,51.0,38.0,89.0,48.0,3.0,5.0,67.0,2.0,,,1.34,1.0,2.34,1.26,2.26,,,,,,,,,,https://fbref.com/en/squads/943e8050/2014-2015/Burnley-Stats
2015,Caen,Ligue 1,team,23.0,27.2,45.2,38.0,418.0,3420.0,38.0,51.0,34.0,85.0,45.0,6.0,6.0,0.0,0.0,,,1.34,0.89,2.24,1.18,2.08,,,,,,,,,,https://fbref.com/en/squads/74229020/2014-2015/Caen-Stats
2015,Caen,Ligue 1,opponent,23.0,26.2,54.8,38.0,418.0,3420.0,38.0,53.0,30.0,83.0,41.0,12.0,15.0,54.0,0.0,,,1.39,0.79,2.18,1.08,1.87,,,,,,,,,,https://fbref.com/en/squads/74229020/2014-2015/Caen-Stats
2015,Cagliari,Serie A,team,29.0,25.7,48.2,38.0,418.0,3420.0,38.0,45.0,31.0,76.0,41.0,4.0,7.0,0.0,0.0,,,1.18,0.82,2.0,1.08,1.89,,,,,,,,,,https://fbref.com/en/squads/c4260e09/2014-2015/Cagliari-Stats
2015,Cagliari,Serie A,opponent,29.0,27.6,51.8,38.0,418.0,3420.0,38.0,66.0,49.0,115.0,63.0,3.0,4.0,93.0,5.0,,,1.74,1.29,3.03,1.66,2.95,,,,,,,,,,https://fbref.com/en/squads/c4260e09/2014-2015/Cagliari-Stats
2015,Celta Vigo,La Liga,team,23.0,26.3,55.9,38.0,418.0,3420.0,38.0,47.0,33.0,80.0,43.0,4.0,6.0,0.0,0.0,,,1.24,0.87,2.11,1.13,2.0,,,,,,,,,,https://fbref.com/en/squads/f25da7fb/2014-2015/Celta-Vigo-Stats
2015,Celta Vigo,La Liga,opponent,23.0,26.8,44.1,38.0,418.0,3420.0,38.0,43.0,26.0,69.0,38.0,5.0,7.0,125.0,4.0,,,1.13,0.68,1.82,1.0,1.68,,,,,,,,,,https://fbref.com/en/squads/f25da7fb/2014-2015/Celta-Vigo-Stats
2015,Cesena,Serie A,team,33.0,27.3,44.4,38.0,418.0,3420.0,38.0,34.0,23.0,57.0,29.0,5.0,6.0,0.0,0.0,,,0.89,0.61,1.5,0.76,1.37,,,,,,,,,,https://fbref.com/en/squads/283f2557/2014-2015/Cesena-Stats
2015,Cesena,Serie A,opponent,33.0,27.3,55.6,38.0,418.0,3420.0,38.0,69.0,46.0,115.0,62.0,7.0,10.0,79.0,1.0,,,1.82,1.21,3.03,1.63,2.84,,,,,,,,,,https://fbref.com/en/squads/283f2557/2014-2015/Cesena-Stats
2015,Chelsea,Premier League,team,25.0,27.0,55.9,38.0,418.0,3420.0,38.0,72.0,59.0,131.0,68.0,4.0,5.0,0.0,0.0,,,1.89,1.55,3.45,1.79,3.34,,,,,,,,,,https://fbref.com/en/squads/cff3d9bb/2014-2015/Chelsea-Stats
2015,Chelsea,Premier League,opponent,25.0,26.8,44.1,38.0,418.0,3420.0,38.0,31.0,25.0,56.0,28.0,3.0,3.0,93.0,7.0,,,0.82,0.66,1.47,0.74,1.39,,,,,,,,,,https://fbref.com/en/squads/cff3d9bb/2014-2015/Chelsea-Stats
2015,Chievo,Serie A,team,27.0,29.1,44.8,38.0,418.0,3420.0,38.0,27.0,20.0,47.0,26.0,1.0,2.0,0.0,0.0,,,0.71,0.53,1.24,0.68,1.21,,,,,,,,,,https://fbref.com/en/squads/cc919b35/2014-2015/Chievo-Stats
2015,Chievo,Serie A,opponent,27.0,27.5,55.2,38.0,418.0,3420.0,38.0,38.0,26.0,64.0,36.0,2.0,4.0,103.0,6.0,,,1.0,0.68,1.68,0.95,1.63,,,,,,,,,,https://fbref.com/en/squads/cc919b35/2014-2015/Chievo-Stats
2015,Crystal Palace,Premier League,team,30.0,27.8,40.4,38.0,418.0,3420.0,38.0,46.0,27.0,73.0,41.0,5.0,7.0,0.0,0.0,,,1.21,0.71,1.92,1.08,1.79,,,,,,,,,,https://fbref.com/en/squads/47c64c55/2014-2015/Crystal-Palace-Stats
2015,Crystal Palace,Premier League,opponent,30.0,26.9,59.6,38.0,418.0,3420.0,38.0,51.0,31.0,82.0,47.0,4.0,6.0,68.0,1.0,,,1.34,0.82,2.16,1.24,2.05,,,,,,,,,,https://fbref.com/en/squads/47c64c55/2014-2015/Crystal-Palace-Stats
2015,Córdoba,La Liga,team,33.0,25.7,45.9,38.0,418.0,3420.0,38.0,21.0,12.0,33.0,19.0,2.0,3.0,0.0,0.0,,,0.55,0.32,0.87,0.5,0.82,,,,,,,,,,https://fbref.com/en/squads/6009ff35/2014-2015/Cordoba-Stats
2015,Córdoba,La Liga,opponent,33.0,26.5,54.1,38.0,418.0,3420.0,38.0,66.0,52.0,118.0,60.0,6.0,7.0,82.0,5.0,,,1.74,1.37,3.11,1.58,2.95,,,,,,,,,,https://fbref.com/en/squads/6009ff35/2014-2015/Cordoba-Stats
2015,Dortmund,Bundesliga,team,28.0,26.5,55.3,34.0,374.0,3060.0,34.0,46.0,39.0,85.0,44.0,2.0,3.0,0.0,0.0,,,1.35,1.15,2.5,1.29,2.44,,,,,,,,,,https://fbref.com/en/squads/add600ae/2014-2015/Dortmund-Stats
2015,Dortmund,Bundesliga,opponent,28.0,25.8,44.7,34.0,374.0,3060.0,34.0,41.0,27.0,68.0,39.0,2.0,2.0,67.0,3.0,,,1.21,0.79,2.0,1.15,1.94,,,,,,,,,,https://fbref.com/en/squads/add600ae/2014-2015/Dortmund-Stats
2015,Eibar,La Liga,team,23.0,27.6,43.8,38.0,418.0,3420.0,38.0,33.0,25.0,58.0,31.0,2.0,2.0,0.0,0.0,,,0.87,0.66,1.53,0.82,1.47,,,,,,,,,,https://fbref.com/en/squads/bea5c710/2014-2015/Eibar-Stats
2015,Eibar,La Liga,opponent,23.0,26.5,56.2,38.0,418.0,3420.0,38.0,55.0,34.0,89.0,50.0,5.0,5.0,94.0,1.0,,,1.45,0.89,2.34,1.32,2.21,,,,,,,,,,https://fbref.com/en/squads/bea5c710/2014-2015/Eibar-Stats
2015,Eint Frankfurt,Bundesliga,team,26.0,25.9,49.5,34.0,374.0,3060.0,34.0,54.0,33.0,87.0,51.0,3.0,4.0,0.0,0.0,,,1.59,0.97,2.56,1.5,2.47,,,,,,,,,,https://fbref.com/en/squads/f0ac8ee6/2014-2015/Eintracht-Frankfurt-Stats
2015,Eint Frankfurt,Bundesliga,opponent,26.0,25.6,50.5,34.0,374.0,3060.0,34.0,61.0,45.0,106.0,58.0,3.0,3.0,82.0,5.0,,,1.79,1.32,3.12,1.71,3.03,,,,,,,,,,https://fbref.com/en/squads/f0ac8ee6/2014-2015/Eintracht-Frankfurt-Stats
2015,Elche,La Liga,team,24.0,26.3,47.9,38.0,418.0,3420.0,38.0,35.0,25.0,60.0,31.0,4.0,7.0,0.0,0.0,,,0.92,0.66,1.58,0.82,1.47,,,,,,,,,,https://fbref.com/en/squads/6c8b07df/2014-2015/Elche-Stats
2015,Elche,La Liga,opponent,24.0,26.6,52.1,38.0,418.0,3420.0,38.0,60.0,37.0,97.0,53.0,7.0,9.0,86.0,5.0,,,1.58,0.97,2.55,1.39,2.37,,,,,,,,,,https://fbref.com/en/squads/6c8b07df/2014-2015/Elche-Stats
2015,Empoli,Serie A,team,26.0,25.1,49.4,38.0,418.0,3420.0,38.0,43.0,35.0,78.0,40.0,3.0,3.0,0.0,0.0,,,1.13,0.92,2.05,1.05,1.97,,,,,,,,,,https://fbref.com/en/squads/a3d88bd8/2014-2015/Empoli-Stats
2015,Empoli,Serie A,opponent,26.0,27.5,50.6,38.0,418.0,3420.0,38.0,49.0,36.0,85.0,48.0,1.0,2.0,101.0,7.0,,,1.29,0.95,2.24,1.26,2.21,,,,,,,,,,https://fbref.com/en/squads/a3d88bd8/2014-2015/Empoli-Stats
2015,Espanyol,La Liga,team,27.0,26.9,46.0,38.0,418.0,3420.0,38.0,47.0,29.0,76.0,43.0,4.0,4.0,0.0,0.0,,,1.24,0.76,2.0,1.13,1.89,,,,,,,,,,https://fbref.com/en/squads/a8661628/2014-2015/Espanyol-Stats
2015,Espanyol,La Liga,opponent,27.0,26.5,54.0,38.0,418.0,3420.0,38.0,51.0,40.0,91.0,51.0,0.0,1.0,101.0,7.0,,,1.34,1.05,2.39,1.34,2.39,,,,,,,,,,https://fbref.com/en/squads/a8661628/2014-2015/Espanyol-Stats
2015,Everton,Premier League,team,28.0,27.9,54.7,38.0,418.0,3420.0,38.0,47.0,31.0,78.0,43.0,4.0,7.0,0.0,0.0,,,1.24,0.82,2.05,1.13,1.95,,,,,,,,,,https://fbref.com/en/squads/d3fd31cc/2014-2015/Everton-Stats
2015,Everton,Premier League,opponent,28.0,26.8,45.3,38.0,418.0,3420.0,38.0,48.0,31.0,79.0,44.0,4.0,4.0,87.0,3.0,,,1.26,0.82,2.08,1.16,1.97,,,,,,,,,,https://fbref.com/en/squads/d3fd31cc/2014-2015/Everton-Stats
2015,Evian,Ligue 1,team,29.0,26.8,45.8,38.0,418.0,3420.0,38.0,37.0,25.0,62.0,36.0,1.0,2.0,0.0,0.0,,,0.97,0.66,1.63,0.95,1.61,,,,,,,,,,https://fbref.com/en/squads/633fbb6e/2014-2015/Evian-Stats
2015,Evian,Ligue 1,opponent,29.0,26.1,54.2,38.0,418.0,3420.0,38.0,59.0,33.0,92.0,52.0,7.0,8.0,66.0,4.0,,,1.55,0.87,2.42,1.37,2.24,,,,,,,,,,https://fbref.com/en/squads/633fbb6e/2014-2015/Evian-Stats
2015,Fiorentina,Serie A,team,30.0,27.9,55.9,38.0,418.0,3420.0,38.0,61.0,41.0,102.0,59.0,2.0,7.0,0.0,0.0,,,1.61,1.08,2.68,1.55,2.63,,,,,,,,,,https://fbref.com/en/squads/421387cf/2014-2015/Fiorentina-Stats
2015,Fiorentina,Serie A,opponent,30.0,27.5,44.1,38.0,418.0,3420.0,38.0,44.0,28.0,72.0,41.0,3.0,3.0,108.0,4.0,,,1.16,0.74,1.89,1.08,1.82,,,,,,,,,,https://fbref.com/en/squads/421387cf/2014-2015/Fiorentina-Stats
2015,Freiburg,Bundesliga,team,27.0,25.1,48.4,34.0,374.0,3060.0,34.0,36.0,26.0,62.0,30.0,6.0,9.0,0.0,0.0,,,1.06,0.76,1.82,0.88,1.65,,,,,,,,,,https://fbref.com/en/squads/a486e511/2014-2015/Freiburg-Stats
2015,Freiburg,Bundesliga,opponent,27.0,25.9,51.6,34.0,374.0,3060.0,34.0,46.0,30.0,76.0,44.0,2.0,2.0,62.0,3.0,,,1.35,0.88,2.24,1.29,2.18,,,,,,,,,,https://fbref.com/en/squads/a486e511/2014-2015/Freiburg-Stats
2015,Genoa,Serie A,team,33.0,26.0,50.9,38.0,418.0,3420.0,38.0,58.0,41.0,99.0,53.0,5.0,7.0,0.0,0.0,,,1.53,1.08,2.61,1.39,2.47,,,,,,,,,,https://fbref.com/en/squads/658bf2de/2014-2015/Genoa-Stats
2015,Genoa,Serie A,opponent,33.0,27.5,49.1,38.0,418.0,3420.0,38.0,47.0,32.0,79.0,44.0,3.0,8.0,110.0,5.0,,,1.24,0.84,2.08,1.16,2.0,,,,,,,,,,https://fbref.com/en/squads/658bf2de/2014-2015/Genoa-Stats
2015,Getafe,La Liga,team,27.0,26.9,46.9,38.0,418.0,3420.0,38.0,32.0,25.0,57.0,31.0,1.0,2.0,0.0,0.0,,,0.84,0.66,1.5,0.82,1.47,,,,,,,,,,https://fbref.com/en/squads/7848bd64/2014-2015/Getafe-Stats
2015,Getafe,La Liga,opponent,27.0,26.5,53.1,38.0,418.0,3420.0,38.0,64.0,42.0,106.0,56.0,8.0,8.0,100.0,4.0,,,1.68,1.11,2.79,1.47,2.58,,,,,,,,,,https://fbref.com/en/squads/7848bd64/2014-2015/Getafe-Stats
2015,Granada,La Liga,team,34.0,26.6,47.4,38.0,418.0,3420.0,38.0,29.0,17.0,46.0,23.0,6.0,6.0,0.0,0.0,,,0.76,0.45,1.21,0.61,1.05,,,,,,,,,,https://fbref.com/en/squads/a0435291/2014-2015/Granada-Stats
2015,Granada,La Liga,opponent,34.0,26.5,52.6,38.0,418.0,3420.0,38.0,62.0,39.0,101.0,58.0,4.0,4.0,108.0,8.0,,,1.63,1.03,2.66,1.53,2.55,,,,,,,,,,https://fbref.com/en/squads/a0435291/2014-2015/Granada-Stats
2015,Guingamp,Ligue 1,team,28.0,28.3,44.2,38.0,418.0,3420.0,38.0,40.0,26.0,66.0,33.0,7.0,7.0,0.0,0.0,,,1.05,0.68,1.74,0.87,1.55,,,,,,,,,,https://fbref.com/en/squads/d41b5f53/2014-2015/Guingamp-Stats
2015,Guingamp,Ligue 1,opponent,28.0,26.0,55.8,38.0,418.0,3420.0,38.0,54.0,34.0,88.0,49.0,5.0,7.0,84.0,5.0,,,1.42,0.89,2.32,1.29,2.18,,,,,,,,,,https://fbref.com/en/squads/d41b5f53/2014-2015/Guingamp-Stats
2015,Hamburger SV,Bundesliga,team,31.0,27.3,46.8,34.0,374.0,3060.0,34.0,22.0,15.0,37.0,19.0,3.0,3.0,0.0,0.0,,,0.65,0.44,1.09,0.56,1.0,,,,,,,,,,https://fbref.com/en/squads/26790c6a/2014-2015/Hamburger-SV-Stats
2015,Hamburger SV,Bundesliga,opponent,31.0,25.9,53.2,34.0,374.0,3060.0,34.0,50.0,33.0,83.0,45.0,5.0,8.0,57.0,3.0,,,1.47,0.97,2.44,1.32,2.29,,,,,,,,,,https://fbref.com/en/squads/26790c6a/2014-2015/Hamburger-SV-Stats
2015,Hannover 96,Bundesliga,team,25.0,26.0,51.3,34.0,374.0,3060.0,34.0,38.0,26.0,64.0,36.0,2.0,3.0,0.0,0.0,,,1.12,0.76,1.88,1.06,1.82,,,,,,,,,,https://fbref.com/en/squads/60b5e41f/2014-2015/Hannover-96-Stats
2015,Hannover 96,Bundesliga,opponent,25.0,25.9,48.7,34.0,374.0,3060.0,34.0,55.0,39.0,94.0,53.0,2.0,2.0,58.0,4.0,,,1.62,1.15,2.76,1.56,2.71,,,,,,,,,,https://fbref.com/en/squads/60b5e41f/2014-2015/Hannover-96-Stats
2015,Hellas Verona,Serie A,team,30.0,29.7,44.1,38.0,418.0,3420.0,38.0,48.0,35.0,83.0,44.0,4.0,6.0,0.0,0.0,,,1.26,0.92,2.18,1.16,2.08,,,,,,,,,,https://fbref.com/en/squads/0e72edf2/2014-2015/Hellas-Verona-Stats
2015,Hellas Verona,Serie A,opponent,30.0,27.5,55.9,38.0,418.0,3420.0,38.0,60.0,40.0,100.0,55.0,5.0,8.0,85.0,5.0,,,1.58,1.05,2.63,1.45,2.5,,,,,,,,,,https://fbref.com/en/squads/0e72edf2/2014-2015/Hellas-Verona-Stats
2015,Hertha BSC,Bundesliga,team,26.0,26.2,40.5,34.0,374.0,3060.0,34.0,35.0,18.0,53.0,31.0,4.0,4.0,0.0,0.0,,,1.03,0.53,1.56,0.91,1.44,,,,,,,,,,https://fbref.com/en/squads/2818f8bc/2014-2015/Hertha-BSC-Stats
2015,Hertha BSC,Bundesliga,opponent,26.0,25.9,59.5,34.0,374.0,3060.0,34.0,50.0,37.0,87.0,47.0,3.0,3.0,66.0,2.0,,,1.47,1.09,2.56,1.38,2.47,,,,,,,,,,https://fbref.com/en/squads/2818f8bc/2014-2015/Hertha-BSC-Stats
2015,Hoffenheim,Bundesliga,team,23.0,24.8,49.0,34.0,374.0,3060.0,34.0,48.0,33.0,81.0,44.0,4.0,5.0,0.0,0.0,,,1.41,0.97,2.38,1.29,2.26,,,,,,,,,,https://fbref.com/en/squads/033ea6b8/2014-2015/Hoffenheim-Stats
2015,Hoffenheim,Bundesliga,opponent,23.0,26.0,51.0,34.0,374.0,3060.0,34.0,54.0,38.0,92.0,50.0,4.0,4.0,79.0,6.0,,,1.59,1.12,2.71,1.47,2.59,,,,,,,,,,https://fbref.com/en/squads/033ea6b8/2014-2015/Hoffenheim-Stats
2015,Hull City,Premier League,team,29.0,27.4,44.2,38.0,418.0,3420.0,38.0,32.0,22.0,54.0,31.0,1.0,1.0,0.0,0.0,,,0.84,0.58,1.42,0.82,1.39,,,,,,,,,,https://fbref.com/en/squads/bd8769d1/2014-2015/Hull-City-Stats
2015,Hull City,Premier League,opponent,29.0,27.1,55.8,38.0,418.0,3420.0,38.0,50.0,34.0,84.0,49.0,1.0,3.0,77.0,4.0,,,1.32,0.89,2.21,1.29,2.18,,,,,,,,,,https://fbref.com/en/squads/bd8769d1/2014-2015/Hull-City-Stats
2015,Inter,Serie A,team,34.0,26.5,56.6,38.0,418.0,3420.0,38.0,58.0,36.0,94.0,53.0,5.0,7.0,0.0,0.0,,,1.53,0.95,2.47,1.39,2.34,,,,,,,,,,https://fbref.com/en/squads/d609edc0/2014-2015/Internazionale-Stats
2015,Inter,Serie A,opponent,34.0,27.4,43.4,38.0,418.0,3420.0,38.0,47.0,32.0,79.0,45.0,2.0,6.0,95.0,10.0,,,1.24,0.84,2.08,1.18,2.03,,,,,,,,,,https://fbref.com/en/squads/d609edc0/2014-2015/Internazionale-Stats
2015,Juventus,Serie A,team,28.0,28.8,56.2,38.0,418.0,3420.0,38.0,71.0,44.0,115.0,65.0,6.0,9.0,0.0,0.0,,,1.87,1.16,3.03,1.71,2.87,,,,,,,,,,https://fbref.com/en/squads/e0652b02/2014-2015/Juventus-Stats
2015,Juventus,Serie A,opponent,28.0,27.3,43.8,38.0,418.0,3420.0,38.0,24.0,18.0,42.0,22.0,2.0,5.0,108.0,6.0,,,0.63,0.47,1.11,0.58,1.05,,,,,,,,,,https://fbref.com/en/squads/e0652b02/2014-2015/Juventus-Stats
2015,Köln,Bundesliga,team,23.0,25.1,42.8,34.0,374.0,3060.0,34.0,33.0,20.0,53.0,29.0,4.0,4.0,0.0,0.0,,,0.97,0.59,1.56,0.85,1.44,,,,,,,,,,https://fbref.com/en/squads/bc357bf7/2014-2015/Koln-Stats
2015,Köln,Bundesliga,opponent,23.0,26.0,57.2,34.0,374.0,3060.0,34.0,38.0,25.0,63.0,35.0,3.0,4.0,55.0,1.0,,,1.12,0.74,1.85,1.03,1.76,,,,,,,,,,https://fbref.com/en/squads/bc357bf7/2014-2015/Koln-Stats
2015,La Coruña,La Liga,team,27.0,26.9,48.4,38.0,418.0,3420.0,38.0,33.0,17.0,50.0,29.0,4.0,7.0,0.0,0.0,,,0.87,0.45,1.32,0.76,1.21,,,,,,,,,,https://fbref.com/en/squads/2a60ed82/2014-2015/Deportivo-La-Coruna-Stats
2015,La Coruña,La Liga,opponent,27.0,26.4,51.6,38.0,418.0,3420.0,38.0,57.0,43.0,100.0,53.0,4.0,6.0,103.0,3.0,,,1.5,1.13,2.63,1.39,2.53,,,,,,,,,,https://fbref.com/en/squads/2a60ed82/2014-2015/Deportivo-La-Coruna-Stats
2015,Lazio,Serie A,team,29.0,28.0,52.2,38.0,418.0,3420.0,38.0,70.0,47.0,117.0,67.0,3.0,5.0,0.0,0.0,,,1.84,1.24,3.08,1.76,3.0,,,,,,,,,,https://fbref.com/en/squads/7213da33/2014-2015/Lazio-Stats
2015,Lazio,Serie A,opponent,29.0,27.4,47.8,38.0,418.0,3420.0,38.0,36.0,27.0,63.0,32.0,4.0,6.0,97.0,7.0,,,0.95,0.71,1.66,0.84,1.55,,,,,,,,,,https://fbref.com/en/squads/7213da33/2014-2015/Lazio-Stats
2015,Leicester City,Premier League,team,28.0,27.9,43.5,38.0,418.0,3420.0,38.0,45.0,29.0,74.0,42.0,3.0,3.0,0.0,0.0,,,1.18,0.76,1.95,1.11,1.87,,,,,,,,,,https://fbref.com/en/squads/a2d435b3/2014-2015/Leicester-City-Stats
2015,Leicester City,Premier League,opponent,28.0,26.9,56.5,38.0,418.0,3420.0,38.0,50.0,32.0,82.0,47.0,3.0,4.0,63.0,6.0,,,1.32,0.84,2.16,1.24,2.08,,,,,,,,,,https://fbref.com/en/squads/a2d435b3/2014-2015/Leicester-City-Stats
2015,Lens,Ligue 1,team,27.0,26.0,47.3,38.0,418.0,3420.0,38.0,32.0,19.0,51.0,27.0,5.0,8.0,,,,,0.84,0.5,1.34,0.71,1.21,,,,,,,,,,https://fbref.com/en/squads/fd4e0f7d/2014-2015/Lens-Stats
2015,Lens,Ligue 1,opponent,27.0,26.1,52.7,38.0,418.0,3420.0,38.0,60.0,34.0,94.0,51.0,9.0,9.0,55.0,5.0,,,1.58,0.89,2.47,1.34,2.24,,,,,,,,,,https://fbref.com/en/squads/fd4e0f7d/2014-2015/Lens-Stats
2015,Levante,La Liga,team,29.0,28.0,44.5,38.0,418.0,3420.0,38.0,34.0,22.0,56.0,31.0,3.0,4.0,0.0,0.0,,,0.89,0.58,1.47,0.82,1.39,,,,,,,,,,https://fbref.com/en/squads/9800b6a1/2014-2015/Levante-Stats
2015,Levante,La Liga,opponent,29.0,26.5,55.5,38.0,418.0,3420.0,38.0,66.0,46.0,112.0,62.0,4.0,8.0,99.0,4.0,,,1.74,1.21,2.95,1.63,2.84,,,,,,,,,,https://fbref.com/en/squads/9800b6a1/2014-2015/Levante-Stats
2015,Leverkusen,Bundesliga,team,22.0,24.9,51.7,34.0,374.0,3060.0,34.0,62.0,36.0,98.0,62.0,0.0,1.0,0.0,0.0,,,1.82,1.06,2.88,1.82,2.88,,,,,,,,,,https://fbref.com/en/squads/c7a9f859/2014-2015/Bayer-Leverkusen-Stats
2015,Leverkusen,Bundesliga,opponent,22.0,25.9,48.3,34.0,374.0,3060.0,34.0,36.0,23.0,59.0,30.0,6.0,6.0,70.0,3.0,,,1.06,0.68,1.74,0.88,1.56,,,,,,,,,,https://fbref.com/en/squads/c7a9f859/2014-2015/Bayer-Leverkusen-Stats
2015,Lille,Ligue 1,team,27.0,26.4,51.3,38.0,418.0,3420.0,38.0,42.0,28.0,70.0,37.0,5.0,8.0,0.0,0.0,,,1.11,0.74,1.84,0.97,1.71,,,,,,,,,,https://fbref.com/en/squads/cb188c0c/2014-2015/Lille-Stats
2015,Lille,Ligue 1,opponent,27.0,26.3,48.7,38.0,418.0,3420.0,38.0,41.0,36.0,77.0,39.0,2.0,3.0,62.0,2.0,,,1.08,0.95,2.03,1.03,1.97,,,,,,,,,,https://fbref.com/en/squads/cb188c0c/2014-2015/Lille-Stats
2015,Liverpool,Premier League,team,25.0,25.2,55.8,38.0,418.0,3420.0,38.0,48.0,30.0,78.0,43.0,5.0,6.0,0.0,0.0,,,1.26,0.79,2.05,1.13,1.92,,,,,,,,,,https://fbref.com/en/squads/822bd0ba/2014-2015/Liverpool-Stats
2015,Liverpool,Premier League,opponent,25.0,26.8,44.2,38.0,418.0,3420.0,38.0,47.0,29.0,76.0,46.0,1.0,3.0,87.0,4.0,,,1.24,0.76,2.0,1.21,1.97,,,,,,,,,,https://fbref.com/en/squads/822bd0ba/2014-2015/Liverpool-Stats
2015,Lorient,Ligue 1,team,32.0,24.8,49.6,38.0,418.0,3420.0,38.0,41.0,27.0,68.0,36.0,5.0,5.0,0.0,0.0,,,1.08,0.71,1.79,0.95,1.66,,,,,,,,,,https://fbref.com/en/squads/d2c87802/2014-2015/Lorient-Stats
2015,Lorient,Ligue 1,opponent,32.0,26.1,50.4,38.0,418.0,3420.0,38.0,49.0,32.0,81.0,43.0,6.0,7.0,57.0,5.0,,,1.29,0.84,2.13,1.13,1.97,,,,,,,,,,https://fbref.com/en/squads/d2c87802/2014-2015/Lorient-Stats
2015,Lyon,Ligue 1,team,26.0,24.6,56.9,38.0,418.0,3420.0,38.0,69.0,47.0,116.0,60.0,9.0,12.0,0.0,0.0,,,1.82,1.24,3.05,1.58,2.82,,,,,,,,,,https://fbref.com/en/squads/d53c0b06/2014-2015/Lyon-Stats
2015,Lyon,Ligue 1,opponent,26.0,26.5,43.1,38.0,418.0,3420.0,38.0,32.0,20.0,52.0,27.0,5.0,6.0,82.0,5.0,,,0.84,0.53,1.37,0.71,1.24,,,,,,,,,,https://fbref.com/en/squads/d53c0b06/2014-2015/Lyon-Stats
2015,M'Gladbach,Bundesliga,team,19.0,25.7,53.5,34.0,374.0,3060.0,34.0,53.0,39.0,92.0,50.0,3.0,3.0,0.0,0.0,,,1.56,1.15,2.71,1.47,2.62,,,,,,,,,,https://fbref.com/en/squads/32f3ee20/2014-2015/Monchengladbach-Stats
2015,M'Gladbach,Bundesliga,opponent,19.0,25.8,46.5,34.0,374.0,3060.0,34.0,25.0,15.0,40.0,22.0,3.0,4.0,67.0,1.0,,,0.74,0.44,1.18,0.65,1.09,,,,,,,,,,https://fbref.com/en/squads/32f3ee20/2014-2015/Monchengladbach-Stats
2015,Mainz 05,Bundesliga,team,29.0,25.3,48.9,34.0,374.0,3060.0,34.0,44.0,26.0,70.0,39.0,5.0,5.0,0.0,0.0,,,1.29,0.76,2.06,1.15,1.91,,,,,,,,,,https://fbref.com/en/squads/a224b06a/2014-2015/Mainz-05-Stats
2015,Mainz 05,Bundesliga,opponent,29.0,25.9,51.1,34.0,374.0,3060.0,34.0,46.0,30.0,76.0,43.0,3.0,5.0,63.0,2.0,,,1.35,0.88,2.24,1.26,2.15,,,,,,,,,,https://fbref.com/en/squads/a224b06a/2014-2015/Mainz-05-Stats
2015,Manchester City,Premier League,team,24.0,28.6,59.8,38.0,418.0,3420.0,38.0,82.0,61.0,143.0,75.0,7.0,8.0,0.0,0.0,,,2.16,1.61,3.76,1.97,3.58,,,,,,,,,,https://fbref.com/en/squads/b8fd03ef/2014-2015/Manchester-City-Stats
2015,Manchester City,Premier League,opponent,24.0,26.9,40.2,38.0,418.0,3420.0,38.0,35.0,22.0,57.0,32.0,3.0,4.0,59.0,3.0,,,0.92,0.58,1.5,0.84,1.42,,,,,,,,,,https://fbref.com/en/squads/b8fd03ef/2014-2015/Manchester-City-Stats
2015,Manchester Utd,Premier League,team,33.0,26.0,61.2,38.0,418.0,3420.0,38.0,60.0,41.0,101.0,57.0,3.0,5.0,0.0,0.0,,,1.58,1.08,2.66,1.5,2.58,,,,,,,,,,https://fbref.com/en/squads/19538871/2014-2015/Manchester-United-Stats
2015,Manchester Utd,Premier League,opponent,33.0,27.0,38.8,38.0,418.0,3420.0,38.0,36.0,25.0,61.0,33.0,3.0,4.0,73.0,4.0,,,0.95,0.66,1.61,0.87,1.53,,,,,,,,,,https://fbref.com/en/squads/19538871/2014-2015/Manchester-United-Stats
2015,Marseille,Ligue 1,team,25.0,25.6,57.7,38.0,418.0,3420.0,38.0,72.0,45.0,117.0,70.0,2.0,4.0,0.0,0.0,,,1.89,1.18,3.08,1.84,3.03,,,,,,,,,,https://fbref.com/en/squads/5725cc7b/2014-2015/Marseille-Stats
2015,Marseille,Ligue 1,opponent,25.0,26.2,42.3,38.0,418.0,3420.0,38.0,41.0,22.0,63.0,37.0,4.0,4.0,62.0,1.0,,,1.08,0.58,1.66,0.97,1.55,,,,,,,,,,https://fbref.com/en/squads/5725cc7b/2014-2015/Marseille-Stats
2015,Metz,Ligue 1,team,31.0,26.3,44.9,38.0,418.0,3420.0,38.0,31.0,17.0,48.0,23.0,8.0,10.0,,,,,0.82,0.45,1.26,0.61,1.05,,,,,,,,,,https://fbref.com/en/squads/f83960ae/2014-2015/Metz-Stats
2015,Metz,Ligue 1,opponent,31.0,26.2,55.1,38.0,418.0,3420.0,38.0,58.0,32.0,90.0,53.0,5.0,5.0,40.0,5.0,,,1.53,0.84,2.37,1.39,2.24,,,,,,,,,,https://fbref.com/en/squads/f83960ae/2014-2015/Metz-Stats
2015,Milan,Serie A,team,35.0,28.1,51.3,38.0,418.0,3420.0,38.0,54.0,33.0,87.0,43.0,11.0,11.0,0.0,0.0,,,1.42,0.87,2.29,1.13,2.0,,,,,,,,,,https://fbref.com/en/squads/dc56fe14/2014-2015/Milan-Stats
2015,Milan,Serie A,opponent,35.0,27.4,48.7,38.0,418.0,3420.0,38.0,47.0,34.0,81.0,43.0,4.0,5.0,113.0,5.0,,,1.24,0.89,2.13,1.13,2.03,,,,,,,,,,https://fbref.com/en/squads/dc56fe14/2014-2015/Milan-Stats
2015,Monaco,Ligue 1,team,27.0,25.5,51.7,38.0,418.0,3420.0,38.0,50.0,35.0,85.0,45.0,5.0,7.0,0.0,0.0,,,1.32,0.92,2.24,1.18,2.11,,,,,,,,,,https://fbref.com/en/squads/fd6114db/2014-2015/Monaco-Stats
2015,Monaco,Ligue 1,opponent,27.0,26.3,48.3,38.0,418.0,3420.0,38.0,24.0,20.0,44.0,21.0,3.0,6.0,73.0,4.0,,,0.63,0.53,1.16,0.55,1.08,,,,,,,,,,https://fbref.com/en/squads/fd6114db/2014-2015/Monaco-Stats
2015,Montpellier,Ligue 1,team,26.0,27.3,47.3,38.0,418.0,3420.0,38.0,45.0,32.0,77.0,42.0,3.0,6.0,0.0,0.0,,,1.18,0.84,2.03,1.11,1.95,,,,,,,,,,https://fbref.com/en/squads/281b0e73/2014-2015/Montpellier-Stats
2015,Montpellier,Ligue 1,opponent,26.0,26.0,52.7,38.0,418.0,3420.0,38.0,39.0,26.0,65.0,36.0,3.0,4.0,71.0,3.0,,,1.03,0.68,1.71,0.95,1.63,,,,,,,,,,https://fbref.com/en/squads/281b0e73/2014-2015/Montpellier-Stats
2015,Málaga,La Liga,team,23.0,26.6,49.5,38.0,418.0,3420.0,38.0,40.0,27.0,67.0,36.0,4.0,7.0,0.0,0.0,,,1.05,0.71,1.76,0.95,1.66,,,,,,,,,,https://fbref.com/en/squads/1c896955/2014-2015/Malaga-Stats
2015,Málaga,La Liga,opponent,23.0,26.5,50.5,38.0,418.0,3420.0,38.0,48.0,35.0,83.0,45.0,3.0,6.0,118.0,7.0,,,1.26,0.92,2.18,1.18,2.11,,,,,,,,,,https://fbref.com/en/squads/1c896955/2014-2015/Malaga-Stats
2015,Nantes,Ligue 1,team,27.0,26.3,47.1,38.0,418.0,3420.0,38.0,26.0,17.0,43.0,22.0,4.0,6.0,0.0,0.0,,,0.68,0.45,1.13,0.58,1.03,,,,,,,,,,https://fbref.com/en/squads/d7a486cd/2014-2015/Nantes-Stats
2015,Nantes,Ligue 1,opponent,27.0,26.2,52.9,38.0,418.0,3420.0,38.0,38.0,22.0,60.0,35.0,3.0,4.0,73.0,1.0,,,1.0,0.58,1.58,0.92,1.5,,,,,,,,,,https://fbref.com/en/squads/d7a486cd/2014-2015/Nantes-Stats
2015,Napoli,Serie A,team,26.0,27.0,54.8,38.0,418.0,3420.0,38.0,65.0,41.0,106.0,61.0,4.0,9.0,0.0,0.0,,,1.71,1.08,2.79,1.61,2.68,,,,,,,,,,https://fbref.com/en/squads/d48ad4ff/2014-2015/Napoli-Stats
2015,Napoli,Serie A,opponent,26.0,27.4,45.2,38.0,418.0,3420.0,38.0,50.0,40.0,90.0,48.0,2.0,2.0,111.0,7.0,,,1.32,1.05,2.37,1.26,2.32,,,,,,,,,,https://fbref.com/en/squads/d48ad4ff/2014-2015/Napoli-Stats
2015,Newcastle Utd,Premier League,team,27.0,25.9,47.7,38.0,418.0,3420.0,38.0,40.0,30.0,70.0,39.0,1.0,1.0,0.0,0.0,,,1.05,0.79,1.84,1.03,1.82,,,,,,,,,,https://fbref.com/en/squads/b2b47a98/2014-2015/Newcastle-United-Stats
2015,Newcastle Utd,Premier League,opponent,27.0,26.9,52.3,38.0,418.0,3420.0,38.0,62.0,48.0,110.0,58.0,4.0,4.0,92.0,0.0,,,1.63,1.26,2.89,1.53,2.79,,,,,,,,,,https://fbref.com/en/squads/b2b47a98/2014-2015/Newcastle-United-Stats
2015,Nice,Ligue 1,team,30.0,24.0,50.4,38.0,417.0,3420.0,38.0,44.0,29.0,73.0,40.0,4.0,4.0,0.0,0.0,,,1.16,0.76,1.92,1.05,1.82,,,,,,,,,,https://fbref.com/en/squads/132ebc33/2014-2015/Nice-Stats
2015,Nice,Ligue 1,opponent,30.0,26.1,49.6,38.0,417.0,3420.0,38.0,51.0,28.0,79.0,45.0,6.0,8.0,76.0,4.0,,,1.34,0.74,2.08,1.18,1.92,,,,,,,,,,https://fbref.com/en/squads/132ebc33/2014-2015/Nice-Stats
2015,Paderborn 07,Bundesliga,team,24.0,26.8,43.2,34.0,374.0,3060.0,34.0,30.0,21.0,51.0,29.0,1.0,1.0,0.0,0.0,,,0.88,0.62,1.5,0.85,1.47,,,,,,,,,,https://fbref.com/en/squads/d9f93f02/2014-2015/Paderborn-07-Stats
2015,Paderborn 07,Bundesliga,opponent,24.0,25.8,56.8,34.0,374.0,3060.0,34.0,63.0,43.0,106.0,58.0,5.0,7.0,57.0,1.0,,,1.85,1.26,3.12,1.71,2.97,,,,,,,,,,https://fbref.com/en/squads/d9f93f02/2014-2015/Paderborn-07-Stats
2015,Palermo,Serie A,team,31.0,26.8,49.6,38.0,418.0,3420.0,38.0,52.0,34.0,86.0,47.0,5.0,7.0,0.0,0.0,,,1.37,0.89,2.26,1.24,2.13,,,,,,,,,,https://fbref.com/en/squads/ee058a17/2014-2015/Palermo-Stats
2015,Palermo,Serie A,opponent,31.0,27.3,50.4,38.0,418.0,3420.0,38.0,53.0,40.0,93.0,49.0,4.0,5.0,111.0,8.0,,,1.39,1.05,2.45,1.29,2.34,,,,,,,,,,https://fbref.com/en/squads/ee058a17/2014-2015/Palermo-Stats
2015,Paris S-G,Ligue 1,team,23.0,26.8,60.4,38.0,418.0,3420.0,38.0,80.0,55.0,135.0,67.0,13.0,14.0,0.0,0.0,,,2.11,1.45,3.55,1.76,3.21,,,,,,,,,,https://fbref.com/en/squads/e2d8892c/2014-2015/Paris-Saint-Germain-Stats
2015,Paris S-G,Ligue 1,opponent,23.0,26.1,39.6,38.0,418.0,3420.0,38.0,33.0,23.0,56.0,30.0,3.0,3.0,72.0,6.0,,,0.87,0.61,1.47,0.79,1.39,,,,,,,,,,https://fbref.com/en/squads/e2d8892c/2014-2015/Paris-Saint-Germain-Stats
2015,Parma,Serie A,team,38.0,28.4,44.9,38.0,418.0,3420.0,38.0,31.0,20.0,51.0,29.0,2.0,2.0,0.0,0.0,,,0.82,0.53,1.34,0.76,1.29,,,,,,,,,,https://fbref.com/en/squads/eab4234c/2014-2015/Parma-Stats
2015,Parma,Serie A,opponent,38.0,27.4,55.1,38.0,418.0,3420.0,38.0,75.0,52.0,127.0,70.0,5.0,6.0,71.0,5.0,,,1.97,1.37,3.34,1.84,3.21,,,,,,,,,,https://fbref.com/en/squads/eab4234c/2014-2015/Parma-Stats
2015,QPR,Premier League,team,32.0,28.2,45.2,38.0,418.0,3420.0,38.0,39.0,29.0,68.0,36.0,3.0,5.0,0.0,0.0,,,1.03,0.76,1.79,0.95,1.71,,,,,,,,,,https://fbref.com/en/squads/a757999c/2014-2015/Queens-Park-Rangers-Stats
2015,QPR,Premier League,opponent,32.0,27.0,54.8,38.0,418.0,3420.0,38.0,70.0,51.0,121.0,68.0,2.0,4.0,50.0,3.0,,,1.84,1.34,3.18,1.79,3.13,,,,,,,,,,https://fbref.com/en/squads/a757999c/2014-2015/Queens-Park-Rangers-Stats
2015,Rayo Vallecano,La Liga,team,28.0,27.2,54.8,38.0,418.0,3420.0,38.0,46.0,33.0,79.0,44.0,2.0,3.0,0.0,0.0,,,1.21,0.87,2.08,1.16,2.03,,,,,,,,,,https://fbref.com/en/squads/98e8af82/2014-2015/Rayo-Vallecano-Stats
2015,Rayo Vallecano,La Liga,opponent,28.0,26.5,45.2,38.0,418.0,3420.0,38.0,66.0,40.0,106.0,59.0,7.0,7.0,102.0,9.0,,,1.74,1.05,2.79,1.55,2.61,,,,,,,,,,https://fbref.com/en/squads/98e8af82/2014-2015/Rayo-Vallecano-Stats
2015,Real Madrid,La Liga,team,24.0,26.4,56.2,38.0,418.0,3420.0,38.0,116.0,91.0,207.0,105.0,11.0,13.0,0.0,0.0,,,3.05,2.39,5.45,2.76,5.16,,,,,,,,,,https://fbref.com/en/squads/53a2f082/2014-2015/Real-Madrid-Stats
2015,Real Madrid,La Liga,opponent,24.0,26.8,43.8,38.0,418.0,3420.0,38.0,38.0,28.0,66.0,34.0,4.0,5.0,116.0,1.0,,,1.0,0.74,1.74,0.89,1.63,,,,,,,,,,https://fbref.com/en/squads/53a2f082/2014-2015/Real-Madrid-Stats
2015,Real Sociedad,La Liga,team,25.0,26.5,49.8,38.0,418.0,3420.0,38.0,41.0,35.0,76.0,38.0,3.0,3.0,0.0,0.0,,,1.08,0.92,2.0,1.0,1.92,,,,,,,,,,https://fbref.com/en/squads/e31d1cd9/2014-2015/Real-Sociedad-Stats
2015,Real Sociedad,La Liga,opponent,25.0,26.6,50.2,38.0,418.0,3420.0,38.0,49.0,32.0,81.0,44.0,5.0,6.0,139.0,6.0,,,1.29,0.84,2.13,1.16,2.0,,,,,,,,,,https://fbref.com/en/squads/e31d1cd9/2014-2015/Real-Sociedad-Stats
2015,Reims,Ligue 1,team,30.0,27.0,48.9,38.0,418.0,3420.0,38.0,45.0,31.0,76.0,42.0,3.0,3.0,0.0,0.0,,,1.18,0.82,2.0,1.11,1.92,,,,,,,,,,https://fbref.com/en/squads/7fdd64e0/2014-2015/Reims-Stats
2015,Reims,Ligue 1,opponent,30.0,26.2,51.1,38.0,418.0,3420.0,38.0,64.0,43.0,107.0,60.0,4.0,7.0,61.0,3.0,,,1.68,1.13,2.82,1.58,2.71,,,,,,,,,,https://fbref.com/en/squads/7fdd64e0/2014-2015/Reims-Stats
2015,Rennes,Ligue 1,team,22.0,26.0,50.2,38.0,418.0,3420.0,38.0,34.0,28.0,62.0,33.0,1.0,3.0,,,,,0.89,0.74,1.63,0.87,1.61,,,,,,,,,,https://fbref.com/en/squads/b3072e00/2014-2015/Rennes-Stats
2015,Rennes,Ligue 1,opponent,22.0,26.2,49.8,38.0,418.0,3420.0,38.0,40.0,21.0,61.0,36.0,4.0,5.0,71.0,5.0,,,1.05,0.55,1.61,0.95,1.5,,,,,,,,,,https://fbref.com/en/squads/b3072e00/2014-2015/Rennes-Stats
2015,Roma,Serie A,team,32.0,28.0,57.3,38.0,418.0,3420.0,38.0,53.0,40.0,93.0,47.0,6.0,7.0,0.0,0.0,,,1.39,1.05,2.45,1.24,2.29,,,,,,,,,,https://fbref.com/en/squads/cf74a709/2014-2015/Roma-Stats
2015,Roma,Serie A,opponent,32.0,27.4,42.7,38.0,418.0,3420.0,38.0,31.0,20.0,51.0,26.0,5.0,5.0,108.0,6.0,,,0.82,0.53,1.34,0.68,1.21,,,,,,,,,,https://fbref.com/en/squads/cf74a709/2014-2015/Roma-Stats
2015,Saint-Étienne,Ligue 1,team,24.0,27.1,50.3,38.0,418.0,3420.0,38.0,50.0,33.0,83.0,45.0,5.0,7.0,,,,,1.32,0.87,2.18,1.18,2.05,,,,,,,,,,https://fbref.com/en/squads/d298ef2c/2014-2015/Saint-Etienne-Stats
2015,Saint-Étienne,Ligue 1,opponent,24.0,26.3,49.7,38.0,418.0,3420.0,38.0,28.0,14.0,42.0,24.0,4.0,6.0,75.0,7.0,,,0.74,0.37,1.11,0.63,1.0,,,,,,,,,,https://fbref.com/en/squads/d298ef2c/2014-2015/Saint-Etienne-Stats
2015,Sampdoria,Serie A,team,30.0,26.2,50.4,38.0,418.0,3420.0,38.0,46.0,30.0,76.0,44.0,2.0,2.0,0.0,0.0,,,1.21,0.79,2.0,1.16,1.95,,,,,,,,,,https://fbref.com/en/squads/8ff9e3b3/2014-2015/Sampdoria-Stats
2015,Sampdoria,Serie A,opponent,30.0,27.5,49.6,38.0,418.0,3420.0,38.0,42.0,29.0,71.0,36.0,6.0,7.0,105.0,6.0,,,1.11,0.76,1.87,0.95,1.71,,,,,,,,,,https://fbref.com/en/squads/8ff9e3b3/2014-2015/Sampdoria-Stats
2015,Sassuolo,Serie A,team,27.0,27.0,47.0,38.0,418.0,3420.0,38.0,47.0,30.0,77.0,40.0,7.0,9.0,0.0,0.0,,,1.24,0.79,2.03,1.05,1.84,,,,,,,,,,https://fbref.com/en/squads/e2befd26/2014-2015/Sassuolo-Stats
2015,Sassuolo,Serie A,opponent,27.0,27.1,53.0,38.0,418.0,3420.0,38.0,57.0,45.0,102.0,53.0,4.0,5.0,100.0,12.0,,,1.5,1.18,2.68,1.39,2.58,,,,,,,,,,https://fbref.com/en/squads/e2befd26/2014-2015/Sassuolo-Stats
2015,Schalke 04,Bundesliga,team,29.0,25.2,51.1,34.0,374.0,3060.0,34.0,40.0,29.0,69.0,38.0,2.0,3.0,0.0,0.0,,,1.18,0.85,2.03,1.12,1.97,,,,,,,,,,https://fbref.com/en/squads/c539e393/2014-2015/Schalke-04-Stats
2015,Schalke 04,Bundesliga,opponent,29.0,25.9,48.9,34.0,374.0,3060.0,34.0,39.0,23.0,62.0,38.0,1.0,2.0,62.0,3.0,,,1.15,0.68,1.82,1.12,1.79,,,,,,,,,,https://fbref.com/en/squads/c539e393/2014-2015/Schalke-04-Stats
2015,Sevilla,La Liga,team,26.0,26.2,50.3,38.0,418.0,3420.0,38.0,68.0,45.0,113.0,60.0,8.0,10.0,0.0,0.0,,,1.79,1.18,2.97,1.58,2.76,,,,,,,,,,https://fbref.com/en/squads/ad2be733/2014-2015/Sevilla-Stats
2015,Sevilla,La Liga,opponent,26.0,26.6,49.7,38.0,418.0,3420.0,38.0,44.0,29.0,73.0,37.0,7.0,7.0,125.0,6.0,,,1.16,0.76,1.92,0.97,1.74,,,,,,,,,,https://fbref.com/en/squads/ad2be733/2014-2015/Sevilla-Stats
2015,Southampton,Premier League,team,29.0,26.0,53.1,38.0,418.0,3420.0,38.0,49.0,32.0,81.0,47.0,2.0,3.0,0.0,0.0,,,1.29,0.84,2.13,1.24,2.08,,,,,,,,,,https://fbref.com/en/squads/33c895d4/2014-2015/Southampton-Stats
2015,Southampton,Premier League,opponent,29.0,26.9,46.9,38.0,418.0,3420.0,38.0,33.0,25.0,58.0,31.0,2.0,2.0,54.0,3.0,,,0.87,0.66,1.53,0.82,1.47,,,,,,,,,,https://fbref.com/en/squads/33c895d4/2014-2015/Southampton-Stats
2015,Stoke City,Premier League,team,25.0,27.4,50.4,38.0,418.0,3420.0,38.0,47.0,30.0,77.0,44.0,3.0,3.0,0.0,0.0,,,1.24,0.79,2.03,1.16,1.95,,,,,,,,,,https://fbref.com/en/squads/17892952/2014-2015/Stoke-City-Stats
2015,Stoke City,Premier League,opponent,25.0,27.1,49.6,38.0,418.0,3420.0,38.0,45.0,28.0,73.0,40.0,5.0,5.0,67.0,5.0,,,1.18,0.74,1.92,1.05,1.79,,,,,,,,,,https://fbref.com/en/squads/17892952/2014-2015/Stoke-City-Stats
2015,Stuttgart,Bundesliga,team,24.0,24.9,47.5,34.0,374.0,3060.0,34.0,41.0,29.0,70.0,40.0,1.0,1.0,0.0,0.0,,,1.21,0.85,2.06,1.18,2.03,,,,,,,,,,https://fbref.com/en/squads/598bc722/2014-2015/Stuttgart-Stats
2015,Stuttgart,Bundesliga,opponent,24.0,26.0,52.5,34.0,374.0,3060.0,34.0,59.0,38.0,97.0,55.0,4.0,4.0,72.0,4.0,,,1.74,1.12,2.85,1.62,2.74,,,,,,,,,,https://fbref.com/en/squads/598bc722/2014-2015/Stuttgart-Stats
2015,Sunderland,Premier League,team,25.0,27.8,45.2,38.0,417.0,3420.0,38.0,30.0,20.0,50.0,26.0,4.0,4.0,0.0,0.0,,,0.79,0.53,1.32,0.68,1.21,,,,,,,,,,https://fbref.com/en/squads/8ef52968/2014-2015/Sunderland-Stats
2015,Sunderland,Premier League,opponent,25.0,27.0,54.8,38.0,417.0,3420.0,38.0,49.0,33.0,82.0,45.0,4.0,4.0,71.0,4.0,,,1.29,0.87,2.16,1.18,2.05,,,,,,,,,,https://fbref.com/en/squads/8ef52968/2014-2015/Sunderland-Stats
2015,Swansea City,Premier League,team,27.0,26.6,50.1,38.0,418.0,3420.0,38.0,43.0,34.0,77.0,41.0,2.0,2.0,0.0,0.0,,,1.13,0.89,2.03,1.08,1.97,,,,,,,,,,https://fbref.com/en/squads/fb10988f/2014-2015/Swansea-City-Stats
2015,Swansea City,Premier League,opponent,27.0,26.8,49.9,38.0,418.0,3420.0,38.0,48.0,33.0,81.0,46.0,2.0,2.0,81.0,3.0,,,1.26,0.87,2.13,1.21,2.08,,,,,,,,,,https://fbref.com/en/squads/fb10988f/2014-2015/Swansea-City-Stats
2015,Torino,Serie A,team,31.0,28.1,49.2,38.0,418.0,3420.0,38.0,48.0,32.0,80.0,45.0,3.0,6.0,0.0,0.0,,,1.26,0.84,2.11,1.18,2.03,,,,,,,,,,https://fbref.com/en/squads/105360fe/2014-2015/Torino-Stats
2015,Torino,Serie A,opponent,31.0,27.5,50.8,38.0,418.0,3420.0,38.0,43.0,27.0,70.0,36.0,7.0,8.0,94.0,7.0,,,1.13,0.71,1.84,0.95,1.66,,,,,,,,,,https://fbref.com/en/squads/105360fe/2014-2015/Torino-Stats
2015,Tottenham,Premier League,team,27.0,24.4,57.0,38.0,418.0,3420.0,38.0,56.0,40.0,96.0,53.0,3.0,5.0,0.0,0.0,,,1.47,1.05,2.53,1.39,2.45,,,,,,,,,,https://fbref.com/en/squads/361ca564/2014-2015/Tottenham-Hotspur-Stats
2015,Tottenham,Premier League,opponent,27.0,27.0,43.0,38.0,418.0,3420.0,38.0,52.0,34.0,86.0,47.0,5.0,7.0,79.0,4.0,,,1.37,0.89,2.26,1.24,2.13,,,,,,,,,,https://fbref.com/en/squads/361ca564/2014-2015/Tottenham-Hotspur-Stats
2015,Toulouse,Ligue 1,team,27.0,24.4,49.1,38.0,418.0,3420.0,38.0,42.0,31.0,73.0,39.0,3.0,3.0,,,,,1.11,0.82,1.92,1.03,1.84,,,,,,,,,,https://fbref.com/en/squads/3f8c4b5f/2014-2015/Toulouse-Stats
2015,Toulouse,Ligue 1,opponent,27.0,26.2,50.9,38.0,418.0,3420.0,38.0,62.0,42.0,104.0,55.0,7.0,8.0,62.0,4.0,,,1.63,1.11,2.74,1.45,2.55,,,,,,,,,,https://fbref.com/en/squads/3f8c4b5f/2014-2015/Toulouse-Stats
2015,Udinese,Serie A,team,28.0,26.9,46.5,38.0,418.0,3420.0,38.0,41.0,27.0,68.0,40.0,1.0,1.0,0.0,0.0,,,1.08,0.71,1.79,1.05,1.76,,,,,,,,,,https://fbref.com/en/squads/04eea015/2014-2015/Udinese-Stats
2015,Udinese,Serie A,opponent,28.0,27.6,53.5,38.0,418.0,3420.0,38.0,54.0,36.0,90.0,46.0,8.0,9.0,93.0,5.0,,,1.42,0.95,2.37,1.21,2.16,,,,,,,,,,https://fbref.com/en/squads/04eea015/2014-2015/Udinese-Stats
2015,Valencia,La Liga,team,24.0,24.8,50.0,38.0,418.0,3420.0,38.0,66.0,48.0,114.0,61.0,5.0,7.0,0.0,0.0,,,1.74,1.26,3.0,1.61,2.87,,,,,,,,,,https://fbref.com/en/squads/dcc91a7b/2014-2015/Valencia-Stats
2015,Valencia,La Liga,opponent,24.0,26.9,50.0,38.0,418.0,3420.0,38.0,31.0,19.0,50.0,27.0,4.0,8.0,123.0,3.0,,,0.82,0.5,1.32,0.71,1.21,,,,,,,,,,https://fbref.com/en/squads/dcc91a7b/2014-2015/Valencia-Stats
2015,Villarreal,La Liga,team,28.0,25.0,48.6,38.0,418.0,3420.0,38.0,48.0,34.0,82.0,46.0,2.0,2.0,0.0,0.0,,,1.26,0.89,2.16,1.21,2.11,,,,,,,,,,https://fbref.com/en/squads/2a8183b3/2014-2015/Villarreal-Stats
2015,Villarreal,La Liga,opponent,28.0,26.6,51.4,38.0,418.0,3420.0,38.0,36.0,22.0,58.0,33.0,3.0,3.0,89.0,2.0,,,0.95,0.58,1.53,0.87,1.45,,,,,,,,,,https://fbref.com/en/squads/2a8183b3/2014-2015/Villarreal-Stats
2015,Werder Bremen,Bundesliga,team,31.0,25.7,43.4,34.0,374.0,3060.0,34.0,49.0,36.0,85.0,45.0,4.0,5.0,0.0,0.0,,,1.44,1.06,2.5,1.32,2.38,,,,,,,,,,https://fbref.com/en/squads/62add3bf/2014-2015/Werder-Bremen-Stats
2015,Werder Bremen,Bundesliga,opponent,31.0,25.8,56.6,34.0,374.0,3060.0,34.0,64.0,45.0,109.0,59.0,5.0,5.0,62.0,3.0,,,1.88,1.32,3.21,1.74,3.06,,,,,,,,,,https://fbref.com/en/squads/62add3bf/2014-2015/Werder-Bremen-Stats
2015,West Brom,Premier League,team,26.0,28.0,43.7,38.0,418.0,3420.0,38.0,37.0,29.0,66.0,33.0,4.0,5.0,0.0,0.0,,,0.97,0.76,1.74,0.87,1.63,,,,,,,,,,https://fbref.com/en/squads/60c6b05f/2014-2015/West-Bromwich-Albion-Stats
2015,West Brom,Premier League,opponent,26.0,26.8,56.3,38.0,418.0,3420.0,38.0,51.0,32.0,83.0,46.0,5.0,7.0,49.0,2.0,,,1.34,0.84,2.18,1.21,2.05,,,,,,,,,,https://fbref.com/en/squads/60c6b05f/2014-2015/West-Bromwich-Albion-Stats
2015,West Ham,Premier League,team,28.0,26.8,45.6,38.0,418.0,3420.0,38.0,43.0,34.0,77.0,42.0,1.0,2.0,0.0,0.0,,,1.13,0.89,2.03,1.11,2.0,,,,,,,,,,https://fbref.com/en/squads/7c21e445/2014-2015/West-Ham-United-Stats
2015,West Ham,Premier League,opponent,28.0,26.9,54.4,38.0,418.0,3420.0,38.0,45.0,28.0,73.0,43.0,2.0,5.0,64.0,7.0,,,1.18,0.74,1.92,1.13,1.87,,,,,,,,,,https://fbref.com/en/squads/7c21e445/2014-2015/West-Ham-United-Stats
2015,Wolfsburg,Bundesliga,team,22.0,26.1,54.9,34.0,374.0,3060.0,34.0,71.0,50.0,121.0,68.0,3.0,4.0,0.0,0.0,,,2.09,1.47,3.56,2.0,3.47,,,,,,,,,,https://fbref.com/en/squads/4eaa11d7/2014-2015/Wolfsburg-Stats
2015,Wolfsburg,Bundesliga,opponent,22.0,25.9,45.1,34.0,374.0,3060.0,34.0,35.0,22.0,57.0,33.0,2.0,3.0,55.0,3.0,,,1.03,0.65,1.68,0.97,1.62,,,,,,,,,,https://fbref.com/en/squads/4eaa11d7/2014-2015/Wolfsburg-Stats
2016,Angers,Ligue 1,team,29.0,27.2,42.5,38.0,418.0,3420.0,38.0,40.0,25.0,65.0,36.0,4.0,5.0,0.0,0.0,,,1.05,0.66,1.71,0.95,1.61,,,,,,,,,,https://fbref.com/en/squads/69236f98/2015-2016/Angers-Stats
2016,Angers,Ligue 1,opponent,29.0,26.5,57.5,38.0,418.0,3420.0,38.0,37.0,25.0,62.0,33.0,4.0,5.0,81.0,2.0,,,0.97,0.66,1.63,0.87,1.53,,,,,,,,,,https://fbref.com/en/squads/69236f98/2015-2016/Angers-Stats
2016,Arsenal,Premier League,team,25.0,27.0,58.3,38.0,418.0,3420.0,38.0,62.0,53.0,115.0,61.0,1.0,2.0,0.0,0.0,,,1.63,1.39,3.03,1.61,3.0,,,,,,,,,,https://fbref.com/en/squads/18bb7c10/2015-2016/Arsenal-Stats
2016,Arsenal,Premier League,opponent,25.0,26.7,41.7,38.0,418.0,3420.0,38.0,33.0,25.0,58.0,32.0,1.0,1.0,70.0,3.0,,,0.87,0.66,1.53,0.84,1.5,,,,,,,,,,https://fbref.com/en/squads/18bb7c10/2015-2016/Arsenal-Stats
2016,Aston Villa,Premier League,team,29.0,26.6,46.4,38.0,418.0,3420.0,38.0,24.0,19.0,43.0,22.0,2.0,2.0,0.0,0.0,,,0.63,0.5,1.13,0.58,1.08,,,,,,,,,,https://fbref.com/en/squads/8602292d/2015-2016/Aston-Villa-Stats
2016,Aston Villa,Premier League,opponent,29.0,27.1,53.6,38.0,418.0,3420.0,38.0,73.0,53.0,126.0,70.0,3.0,5.0,52.0,0.0,,,1.92,1.39,3.32,1.84,3.24,,,,,,,,,,https://fbref.com/en/squads/8602292d/2015-2016/Aston-Villa-Stats
2016,Atalanta,Serie A,team,33.0,27.8,48.4,38.0,418.0,3420.0,38.0,38.0,23.0,61.0,34.0,4.0,6.0,0.0,0.0,,,1.0,0.61,1.61,0.89,1.5,,,,,,,,,,https://fbref.com/en/squads/922493f3/2015-2016/Atalanta-Stats
2016,Atalanta,Serie A,opponent,33.0,27.1,51.6,38.0,418.0,3420.0,38.0,46.0,33.0,79.0,41.0,5.0,9.0,107.0,7.0,,,1.21,0.87,2.08,1.08,1.95,,,,,,,,,,https://fbref.com/en/squads/922493f3/2015-2016/Atalanta-Stats
2016,Athletic Club,La Liga,team,25.0,27.7,49.9,38.0,418.0,3420.0,38.0,57.0,42.0,99.0,54.0,3.0,5.0,86.0,6.0,,,1.5,1.11,2.61,1.42,2.53,,,,,,,,,,https://fbref.com/en/squads/2b390eca/2015-2016/Athletic-Club-Stats
2016,Athletic Club,La Liga,opponent,25.0,26.3,50.1,38.0,418.0,3420.0,38.0,43.0,30.0,73.0,37.0,6.0,7.0,117.0,7.0,,,1.13,0.79,1.92,0.97,1.76,,,,,,,,,,https://fbref.com/en/squads/2b390eca/2015-2016/Athletic-Club-Stats
2016,Atlético Madrid,La Liga,team,25.0,25.9,48.5,38.0,418.0,3420.0,38.0,62.0,47.0,109.0,61.0,1.0,2.0,94.0,3.0,,,1.63,1.24,2.87,1.61,2.84,,,,,,,,,,https://fbref.com/en/squads/db3b9613/2015-2016/Atletico-Madrid-Stats
2016,Atlético Madrid,La Liga,opponent,25.0,26.7,51.5,38.0,418.0,3420.0,38.0,18.0,12.0,30.0,17.0,1.0,1.0,97.0,4.0,,,0.47,0.32,0.79,0.45,0.76,,,,,,,,,,https://fbref.com/en/squads/db3b9613/2015-2016/Atletico-Madrid-Stats
2016,Augsburg,Bundesliga,team,27.0,27.4,46.9,34.0,374.0,3060.0,34.0,40.0,20.0,60.0,33.0,7.0,7.0,0.0,0.0,,,1.18,0.59,1.76,0.97,1.56,,,,,,,,,,https://fbref.com/en/squads/0cdc4311/2015-2016/Augsburg-Stats
2016,Augsburg,Bundesliga,opponent,27.0,25.8,53.1,34.0,374.0,3060.0,34.0,51.0,38.0,89.0,46.0,5.0,7.0,66.0,3.0,,,1.5,1.12,2.62,1.35,2.47,,,,,,,,,,https://fbref.com/en/squads/0cdc4311/2015-2016/Augsburg-Stats
2016,Barcelona,La Liga,team,25.0,28.0,67.1,38.0,418.0,3420.0,38.0,109.0,74.0,183.0,98.0,11.0,19.0,67.0,1.0,,,2.87,1.95,4.82,2.58,4.53,,,,,,,,,,https://fbref.com/en/squads/206d90db/2015-2016/Barcelona-Stats
2016,Barcelona,La Liga,opponent,25.0,26.5,32.9,38.0,418.0,3420.0,38.0,27.0,21.0,48.0,26.0,1.0,1.0,126.0,9.0,,,0.71,0.55,1.26,0.68,1.24,,,,,,,,,,https://fbref.com/en/squads/206d90db/2015-2016/Barcelona-Stats
2016,Bastia,Ligue 1,team,26.0,28.7,43.4,38.0,418.0,3420.0,38.0,34.0,20.0,54.0,32.0,2.0,2.0,0.0,0.0,,,0.89,0.53,1.42,0.84,1.37,,,,,,,,,,https://fbref.com/en/squads/6283be2c/2015-2016/Bastia-Stats
2016,Bastia,Ligue 1,opponent,26.0,26.6,56.6,38.0,418.0,3420.0,38.0,41.0,27.0,68.0,37.0,4.0,6.0,78.0,7.0,,,1.08,0.71,1.79,0.97,1.68,,,,,,,,,,https://fbref.com/en/squads/6283be2c/2015-2016/Bastia-Stats
2016,Bayern Munich,Bundesliga,team,25.0,26.8,70.1,34.0,374.0,3060.0,34.0,79.0,54.0,133.0,71.0,8.0,9.0,0.0,0.0,,,2.32,1.59,3.91,2.09,3.68,,,,,,,,,,https://fbref.com/en/squads/054efa67/2015-2016/Bayern-Munich-Stats
2016,Bayern Munich,Bundesliga,opponent,25.0,25.9,29.9,34.0,374.0,3060.0,34.0,16.0,13.0,29.0,15.0,1.0,2.0,51.0,0.0,,,0.47,0.38,0.85,0.44,0.82,,,,,,,,,,https://fbref.com/en/squads/054efa67/2015-2016/Bayern-Munich-Stats
2016,Betis,La Liga,team,29.0,27.4,46.7,38.0,418.0,3420.0,38.0,34.0,25.0,59.0,31.0,3.0,4.0,114.0,5.0,,,0.89,0.66,1.55,0.82,1.47,,,,,,,,,,https://fbref.com/en/squads/fc536746/2015-2016/Real-Betis-Stats
2016,Betis,La Liga,opponent,29.0,26.7,53.3,38.0,418.0,3420.0,38.0,51.0,40.0,91.0,51.0,0.0,1.0,122.0,7.0,,,1.34,1.05,2.39,1.34,2.39,,,,,,,,,,https://fbref.com/en/squads/fc536746/2015-2016/Real-Betis-Stats
2016,Bologna,Serie A,team,31.0,27.0,45.8,38.0,418.0,3420.0,38.0,33.0,22.0,55.0,31.0,2.0,3.0,0.0,0.0,,,0.87,0.58,1.45,0.82,1.39,,,,,,,,,,https://fbref.com/en/squads/1d8099f8/2015-2016/Bologna-Stats
2016,Bologna,Serie A,opponent,31.0,27.1,54.2,38.0,418.0,3420.0,38.0,45.0,28.0,73.0,37.0,8.0,9.0,81.0,4.0,,,1.18,0.74,1.92,0.97,1.71,,,,,,,,,,https://fbref.com/en/squads/1d8099f8/2015-2016/Bologna-Stats
2016,Bordeaux,Ligue 1,team,35.0,24.9,50.8,38.0,418.0,3420.0,38.0,48.0,33.0,81.0,47.0,1.0,2.0,0.0,0.0,,,1.26,0.87,2.13,1.24,2.11,,,,,,,,,,https://fbref.com/en/squads/123f3efe/2015-2016/Bordeaux-Stats
2016,Bordeaux,Ligue 1,opponent,35.0,26.5,49.2,38.0,418.0,3420.0,38.0,55.0,34.0,89.0,50.0,5.0,8.0,70.0,5.0,,,1.45,0.89,2.34,1.32,2.21,,,,,,,,,,https://fbref.com/en/squads/123f3efe/2015-2016/Bordeaux-Stats
2016,Bournemouth,Premier League,team,28.0,27.7,51.2,38.0,418.0,3420.0,38.0,43.0,28.0,71.0,40.0,3.0,4.0,0.0,0.0,,,1.13,0.74,1.87,1.05,1.79,,,,,,,,,,https://fbref.com/en/squads/4ba7cbea/2015-2016/Bournemouth-Stats
2016,Bournemouth,Premier League,opponent,28.0,26.7,48.8,38.0,418.0,3420.0,38.0,67.0,47.0,114.0,63.0,4.0,6.0,56.0,5.0,,,1.76,1.24,3.0,1.66,2.89,,,,,,,,,,https://fbref.com/en/squads/4ba7cbea/2015-2016/Bournemouth-Stats
2016,Caen,Ligue 1,team,24.0,28.2,40.2,38.0,418.0,3420.0,38.0,38.0,22.0,60.0,33.0,5.0,6.0,0.0,0.0,,,1.0,0.58,1.58,0.87,1.45,,,,,,,,,,https://fbref.com/en/squads/74229020/2015-2016/Caen-Stats
2016,Caen,Ligue 1,opponent,24.0,26.4,59.8,38.0,418.0,3420.0,38.0,50.0,36.0,86.0,48.0,2.0,2.0,71.0,3.0,,,1.32,0.95,2.26,1.26,2.21,,,,,,,,,,https://fbref.com/en/squads/74229020/2015-2016/Caen-Stats
2016,Carpi,Serie A,team,35.0,25.9,38.6,38.0,418.0,3420.0,38.0,33.0,22.0,55.0,28.0,5.0,8.0,0.0,0.0,,,0.87,0.58,1.45,0.74,1.32,,,,,,,,,,https://fbref.com/en/squads/71f07916/2015-2016/Carpi-Stats
2016,Carpi,Serie A,opponent,35.0,27.2,61.4,38.0,418.0,3420.0,38.0,57.0,32.0,89.0,51.0,6.0,7.0,94.0,9.0,,,1.5,0.84,2.34,1.34,2.18,,,,,,,,,,https://fbref.com/en/squads/71f07916/2015-2016/Carpi-Stats
2016,Celta Vigo,La Liga,team,27.0,26.1,56.4,38.0,418.0,3420.0,38.0,50.0,41.0,91.0,46.0,4.0,5.0,115.0,8.0,,,1.32,1.08,2.39,1.21,2.29,,,,,,,,,,https://fbref.com/en/squads/f25da7fb/2015-2016/Celta-Vigo-Stats
2016,Celta Vigo,La Liga,opponent,27.0,26.4,43.6,38.0,418.0,3420.0,38.0,57.0,40.0,97.0,54.0,3.0,5.0,108.0,6.0,,,1.5,1.05,2.55,1.42,2.47,,,,,,,,,,https://fbref.com/en/squads/f25da7fb/2015-2016/Celta-Vigo-Stats
2016,Chelsea,Premier League,team,28.0,26.8,56.2,38.0,418.0,3420.0,38.0,55.0,40.0,95.0,51.0,4.0,5.0,0.0,0.0,,,1.45,1.05,2.5,1.34,2.39,,,,,,,,,,https://fbref.com/en/squads/cff3d9bb/2015-2016/Chelsea-Stats
2016,Chelsea,Premier League,opponent,28.0,27.1,43.8,38.0,418.0,3420.0,38.0,52.0,32.0,84.0,49.0,3.0,4.0,115.0,5.0,,,1.37,0.84,2.21,1.29,2.13,,,,,,,,,,https://fbref.com/en/squads/cff3d9bb/2015-2016/Chelsea-Stats
2016,Chievo,Serie A,team,26.0,30.5,45.3,38.0,418.0,3420.0,38.0,42.0,28.0,70.0,37.0,5.0,8.0,0.0,0.0,,,1.11,0.74,1.84,0.97,1.71,,,,,,,,,,https://fbref.com/en/squads/cc919b35/2015-2016/Chievo-Stats
2016,Chievo,Serie A,opponent,26.0,27.0,54.7,38.0,418.0,3420.0,38.0,43.0,31.0,74.0,41.0,2.0,4.0,92.0,9.0,,,1.13,0.82,1.95,1.08,1.89,,,,,,,,,,https://fbref.com/en/squads/cc919b35/2015-2016/Chievo-Stats
2016,Crystal Palace,Premier League,team,30.0,27.7,45.8,38.0,418.0,3420.0,38.0,38.0,21.0,59.0,34.0,4.0,5.0,0.0,0.0,,,1.0,0.55,1.55,0.89,1.45,,,,,,,,,,https://fbref.com/en/squads/47c64c55/2015-2016/Crystal-Palace-Stats
2016,Crystal Palace,Premier League,opponent,30.0,26.8,54.2,38.0,418.0,3420.0,38.0,48.0,32.0,80.0,44.0,4.0,4.0,68.0,3.0,,,1.26,0.84,2.11,1.16,2.0,,,,,,,,,,https://fbref.com/en/squads/47c64c55/2015-2016/Crystal-Palace-Stats
2016,Darmstadt 98,Bundesliga,team,23.0,27.5,33.2,34.0,374.0,3060.0,34.0,38.0,30.0,68.0,36.0,2.0,4.0,0.0,0.0,,,1.12,0.88,2.0,1.06,1.94,,,,,,,,,,https://fbref.com/en/squads/6a6967fc/2015-2016/Darmstadt-98-Stats
2016,Darmstadt 98,Bundesliga,opponent,23.0,25.8,66.8,34.0,374.0,3060.0,34.0,50.0,37.0,87.0,47.0,3.0,4.0,62.0,3.0,,,1.47,1.09,2.56,1.38,2.47,,,,,,,,,,https://fbref.com/en/squads/6a6967fc/2015-2016/Darmstadt-98-Stats
2016,Dortmund,Bundesliga,team,26.0,25.6,63.9,34.0,374.0,3060.0,34.0,80.0,64.0,144.0,76.0,4.0,6.0,0.0,0.0,,,2.35,1.88,4.24,2.24,4.12,,,,,,,,,,https://fbref.com/en/squads/add600ae/2015-2016/Dortmund-Stats
2016,Dortmund,Bundesliga,opponent,26.0,26.0,36.1,34.0,374.0,3060.0,34.0,33.0,22.0,55.0,29.0,4.0,4.0,65.0,3.0,,,0.97,0.65,1.62,0.85,1.5,,,,,,,,,,https://fbref.com/en/squads/add600ae/2015-2016/Dortmund-Stats
2016,Eibar,La Liga,team,28.0,25.6,45.2,38.0,419.0,3420.0,38.0,47.0,31.0,78.0,41.0,6.0,8.0,108.0,4.0,,,1.24,0.82,2.05,1.08,1.89,,,,,,,,,,https://fbref.com/en/squads/bea5c710/2015-2016/Eibar-Stats
2016,Eibar,La Liga,opponent,28.0,26.5,54.8,38.0,419.0,3420.0,38.0,59.0,46.0,105.0,56.0,3.0,4.0,92.0,5.0,,,1.55,1.21,2.76,1.47,2.68,,,,,,,,,,https://fbref.com/en/squads/bea5c710/2015-2016/Eibar-Stats
2016,Eint Frankfurt,Bundesliga,team,30.0,26.7,48.0,34.0,374.0,3060.0,34.0,32.0,25.0,57.0,30.0,2.0,2.0,0.0,0.0,,,0.94,0.74,1.68,0.88,1.62,,,,,,,,,,https://fbref.com/en/squads/f0ac8ee6/2015-2016/Eintracht-Frankfurt-Stats
2016,Eint Frankfurt,Bundesliga,opponent,30.0,26.0,52.0,34.0,374.0,3060.0,34.0,52.0,34.0,86.0,49.0,3.0,5.0,81.0,3.0,,,1.53,1.0,2.53,1.44,2.44,,,,,,,,,,https://fbref.com/en/squads/f0ac8ee6/2015-2016/Eintracht-Frankfurt-Stats
2016,Empoli,Serie A,team,29.0,25.4,52.5,38.0,418.0,3420.0,38.0,39.0,29.0,68.0,38.0,1.0,2.0,0.0,0.0,,,1.03,0.76,1.79,1.0,1.76,,,,,,,,,,https://fbref.com/en/squads/a3d88bd8/2015-2016/Empoli-Stats
2016,Empoli,Serie A,opponent,29.0,27.2,47.5,38.0,418.0,3420.0,38.0,48.0,35.0,83.0,46.0,2.0,2.0,114.0,4.0,,,1.26,0.92,2.18,1.21,2.13,,,,,,,,,,https://fbref.com/en/squads/a3d88bd8/2015-2016/Empoli-Stats
2016,Espanyol,La Liga,team,26.0,24.9,46.2,38.0,418.0,3420.0,38.0,38.0,29.0,67.0,37.0,1.0,3.0,132.0,5.0,,,1.0,0.76,1.76,0.97,1.74,,,,,,,,,,https://fbref.com/en/squads/a8661628/2015-2016/Espanyol-Stats
2016,Espanyol,La Liga,opponent,26.0,26.7,53.8,38.0,418.0,3420.0,38.0,72.0,50.0,122.0,66.0,6.0,6.0,113.0,6.0,,,1.89,1.32,3.21,1.74,3.05,,,,,,,,,,https://fbref.com/en/squads/a8661628/2015-2016/Espanyol-Stats
2016,Everton,Premier League,team,31.0,26.5,51.9,38.0,418.0,3420.0,38.0,56.0,44.0,100.0,52.0,4.0,5.0,0.0,0.0,,,1.47,1.16,2.63,1.37,2.53,,,,,,,,,,https://fbref.com/en/squads/d3fd31cc/2015-2016/Everton-Stats
2016,Everton,Premier League,opponent,31.0,27.0,48.1,38.0,418.0,3420.0,38.0,55.0,42.0,97.0,50.0,5.0,6.0,62.0,1.0,,,1.45,1.11,2.55,1.32,2.42,,,,,,,,,,https://fbref.com/en/squads/d3fd31cc/2015-2016/Everton-Stats
2016,Fiorentina,Serie A,team,26.0,27.6,61.0,38.0,418.0,3420.0,38.0,58.0,38.0,96.0,50.0,8.0,9.0,0.0,0.0,,,1.53,1.0,2.53,1.32,2.32,,,,,,,,,,https://fbref.com/en/squads/421387cf/2015-2016/Fiorentina-Stats
2016,Fiorentina,Serie A,opponent,26.0,26.9,39.0,38.0,418.0,3420.0,38.0,42.0,30.0,72.0,41.0,1.0,1.0,117.0,8.0,,,1.11,0.79,1.89,1.08,1.87,,,,,,,,,,https://fbref.com/en/squads/421387cf/2015-2016/Fiorentina-Stats
2016,Frosinone,Serie A,team,28.0,26.5,39.7,38.0,418.0,3420.0,38.0,34.0,22.0,56.0,31.0,3.0,3.0,0.0,0.0,,,0.89,0.58,1.47,0.82,1.39,,,,,,,,,,https://fbref.com/en/squads/6a7ad59d/2015-2016/Frosinone-Stats
2016,Frosinone,Serie A,opponent,28.0,27.1,60.3,38.0,418.0,3420.0,38.0,75.0,45.0,120.0,68.0,7.0,9.0,98.0,7.0,,,1.97,1.18,3.16,1.79,2.97,,,,,,,,,,https://fbref.com/en/squads/6a7ad59d/2015-2016/Frosinone-Stats
2016,Gazélec Ajaccio,Ligue 1,team,23.0,28.4,47.0,38.0,418.0,3420.0,38.0,36.0,26.0,62.0,33.0,3.0,3.0,0.0,0.0,,,0.95,0.68,1.63,0.87,1.55,,,,,,,,,,https://fbref.com/en/squads/73905dde/2015-2016/Gazelec-Ajaccio-Stats
2016,Gazélec Ajaccio,Ligue 1,opponent,23.0,26.4,53.0,38.0,418.0,3420.0,38.0,54.0,40.0,94.0,49.0,5.0,5.0,58.0,2.0,,,1.42,1.05,2.47,1.29,2.34,,,,,,,,,,https://fbref.com/en/squads/73905dde/2015-2016/Gazelec-Ajaccio-Stats
2016,Genoa,Serie A,team,30.0,26.7,50.2,38.0,418.0,3420.0,38.0,44.0,35.0,79.0,40.0,4.0,4.0,0.0,0.0,,,1.16,0.92,2.08,1.05,1.97,,,,,,,,,,https://fbref.com/en/squads/658bf2de/2015-2016/Genoa-Stats
2016,Genoa,Serie A,opponent,30.0,27.3,49.8,38.0,418.0,3420.0,38.0,45.0,30.0,75.0,44.0,1.0,2.0,105.0,8.0,,,1.18,0.79,1.97,1.16,1.95,,,,,,,,,,https://fbref.com/en/squads/658bf2de/2015-2016/Genoa-Stats
2016,Getafe,La Liga,team,27.0,26.7,46.1,38.0,418.0,3420.0,38.0,36.0,31.0,67.0,35.0,1.0,2.0,129.0,6.0,,,0.95,0.82,1.76,0.92,1.74,,,,,,,,,,https://fbref.com/en/squads/7848bd64/2015-2016/Getafe-Stats
2016,Getafe,La Liga,opponent,27.0,26.5,53.9,38.0,418.0,3420.0,38.0,66.0,46.0,112.0,58.0,8.0,10.0,85.0,4.0,,,1.74,1.21,2.95,1.53,2.74,,,,,,,,,,https://fbref.com/en/squads/7848bd64/2015-2016/Getafe-Stats
2016,Granada,La Liga,team,28.0,25.9,44.6,38.0,418.0,3420.0,38.0,45.0,26.0,71.0,38.0,7.0,7.0,141.0,7.0,,,1.18,0.68,1.87,1.0,1.68,,,,,,,,,,https://fbref.com/en/squads/a0435291/2015-2016/Granada-Stats
2016,Granada,La Liga,opponent,28.0,26.5,55.4,38.0,418.0,3420.0,38.0,67.0,48.0,115.0,63.0,4.0,5.0,117.0,8.0,,,1.76,1.26,3.03,1.66,2.92,,,,,,,,,,https://fbref.com/en/squads/a0435291/2015-2016/Granada-Stats
2016,Guingamp,Ligue 1,team,28.0,28.4,42.8,38.0,418.0,3420.0,38.0,46.0,36.0,82.0,44.0,2.0,3.0,0.0,0.0,,,1.21,0.95,2.16,1.16,2.11,,,,,,,,,,https://fbref.com/en/squads/d41b5f53/2015-2016/Guingamp-Stats
2016,Guingamp,Ligue 1,opponent,28.0,26.2,57.2,38.0,418.0,3420.0,38.0,52.0,34.0,86.0,47.0,5.0,7.0,89.0,13.0,,,1.37,0.89,2.26,1.24,2.13,,,,,,,,,,https://fbref.com/en/squads/d41b5f53/2015-2016/Guingamp-Stats
2016,Hamburger SV,Bundesliga,team,28.0,27.1,48.7,34.0,374.0,3060.0,34.0,37.0,26.0,63.0,34.0,3.0,3.0,0.0,0.0,,,1.09,0.76,1.85,1.0,1.76,,,,,,,,,,https://fbref.com/en/squads/26790c6a/2015-2016/Hamburger-SV-Stats
2016,Hamburger SV,Bundesliga,opponent,28.0,26.0,51.3,34.0,374.0,3060.0,34.0,44.0,34.0,78.0,40.0,4.0,5.0,72.0,3.0,,,1.29,1.0,2.29,1.18,2.18,,,,,,,,,,https://fbref.com/en/squads/26790c6a/2015-2016/Hamburger-SV-Stats
2016,Hannover 96,Bundesliga,team,33.0,25.6,45.9,34.0,374.0,3060.0,34.0,30.0,21.0,51.0,28.0,2.0,3.0,0.0,0.0,,,0.88,0.62,1.5,0.82,1.44,,,,,,,,,,https://fbref.com/en/squads/60b5e41f/2015-2016/Hannover-96-Stats
2016,Hannover 96,Bundesliga,opponent,33.0,26.0,54.1,34.0,374.0,3060.0,34.0,61.0,42.0,103.0,54.0,7.0,7.0,49.0,1.0,,,1.79,1.24,3.03,1.59,2.82,,,,,,,,,,https://fbref.com/en/squads/60b5e41f/2015-2016/Hannover-96-Stats
2016,Hellas Verona,Serie A,team,32.0,27.5,45.3,38.0,418.0,3420.0,38.0,34.0,23.0,57.0,28.0,6.0,7.0,0.0,0.0,,,0.89,0.61,1.5,0.74,1.34,,,,,,,,,,https://fbref.com/en/squads/0e72edf2/2015-2016/Hellas-Verona-Stats
2016,Hellas Verona,Serie A,opponent,32.0,27.2,54.7,38.0,418.0,3420.0,38.0,61.0,38.0,99.0,55.0,6.0,6.0,88.0,6.0,,,1.61,1.0,2.61,1.45,2.45,,,,,,,,,,https://fbref.com/en/squads/0e72edf2/2015-2016/Hellas-Verona-Stats
2016,Hertha BSC,Bundesliga,team,26.0,26.1,49.7,34.0,374.0,3060.0,34.0,41.0,31.0,72.0,38.0,3.0,3.0,0.0,0.0,,,1.21,0.91,2.12,1.12,2.03,,,,,,,,,,https://fbref.com/en/squads/2818f8bc/2015-2016/Hertha-BSC-Stats
2016,Hertha BSC,Bundesliga,opponent,26.0,26.0,50.3,34.0,374.0,3060.0,34.0,42.0,32.0,74.0,38.0,4.0,4.0,71.0,3.0,,,1.24,0.94,2.18,1.12,2.06,,,,,,,,,,https://fbref.com/en/squads/2818f8bc/2015-2016/Hertha-BSC-Stats
2016,Hoffenheim,Bundesliga,team,26.0,24.1,46.1,34.0,374.0,3060.0,34.0,39.0,26.0,65.0,36.0,3.0,6.0,0.0,0.0,,,1.15,0.76,1.91,1.06,1.82,,,,,,,,,,https://fbref.com/en/squads/033ea6b8/2015-2016/Hoffenheim-Stats
2016,Hoffenheim,Bundesliga,opponent,26.0,26.0,53.9,34.0,374.0,3060.0,34.0,51.0,41.0,92.0,49.0,2.0,2.0,69.0,1.0,,,1.5,1.21,2.71,1.44,2.65,,,,,,,,,,https://fbref.com/en/squads/033ea6b8/2015-2016/Hoffenheim-Stats
2016,Ingolstadt 04,Bundesliga,team,25.0,26.3,45.2,34.0,374.0,3060.0,34.0,33.0,20.0,53.0,24.0,9.0,10.0,0.0,0.0,,,0.97,0.59,1.56,0.71,1.29,,,,,,,,,,https://fbref.com/en/squads/12eb2039/2015-2016/Ingolstadt-04-Stats
2016,Ingolstadt 04,Bundesliga,opponent,25.0,25.9,54.8,34.0,374.0,3060.0,34.0,42.0,31.0,73.0,39.0,3.0,4.0,85.0,3.0,,,1.24,0.91,2.15,1.15,2.06,,,,,,,,,,https://fbref.com/en/squads/12eb2039/2015-2016/Ingolstadt-04-Stats
2016,Inter,Serie A,team,28.0,26.7,55.0,38.0,418.0,3420.0,38.0,49.0,35.0,84.0,47.0,2.0,3.0,0.0,0.0,,,1.29,0.92,2.21,1.24,2.16,,,,,,,,,,https://fbref.com/en/squads/d609edc0/2015-2016/Internazionale-Stats
2016,Inter,Serie A,opponent,28.0,27.2,45.0,38.0,418.0,3420.0,38.0,37.0,25.0,62.0,32.0,5.0,6.0,116.0,6.0,,,0.97,0.66,1.63,0.84,1.5,,,,,,,,,,https://fbref.com/en/squads/d609edc0/2015-2016/Internazionale-Stats
2016,Juventus,Serie A,team,28.0,28.3,56.0,38.0,418.0,3420.0,38.0,72.0,54.0,126.0,63.0,9.0,9.0,0.0,0.0,,,1.89,1.42,3.32,1.66,3.08,,,,,,,,,,https://fbref.com/en/squads/e0652b02/2015-2016/Juventus-Stats
2016,Juventus,Serie A,opponent,28.0,26.9,44.0,38.0,418.0,3420.0,38.0,19.0,12.0,31.0,16.0,3.0,4.0,110.0,6.0,,,0.5,0.32,0.82,0.42,0.74,,,,,,,,,,https://fbref.com/en/squads/e0652b02/2015-2016/Juventus-Stats
2016,Köln,Bundesliga,team,23.0,25.1,45.2,34.0,374.0,3060.0,34.0,38.0,30.0,68.0,35.0,3.0,4.0,0.0,0.0,,,1.12,0.88,2.0,1.03,1.91,,,,,,,,,,https://fbref.com/en/squads/bc357bf7/2015-2016/Koln-Stats
2016,Köln,Bundesliga,opponent,23.0,26.0,54.8,34.0,374.0,3060.0,34.0,42.0,27.0,69.0,39.0,3.0,4.0,70.0,3.0,,,1.24,0.79,2.03,1.15,1.94,,,,,,,,,,https://fbref.com/en/squads/bc357bf7/2015-2016/Koln-Stats
2016,La Coruña,La Liga,team,25.0,28.2,47.1,38.0,418.0,3420.0,38.0,41.0,31.0,72.0,40.0,1.0,1.0,86.0,4.0,,,1.08,0.82,1.89,1.05,1.87,,,,,,,,,,https://fbref.com/en/squads/2a60ed82/2015-2016/Deportivo-La-Coruna-Stats
2016,La Coruña,La Liga,opponent,25.0,26.6,52.9,38.0,418.0,3420.0,38.0,60.0,47.0,107.0,57.0,3.0,4.0,84.0,4.0,,,1.58,1.24,2.82,1.5,2.74,,,,,,,,,,https://fbref.com/en/squads/2a60ed82/2015-2016/Deportivo-La-Coruna-Stats
2016,Las Palmas,La Liga,team,27.0,27.6,54.6,38.0,418.0,3420.0,38.0,42.0,31.0,73.0,38.0,4.0,5.0,100.0,4.0,,,1.11,0.82,1.92,1.0,1.82,,,,,,,,,,https://fbref.com/en/squads/0049d422/2015-2016/Las-Palmas-Stats
2016,Las Palmas,La Liga,opponent,27.0,26.6,45.4,38.0,418.0,3420.0,38.0,52.0,37.0,89.0,49.0,3.0,4.0,108.0,5.0,,,1.37,0.97,2.34,1.29,2.26,,,,,,,,,,https://fbref.com/en/squads/0049d422/2015-2016/Las-Palmas-Stats
2016,Lazio,Serie A,team,27.0,27.6,54.4,38.0,418.0,3420.0,38.0,52.0,31.0,83.0,43.0,9.0,11.0,0.0,0.0,,,1.37,0.82,2.18,1.13,1.95,,,,,,,,,,https://fbref.com/en/squads/7213da33/2015-2016/Lazio-Stats
2016,Lazio,Serie A,opponent,27.0,27.1,45.6,38.0,418.0,3420.0,38.0,50.0,26.0,76.0,46.0,4.0,8.0,82.0,7.0,,,1.32,0.68,2.0,1.21,1.89,,,,,,,,,,https://fbref.com/en/squads/7213da33/2015-2016/Lazio-Stats
2016,Leicester City,Premier League,team,23.0,27.7,42.6,38.0,418.0,3420.0,38.0,68.0,43.0,111.0,58.0,10.0,13.0,0.0,0.0,,,1.79,1.13,2.92,1.53,2.66,,,,,,,,,,https://fbref.com/en/squads/a2d435b3/2015-2016/Leicester-City-Stats
2016,Leicester City,Premier League,opponent,23.0,26.9,57.4,38.0,418.0,3420.0,38.0,36.0,23.0,59.0,32.0,4.0,4.0,68.0,2.0,,,0.95,0.61,1.55,0.84,1.45,,,,,,,,,,https://fbref.com/en/squads/a2d435b3/2015-2016/Leicester-City-Stats
2016,Levante,La Liga,team,27.0,27.2,45.9,38.0,418.0,3420.0,38.0,36.0,23.0,59.0,34.0,2.0,2.0,134.0,7.0,,,0.95,0.61,1.55,0.89,1.5,,,,,,,,,,https://fbref.com/en/squads/9800b6a1/2015-2016/Levante-Stats
2016,Levante,La Liga,opponent,27.0,26.4,54.1,38.0,418.0,3420.0,38.0,65.0,50.0,115.0,60.0,5.0,7.0,93.0,2.0,,,1.71,1.32,3.03,1.58,2.89,,,,,,,,,,https://fbref.com/en/squads/9800b6a1/2015-2016/Levante-Stats
2016,Leverkusen,Bundesliga,team,27.0,24.1,53.1,34.0,374.0,3060.0,34.0,51.0,36.0,87.0,49.0,2.0,3.0,0.0,0.0,,,1.5,1.06,2.56,1.44,2.5,,,,,,,,,,https://fbref.com/en/squads/c7a9f859/2015-2016/Bayer-Leverkusen-Stats
2016,Leverkusen,Bundesliga,opponent,27.0,26.0,46.9,34.0,374.0,3060.0,34.0,39.0,24.0,63.0,33.0,6.0,7.0,73.0,3.0,,,1.15,0.71,1.85,0.97,1.68,,,,,,,,,,https://fbref.com/en/squads/c7a9f859/2015-2016/Bayer-Leverkusen-Stats
2016,Lille,Ligue 1,team,32.0,27.1,51.1,38.0,418.0,3420.0,38.0,38.0,28.0,66.0,35.0,3.0,3.0,0.0,0.0,,,1.0,0.74,1.74,0.92,1.66,,,,,,,,,,https://fbref.com/en/squads/cb188c0c/2015-2016/Lille-Stats
2016,Lille,Ligue 1,opponent,32.0,26.5,48.9,38.0,418.0,3420.0,38.0,27.0,20.0,47.0,25.0,2.0,5.0,103.0,9.0,,,0.71,0.53,1.24,0.66,1.18,,,,,,,,,,https://fbref.com/en/squads/cb188c0c/2015-2016/Lille-Stats
2016,Liverpool,Premier League,team,34.0,25.2,57.2,38.0,418.0,3420.0,38.0,62.0,50.0,112.0,60.0,2.0,2.0,0.0,0.0,,,1.63,1.32,2.95,1.58,2.89,,,,,,,,,,https://fbref.com/en/squads/822bd0ba/2015-2016/Liverpool-Stats
2016,Liverpool,Premier League,opponent,34.0,27.1,42.8,38.0,418.0,3420.0,38.0,49.0,33.0,82.0,47.0,2.0,3.0,50.0,3.0,,,1.29,0.87,2.16,1.24,2.11,,,,,,,,,,https://fbref.com/en/squads/822bd0ba/2015-2016/Liverpool-Stats
2016,Lorient,Ligue 1,team,31.0,25.4,49.0,38.0,418.0,3420.0,38.0,46.0,30.0,76.0,39.0,7.0,7.0,0.0,0.0,,,1.21,0.79,2.0,1.03,1.82,,,,,,,,,,https://fbref.com/en/squads/d2c87802/2015-2016/Lorient-Stats
2016,Lorient,Ligue 1,opponent,31.0,26.3,51.0,38.0,418.0,3420.0,38.0,58.0,38.0,96.0,55.0,3.0,3.0,64.0,4.0,,,1.53,1.0,2.53,1.45,2.45,,,,,,,,,,https://fbref.com/en/squads/d2c87802/2015-2016/Lorient-Stats
2016,Lyon,Ligue 1,team,30.0,25.5,61.3,38.0,418.0,3420.0,38.0,66.0,44.0,110.0,63.0,3.0,3.0,0.0,0.0,,,1.74,1.16,2.89,1.66,2.82,,,,,,,,,,https://fbref.com/en/squads/d53c0b06/2015-2016/Lyon-Stats
2016,Lyon,Ligue 1,opponent,30.0,26.6,38.7,38.0,418.0,3420.0,38.0,41.0,26.0,67.0,39.0,2.0,2.0,99.0,8.0,,,1.08,0.68,1.76,1.03,1.71,,,,,,,,,,https://fbref.com/en/squads/d53c0b06/2015-2016/Lyon-Stats
2016,M'Gladbach,Bundesliga,team,26.0,24.9,56.0,34.0,374.0,3060.0,34.0,64.0,47.0,111.0,60.0,4.0,5.0,0.0,0.0,,,1.88,1.38,3.26,1.76,3.15,,,,,,,,,,https://fbref.com/en/squads/32f3ee20/2015-2016/Monchengladbach-Stats
2016,M'Gladbach,Bundesliga,opponent,26.0,25.9,44.0,34.0,374.0,3060.0,34.0,47.0,32.0,79.0,40.0,7.0,8.0,72.0,1.0,,,1.38,0.94,2.32,1.18,2.12,,,,,,,,,,https://fbref.com/en/squads/32f3ee20/2015-2016/Monchengladbach-Stats
2016,Mainz 05,Bundesliga,team,29.0,25.0,46.1,34.0,374.0,3060.0,34.0,46.0,31.0,77.0,45.0,1.0,1.0,0.0,0.0,,,1.35,0.91,2.26,1.32,2.24,,,,,,,,,,https://fbref.com/en/squads/a224b06a/2015-2016/Mainz-05-Stats
2016,Mainz 05,Bundesliga,opponent,29.0,26.1,53.9,34.0,374.0,3060.0,34.0,41.0,33.0,74.0,38.0,3.0,7.0,70.0,4.0,,,1.21,0.97,2.18,1.12,2.09,,,,,,,,,,https://fbref.com/en/squads/a224b06a/2015-2016/Mainz-05-Stats
2016,Manchester City,Premier League,team,25.0,28.3,56.9,38.0,418.0,3420.0,38.0,71.0,53.0,124.0,66.0,5.0,8.0,0.0,0.0,,,1.87,1.39,3.26,1.74,3.13,,,,,,,,,,https://fbref.com/en/squads/b8fd03ef/2015-2016/Manchester-City-Stats
2016,Manchester City,Premier League,opponent,25.0,27.0,43.1,38.0,418.0,3420.0,38.0,39.0,31.0,70.0,38.0,1.0,1.0,58.0,2.0,,,1.03,0.82,1.84,1.0,1.82,,,,,,,,,,https://fbref.com/en/squads/b8fd03ef/2015-2016/Manchester-City-Stats
2016,Manchester Utd,Premier League,team,33.0,25.6,58.5,38.0,418.0,3420.0,38.0,46.0,31.0,77.0,43.0,3.0,3.0,0.0,0.0,,,1.21,0.82,2.03,1.13,1.95,,,,,,,,,,https://fbref.com/en/squads/19538871/2015-2016/Manchester-United-Stats
2016,Manchester Utd,Premier League,opponent,33.0,27.2,41.5,38.0,418.0,3420.0,38.0,33.0,23.0,56.0,31.0,2.0,2.0,57.0,2.0,,,0.87,0.61,1.47,0.82,1.42,,,,,,,,,,https://fbref.com/en/squads/19538871/2015-2016/Manchester-United-Stats
2016,Marseille,Ligue 1,team,28.0,25.0,56.6,38.0,418.0,3420.0,38.0,48.0,35.0,83.0,46.0,2.0,4.0,0.0,0.0,,,1.26,0.92,2.18,1.21,2.13,,,,,,,,,,https://fbref.com/en/squads/5725cc7b/2015-2016/Marseille-Stats
2016,Marseille,Ligue 1,opponent,28.0,26.6,43.4,38.0,418.0,3420.0,38.0,40.0,28.0,68.0,34.0,6.0,7.0,71.0,2.0,,,1.05,0.74,1.79,0.89,1.63,,,,,,,,,,https://fbref.com/en/squads/5725cc7b/2015-2016/Marseille-Stats
2016,Milan,Serie A,team,30.0,26.4,52.9,38.0,418.0,3420.0,38.0,49.0,28.0,77.0,43.0,6.0,7.0,0.0,0.0,,,1.29,0.74,2.03,1.13,1.87,,,,,,,,,,https://fbref.com/en/squads/dc56fe14/2015-2016/Milan-Stats
2016,Milan,Serie A,opponent,30.0,27.3,47.1,38.0,418.0,3420.0,38.0,42.0,27.0,69.0,38.0,4.0,5.0,108.0,5.0,,,1.11,0.71,1.82,1.0,1.71,,,,,,,,,,https://fbref.com/en/squads/dc56fe14/2015-2016/Milan-Stats
2016,Monaco,Ligue 1,team,31.0,26.1,48.1,38.0,418.0,3420.0,38.0,54.0,36.0,90.0,48.0,6.0,8.0,0.0,0.0,,,1.42,0.95,2.37,1.26,2.21,,,,,,,,,,https://fbref.com/en/squads/fd6114db/2015-2016/Monaco-Stats
2016,Monaco,Ligue 1,opponent,31.0,26.5,51.9,38.0,418.0,3420.0,38.0,49.0,36.0,85.0,48.0,1.0,3.0,74.0,5.0,,,1.29,0.95,2.24,1.26,2.21,,,,,,,,,,https://fbref.com/en/squads/fd6114db/2015-2016/Monaco-Stats
2016,Montpellier,Ligue 1,team,30.0,27.1,49.8,38.0,418.0,3420.0,38.0,46.0,34.0,80.0,44.0,2.0,2.0,0.0,0.0,,,1.21,0.89,2.11,1.16,2.05,,,,,,,,,,https://fbref.com/en/squads/281b0e73/2015-2016/Montpellier-Stats
2016,Montpellier,Ligue 1,opponent,30.0,26.5,50.2,38.0,418.0,3420.0,38.0,47.0,31.0,78.0,44.0,3.0,3.0,83.0,5.0,,,1.24,0.82,2.05,1.16,1.97,,,,,,,,,,https://fbref.com/en/squads/281b0e73/2015-2016/Montpellier-Stats
2016,Málaga,La Liga,team,30.0,28.0,48.8,38.0,418.0,3420.0,38.0,37.0,27.0,64.0,35.0,2.0,4.0,110.0,5.0,,,0.97,0.71,1.68,0.92,1.63,,,,,,,,,,https://fbref.com/en/squads/1c896955/2015-2016/Malaga-Stats
2016,Málaga,La Liga,opponent,30.0,26.4,51.2,38.0,418.0,3420.0,38.0,32.0,28.0,60.0,31.0,1.0,2.0,124.0,5.0,,,0.84,0.74,1.58,0.82,1.55,,,,,,,,,,https://fbref.com/en/squads/1c896955/2015-2016/Malaga-Stats
2016,Nantes,Ligue 1,team,29.0,25.8,49.2,38.0,418.0,3420.0,38.0,30.0,25.0,55.0,30.0,0.0,0.0,0.0,0.0,,,0.79,0.66,1.45,0.79,1.45,,,,,,,,,,https://fbref.com/en/squads/d7a486cd/2015-2016/Nantes-Stats
2016,Nantes,Ligue 1,opponent,29.0,26.4,50.8,38.0,418.0,3420.0,38.0,43.0,30.0,73.0,39.0,4.0,5.0,70.0,6.0,,,1.13,0.79,1.92,1.03,1.82,,,,,,,,,,https://fbref.com/en/squads/d7a486cd/2015-2016/Nantes-Stats
2016,Napoli,Serie A,team,22.0,26.5,62.6,38.0,418.0,3420.0,38.0,78.0,56.0,134.0,71.0,7.0,8.0,0.0,0.0,,,2.05,1.47,3.53,1.87,3.34,,,,,,,,,,https://fbref.com/en/squads/d48ad4ff/2015-2016/Napoli-Stats
2016,Napoli,Serie A,opponent,22.0,27.2,37.4,38.0,418.0,3420.0,38.0,31.0,21.0,52.0,27.0,4.0,5.0,100.0,7.0,,,0.82,0.55,1.37,0.71,1.26,,,,,,,,,,https://fbref.com/en/squads/d48ad4ff/2015-2016/Napoli-Stats
2016,Newcastle Utd,Premier League,team,31.0,25.4,46.6,38.0,418.0,3420.0,38.0,43.0,34.0,77.0,40.0,3.0,3.0,0.0,0.0,,,1.13,0.89,2.03,1.05,1.95,,,,,,,,,,https://fbref.com/en/squads/b2b47a98/2015-2016/Newcastle-United-Stats
2016,Newcastle Utd,Premier League,opponent,31.0,27.1,53.4,38.0,418.0,3420.0,38.0,63.0,45.0,108.0,59.0,4.0,5.0,55.0,0.0,,,1.66,1.18,2.84,1.55,2.74,,,,,,,,,,https://fbref.com/en/squads/b2b47a98/2015-2016/Newcastle-United-Stats
2016,Nice,Ligue 1,team,33.0,24.2,57.9,38.0,418.0,3420.0,38.0,55.0,43.0,98.0,50.0,5.0,5.0,0.0,0.0,,,1.45,1.13,2.58,1.32,2.45,,,,,,,,,,https://fbref.com/en/squads/132ebc33/2015-2016/Nice-Stats
2016,Nice,Ligue 1,opponent,33.0,26.5,42.1,38.0,418.0,3420.0,38.0,40.0,24.0,64.0,36.0,4.0,5.0,86.0,8.0,,,1.05,0.63,1.68,0.95,1.58,,,,,,,,,,https://fbref.com/en/squads/132ebc33/2015-2016/Nice-Stats
2016,Norwich City,Premier League,team,28.0,27.7,46.0,38.0,418.0,3420.0,38.0,38.0,27.0,65.0,37.0,1.0,1.0,0.0,0.0,,,1.0,0.71,1.71,0.97,1.68,,,,,,,,,,https://fbref.com/en/squads/1c781004/2015-2016/Norwich-City-Stats
2016,Norwich City,Premier League,opponent,28.0,26.9,54.0,38.0,418.0,3420.0,38.0,66.0,47.0,113.0,57.0,9.0,10.0,45.0,1.0,,,1.74,1.24,2.97,1.5,2.74,,,,,,,,,,https://fbref.com/en/squads/1c781004/2015-2016/Norwich-City-Stats
2016,Palermo,Serie A,team,31.0,26.8,43.2,38.0,418.0,3420.0,38.0,37.0,31.0,68.0,36.0,1.0,1.0,0.0,0.0,,,0.97,0.82,1.79,0.95,1.76,,,,,,,,,,https://fbref.com/en/squads/ee058a17/2015-2016/Palermo-Stats
2016,Palermo,Serie A,opponent,31.0,27.1,56.8,38.0,418.0,3420.0,38.0,62.0,45.0,107.0,56.0,6.0,6.0,92.0,6.0,,,1.63,1.18,2.82,1.47,2.66,,,,,,,,,,https://fbref.com/en/squads/ee058a17/2015-2016/Palermo-Stats
2016,Paris S-G,Ligue 1,team,28.0,27.0,66.5,38.0,418.0,3420.0,38.0,101.0,72.0,173.0,95.0,6.0,8.0,0.0,0.0,,,2.66,1.89,4.55,2.5,4.39,,,,,,,,,,https://fbref.com/en/squads/e2d8892c/2015-2016/Paris-Saint-Germain-Stats
2016,Paris S-G,Ligue 1,opponent,28.0,26.4,33.5,38.0,418.0,3420.0,38.0,18.0,15.0,33.0,17.0,1.0,3.0,57.0,3.0,,,0.47,0.39,0.87,0.45,0.84,,,,,,,,,,https://fbref.com/en/squads/e2d8892c/2015-2016/Paris-Saint-Germain-Stats
2016,Rayo Vallecano,La Liga,team,29.0,28.5,55.6,38.0,418.0,3420.0,38.0,52.0,38.0,90.0,50.0,2.0,3.0,115.0,10.0,,,1.37,1.0,2.37,1.32,2.32,,,,,,,,,,https://fbref.com/en/squads/98e8af82/2015-2016/Rayo-Vallecano-Stats
2016,Rayo Vallecano,La Liga,opponent,29.0,26.2,44.4,38.0,418.0,3420.0,38.0,71.0,50.0,121.0,64.0,7.0,9.0,88.0,7.0,,,1.87,1.32,3.18,1.68,3.0,,,,,,,,,,https://fbref.com/en/squads/98e8af82/2015-2016/Rayo-Vallecano-Stats
2016,Real Madrid,La Liga,team,24.0,26.5,57.3,38.0,418.0,3420.0,38.0,108.0,86.0,194.0,102.0,6.0,9.0,75.0,5.0,,,2.84,2.26,5.11,2.68,4.95,,,,,,,,,,https://fbref.com/en/squads/53a2f082/2015-2016/Real-Madrid-Stats
2016,Real Madrid,La Liga,opponent,24.0,26.7,42.7,38.0,418.0,3420.0,38.0,34.0,28.0,62.0,33.0,1.0,4.0,117.0,5.0,,,0.89,0.74,1.63,0.87,1.61,,,,,,,,,,https://fbref.com/en/squads/53a2f082/2015-2016/Real-Madrid-Stats
2016,Real Sociedad,La Liga,team,27.0,25.3,51.8,38.0,418.0,3420.0,38.0,44.0,31.0,75.0,43.0,1.0,1.0,109.0,5.0,,,1.16,0.82,1.97,1.13,1.95,,,,,,,,,,https://fbref.com/en/squads/e31d1cd9/2015-2016/Real-Sociedad-Stats
2016,Real Sociedad,La Liga,opponent,27.0,26.6,48.2,38.0,418.0,3420.0,38.0,47.0,35.0,82.0,42.0,5.0,7.0,122.0,3.0,,,1.24,0.92,2.16,1.11,2.03,,,,,,,,,,https://fbref.com/en/squads/e31d1cd9/2015-2016/Real-Sociedad-Stats
2016,Reims,Ligue 1,team,31.0,26.9,47.6,38.0,418.0,3420.0,38.0,43.0,30.0,73.0,41.0,2.0,3.0,0.0,0.0,,,1.13,0.79,1.92,1.08,1.87,,,,,,,,,,https://fbref.com/en/squads/7fdd64e0/2015-2016/Reims-Stats
2016,Reims,Ligue 1,opponent,31.0,26.3,52.4,38.0,418.0,3420.0,38.0,55.0,32.0,87.0,53.0,2.0,3.0,86.0,4.0,,,1.45,0.84,2.29,1.39,2.24,,,,,,,,,,https://fbref.com/en/squads/7fdd64e0/2015-2016/Reims-Stats
2016,Rennes,Ligue 1,team,31.0,26.2,50.4,38.0,418.0,3420.0,38.0,48.0,32.0,80.0,45.0,3.0,7.0,,,,,1.26,0.84,2.11,1.18,2.03,,,,,,,,,,https://fbref.com/en/squads/b3072e00/2015-2016/Rennes-Stats
2016,Rennes,Ligue 1,opponent,31.0,26.5,49.6,38.0,418.0,3420.0,38.0,53.0,38.0,91.0,51.0,2.0,3.0,71.0,9.0,,,1.39,1.0,2.39,1.34,2.34,,,,,,,,,,https://fbref.com/en/squads/b3072e00/2015-2016/Rennes-Stats
2016,Roma,Serie A,team,32.0,26.2,57.7,38.0,418.0,3420.0,38.0,83.0,55.0,138.0,79.0,4.0,4.0,0.0,0.0,,,2.18,1.45,3.63,2.08,3.53,,,,,,,,,,https://fbref.com/en/squads/cf74a709/2015-2016/Roma-Stats
2016,Roma,Serie A,opponent,32.0,27.2,42.3,38.0,418.0,3420.0,38.0,38.0,27.0,65.0,32.0,6.0,8.0,117.0,6.0,,,1.0,0.71,1.71,0.84,1.55,,,,,,,,,,https://fbref.com/en/squads/cf74a709/2015-2016/Roma-Stats
2016,Saint-Étienne,Ligue 1,team,31.0,27.2,51.5,38.0,418.0,3420.0,38.0,39.0,27.0,66.0,36.0,3.0,4.0,,,,,1.03,0.71,1.74,0.95,1.66,,,,,,,,,,https://fbref.com/en/squads/d298ef2c/2015-2016/Saint-Etienne-Stats
2016,Saint-Étienne,Ligue 1,opponent,31.0,26.4,48.5,38.0,418.0,3420.0,38.0,37.0,26.0,63.0,35.0,2.0,3.0,64.0,8.0,,,0.97,0.68,1.66,0.92,1.61,,,,,,,,,,https://fbref.com/en/squads/d298ef2c/2015-2016/Saint-Etienne-Stats
2016,Sampdoria,Serie A,team,35.0,27.5,49.4,38.0,418.0,3420.0,38.0,45.0,30.0,75.0,42.0,3.0,3.0,0.0,0.0,,,1.18,0.79,1.97,1.11,1.89,,,,,,,,,,https://fbref.com/en/squads/8ff9e3b3/2015-2016/Sampdoria-Stats
2016,Sampdoria,Serie A,opponent,35.0,27.3,50.6,38.0,418.0,3420.0,38.0,59.0,43.0,102.0,53.0,6.0,10.0,108.0,3.0,,,1.55,1.13,2.68,1.39,2.53,,,,,,,,,,https://fbref.com/en/squads/8ff9e3b3/2015-2016/Sampdoria-Stats
2016,Sassuolo,Serie A,team,26.0,27.0,51.1,38.0,418.0,3420.0,38.0,48.0,33.0,81.0,44.0,4.0,5.0,0.0,0.0,,,1.26,0.87,2.13,1.16,2.03,,,,,,,,,,https://fbref.com/en/squads/e2befd26/2015-2016/Sassuolo-Stats
2016,Sassuolo,Serie A,opponent,26.0,27.1,48.9,38.0,418.0,3420.0,38.0,39.0,27.0,66.0,36.0,3.0,5.0,100.0,11.0,,,1.03,0.71,1.74,0.95,1.66,,,,,,,,,,https://fbref.com/en/squads/e2befd26/2015-2016/Sassuolo-Stats
2016,Schalke 04,Bundesliga,team,28.0,24.9,52.2,34.0,374.0,3060.0,34.0,47.0,37.0,84.0,44.0,3.0,5.0,0.0,0.0,,,1.38,1.09,2.47,1.29,2.38,,,,,,,,,,https://fbref.com/en/squads/c539e393/2015-2016/Schalke-04-Stats
2016,Schalke 04,Bundesliga,opponent,28.0,26.0,47.8,34.0,374.0,3060.0,34.0,48.0,36.0,84.0,46.0,2.0,3.0,64.0,2.0,,,1.41,1.06,2.47,1.35,2.41,,,,,,,,,,https://fbref.com/en/squads/c539e393/2015-2016/Schalke-04-Stats
2016,Sevilla,La Liga,team,33.0,26.9,50.0,38.0,418.0,3420.0,38.0,50.0,35.0,85.0,44.0,6.0,7.0,106.0,8.0,,,1.32,0.92,2.24,1.16,2.08,,,,,,,,,,https://fbref.com/en/squads/ad2be733/2015-2016/Sevilla-Stats
2016,Sevilla,La Liga,opponent,33.0,26.6,50.0,38.0,418.0,3420.0,38.0,48.0,26.0,74.0,46.0,2.0,3.0,123.0,10.0,,,1.26,0.68,1.95,1.21,1.89,,,,,,,,,,https://fbref.com/en/squads/ad2be733/2015-2016/Sevilla-Stats
2016,Southampton,Premier League,team,26.0,26.4,49.2,38.0,418.0,3420.0,38.0,58.0,45.0,103.0,55.0,3.0,4.0,0.0,0.0,,,1.53,1.18,2.71,1.45,2.63,,,,,,,,,,https://fbref.com/en/squads/33c895d4/2015-2016/Southampton-Stats
2016,Southampton,Premier League,opponent,26.0,27.0,50.8,38.0,418.0,3420.0,38.0,41.0,28.0,69.0,40.0,1.0,1.0,41.0,1.0,,,1.08,0.74,1.82,1.05,1.79,,,,,,,,,,https://fbref.com/en/squads/33c895d4/2015-2016/Southampton-Stats
2016,Sporting Gijón,La Liga,team,28.0,24.5,43.1,38.0,418.0,3420.0,38.0,39.0,29.0,68.0,38.0,1.0,2.0,107.0,6.0,,,1.03,0.76,1.79,1.0,1.76,,,,,,,,,,https://fbref.com/en/squads/bb9efd50/2015-2016/Sporting-Gijon-Stats
2016,Sporting Gijón,La Liga,opponent,28.0,26.6,56.9,38.0,418.0,3420.0,38.0,61.0,41.0,102.0,55.0,6.0,10.0,105.0,5.0,,,1.61,1.08,2.68,1.45,2.53,,,,,,,,,,https://fbref.com/en/squads/bb9efd50/2015-2016/Sporting-Gijon-Stats
2016,Stoke City,Premier League,team,27.0,27.4,49.7,38.0,418.0,3420.0,38.0,40.0,29.0,69.0,35.0,5.0,5.0,0.0,0.0,,,1.05,0.76,1.82,0.92,1.68,,,,,,,,,,https://fbref.com/en/squads/17892952/2015-2016/Stoke-City-Stats
2016,Stoke City,Premier League,opponent,27.0,27.0,50.3,38.0,418.0,3420.0,38.0,55.0,42.0,97.0,50.0,5.0,5.0,56.0,2.0,,,1.45,1.11,2.55,1.32,2.42,,,,,,,,,,https://fbref.com/en/squads/17892952/2015-2016/Stoke-City-Stats
2016,Stuttgart,Bundesliga,team,31.0,26.0,47.9,34.0,374.0,3060.0,34.0,48.0,34.0,82.0,44.0,4.0,4.0,0.0,0.0,,,1.41,1.0,2.41,1.29,2.29,,,,,,,,,,https://fbref.com/en/squads/598bc722/2015-2016/Stuttgart-Stats
2016,Stuttgart,Bundesliga,opponent,31.0,25.8,52.1,34.0,374.0,3060.0,34.0,68.0,44.0,112.0,64.0,4.0,5.0,67.0,1.0,,,2.0,1.29,3.29,1.88,3.18,,,,,,,,,,https://fbref.com/en/squads/598bc722/2015-2016/Stuttgart-Stats
2016,Sunderland,Premier League,team,31.0,27.3,41.0,38.0,418.0,3420.0,38.0,44.0,30.0,74.0,41.0,3.0,3.0,0.0,0.0,,,1.16,0.79,1.95,1.08,1.87,,,,,,,,,,https://fbref.com/en/squads/8ef52968/2015-2016/Sunderland-Stats
2016,Sunderland,Premier League,opponent,31.0,26.9,59.0,38.0,418.0,3420.0,38.0,61.0,39.0,100.0,54.0,7.0,8.0,72.0,5.0,,,1.61,1.03,2.63,1.42,2.45,,,,,,,,,,https://fbref.com/en/squads/8ef52968/2015-2016/Sunderland-Stats
2016,Swansea City,Premier League,team,27.0,27.6,52.5,38.0,418.0,3420.0,38.0,41.0,25.0,66.0,36.0,5.0,5.0,0.0,0.0,,,1.08,0.66,1.74,0.95,1.61,,,,,,,,,,https://fbref.com/en/squads/fb10988f/2015-2016/Swansea-City-Stats
2016,Swansea City,Premier League,opponent,27.0,27.0,47.5,38.0,418.0,3420.0,38.0,49.0,33.0,82.0,47.0,2.0,2.0,81.0,5.0,,,1.29,0.87,2.16,1.24,2.11,,,,,,,,,,https://fbref.com/en/squads/fb10988f/2015-2016/Swansea-City-Stats
2016,Torino,Serie A,team,27.0,27.6,47.5,38.0,418.0,3420.0,38.0,49.0,29.0,78.0,40.0,9.0,11.0,0.0,0.0,,,1.29,0.76,2.05,1.05,1.82,,,,,,,,,,https://fbref.com/en/squads/105360fe/2015-2016/Torino-Stats
2016,Torino,Serie A,opponent,27.0,27.3,52.5,38.0,418.0,3420.0,38.0,52.0,37.0,89.0,45.0,7.0,7.0,97.0,5.0,,,1.37,0.97,2.34,1.18,2.16,,,,,,,,,,https://fbref.com/en/squads/105360fe/2015-2016/Torino-Stats
2016,Tottenham,Premier League,team,24.0,24.5,57.4,38.0,418.0,3420.0,38.0,68.0,50.0,118.0,63.0,5.0,5.0,0.0,0.0,,,1.79,1.32,3.11,1.66,2.97,,,,,,,,,,https://fbref.com/en/squads/361ca564/2015-2016/Tottenham-Hotspur-Stats
2016,Tottenham,Premier League,opponent,24.0,27.3,42.6,38.0,418.0,3420.0,38.0,32.0,27.0,59.0,30.0,2.0,2.0,65.0,3.0,,,0.84,0.71,1.55,0.79,1.5,,,,,,,,,,https://fbref.com/en/squads/361ca564/2015-2016/Tottenham-Hotspur-Stats
2016,Toulouse,Ligue 1,team,25.0,23.8,46.6,38.0,418.0,3420.0,38.0,43.0,28.0,71.0,39.0,4.0,6.0,,,,,1.13,0.74,1.87,1.03,1.76,,,,,,,,,,https://fbref.com/en/squads/3f8c4b5f/2015-2016/Toulouse-Stats
2016,Toulouse,Ligue 1,opponent,25.0,26.7,53.4,38.0,418.0,3420.0,38.0,53.0,32.0,85.0,53.0,0.0,2.0,81.0,8.0,,,1.39,0.84,2.24,1.39,2.24,,,,,,,,,,https://fbref.com/en/squads/3f8c4b5f/2015-2016/Toulouse-Stats
2016,Troyes,Ligue 1,team,33.0,26.5,48.2,38.0,418.0,3420.0,38.0,27.0,18.0,45.0,24.0,3.0,3.0,0.0,0.0,,,0.71,0.47,1.18,0.63,1.11,,,,,,,,,,https://fbref.com/en/squads/54195385/2015-2016/Troyes-Stats
2016,Troyes,Ligue 1,opponent,33.0,26.4,51.8,38.0,418.0,3420.0,38.0,79.0,47.0,126.0,70.0,9.0,13.0,56.0,6.0,,,2.08,1.24,3.32,1.84,3.08,,,,,,,,,,https://fbref.com/en/squads/54195385/2015-2016/Troyes-Stats
2016,Udinese,Serie A,team,28.0,27.6,44.4,38.0,418.0,3420.0,38.0,34.0,23.0,57.0,32.0,2.0,2.0,0.0,0.0,,,0.89,0.61,1.5,0.84,1.45,,,,,,,,,,https://fbref.com/en/squads/04eea015/2015-2016/Udinese-Stats
2016,Udinese,Serie A,opponent,28.0,26.9,55.6,38.0,418.0,3420.0,38.0,59.0,37.0,96.0,52.0,7.0,8.0,95.0,5.0,,,1.55,0.97,2.53,1.37,2.34,,,,,,,,,,https://fbref.com/en/squads/04eea015/2015-2016/Udinese-Stats
2016,Valencia,La Liga,team,30.0,24.7,50.1,38.0,419.0,3420.0,38.0,42.0,27.0,69.0,38.0,4.0,5.0,110.0,7.0,,,1.11,0.71,1.82,1.0,1.71,,,,,,,,,,https://fbref.com/en/squads/dcc91a7b/2015-2016/Valencia-Stats
2016,Valencia,La Liga,opponent,30.0,26.7,49.9,38.0,419.0,3420.0,38.0,47.0,37.0,84.0,45.0,2.0,4.0,95.0,3.0,,,1.24,0.97,2.21,1.18,2.16,,,,,,,,,,https://fbref.com/en/squads/dcc91a7b/2015-2016/Valencia-Stats
2016,Villarreal,La Liga,team,26.0,25.3,45.9,38.0,418.0,3420.0,38.0,42.0,32.0,74.0,39.0,3.0,3.0,103.0,4.0,,,1.11,0.84,1.95,1.03,1.87,,,,,,,,,,https://fbref.com/en/squads/2a8183b3/2015-2016/Villarreal-Stats
2016,Villarreal,La Liga,opponent,26.0,26.6,54.1,38.0,418.0,3420.0,38.0,34.0,24.0,58.0,32.0,2.0,3.0,105.0,5.0,,,0.89,0.63,1.53,0.84,1.47,,,,,,,,,,https://fbref.com/en/squads/2a8183b3/2015-2016/Villarreal-Stats
2016,Watford,Premier League,team,25.0,28.2,45.1,38.0,418.0,3420.0,38.0,38.0,18.0,56.0,32.0,6.0,7.0,0.0,0.0,,,1.0,0.47,1.47,0.84,1.32,,,,,,,,,,https://fbref.com/en/squads/2abfe087/2015-2016/Watford-Stats
2016,Watford,Premier League,opponent,25.0,26.7,54.9,38.0,418.0,3420.0,38.0,48.0,36.0,84.0,44.0,4.0,7.0,46.0,3.0,,,1.26,0.95,2.21,1.16,2.11,,,,,,,,,,https://fbref.com/en/squads/2abfe087/2015-2016/Watford-Stats
2016,Werder Bremen,Bundesliga,team,30.0,26.6,44.9,34.0,374.0,3060.0,34.0,49.0,32.0,81.0,43.0,6.0,9.0,0.0,0.0,,,1.44,0.94,2.38,1.26,2.21,,,,,,,,,,https://fbref.com/en/squads/62add3bf/2015-2016/Werder-Bremen-Stats
2016,Werder Bremen,Bundesliga,opponent,30.0,26.0,55.1,34.0,374.0,3060.0,34.0,62.0,46.0,108.0,56.0,6.0,6.0,74.0,2.0,,,1.82,1.35,3.18,1.65,3.0,,,,,,,,,,https://fbref.com/en/squads/62add3bf/2015-2016/Werder-Bremen-Stats
2016,West Brom,Premier League,team,28.0,29.1,39.8,38.0,418.0,3420.0,38.0,32.0,25.0,57.0,31.0,1.0,5.0,0.0,0.0,,,0.84,0.66,1.5,0.82,1.47,,,,,,,,,,https://fbref.com/en/squads/60c6b05f/2015-2016/West-Bromwich-Albion-Stats
2016,West Brom,Premier League,opponent,28.0,26.8,60.2,38.0,418.0,3420.0,38.0,46.0,32.0,78.0,41.0,5.0,6.0,44.0,5.0,,,1.21,0.84,2.05,1.08,1.92,,,,,,,,,,https://fbref.com/en/squads/60c6b05f/2015-2016/West-Bromwich-Albion-Stats
2016,West Ham,Premier League,team,28.0,26.6,48.4,38.0,418.0,3420.0,38.0,64.0,38.0,102.0,60.0,4.0,4.0,0.0,0.0,,,1.68,1.0,2.68,1.58,2.58,,,,,,,,,,https://fbref.com/en/squads/7c21e445/2015-2016/West-Ham-United-Stats
2016,West Ham,Premier League,opponent,28.0,27.0,51.6,38.0,418.0,3420.0,38.0,49.0,30.0,79.0,43.0,6.0,8.0,79.0,9.0,,,1.29,0.79,2.08,1.13,1.92,,,,,,,,,,https://fbref.com/en/squads/7c21e445/2015-2016/West-Ham-United-Stats
2016,Wolfsburg,Bundesliga,team,29.0,27.0,57.6,34.0,374.0,3060.0,34.0,46.0,39.0,85.0,43.0,3.0,3.0,0.0,0.0,,,1.35,1.15,2.5,1.26,2.41,,,,,,,,,,https://fbref.com/en/squads/4eaa11d7/2015-2016/Wolfsburg-Stats
2016,Wolfsburg,Bundesliga,opponent,29.0,25.9,42.4,34.0,374.0,3060.0,34.0,49.0,34.0,83.0,48.0,1.0,2.0,59.0,1.0,,,1.44,1.0,2.44,1.41,2.41,,,,,,,,,,https://fbref.com/en/squads/4eaa11d7/2015-2016/Wolfsburg-Stats
2017,Alavés,La Liga,team,25.0,25.4,44.4,38.0,418.0,3420.0,38.0,41.0,27.0,68.0,37.0,4.0,4.0,117.0,5.0,,,1.08,0.71,1.79,0.97,1.68,,,,,,,,,,https://fbref.com/en/squads/8d6fd021/2016-2017/Alaves-Stats
2017,Alavés,La Liga,opponent,25.0,26.7,55.6,38.0,418.0,3420.0,38.0,41.0,29.0,70.0,37.0,4.0,6.0,102.0,5.0,,,1.08,0.76,1.84,0.97,1.74,,,,,,,,,,https://fbref.com/en/squads/8d6fd021/2016-2017/Alaves-Stats
2017,Angers,Ligue 1,team,29.0,26.7,46.1,38.0,418.0,3420.0,38.0,39.0,25.0,64.0,36.0,3.0,4.0,0.0,1.0,,,1.03,0.66,1.68,0.95,1.61,,,,,,,,,,https://fbref.com/en/squads/69236f98/2016-2017/Angers-Stats
2017,Angers,Ligue 1,opponent,29.0,26.4,53.9,38.0,418.0,3420.0,38.0,45.0,29.0,74.0,43.0,2.0,2.0,54.0,8.0,,,1.18,0.76,1.95,1.13,1.89,,,,,,,,,,https://fbref.com/en/squads/69236f98/2016-2017/Angers-Stats
2017,Arsenal,Premier League,team,29.0,26.9,58.9,38.0,418.0,3420.0,38.0,73.0,55.0,128.0,69.0,4.0,6.0,0.0,0.0,,,1.92,1.45,3.37,1.82,3.26,,,,,,,,,,https://fbref.com/en/squads/18bb7c10/2016-2017/Arsenal-Stats
2017,Arsenal,Premier League,opponent,29.0,27.4,41.1,38.0,418.0,3420.0,38.0,43.0,23.0,66.0,33.0,10.0,10.0,77.0,4.0,,,1.13,0.61,1.74,0.87,1.47,,,,,,,,,,https://fbref.com/en/squads/18bb7c10/2016-2017/Arsenal-Stats
2017,Atalanta,Serie A,team,32.0,25.2,50.2,38.0,417.0,3420.0,38.0,62.0,43.0,105.0,57.0,5.0,5.0,0.0,2.0,,,1.63,1.13,2.76,1.5,2.63,,,,,,,,,,https://fbref.com/en/squads/922493f3/2016-2017/Atalanta-Stats
2017,Atalanta,Serie A,opponent,32.0,27.1,49.8,38.0,417.0,3420.0,38.0,40.0,28.0,68.0,36.0,4.0,4.0,101.0,1.0,,,1.05,0.74,1.79,0.95,1.68,,,,,,,,,,https://fbref.com/en/squads/922493f3/2016-2017/Atalanta-Stats
2017,Athletic Club,La Liga,team,25.0,26.8,51.1,38.0,418.0,3420.0,38.0,53.0,31.0,84.0,45.0,8.0,8.0,88.0,2.0,,,1.39,0.82,2.21,1.18,2.0,,,,,,,,,,https://fbref.com/en/squads/2b390eca/2016-2017/Athletic-Club-Stats
2017,Athletic Club,La Liga,opponent,25.0,26.6,48.9,38.0,418.0,3420.0,38.0,43.0,34.0,77.0,42.0,1.0,3.0,118.0,5.0,,,1.13,0.89,2.03,1.11,2.0,,,,,,,,,,https://fbref.com/en/squads/2b390eca/2016-2017/Athletic-Club-Stats
2017,Atlético Madrid,La Liga,team,22.0,26.9,48.4,38.0,418.0,3420.0,38.0,70.0,54.0,124.0,68.0,2.0,7.0,82.0,3.0,,,1.84,1.42,3.26,1.79,3.21,,,,,,,,,,https://fbref.com/en/squads/db3b9613/2016-2017/Atletico-Madrid-Stats
2017,Atlético Madrid,La Liga,opponent,22.0,26.6,51.6,38.0,418.0,3420.0,38.0,27.0,15.0,42.0,24.0,3.0,4.0,98.0,4.0,,,0.71,0.39,1.11,0.63,1.03,,,,,,,,,,https://fbref.com/en/squads/db3b9613/2016-2017/Atletico-Madrid-Stats
2017,Augsburg,Bundesliga,team,28.0,27.1,41.9,34.0,374.0,3060.0,34.0,35.0,22.0,57.0,32.0,3.0,4.0,0.0,2.0,,,1.03,0.65,1.68,0.94,1.59,,,,,,,,,,https://fbref.com/en/squads/0cdc4311/2016-2017/Augsburg-Stats
2017,Augsburg,Bundesliga,opponent,28.0,25.7,58.1,34.0,374.0,3060.0,34.0,50.0,38.0,88.0,46.0,4.0,5.0,56.0,4.0,,,1.47,1.12,2.59,1.35,2.47,,,,,,,,,,https://fbref.com/en/squads/0cdc4311/2016-2017/Augsburg-Stats
2017,Barcelona,La Liga,team,25.0,26.9,66.1,38.0,418.0,3420.0,38.0,113.0,71.0,184.0,105.0,8.0,9.0,74.0,1.0,,,2.97,1.87,4.84,2.76,4.63,,,,,,,,,,https://fbref.com/en/squads/206d90db/2016-2017/Barcelona-Stats
2017,Barcelona,La Liga,opponent,25.0,26.5,33.9,38.0,418.0,3420.0,38.0,35.0,24.0,59.0,35.0,0.0,0.0,104.0,10.0,,,0.92,0.63,1.55,0.92,1.55,,,,,,,,,,https://fbref.com/en/squads/206d90db/2016-2017/Barcelona-Stats
2017,Bastia,Ligue 1,team,29.0,26.9,43.4,38.0,418.0,3420.0,38.0,28.0,18.0,46.0,28.0,0.0,1.0,0.0,7.0,,,0.74,0.47,1.21,0.74,1.21,,,,,,,,,,https://fbref.com/en/squads/6283be2c/2016-2017/Bastia-Stats
2017,Bastia,Ligue 1,opponent,29.0,26.1,56.6,38.0,418.0,3420.0,38.0,52.0,38.0,90.0,48.0,4.0,8.0,64.0,4.0,,,1.37,1.0,2.37,1.26,2.26,,,,,,,,,,https://fbref.com/en/squads/6283be2c/2016-2017/Bastia-Stats
2017,Bayern Munich,Bundesliga,team,22.0,28.0,69.0,34.0,374.0,3060.0,34.0,88.0,64.0,152.0,83.0,5.0,5.0,0.0,0.0,,,2.59,1.88,4.47,2.44,4.32,,,,,,,,,,https://fbref.com/en/squads/054efa67/2016-2017/Bayern-Munich-Stats
2017,Bayern Munich,Bundesliga,opponent,22.0,25.9,31.0,34.0,374.0,3060.0,34.0,22.0,15.0,37.0,20.0,2.0,3.0,52.0,4.0,,,0.65,0.44,1.09,0.59,1.03,,,,,,,,,,https://fbref.com/en/squads/054efa67/2016-2017/Bayern-Munich-Stats
2017,Betis,La Liga,team,27.0,26.1,47.9,38.0,418.0,3420.0,38.0,41.0,27.0,68.0,39.0,2.0,2.0,103.0,5.0,,,1.08,0.71,1.79,1.03,1.74,,,,,,,,,,https://fbref.com/en/squads/fc536746/2016-2017/Real-Betis-Stats
2017,Betis,La Liga,opponent,27.0,26.7,52.1,38.0,418.0,3420.0,38.0,64.0,41.0,105.0,60.0,4.0,5.0,100.0,4.0,,,1.68,1.08,2.76,1.58,2.66,,,,,,,,,,https://fbref.com/en/squads/fc536746/2016-2017/Real-Betis-Stats
2017,Bologna,Serie A,team,28.0,26.3,46.3,38.0,418.0,3420.0,38.0,39.0,29.0,68.0,38.0,1.0,2.0,0.0,2.0,,,1.03,0.76,1.79,1.0,1.76,,,,,,,,,,https://fbref.com/en/squads/1d8099f8/2016-2017/Bologna-Stats
2017,Bologna,Serie A,opponent,28.0,27.1,53.7,38.0,418.0,3420.0,38.0,56.0,44.0,100.0,52.0,4.0,5.0,81.0,7.0,,,1.47,1.16,2.63,1.37,2.53,,,,,,,,,,https://fbref.com/en/squads/1d8099f8/2016-2017/Bologna-Stats
2017,Bordeaux,Ligue 1,team,27.0,25.9,48.3,38.0,418.0,3420.0,38.0,51.0,35.0,86.0,47.0,4.0,7.0,0.0,1.0,,,1.34,0.92,2.26,1.24,2.16,,,,,,,,,,https://fbref.com/en/squads/123f3efe/2016-2017/Bordeaux-Stats
2017,Bordeaux,Ligue 1,opponent,27.0,26.3,51.7,38.0,418.0,3420.0,38.0,41.0,27.0,68.0,37.0,4.0,4.0,71.0,12.0,,,1.08,0.71,1.79,0.97,1.68,,,,,,,,,,https://fbref.com/en/squads/123f3efe/2016-2017/Bordeaux-Stats
2017,Bournemouth,Premier League,team,27.0,27.0,51.5,38.0,418.0,3420.0,38.0,53.0,33.0,86.0,46.0,7.0,10.0,0.0,2.0,,,1.39,0.87,2.26,1.21,2.08,,,,,,,,,,https://fbref.com/en/squads/4ba7cbea/2016-2017/Bournemouth-Stats
2017,Bournemouth,Premier League,opponent,27.0,27.3,48.5,38.0,418.0,3420.0,38.0,63.0,47.0,110.0,61.0,2.0,5.0,87.0,3.0,,,1.66,1.24,2.89,1.61,2.84,,,,,,,,,,https://fbref.com/en/squads/4ba7cbea/2016-2017/Bournemouth-Stats
2017,Burnley,Premier League,team,27.0,27.7,40.3,38.0,418.0,3420.0,38.0,39.0,24.0,63.0,33.0,6.0,6.0,0.0,1.0,,,1.03,0.63,1.66,0.87,1.5,,,,,,,,,,https://fbref.com/en/squads/943e8050/2016-2017/Burnley-Stats
2017,Burnley,Premier League,opponent,27.0,27.5,59.7,38.0,418.0,3420.0,38.0,53.0,38.0,91.0,49.0,4.0,5.0,65.0,3.0,,,1.39,1.0,2.39,1.29,2.29,,,,,,,,,,https://fbref.com/en/squads/943e8050/2016-2017/Burnley-Stats
2017,Caen,Ligue 1,team,27.0,28.7,45.8,38.0,418.0,3420.0,38.0,35.0,28.0,63.0,31.0,4.0,5.0,0.0,1.0,,,0.92,0.74,1.66,0.82,1.55,,,,,,,,,,https://fbref.com/en/squads/74229020/2016-2017/Caen-Stats
2017,Caen,Ligue 1,opponent,27.0,26.2,54.2,38.0,418.0,3420.0,38.0,63.0,42.0,105.0,55.0,8.0,8.0,72.0,7.0,,,1.66,1.11,2.76,1.45,2.55,,,,,,,,,,https://fbref.com/en/squads/74229020/2016-2017/Caen-Stats
2017,Cagliari,Serie A,team,34.0,28.7,43.2,38.0,418.0,3420.0,38.0,53.0,30.0,83.0,49.0,4.0,6.0,0.0,3.0,,,1.39,0.79,2.18,1.29,2.08,,,,,,,,,,https://fbref.com/en/squads/c4260e09/2016-2017/Cagliari-Stats
2017,Cagliari,Serie A,opponent,34.0,26.7,56.8,38.0,418.0,3420.0,38.0,74.0,51.0,125.0,67.0,7.0,12.0,91.0,5.0,,,1.95,1.34,3.29,1.76,3.11,,,,,,,,,,https://fbref.com/en/squads/c4260e09/2016-2017/Cagliari-Stats
2017,Celta Vigo,La Liga,team,27.0,26.1,53.2,38.0,418.0,3420.0,38.0,52.0,33.0,85.0,45.0,7.0,7.0,105.0,8.0,,,1.37,0.87,2.24,1.18,2.05,,,,,,,,,,https://fbref.com/en/squads/f25da7fb/2016-2017/Celta-Vigo-Stats
2017,Celta Vigo,La Liga,opponent,27.0,26.5,46.8,38.0,418.0,3420.0,38.0,67.0,49.0,116.0,58.0,9.0,10.0,91.0,4.0,,,1.76,1.29,3.05,1.53,2.82,,,,,,,,,,https://fbref.com/en/squads/f25da7fb/2016-2017/Celta-Vigo-Stats
2017,Chelsea,Premier League,team,24.0,27.2,55.1,38.0,418.0,3420.0,38.0,83.0,53.0,136.0,81.0,2.0,4.0,0.0,0.0,,,2.18,1.39,3.58,2.13,3.53,,,,,,,,,,https://fbref.com/en/squads/cff3d9bb/2016-2017/Chelsea-Stats
2017,Chelsea,Premier League,opponent,24.0,27.4,44.9,38.0,418.0,3420.0,38.0,32.0,16.0,48.0,30.0,2.0,2.0,84.0,4.0,,,0.84,0.42,1.26,0.79,1.21,,,,,,,,,,https://fbref.com/en/squads/cff3d9bb/2016-2017/Chelsea-Stats
2017,Chievo,Serie A,team,29.0,31.3,46.7,38.0,418.0,3420.0,38.0,42.0,29.0,71.0,38.0,4.0,5.0,0.0,3.0,,,1.11,0.76,1.87,1.0,1.76,,,,,,,,,,https://fbref.com/en/squads/cc919b35/2016-2017/Chievo-Stats
2017,Chievo,Serie A,opponent,29.0,27.0,53.3,38.0,418.0,3420.0,38.0,60.0,43.0,103.0,56.0,4.0,6.0,68.0,1.0,,,1.58,1.13,2.71,1.47,2.61,,,,,,,,,,https://fbref.com/en/squads/cc919b35/2016-2017/Chievo-Stats
2017,Crotone,Serie A,team,31.0,26.0,37.1,38.0,418.0,3420.0,38.0,34.0,22.0,56.0,30.0,4.0,5.0,0.0,3.0,,,0.89,0.58,1.47,0.79,1.37,,,,,,,,,,https://fbref.com/en/squads/3074d7b1/2016-2017/Crotone-Stats
2017,Crotone,Serie A,opponent,31.0,26.8,62.9,38.0,418.0,3420.0,38.0,58.0,40.0,98.0,52.0,6.0,10.0,60.0,6.0,,,1.53,1.05,2.58,1.37,2.42,,,,,,,,,,https://fbref.com/en/squads/3074d7b1/2016-2017/Crotone-Stats
2017,Crystal Palace,Premier League,team,31.0,27.7,45.4,38.0,418.0,3420.0,38.0,48.0,32.0,80.0,44.0,4.0,7.0,0.0,0.0,,,1.26,0.84,2.11,1.16,2.0,,,,,,,,,,https://fbref.com/en/squads/47c64c55/2016-2017/Crystal-Palace-Stats
2017,Crystal Palace,Premier League,opponent,31.0,27.3,54.6,38.0,418.0,3420.0,38.0,63.0,44.0,107.0,61.0,2.0,2.0,71.0,1.0,,,1.66,1.16,2.82,1.61,2.76,,,,,,,,,,https://fbref.com/en/squads/47c64c55/2016-2017/Crystal-Palace-Stats
2017,Darmstadt 98,Bundesliga,team,31.0,27.6,38.3,34.0,374.0,3060.0,34.0,28.0,16.0,44.0,23.0,5.0,7.0,0.0,5.0,,,0.82,0.47,1.29,0.68,1.15,,,,,,,,,,https://fbref.com/en/squads/6a6967fc/2016-2017/Darmstadt-98-Stats
2017,Darmstadt 98,Bundesliga,opponent,31.0,25.8,61.7,34.0,374.0,3060.0,34.0,61.0,43.0,104.0,55.0,6.0,8.0,60.0,4.0,,,1.79,1.26,3.06,1.62,2.88,,,,,,,,,,https://fbref.com/en/squads/6a6967fc/2016-2017/Darmstadt-98-Stats
2017,Dijon,Ligue 1,team,27.0,27.7,46.4,38.0,418.0,3420.0,38.0,42.0,29.0,71.0,39.0,3.0,4.0,0.0,3.0,,,1.11,0.76,1.87,1.03,1.79,,,,,,,,,,https://fbref.com/en/squads/8dfb7350/2016-2017/Dijon-Stats
2017,Dijon,Ligue 1,opponent,27.0,26.4,53.6,38.0,418.0,3420.0,38.0,57.0,30.0,87.0,48.0,9.0,12.0,58.0,2.0,,,1.5,0.79,2.29,1.26,2.05,,,,,,,,,,https://fbref.com/en/squads/8dfb7350/2016-2017/Dijon-Stats
2017,Dortmund,Bundesliga,team,27.0,25.3,62.0,34.0,374.0,3060.0,34.0,71.0,49.0,120.0,66.0,5.0,7.0,0.0,1.0,,,2.09,1.44,3.53,1.94,3.38,,,,,,,,,,https://fbref.com/en/squads/add600ae/2016-2017/Dortmund-Stats
2017,Dortmund,Bundesliga,opponent,27.0,26.0,38.0,34.0,374.0,3060.0,34.0,39.0,30.0,69.0,37.0,2.0,2.0,88.0,3.0,,,1.15,0.88,2.03,1.09,1.97,,,,,,,,,,https://fbref.com/en/squads/add600ae/2016-2017/Dortmund-Stats
2017,Eibar,La Liga,team,24.0,26.9,47.8,38.0,418.0,3420.0,38.0,53.0,34.0,87.0,47.0,6.0,8.0,94.0,7.0,,,1.39,0.89,2.29,1.24,2.13,,,,,,,,,,https://fbref.com/en/squads/bea5c710/2016-2017/Eibar-Stats
2017,Eibar,La Liga,opponent,24.0,26.4,52.2,38.0,418.0,3420.0,38.0,50.0,31.0,81.0,45.0,5.0,6.0,97.0,10.0,,,1.32,0.82,2.13,1.18,2.0,,,,,,,,,,https://fbref.com/en/squads/bea5c710/2016-2017/Eibar-Stats
2017,Eint Frankfurt,Bundesliga,team,26.0,25.9,49.9,34.0,374.0,3060.0,34.0,35.0,24.0,59.0,33.0,2.0,6.0,0.0,1.0,,,1.03,0.71,1.74,0.97,1.68,,,,,,,,,,https://fbref.com/en/squads/f0ac8ee6/2016-2017/Eintracht-Frankfurt-Stats
2017,Eint Frankfurt,Bundesliga,opponent,26.0,26.0,50.1,34.0,374.0,3060.0,34.0,42.0,35.0,77.0,39.0,3.0,4.0,60.0,4.0,,,1.24,1.03,2.26,1.15,2.18,,,,,,,,,,https://fbref.com/en/squads/f0ac8ee6/2016-2017/Eintracht-Frankfurt-Stats
2017,Empoli,Serie A,team,29.0,26.8,49.0,38.0,418.0,3420.0,38.0,29.0,19.0,48.0,25.0,4.0,5.0,0.0,0.0,,,0.76,0.5,1.26,0.66,1.16,,,,,,,,,,https://fbref.com/en/squads/a3d88bd8/2016-2017/Empoli-Stats
2017,Empoli,Serie A,opponent,29.0,26.9,51.0,38.0,418.0,3420.0,38.0,59.0,40.0,99.0,54.0,5.0,9.0,99.0,4.0,,,1.55,1.05,2.61,1.42,2.47,,,,,,,,,,https://fbref.com/en/squads/a3d88bd8/2016-2017/Empoli-Stats
2017,Espanyol,La Liga,team,27.0,27.2,44.0,38.0,418.0,3420.0,38.0,48.0,36.0,84.0,46.0,2.0,4.0,80.0,2.0,,,1.26,0.95,2.21,1.21,2.16,,,,,,,,,,https://fbref.com/en/squads/a8661628/2016-2017/Espanyol-Stats
2017,Espanyol,La Liga,opponent,27.0,26.3,56.0,38.0,418.0,3420.0,38.0,49.0,32.0,81.0,47.0,2.0,2.0,87.0,4.0,,,1.29,0.84,2.13,1.24,2.08,,,,,,,,,,https://fbref.com/en/squads/a8661628/2016-2017/Espanyol-Stats
2017,Everton,Premier League,team,27.0,27.5,52.1,38.0,418.0,3420.0,38.0,58.0,45.0,103.0,55.0,3.0,4.0,0.0,1.0,,,1.53,1.18,2.71,1.45,2.63,,,,,,,,,,https://fbref.com/en/squads/d3fd31cc/2016-2017/Everton-Stats
2017,Everton,Premier League,opponent,27.0,27.4,47.9,38.0,418.0,3420.0,38.0,43.0,31.0,74.0,40.0,3.0,5.0,59.0,2.0,,,1.13,0.82,1.95,1.05,1.87,,,,,,,,,,https://fbref.com/en/squads/d3fd31cc/2016-2017/Everton-Stats
2017,Fiorentina,Serie A,team,30.0,27.3,58.3,38.0,418.0,3420.0,38.0,62.0,46.0,108.0,56.0,6.0,10.0,0.0,3.0,,,1.63,1.21,2.84,1.47,2.68,,,,,,,,,,https://fbref.com/en/squads/421387cf/2016-2017/Fiorentina-Stats
2017,Fiorentina,Serie A,opponent,30.0,27.0,41.7,38.0,418.0,3420.0,38.0,57.0,37.0,94.0,52.0,5.0,6.0,91.0,1.0,,,1.5,0.97,2.47,1.37,2.34,,,,,,,,,,https://fbref.com/en/squads/421387cf/2016-2017/Fiorentina-Stats
2017,Freiburg,Bundesliga,team,25.0,24.7,46.7,34.0,374.0,3060.0,34.0,42.0,28.0,70.0,36.0,6.0,8.0,0.0,0.0,,,1.24,0.82,2.06,1.06,1.88,,,,,,,,,,https://fbref.com/en/squads/a486e511/2016-2017/Freiburg-Stats
2017,Freiburg,Bundesliga,opponent,25.0,26.1,53.3,34.0,374.0,3060.0,34.0,60.0,46.0,106.0,56.0,4.0,6.0,59.0,0.0,,,1.76,1.35,3.12,1.65,3.0,,,,,,,,,,https://fbref.com/en/squads/a486e511/2016-2017/Freiburg-Stats
2017,Genoa,Serie A,team,33.0,26.9,48.8,38.0,418.0,3420.0,38.0,36.0,30.0,66.0,34.0,2.0,3.0,0.0,4.0,,,0.95,0.79,1.74,0.89,1.68,,,,,,,,,,https://fbref.com/en/squads/658bf2de/2016-2017/Genoa-Stats
2017,Genoa,Serie A,opponent,33.0,27.0,51.2,38.0,418.0,3420.0,38.0,59.0,37.0,96.0,55.0,4.0,8.0,81.0,8.0,,,1.55,0.97,2.53,1.45,2.42,,,,,,,,,,https://fbref.com/en/squads/658bf2de/2016-2017/Genoa-Stats
2017,Granada,La Liga,team,35.0,24.7,45.1,38.0,418.0,3420.0,38.0,30.0,19.0,49.0,30.0,0.0,1.0,112.0,6.0,,,0.79,0.5,1.29,0.79,1.29,,,,,,,,,,https://fbref.com/en/squads/a0435291/2016-2017/Granada-Stats
2017,Granada,La Liga,opponent,35.0,26.3,54.9,38.0,418.0,3420.0,38.0,81.0,56.0,137.0,79.0,2.0,4.0,71.0,5.0,,,2.13,1.47,3.61,2.08,3.55,,,,,,,,,,https://fbref.com/en/squads/a0435291/2016-2017/Granada-Stats
2017,Guingamp,Ligue 1,team,25.0,27.6,47.5,38.0,418.0,3420.0,38.0,46.0,33.0,79.0,42.0,4.0,4.0,0.0,3.0,,,1.21,0.87,2.08,1.11,1.97,,,,,,,,,,https://fbref.com/en/squads/d41b5f53/2016-2017/Guingamp-Stats
2017,Guingamp,Ligue 1,opponent,25.0,26.2,52.5,38.0,418.0,3420.0,38.0,52.0,41.0,93.0,45.0,7.0,11.0,61.0,5.0,,,1.37,1.08,2.45,1.18,2.26,,,,,,,,,,https://fbref.com/en/squads/d41b5f53/2016-2017/Guingamp-Stats
2017,Hamburger SV,Bundesliga,team,29.0,25.8,43.8,34.0,374.0,3060.0,34.0,32.0,26.0,58.0,32.0,0.0,2.0,0.0,2.0,,,0.94,0.76,1.71,0.94,1.71,,,,,,,,,,https://fbref.com/en/squads/26790c6a/2016-2017/Hamburger-SV-Stats
2017,Hamburger SV,Bundesliga,opponent,29.0,25.9,56.2,34.0,374.0,3060.0,34.0,60.0,42.0,102.0,55.0,5.0,8.0,71.0,1.0,,,1.76,1.24,3.0,1.62,2.85,,,,,,,,,,https://fbref.com/en/squads/26790c6a/2016-2017/Hamburger-SV-Stats
2017,Hertha BSC,Bundesliga,team,26.0,27.1,48.5,34.0,374.0,3060.0,34.0,42.0,26.0,68.0,37.0,5.0,5.0,0.0,2.0,,,1.24,0.76,2.0,1.09,1.85,,,,,,,,,,https://fbref.com/en/squads/2818f8bc/2016-2017/Hertha-BSC-Stats
2017,Hertha BSC,Bundesliga,opponent,26.0,25.9,51.5,34.0,374.0,3060.0,34.0,46.0,33.0,79.0,42.0,4.0,5.0,71.0,5.0,,,1.35,0.97,2.32,1.24,2.21,,,,,,,,,,https://fbref.com/en/squads/2818f8bc/2016-2017/Hertha-BSC-Stats
2017,Hoffenheim,Bundesliga,team,23.0,25.0,56.2,34.0,374.0,3060.0,34.0,64.0,47.0,111.0,59.0,5.0,5.0,0.0,0.0,,,1.88,1.38,3.26,1.74,3.12,,,,,,,,,,https://fbref.com/en/squads/033ea6b8/2016-2017/Hoffenheim-Stats
2017,Hoffenheim,Bundesliga,opponent,23.0,26.0,43.8,34.0,374.0,3060.0,34.0,35.0,29.0,64.0,34.0,1.0,3.0,71.0,5.0,,,1.03,0.85,1.88,1.0,1.85,,,,,,,,,,https://fbref.com/en/squads/033ea6b8/2016-2017/Hoffenheim-Stats
2017,Hull City,Premier League,team,28.0,27.4,45.9,38.0,418.0,3420.0,38.0,36.0,24.0,60.0,33.0,3.0,3.0,0.0,0.0,,,0.95,0.63,1.58,0.87,1.5,,,,,,,,,,https://fbref.com/en/squads/bd8769d1/2016-2017/Hull-City-Stats
2017,Hull City,Premier League,opponent,28.0,27.4,54.1,38.0,418.0,3420.0,38.0,75.0,53.0,128.0,64.0,11.0,13.0,56.0,2.0,,,1.97,1.39,3.37,1.68,3.08,,,,,,,,,,https://fbref.com/en/squads/bd8769d1/2016-2017/Hull-City-Stats
2017,Ingolstadt 04,Bundesliga,team,22.0,26.9,45.9,34.0,374.0,3060.0,34.0,35.0,20.0,55.0,29.0,6.0,8.0,0.0,3.0,,,1.03,0.59,1.62,0.85,1.44,,,,,,,,,,https://fbref.com/en/squads/12eb2039/2016-2017/Ingolstadt-04-Stats
2017,Ingolstadt 04,Bundesliga,opponent,22.0,25.9,54.1,34.0,374.0,3060.0,34.0,55.0,38.0,93.0,48.0,7.0,8.0,61.0,4.0,,,1.62,1.12,2.74,1.41,2.53,,,,,,,,,,https://fbref.com/en/squads/12eb2039/2016-2017/Ingolstadt-04-Stats
2017,Inter,Serie A,team,29.0,27.5,56.4,38.0,418.0,3420.0,38.0,70.0,55.0,125.0,67.0,3.0,5.0,0.0,3.0,,,1.84,1.45,3.29,1.76,3.21,,,,,,,,,,https://fbref.com/en/squads/d609edc0/2016-2017/Internazionale-Stats
2017,Inter,Serie A,opponent,29.0,26.8,43.6,38.0,418.0,3420.0,38.0,48.0,34.0,82.0,43.0,5.0,6.0,94.0,4.0,,,1.26,0.89,2.16,1.13,2.03,,,,,,,,,,https://fbref.com/en/squads/d609edc0/2016-2017/Internazionale-Stats
2017,Juventus,Serie A,team,27.0,29.1,57.0,38.0,418.0,3420.0,38.0,72.0,49.0,121.0,69.0,3.0,3.0,0.0,0.0,,,1.89,1.29,3.18,1.82,3.11,,,,,,,,,,https://fbref.com/en/squads/e0652b02/2016-2017/Juventus-Stats
2017,Juventus,Serie A,opponent,27.0,26.7,43.0,38.0,418.0,3420.0,38.0,26.0,20.0,46.0,25.0,1.0,1.0,93.0,5.0,,,0.68,0.53,1.21,0.66,1.18,,,,,,,,,,https://fbref.com/en/squads/e0652b02/2016-2017/Juventus-Stats
2017,Köln,Bundesliga,team,26.0,26.2,43.4,34.0,374.0,3060.0,34.0,49.0,36.0,85.0,46.0,3.0,4.0,0.0,1.0,,,1.44,1.06,2.5,1.35,2.41,,,,,,,,,,https://fbref.com/en/squads/bc357bf7/2016-2017/Koln-Stats
2017,Köln,Bundesliga,opponent,26.0,25.9,56.6,34.0,374.0,3060.0,34.0,41.0,34.0,75.0,37.0,4.0,4.0,63.0,3.0,,,1.21,1.0,2.21,1.09,2.09,,,,,,,,,,https://fbref.com/en/squads/bc357bf7/2016-2017/Koln-Stats
2017,La Coruña,La Liga,team,28.0,27.7,47.0,38.0,418.0,3420.0,38.0,42.0,29.0,71.0,39.0,3.0,7.0,95.0,4.0,,,1.11,0.76,1.87,1.03,1.79,,,,,,,,,,https://fbref.com/en/squads/2a60ed82/2016-2017/Deportivo-La-Coruna-Stats
2017,La Coruña,La Liga,opponent,28.0,26.4,53.0,38.0,418.0,3420.0,38.0,59.0,41.0,100.0,56.0,3.0,3.0,92.0,2.0,,,1.55,1.08,2.63,1.47,2.55,,,,,,,,,,https://fbref.com/en/squads/2a60ed82/2016-2017/Deportivo-La-Coruna-Stats
2017,Las Palmas,La Liga,team,29.0,27.3,59.0,38.0,418.0,3420.0,38.0,52.0,34.0,86.0,46.0,6.0,6.0,102.0,6.0,,,1.37,0.89,2.26,1.21,2.11,,,,,,,,,,https://fbref.com/en/squads/0049d422/2016-2017/Las-Palmas-Stats
2017,Las Palmas,La Liga,opponent,29.0,26.4,41.0,38.0,418.0,3420.0,38.0,73.0,43.0,116.0,62.0,11.0,11.0,106.0,6.0,,,1.92,1.13,3.05,1.63,2.76,,,,,,,,,,https://fbref.com/en/squads/0049d422/2016-2017/Las-Palmas-Stats
2017,Lazio,Serie A,team,30.0,26.0,51.0,38.0,418.0,3420.0,38.0,73.0,47.0,120.0,61.0,12.0,14.0,0.0,3.0,,,1.92,1.24,3.16,1.61,2.84,,,,,,,,,,https://fbref.com/en/squads/7213da33/2016-2017/Lazio-Stats
2017,Lazio,Serie A,opponent,30.0,26.9,49.0,38.0,418.0,3420.0,38.0,48.0,32.0,80.0,43.0,5.0,9.0,78.0,4.0,,,1.26,0.84,2.11,1.13,1.97,,,,,,,,,,https://fbref.com/en/squads/7213da33/2016-2017/Lazio-Stats
2017,Leganés,La Liga,team,31.0,26.3,44.7,38.0,418.0,3420.0,38.0,36.0,24.0,60.0,33.0,3.0,4.0,106.0,3.0,,,0.95,0.63,1.58,0.87,1.5,,,,,,,,,,https://fbref.com/en/squads/7c6f2c78/2016-2017/Leganes-Stats
2017,Leganés,La Liga,opponent,31.0,26.5,55.3,38.0,418.0,3420.0,38.0,55.0,39.0,94.0,49.0,6.0,7.0,77.0,2.0,,,1.45,1.03,2.47,1.29,2.32,,,,,,,,,,https://fbref.com/en/squads/7c6f2c78/2016-2017/Leganes-Stats
2017,Leicester City,Premier League,team,25.0,27.8,41.9,38.0,418.0,3420.0,38.0,46.0,32.0,78.0,42.0,4.0,6.0,0.0,0.0,,,1.21,0.84,2.05,1.11,1.95,,,,,,,,,,https://fbref.com/en/squads/a2d435b3/2016-2017/Leicester-City-Stats
2017,Leicester City,Premier League,opponent,25.0,27.2,58.1,38.0,418.0,3420.0,38.0,61.0,42.0,103.0,58.0,3.0,3.0,56.0,0.0,,,1.61,1.11,2.71,1.53,2.63,,,,,,,,,,https://fbref.com/en/squads/a2d435b3/2016-2017/Leicester-City-Stats
2017,Leverkusen,Bundesliga,team,24.0,24.2,54.3,34.0,374.0,3060.0,34.0,53.0,39.0,92.0,49.0,4.0,9.0,0.0,3.0,,,1.56,1.15,2.71,1.44,2.59,,,,,,,,,,https://fbref.com/en/squads/c7a9f859/2016-2017/Bayer-Leverkusen-Stats
2017,Leverkusen,Bundesliga,opponent,24.0,25.9,45.7,34.0,374.0,3060.0,34.0,54.0,41.0,95.0,51.0,3.0,3.0,50.0,2.0,,,1.59,1.21,2.79,1.5,2.71,,,,,,,,,,https://fbref.com/en/squads/c7a9f859/2016-2017/Bayer-Leverkusen-Stats
2017,Lille,Ligue 1,team,31.0,26.9,51.1,38.0,418.0,3420.0,38.0,40.0,26.0,66.0,34.0,6.0,7.0,0.0,3.0,,,1.05,0.68,1.74,0.89,1.58,,,,,,,,,,https://fbref.com/en/squads/cb188c0c/2016-2017/Lille-Stats
2017,Lille,Ligue 1,opponent,31.0,26.2,48.9,38.0,418.0,3420.0,38.0,46.0,32.0,78.0,42.0,4.0,6.0,65.0,1.0,,,1.21,0.84,2.05,1.11,1.95,,,,,,,,,,https://fbref.com/en/squads/cb188c0c/2016-2017/Lille-Stats
2017,Liverpool,Premier League,team,23.0,26.1,62.0,38.0,418.0,3420.0,38.0,77.0,52.0,129.0,70.0,7.0,8.0,0.0,0.0,,,2.03,1.37,3.39,1.84,3.21,,,,,,,,,,https://fbref.com/en/squads/822bd0ba/2016-2017/Liverpool-Stats
2017,Liverpool,Premier League,opponent,23.0,27.3,38.0,38.0,418.0,3420.0,38.0,42.0,28.0,70.0,39.0,3.0,5.0,73.0,1.0,,,1.11,0.74,1.84,1.03,1.76,,,,,,,,,,https://fbref.com/en/squads/822bd0ba/2016-2017/Liverpool-Stats
2017,Lorient,Ligue 1,team,30.0,26.8,50.5,38.0,418.0,3420.0,38.0,43.0,30.0,73.0,39.0,4.0,6.0,0.0,0.0,,,1.13,0.79,1.92,1.03,1.82,,,,,,,,,,https://fbref.com/en/squads/d2c87802/2016-2017/Lorient-Stats
2017,Lorient,Ligue 1,opponent,30.0,26.2,49.5,38.0,418.0,3420.0,38.0,68.0,47.0,115.0,64.0,4.0,5.0,62.0,4.0,,,1.79,1.24,3.03,1.68,2.92,,,,,,,,,,https://fbref.com/en/squads/d2c87802/2016-2017/Lorient-Stats
2017,Lyon,Ligue 1,team,27.0,25.0,59.1,38.0,418.0,3420.0,38.0,74.0,44.0,118.0,62.0,12.0,14.0,0.0,2.0,,,1.95,1.16,3.11,1.63,2.79,,,,,,,,,,https://fbref.com/en/squads/d53c0b06/2016-2017/Lyon-Stats
2017,Lyon,Ligue 1,opponent,27.0,26.4,40.9,38.0,418.0,3420.0,38.0,47.0,34.0,81.0,42.0,5.0,6.0,89.0,9.0,,,1.24,0.89,2.13,1.11,2.0,,,,,,,,,,https://fbref.com/en/squads/d53c0b06/2016-2017/Lyon-Stats
2017,M'Gladbach,Bundesliga,team,24.0,25.3,53.9,34.0,374.0,3060.0,34.0,44.0,27.0,71.0,43.0,1.0,4.0,0.0,2.0,,,1.29,0.79,2.09,1.26,2.06,,,,,,,,,,https://fbref.com/en/squads/32f3ee20/2016-2017/Monchengladbach-Stats
2017,M'Gladbach,Bundesliga,opponent,24.0,25.9,46.1,34.0,374.0,3060.0,34.0,49.0,40.0,89.0,45.0,4.0,5.0,65.0,3.0,,,1.44,1.18,2.62,1.32,2.5,,,,,,,,,,https://fbref.com/en/squads/32f3ee20/2016-2017/Monchengladbach-Stats
2017,Mainz 05,Bundesliga,team,28.0,25.1,46.0,34.0,374.0,3060.0,34.0,43.0,28.0,71.0,36.0,7.0,7.0,0.0,3.0,,,1.26,0.82,2.09,1.06,1.88,,,,,,,,,,https://fbref.com/en/squads/a224b06a/2016-2017/Mainz-05-Stats
2017,Mainz 05,Bundesliga,opponent,28.0,25.8,54.0,34.0,374.0,3060.0,34.0,55.0,47.0,102.0,52.0,3.0,4.0,67.0,3.0,,,1.62,1.38,3.0,1.53,2.91,,,,,,,,,,https://fbref.com/en/squads/a224b06a/2016-2017/Mainz-05-Stats
2017,Manchester City,Premier League,team,25.0,28.5,65.0,38.0,418.0,3420.0,38.0,75.0,54.0,129.0,68.0,7.0,9.0,0.0,0.0,,,1.97,1.42,3.39,1.79,3.21,,,,,,,,,,https://fbref.com/en/squads/b8fd03ef/2016-2017/Manchester-City-Stats
2017,Manchester City,Premier League,opponent,25.0,27.3,35.0,38.0,418.0,3420.0,38.0,38.0,29.0,67.0,36.0,2.0,5.0,92.0,1.0,,,1.0,0.76,1.76,0.95,1.71,,,,,,,,,,https://fbref.com/en/squads/b8fd03ef/2016-2017/Manchester-City-Stats
2017,Manchester Utd,Premier League,team,31.0,26.7,56.5,38.0,418.0,3420.0,38.0,54.0,37.0,91.0,51.0,3.0,4.0,0.0,1.0,,,1.42,0.97,2.39,1.34,2.32,,,,,,,,,,https://fbref.com/en/squads/19538871/2016-2017/Manchester-United-Stats
2017,Manchester Utd,Premier League,opponent,31.0,27.4,43.5,38.0,418.0,3420.0,38.0,28.0,18.0,46.0,24.0,4.0,5.0,71.0,4.0,,,0.74,0.47,1.21,0.63,1.11,,,,,,,,,,https://fbref.com/en/squads/19538871/2016-2017/Manchester-United-Stats
2017,Marseille,Ligue 1,team,27.0,27.4,55.9,38.0,418.0,3420.0,38.0,56.0,37.0,93.0,52.0,4.0,4.0,0.0,1.0,,,1.47,0.97,2.45,1.37,2.34,,,,,,,,,,https://fbref.com/en/squads/5725cc7b/2016-2017/Marseille-Stats
2017,Marseille,Ligue 1,opponent,27.0,26.0,44.1,38.0,418.0,3420.0,38.0,40.0,26.0,66.0,38.0,2.0,2.0,45.0,2.0,,,1.05,0.68,1.74,1.0,1.68,,,,,,,,,,https://fbref.com/en/squads/5725cc7b/2016-2017/Marseille-Stats
2017,Metz,Ligue 1,team,31.0,26.5,42.4,38.0,418.0,3420.0,38.0,37.0,22.0,59.0,29.0,8.0,9.0,,,,,0.97,0.58,1.55,0.76,1.34,,,,,,,,,,https://fbref.com/en/squads/f83960ae/2016-2017/Metz-Stats
2017,Metz,Ligue 1,opponent,31.0,26.2,57.6,38.0,418.0,3420.0,38.0,71.0,53.0,124.0,66.0,5.0,7.0,59.0,2.0,,,1.87,1.39,3.26,1.74,3.13,,,,,,,,,,https://fbref.com/en/squads/f83960ae/2016-2017/Metz-Stats
2017,Middlesbrough,Premier League,team,27.0,27.3,47.3,38.0,418.0,3420.0,38.0,26.0,22.0,48.0,24.0,2.0,2.0,0.0,1.0,,,0.68,0.58,1.26,0.63,1.21,,,,,,,,,,https://fbref.com/en/squads/7f59c601/2016-2017/Middlesbrough-Stats
2017,Middlesbrough,Premier League,opponent,27.0,27.4,52.7,38.0,418.0,3420.0,38.0,53.0,37.0,90.0,49.0,4.0,5.0,63.0,0.0,,,1.39,0.97,2.37,1.29,2.26,,,,,,,,,,https://fbref.com/en/squads/7f59c601/2016-2017/Middlesbrough-Stats
2017,Milan,Serie A,team,28.0,25.0,54.1,38.0,418.0,3420.0,38.0,55.0,39.0,94.0,48.0,7.0,12.0,0.0,9.0,,,1.45,1.03,2.47,1.26,2.29,,,,,,,,,,https://fbref.com/en/squads/dc56fe14/2016-2017/Milan-Stats
2017,Milan,Serie A,opponent,28.0,26.9,45.9,38.0,418.0,3420.0,38.0,43.0,30.0,73.0,38.0,5.0,9.0,118.0,2.0,,,1.13,0.79,1.92,1.0,1.79,,,,,,,,,,https://fbref.com/en/squads/dc56fe14/2016-2017/Milan-Stats
2017,Monaco,Ligue 1,team,29.0,25.0,51.9,38.0,418.0,3420.0,38.0,103.0,62.0,165.0,92.0,11.0,11.0,0.0,1.0,,,2.71,1.63,4.34,2.42,4.05,,,,,,,,,,https://fbref.com/en/squads/fd6114db/2016-2017/Monaco-Stats
2017,Monaco,Ligue 1,opponent,29.0,26.3,48.1,38.0,418.0,3420.0,38.0,31.0,20.0,51.0,28.0,3.0,5.0,64.0,3.0,,,0.82,0.53,1.34,0.74,1.26,,,,,,,,,,https://fbref.com/en/squads/fd6114db/2016-2017/Monaco-Stats
2017,Montpellier,Ligue 1,team,32.0,26.8,49.4,38.0,418.0,3420.0,38.0,48.0,30.0,78.0,45.0,3.0,3.0,0.0,2.0,,,1.26,0.79,2.05,1.18,1.97,,,,,,,,,,https://fbref.com/en/squads/281b0e73/2016-2017/Montpellier-Stats
2017,Montpellier,Ligue 1,opponent,32.0,26.1,50.6,38.0,418.0,3420.0,38.0,64.0,42.0,106.0,57.0,7.0,7.0,61.0,4.0,,,1.68,1.11,2.79,1.5,2.61,,,,,,,,,,https://fbref.com/en/squads/281b0e73/2016-2017/Montpellier-Stats
2017,Málaga,La Liga,team,29.0,26.0,48.4,38.0,418.0,3420.0,38.0,48.0,33.0,81.0,45.0,3.0,5.0,111.0,7.0,,,1.26,0.87,2.13,1.18,2.05,,,,,,,,,,https://fbref.com/en/squads/1c896955/2016-2017/Malaga-Stats
2017,Málaga,La Liga,opponent,29.0,26.4,51.6,38.0,418.0,3420.0,38.0,55.0,38.0,93.0,49.0,6.0,7.0,107.0,8.0,,,1.45,1.0,2.45,1.29,2.29,,,,,,,,,,https://fbref.com/en/squads/1c896955/2016-2017/Malaga-Stats
2017,Nancy,Ligue 1,team,27.0,27.2,43.1,38.0,418.0,3420.0,38.0,29.0,22.0,51.0,28.0,1.0,3.0,0.0,1.0,,,0.76,0.58,1.34,0.74,1.32,,,,,,,,,,https://fbref.com/en/squads/e88fc6e5/2016-2017/Nancy-Stats
2017,Nancy,Ligue 1,opponent,27.0,26.4,56.9,38.0,418.0,3420.0,38.0,50.0,33.0,83.0,43.0,7.0,8.0,56.0,4.0,,,1.32,0.87,2.18,1.13,2.0,,,,,,,,,,https://fbref.com/en/squads/e88fc6e5/2016-2017/Nancy-Stats
2017,Nantes,Ligue 1,team,27.0,24.8,48.4,38.0,418.0,3420.0,38.0,40.0,31.0,71.0,38.0,2.0,4.0,0.0,1.0,,,1.05,0.82,1.87,1.0,1.82,,,,,,,,,,https://fbref.com/en/squads/d7a486cd/2016-2017/Nantes-Stats
2017,Nantes,Ligue 1,opponent,27.0,26.6,51.6,38.0,418.0,3420.0,38.0,53.0,30.0,83.0,44.0,9.0,9.0,60.0,5.0,,,1.39,0.79,2.18,1.16,1.95,,,,,,,,,,https://fbref.com/en/squads/d7a486cd/2016-2017/Nantes-Stats
2017,Napoli,Serie A,team,26.0,26.9,62.1,38.0,418.0,3420.0,38.0,94.0,68.0,162.0,89.0,5.0,6.0,0.0,0.0,,,2.47,1.79,4.26,2.34,4.13,,,,,,,,,,https://fbref.com/en/squads/d48ad4ff/2016-2017/Napoli-Stats
2017,Napoli,Serie A,opponent,26.0,26.9,37.9,38.0,418.0,3420.0,38.0,38.0,24.0,62.0,35.0,3.0,4.0,93.0,7.0,,,1.0,0.63,1.63,0.92,1.55,,,,,,,,,,https://fbref.com/en/squads/d48ad4ff/2016-2017/Napoli-Stats
2017,Nice,Ligue 1,team,27.0,24.3,58.9,38.0,418.0,3420.0,38.0,63.0,45.0,108.0,57.0,6.0,8.0,0.0,1.0,,,1.66,1.18,2.84,1.5,2.68,,,,,,,,,,https://fbref.com/en/squads/132ebc33/2016-2017/Nice-Stats
2017,Nice,Ligue 1,opponent,27.0,26.5,41.1,38.0,418.0,3420.0,38.0,35.0,22.0,57.0,31.0,4.0,4.0,81.0,6.0,,,0.92,0.58,1.5,0.82,1.39,,,,,,,,,,https://fbref.com/en/squads/132ebc33/2016-2017/Nice-Stats
2017,Osasuna,La Liga,team,35.0,26.3,39.0,38.0,418.0,3420.0,38.0,37.0,24.0,61.0,33.0,4.0,6.0,99.0,3.0,,,0.97,0.63,1.61,0.87,1.5,,,,,,,,,,https://fbref.com/en/squads/03c57e2b/2016-2017/Osasuna-Stats
2017,Osasuna,La Liga,opponent,35.0,26.4,61.0,38.0,418.0,3420.0,38.0,91.0,66.0,157.0,87.0,4.0,8.0,81.0,2.0,,,2.39,1.74,4.13,2.29,4.03,,,,,,,,,,https://fbref.com/en/squads/03c57e2b/2016-2017/Osasuna-Stats
2017,Palermo,Serie A,team,30.0,26.1,45.6,38.0,418.0,3420.0,38.0,33.0,24.0,57.0,32.0,1.0,1.0,0.0,6.0,,,0.87,0.63,1.5,0.84,1.47,,,,,,,,,,https://fbref.com/en/squads/ee058a17/2016-2017/Palermo-Stats
2017,Palermo,Serie A,opponent,30.0,27.0,54.4,38.0,418.0,3420.0,38.0,76.0,53.0,129.0,70.0,6.0,6.0,76.0,5.0,,,2.0,1.39,3.39,1.84,3.24,,,,,,,,,,https://fbref.com/en/squads/ee058a17/2016-2017/Palermo-Stats
2017,Paris S-G,Ligue 1,team,28.0,26.4,65.3,38.0,418.0,3420.0,38.0,79.0,54.0,133.0,70.0,9.0,10.0,0.0,1.0,,,2.08,1.42,3.5,1.84,3.26,,,,,,,,,,https://fbref.com/en/squads/e2d8892c/2016-2017/Paris-Saint-Germain-Stats
2017,Paris S-G,Ligue 1,opponent,28.0,26.5,34.7,38.0,418.0,3420.0,38.0,26.0,18.0,44.0,24.0,2.0,3.0,57.0,0.0,,,0.68,0.47,1.16,0.63,1.11,,,,,,,,,,https://fbref.com/en/squads/e2d8892c/2016-2017/Paris-Saint-Germain-Stats
2017,Pescara,Serie A,team,34.0,26.6,46.4,38.0,418.0,3420.0,38.0,32.0,27.0,59.0,30.0,2.0,6.0,0.0,3.0,,,0.84,0.71,1.55,0.79,1.5,,,,,,,,,,https://fbref.com/en/squads/b985784c/2016-2017/Pescara-Stats
2017,Pescara,Serie A,opponent,34.0,26.9,53.6,38.0,418.0,3420.0,38.0,82.0,65.0,147.0,76.0,6.0,6.0,75.0,7.0,,,2.16,1.71,3.87,2.0,3.71,,,,,,,,,,https://fbref.com/en/squads/b985784c/2016-2017/Pescara-Stats
2017,RB Leipzig,Bundesliga,team,23.0,24.0,53.0,34.0,374.0,3060.0,34.0,62.0,49.0,111.0,59.0,3.0,4.0,0.0,1.0,,,1.82,1.44,3.26,1.74,3.18,,,,,,,,,,https://fbref.com/en/squads/acbb6a5b/2016-2017/RB-Leipzig-Stats
2017,RB Leipzig,Bundesliga,opponent,23.0,26.0,47.0,34.0,374.0,3060.0,34.0,38.0,28.0,66.0,35.0,3.0,5.0,96.0,6.0,,,1.12,0.82,1.94,1.03,1.85,,,,,,,,,,https://fbref.com/en/squads/acbb6a5b/2016-2017/RB-Leipzig-Stats
2017,Real Madrid,La Liga,team,24.0,27.0,56.2,38.0,419.0,3420.0,38.0,106.0,83.0,189.0,100.0,6.0,8.0,76.0,2.0,,,2.79,2.18,4.97,2.63,4.82,,,,,,,,,,https://fbref.com/en/squads/53a2f082/2016-2017/Real-Madrid-Stats
2017,Real Madrid,La Liga,opponent,24.0,26.5,43.8,38.0,419.0,3420.0,38.0,40.0,30.0,70.0,38.0,2.0,4.0,116.0,4.0,,,1.05,0.79,1.84,1.0,1.79,,,,,,,,,,https://fbref.com/en/squads/53a2f082/2016-2017/Real-Madrid-Stats
2017,Real Sociedad,La Liga,team,27.0,26.0,56.7,38.0,418.0,3420.0,38.0,56.0,39.0,95.0,49.0,7.0,8.0,84.0,6.0,,,1.47,1.03,2.5,1.29,2.32,,,,,,,,,,https://fbref.com/en/squads/e31d1cd9/2016-2017/Real-Sociedad-Stats
2017,Real Sociedad,La Liga,opponent,27.0,26.4,43.3,38.0,418.0,3420.0,38.0,51.0,36.0,87.0,47.0,4.0,7.0,113.0,4.0,,,1.34,0.95,2.29,1.24,2.18,,,,,,,,,,https://fbref.com/en/squads/e31d1cd9/2016-2017/Real-Sociedad-Stats
2017,Rennes,Ligue 1,team,31.0,26.3,52.0,38.0,418.0,3420.0,38.0,35.0,25.0,60.0,33.0,2.0,3.0,,,,,0.92,0.66,1.58,0.87,1.53,,,,,,,,,,https://fbref.com/en/squads/b3072e00/2016-2017/Rennes-Stats
2017,Rennes,Ligue 1,opponent,31.0,26.2,48.0,38.0,418.0,3420.0,38.0,41.0,33.0,74.0,40.0,1.0,4.0,59.0,6.0,,,1.08,0.87,1.95,1.05,1.92,,,,,,,,,,https://fbref.com/en/squads/b3072e00/2016-2017/Rennes-Stats
2017,Roma,Serie A,team,22.0,26.7,57.1,38.0,418.0,3420.0,38.0,88.0,59.0,147.0,76.0,12.0,14.0,0.0,0.0,,,2.32,1.55,3.87,2.0,3.55,,,,,,,,,,https://fbref.com/en/squads/cf74a709/2016-2017/Roma-Stats
2017,Roma,Serie A,opponent,22.0,26.6,42.9,38.0,418.0,3420.0,38.0,38.0,31.0,69.0,36.0,2.0,4.0,82.0,3.0,,,1.0,0.82,1.82,0.95,1.76,,,,,,,,,,https://fbref.com/en/squads/cf74a709/2016-2017/Roma-Stats
2017,Saint-Étienne,Ligue 1,team,34.0,26.1,49.8,38.0,418.0,3420.0,38.0,40.0,26.0,66.0,35.0,5.0,6.0,,,,,1.05,0.68,1.74,0.92,1.61,,,,,,,,,,https://fbref.com/en/squads/d298ef2c/2016-2017/Saint-Etienne-Stats
2017,Saint-Étienne,Ligue 1,opponent,34.0,26.4,50.2,38.0,418.0,3420.0,38.0,42.0,33.0,75.0,40.0,2.0,4.0,71.0,8.0,,,1.11,0.87,1.97,1.05,1.92,,,,,,,,,,https://fbref.com/en/squads/d298ef2c/2016-2017/Saint-Etienne-Stats
2017,Sampdoria,Serie A,team,24.0,26.6,52.3,38.0,418.0,3420.0,38.0,45.0,31.0,76.0,38.0,7.0,8.0,0.0,1.0,,,1.18,0.82,2.0,1.0,1.82,,,,,,,,,,https://fbref.com/en/squads/8ff9e3b3/2016-2017/Sampdoria-Stats
2017,Sampdoria,Serie A,opponent,24.0,27.2,47.7,38.0,418.0,3420.0,38.0,55.0,46.0,101.0,49.0,6.0,8.0,96.0,8.0,,,1.45,1.21,2.66,1.29,2.5,,,,,,,,,,https://fbref.com/en/squads/8ff9e3b3/2016-2017/Sampdoria-Stats
2017,Sassuolo,Serie A,team,28.0,26.7,46.8,38.0,418.0,3420.0,38.0,59.0,36.0,95.0,50.0,9.0,10.0,0.0,0.0,,,1.55,0.95,2.5,1.32,2.26,,,,,,,,,,https://fbref.com/en/squads/e2befd26/2016-2017/Sassuolo-Stats
2017,Sassuolo,Serie A,opponent,28.0,27.0,53.2,38.0,418.0,3420.0,38.0,60.0,42.0,102.0,55.0,5.0,8.0,98.0,4.0,,,1.58,1.11,2.68,1.45,2.55,,,,,,,,,,https://fbref.com/en/squads/e2befd26/2016-2017/Sassuolo-Stats
2017,Schalke 04,Bundesliga,team,29.0,25.3,51.8,34.0,374.0,3060.0,34.0,45.0,30.0,75.0,43.0,2.0,4.0,0.0,0.0,,,1.32,0.88,2.21,1.26,2.15,,,,,,,,,,https://fbref.com/en/squads/c539e393/2016-2017/Schalke-04-Stats
2017,Schalke 04,Bundesliga,opponent,29.0,25.9,48.2,34.0,374.0,3060.0,34.0,39.0,32.0,71.0,33.0,6.0,10.0,57.0,1.0,,,1.15,0.94,2.09,0.97,1.91,,,,,,,,,,https://fbref.com/en/squads/c539e393/2016-2017/Schalke-04-Stats
2017,Sevilla,La Liga,team,28.0,26.8,59.2,38.0,418.0,3420.0,38.0,67.0,48.0,115.0,64.0,3.0,5.0,107.0,4.0,,,1.76,1.26,3.03,1.68,2.95,,,,,,,,,,https://fbref.com/en/squads/ad2be733/2016-2017/Sevilla-Stats
2017,Sevilla,La Liga,opponent,28.0,26.5,40.8,38.0,418.0,3420.0,38.0,48.0,29.0,77.0,44.0,4.0,5.0,115.0,6.0,,,1.26,0.76,2.03,1.16,1.92,,,,,,,,,,https://fbref.com/en/squads/ad2be733/2016-2017/Sevilla-Stats
2017,Southampton,Premier League,team,26.0,26.0,54.4,38.0,418.0,3420.0,38.0,39.0,27.0,66.0,36.0,3.0,6.0,0.0,1.0,,,1.03,0.71,1.74,0.95,1.66,,,,,,,,,,https://fbref.com/en/squads/33c895d4/2016-2017/Southampton-Stats
2017,Southampton,Premier League,opponent,26.0,27.4,45.6,38.0,418.0,3420.0,38.0,48.0,33.0,81.0,42.0,6.0,9.0,67.0,2.0,,,1.26,0.87,2.13,1.11,1.97,,,,,,,,,,https://fbref.com/en/squads/33c895d4/2016-2017/Southampton-Stats
2017,Sporting Gijón,La Liga,team,29.0,26.4,44.4,38.0,418.0,3420.0,38.0,42.0,26.0,68.0,38.0,4.0,7.0,114.0,4.0,,,1.11,0.68,1.79,1.0,1.68,,,,,,,,,,https://fbref.com/en/squads/bb9efd50/2016-2017/Sporting-Gijon-Stats
2017,Sporting Gijón,La Liga,opponent,29.0,26.5,55.6,38.0,418.0,3420.0,38.0,70.0,49.0,119.0,63.0,7.0,9.0,81.0,0.0,,,1.84,1.29,3.13,1.66,2.95,,,,,,,,,,https://fbref.com/en/squads/bb9efd50/2016-2017/Sporting-Gijon-Stats
2017,Stoke City,Premier League,team,26.0,28.7,46.3,38.0,418.0,3420.0,38.0,37.0,24.0,61.0,33.0,4.0,6.0,0.0,1.0,,,0.97,0.63,1.61,0.87,1.5,,,,,,,,,,https://fbref.com/en/squads/17892952/2016-2017/Stoke-City-Stats
2017,Stoke City,Premier League,opponent,26.0,27.4,53.7,38.0,418.0,3420.0,38.0,51.0,38.0,89.0,50.0,1.0,2.0,80.0,2.0,,,1.34,1.0,2.34,1.32,2.32,,,,,,,,,,https://fbref.com/en/squads/17892952/2016-2017/Stoke-City-Stats
2017,Sunderland,Premier League,team,31.0,26.8,39.7,38.0,418.0,3420.0,38.0,28.0,11.0,39.0,23.0,5.0,5.0,0.0,3.0,,,0.74,0.29,1.03,0.61,0.89,,,,,,,,,,https://fbref.com/en/squads/8ef52968/2016-2017/Sunderland-Stats
2017,Sunderland,Premier League,opponent,31.0,27.5,60.3,38.0,418.0,3420.0,38.0,67.0,51.0,118.0,63.0,4.0,4.0,58.0,1.0,,,1.76,1.34,3.11,1.66,3.0,,,,,,,,,,https://fbref.com/en/squads/8ef52968/2016-2017/Sunderland-Stats
2017,Swansea City,Premier League,team,27.0,27.4,47.9,38.0,418.0,3420.0,38.0,45.0,31.0,76.0,42.0,3.0,3.0,0.0,0.0,,,1.18,0.82,2.0,1.11,1.92,,,,,,,,,,https://fbref.com/en/squads/fb10988f/2016-2017/Swansea-City-Stats
2017,Swansea City,Premier League,opponent,27.0,27.6,52.1,38.0,418.0,3420.0,38.0,65.0,44.0,109.0,59.0,6.0,8.0,65.0,1.0,,,1.71,1.16,2.87,1.55,2.71,,,,,,,,,,https://fbref.com/en/squads/fb10988f/2016-2017/Swansea-City-Stats
2017,Torino,Serie A,team,29.0,26.4,50.7,38.0,418.0,3420.0,38.0,70.0,54.0,124.0,65.0,5.0,9.0,0.0,3.0,,,1.84,1.42,3.26,1.71,3.13,,,,,,,,,,https://fbref.com/en/squads/105360fe/2016-2017/Torino-Stats
2017,Torino,Serie A,opponent,29.0,27.0,49.3,38.0,418.0,3420.0,38.0,65.0,40.0,105.0,58.0,7.0,7.0,77.0,5.0,,,1.71,1.05,2.76,1.53,2.58,,,,,,,,,,https://fbref.com/en/squads/105360fe/2016-2017/Torino-Stats
2017,Tottenham,Premier League,team,24.0,25.3,60.5,38.0,418.0,3420.0,38.0,84.0,59.0,143.0,77.0,7.0,9.0,0.0,0.0,,,2.21,1.55,3.76,2.03,3.58,,,,,,,,,,https://fbref.com/en/squads/361ca564/2016-2017/Tottenham-Hotspur-Stats
2017,Tottenham,Premier League,opponent,24.0,27.4,39.5,38.0,418.0,3420.0,38.0,25.0,15.0,40.0,23.0,2.0,2.0,90.0,3.0,,,0.66,0.39,1.05,0.61,1.0,,,,,,,,,,https://fbref.com/en/squads/361ca564/2016-2017/Tottenham-Hotspur-Stats
2017,Toulouse,Ligue 1,team,30.0,23.3,45.4,38.0,418.0,3420.0,38.0,37.0,22.0,59.0,31.0,6.0,9.0,,,,,0.97,0.58,1.55,0.82,1.39,,,,,,,,,,https://fbref.com/en/squads/3f8c4b5f/2016-2017/Toulouse-Stats
2017,Toulouse,Ligue 1,opponent,30.0,26.4,54.6,38.0,418.0,3420.0,38.0,41.0,25.0,66.0,33.0,8.0,9.0,87.0,6.0,,,1.08,0.66,1.74,0.87,1.53,,,,,,,,,,https://fbref.com/en/squads/3f8c4b5f/2016-2017/Toulouse-Stats
2017,Udinese,Serie A,team,29.0,26.7,41.8,38.0,418.0,3420.0,38.0,47.0,29.0,76.0,45.0,2.0,3.0,0.0,0.0,,,1.24,0.76,2.0,1.18,1.95,,,,,,,,,,https://fbref.com/en/squads/04eea015/2016-2017/Udinese-Stats
2017,Udinese,Serie A,opponent,29.0,27.0,58.2,38.0,418.0,3420.0,38.0,54.0,36.0,90.0,46.0,8.0,9.0,74.0,7.0,,,1.42,0.95,2.37,1.21,2.16,,,,,,,,,,https://fbref.com/en/squads/04eea015/2016-2017/Udinese-Stats
2017,Valencia,La Liga,team,31.0,25.9,48.8,38.0,418.0,3420.0,38.0,53.0,38.0,91.0,49.0,4.0,6.0,111.0,6.0,,,1.39,1.0,2.39,1.29,2.29,,,,,,,,,,https://fbref.com/en/squads/dcc91a7b/2016-2017/Valencia-Stats
2017,Valencia,La Liga,opponent,31.0,26.5,51.2,38.0,418.0,3420.0,38.0,63.0,46.0,109.0,57.0,6.0,13.0,96.0,1.0,,,1.66,1.21,2.87,1.5,2.71,,,,,,,,,,https://fbref.com/en/squads/dcc91a7b/2016-2017/Valencia-Stats
2017,Villarreal,La Liga,team,27.0,26.7,49.3,38.0,418.0,3420.0,38.0,55.0,36.0,91.0,49.0,6.0,8.0,90.0,4.0,,,1.45,0.95,2.39,1.29,2.24,,,,,,,,,,https://fbref.com/en/squads/2a8183b3/2016-2017/Villarreal-Stats
2017,Villarreal,La Liga,opponent,27.0,26.4,50.7,38.0,418.0,3420.0,38.0,33.0,18.0,51.0,28.0,5.0,6.0,98.0,2.0,,,0.87,0.47,1.34,0.74,1.21,,,,,,,,,,https://fbref.com/en/squads/2a8183b3/2016-2017/Villarreal-Stats
2017,Watford,Premier League,team,33.0,29.0,46.1,38.0,418.0,3420.0,38.0,39.0,27.0,66.0,36.0,3.0,3.0,0.0,3.0,,,1.03,0.71,1.74,0.95,1.66,,,,,,,,,,https://fbref.com/en/squads/2abfe087/2016-2017/Watford-Stats
2017,Watford,Premier League,opponent,33.0,27.2,53.9,38.0,418.0,3420.0,38.0,66.0,47.0,113.0,63.0,3.0,4.0,62.0,3.0,,,1.74,1.24,2.97,1.66,2.89,,,,,,,,,,https://fbref.com/en/squads/2abfe087/2016-2017/Watford-Stats
2017,Werder Bremen,Bundesliga,team,31.0,27.0,44.6,34.0,374.0,3060.0,34.0,61.0,39.0,100.0,55.0,6.0,6.0,0.0,0.0,,,1.79,1.15,2.94,1.62,2.76,,,,,,,,,,https://fbref.com/en/squads/62add3bf/2016-2017/Werder-Bremen-Stats
2017,Werder Bremen,Bundesliga,opponent,31.0,25.8,55.4,34.0,374.0,3060.0,34.0,63.0,42.0,105.0,55.0,8.0,10.0,64.0,1.0,,,1.85,1.24,3.09,1.62,2.85,,,,,,,,,,https://fbref.com/en/squads/62add3bf/2016-2017/Werder-Bremen-Stats
2017,West Brom,Premier League,team,23.0,29.4,37.3,38.0,418.0,3420.0,38.0,43.0,33.0,76.0,42.0,1.0,1.0,0.0,0.0,,,1.13,0.87,2.0,1.11,1.97,,,,,,,,,,https://fbref.com/en/squads/60c6b05f/2016-2017/West-Bromwich-Albion-Stats
2017,West Brom,Premier League,opponent,23.0,27.3,62.7,38.0,418.0,3420.0,38.0,50.0,39.0,89.0,47.0,3.0,3.0,55.0,3.0,,,1.32,1.03,2.34,1.24,2.26,,,,,,,,,,https://fbref.com/en/squads/60c6b05f/2016-2017/West-Bromwich-Albion-Stats
2017,West Ham,Premier League,team,29.0,27.1,47.1,38.0,418.0,3420.0,38.0,46.0,28.0,74.0,43.0,3.0,4.0,0.0,4.0,,,1.21,0.74,1.95,1.13,1.87,,,,,,,,,,https://fbref.com/en/squads/7c21e445/2016-2017/West-Ham-United-Stats
2017,West Ham,Premier League,opponent,29.0,27.3,52.9,38.0,418.0,3420.0,38.0,64.0,46.0,110.0,59.0,5.0,8.0,83.0,1.0,,,1.68,1.21,2.89,1.55,2.76,,,,,,,,,,https://fbref.com/en/squads/7c21e445/2016-2017/West-Ham-United-Stats
2017,Wolfsburg,Bundesliga,team,31.0,25.7,51.7,34.0,374.0,3060.0,34.0,32.0,23.0,55.0,29.0,3.0,3.0,0.0,2.0,,,0.94,0.68,1.62,0.85,1.53,,,,,,,,,,https://fbref.com/en/squads/4eaa11d7/2016-2017/Wolfsburg-Stats
2017,Wolfsburg,Bundesliga,opponent,31.0,25.8,48.3,34.0,374.0,3060.0,34.0,51.0,33.0,84.0,49.0,2.0,5.0,62.0,2.0,,,1.5,0.97,2.47,1.44,2.41,,,,,,,,,,https://fbref.com/en/squads/4eaa11d7/2016-2017/Wolfsburg-Stats
2018,Alavés,La Liga,team,30.0,25.5,40.3,38.0,418.0,3420.0,38.0,40.0,31.0,71.0,39.0,1.0,3.0,105.0,4.0,454.0,1045.0,1.05,0.82,1.87,1.03,1.84,38.5,36.1,27.7,63.8,1.01,0.73,1.74,0.95,1.68,https://fbref.com/en/squads/8d6fd021/2017-2018/Alaves-Stats
2018,Alavés,La Liga,opponent,30.0,26.8,59.7,38.0,418.0,3420.0,38.0,48.0,28.0,76.0,41.0,7.0,10.0,84.0,4.0,751.0,1842.0,1.26,0.74,2.0,1.08,1.82,55.9,48.6,38.8,87.4,1.47,1.02,2.49,1.28,2.3,https://fbref.com/en/squads/8d6fd021/2017-2018/Alaves-Stats
2018,Amiens,Ligue 1,team,30.0,27.5,43.3,38.0,418.0,3420.0,38.0,36.0,24.0,60.0,33.0,3.0,4.0,72.0,5.0,547.0,1178.0,0.95,0.63,1.58,0.87,1.5,32.8,29.8,21.3,51.1,0.86,0.56,1.42,0.78,1.35,https://fbref.com/en/squads/25622401/2017-2018/Amiens-Stats
2018,Amiens,Ligue 1,opponent,30.0,26.0,56.7,38.0,418.0,3420.0,38.0,42.0,30.0,72.0,38.0,4.0,4.0,55.0,2.0,807.0,1751.0,1.11,0.79,1.89,1.0,1.79,54.9,51.9,40.2,92.1,1.45,1.06,2.5,1.36,2.42,https://fbref.com/en/squads/25622401/2017-2018/Amiens-Stats
2018,Angers,Ligue 1,team,27.0,27.1,45.1,38.0,418.0,3420.0,38.0,41.0,30.0,71.0,37.0,4.0,4.0,68.0,3.0,699.0,1430.0,1.08,0.79,1.87,0.97,1.76,47.6,44.5,35.3,79.8,1.25,0.93,2.18,1.17,2.1,https://fbref.com/en/squads/69236f98/2017-2018/Angers-Stats
2018,Angers,Ligue 1,opponent,27.0,25.8,54.9,38.0,418.0,3420.0,38.0,48.0,34.0,82.0,41.0,7.0,7.0,83.0,7.0,749.0,1777.0,1.26,0.89,2.16,1.08,1.97,45.8,40.3,33.4,73.8,1.21,0.88,2.09,1.06,1.94,https://fbref.com/en/squads/69236f98/2017-2018/Angers-Stats
2018,Arsenal,Premier League,team,30.0,26.8,61.4,38.0,418.0,3420.0,38.0,73.0,61.0,134.0,69.0,4.0,5.0,,,915.0,2223.0,1.92,1.61,3.53,1.82,3.42,68.3,64.3,53.3,117.6,1.8,1.4,3.2,1.69,3.1,https://fbref.com/en/squads/18bb7c10/2017-2018/Arsenal-Stats
2018,Arsenal,Premier League,opponent,30.0,27.0,38.6,38.0,418.0,3420.0,38.0,51.0,38.0,89.0,46.0,5.0,6.0,52.0,4.0,637.0,1188.0,1.34,1.0,2.34,1.21,2.21,47.8,43.1,32.9,75.9,1.26,0.87,2.12,1.13,2.0,https://fbref.com/en/squads/18bb7c10/2017-2018/Arsenal-Stats
2018,Atalanta,Serie A,team,25.0,25.7,55.4,38.0,418.0,3420.0,38.0,57.0,38.0,95.0,52.0,5.0,9.0,,,933.0,1920.0,1.5,1.0,2.5,1.37,2.37,64.1,57.2,44.7,101.8,1.69,1.18,2.86,1.5,2.68,https://fbref.com/en/squads/922493f3/2017-2018/Atalanta-Stats
2018,Atalanta,Serie A,opponent,25.0,27.1,44.6,38.0,418.0,3420.0,38.0,39.0,29.0,68.0,38.0,1.0,2.0,81.0,5.0,581.0,1321.0,1.03,0.76,1.79,1.0,1.76,36.6,35.1,27.1,62.3,0.96,0.71,1.68,0.92,1.64,https://fbref.com/en/squads/922493f3/2017-2018/Atalanta-Stats
2018,Athletic Club,La Liga,team,26.0,26.7,49.6,38.0,418.0,3420.0,38.0,39.0,25.0,64.0,33.0,6.0,8.0,93.0,0.0,652.0,1519.0,1.03,0.66,1.68,0.87,1.53,49.7,43.8,33.7,77.5,1.31,0.89,2.19,1.15,2.04,https://fbref.com/en/squads/2b390eca/2017-2018/Athletic-Club-Stats
2018,Athletic Club,La Liga,opponent,26.0,27.0,50.4,38.0,418.0,3420.0,38.0,46.0,33.0,79.0,43.0,3.0,6.0,106.0,8.0,666.0,1311.0,1.21,0.87,2.08,1.13,2.0,50.3,45.6,37.1,82.6,1.32,0.98,2.3,1.2,2.17,https://fbref.com/en/squads/2b390eca/2017-2018/Athletic-Club-Stats
2018,Atlético Madrid,La Liga,team,26.0,26.6,47.5,38.0,418.0,3420.0,38.0,57.0,41.0,98.0,53.0,4.0,5.0,93.0,5.0,703.0,1460.0,1.5,1.08,2.58,1.39,2.47,50.2,46.3,36.6,82.9,1.32,0.96,2.28,1.22,2.18,https://fbref.com/en/squads/db3b9613/2017-2018/Atletico-Madrid-Stats
2018,Atlético Madrid,La Liga,opponent,26.0,26.8,52.5,38.0,418.0,3420.0,38.0,21.0,17.0,38.0,20.0,1.0,4.0,98.0,0.0,737.0,1677.0,0.55,0.45,1.0,0.53,0.97,35.8,32.6,27.6,60.2,0.94,0.73,1.67,0.86,1.58,https://fbref.com/en/squads/db3b9613/2017-2018/Atletico-Madrid-Stats
2018,Augsburg,Bundesliga,team,27.0,26.6,45.7,34.0,374.0,3060.0,34.0,41.0,30.0,71.0,37.0,4.0,4.0,,,524.0,1117.0,1.21,0.88,2.09,1.09,1.97,44.7,41.6,32.3,73.9,1.32,0.95,2.27,1.22,2.17,https://fbref.com/en/squads/0cdc4311/2017-2018/Augsburg-Stats
2018,Augsburg,Bundesliga,opponent,27.0,25.7,54.3,34.0,374.0,3060.0,34.0,46.0,32.0,78.0,44.0,2.0,3.0,51.0,2.0,562.0,1476.0,1.35,0.94,2.29,1.29,2.24,41.4,39.1,29.9,69.0,1.22,0.88,2.1,1.15,2.03,https://fbref.com/en/squads/0cdc4311/2017-2018/Augsburg-Stats
2018,Barcelona,La Liga,team,25.0,27.7,62.8,38.0,418.0,3420.0,38.0,96.0,74.0,170.0,93.0,3.0,5.0,67.0,2.0,1025.0,2151.0,2.53,1.95,4.47,2.45,4.39,83.5,80.1,64.6,144.7,2.2,1.7,3.9,2.11,3.81,https://fbref.com/en/squads/206d90db/2017-2018/Barcelona-Stats
2018,Barcelona,La Liga,opponent,25.0,26.7,37.2,38.0,418.0,3420.0,38.0,29.0,22.0,51.0,27.0,2.0,2.0,99.0,4.0,632.0,1190.0,0.76,0.58,1.34,0.71,1.29,41.9,40.5,32.3,72.8,1.1,0.85,1.95,1.06,1.91,https://fbref.com/en/squads/206d90db/2017-2018/Barcelona-Stats
2018,Bayern Munich,Bundesliga,team,28.0,27.4,66.1,34.0,374.0,3060.0,34.0,90.0,72.0,162.0,84.0,6.0,8.0,,,755.0,2333.0,2.65,2.12,4.76,2.47,4.59,75.8,69.8,58.8,128.5,2.23,1.73,3.96,2.05,3.78,https://fbref.com/en/squads/054efa67/2017-2018/Bayern-Munich-Stats
2018,Bayern Munich,Bundesliga,opponent,28.0,25.3,33.9,34.0,374.0,3060.0,34.0,25.0,18.0,43.0,24.0,1.0,4.0,49.0,2.0,440.0,866.0,0.74,0.53,1.26,0.71,1.24,31.7,28.4,20.9,49.3,0.93,0.61,1.55,0.84,1.45,https://fbref.com/en/squads/054efa67/2017-2018/Bayern-Munich-Stats
2018,Benevento,Serie A,team,41.0,26.0,47.5,38.0,418.0,3420.0,38.0,32.0,23.0,55.0,30.0,2.0,3.0,,,772.0,1216.0,0.84,0.61,1.45,0.79,1.39,38.3,36.0,28.8,64.7,1.01,0.76,1.77,0.95,1.7,https://fbref.com/en/squads/4fcb34fd/2017-2018/Benevento-Stats
2018,Benevento,Serie A,opponent,41.0,27.1,52.5,38.0,418.0,3420.0,38.0,82.0,61.0,143.0,72.0,10.0,13.0,68.0,2.0,778.0,1860.0,2.16,1.61,3.76,1.89,3.5,73.2,63.0,50.0,113.0,1.93,1.32,3.24,1.66,2.97,https://fbref.com/en/squads/4fcb34fd/2017-2018/Benevento-Stats
2018,Betis,La Liga,team,29.0,27.1,56.9,38.0,418.0,3420.0,38.0,56.0,43.0,99.0,54.0,2.0,3.0,90.0,3.0,736.0,1506.0,1.47,1.13,2.61,1.42,2.55,46.0,43.7,35.2,78.9,1.21,0.93,2.14,1.15,2.08,https://fbref.com/en/squads/fc536746/2017-2018/Real-Betis-Stats
2018,Betis,La Liga,opponent,29.0,26.8,43.1,38.0,418.0,3420.0,38.0,57.0,45.0,102.0,54.0,3.0,4.0,96.0,4.0,622.0,1354.0,1.5,1.18,2.68,1.42,2.61,49.0,45.8,35.9,81.7,1.29,0.95,2.24,1.2,2.15,https://fbref.com/en/squads/fc536746/2017-2018/Real-Betis-Stats
2018,Bologna,Serie A,team,30.0,26.8,46.8,38.0,418.0,3420.0,38.0,37.0,18.0,55.0,35.0,2.0,3.0,,,586.0,1344.0,0.97,0.47,1.45,0.92,1.39,36.6,34.3,24.3,58.6,0.96,0.64,1.6,0.9,1.54,https://fbref.com/en/squads/1d8099f8/2017-2018/Bologna-Stats
2018,Bologna,Serie A,opponent,30.0,27.1,53.2,38.0,418.0,3420.0,38.0,49.0,36.0,85.0,46.0,3.0,4.0,67.0,3.0,756.0,1844.0,1.29,0.95,2.24,1.21,2.16,51.4,48.2,38.2,86.4,1.35,1.0,2.36,1.27,2.27,https://fbref.com/en/squads/1d8099f8/2017-2018/Bologna-Stats
2018,Bordeaux,Ligue 1,team,31.0,25.1,50.6,38.0,418.0,3420.0,38.0,52.0,36.0,88.0,48.0,4.0,6.0,73.0,2.0,875.0,1501.0,1.37,0.95,2.32,1.26,2.21,51.0,46.1,35.9,82.0,1.34,0.94,2.29,1.21,2.16,https://fbref.com/en/squads/123f3efe/2017-2018/Bordeaux-Stats
2018,Bordeaux,Ligue 1,opponent,31.0,25.8,49.4,38.0,418.0,3420.0,38.0,47.0,30.0,77.0,43.0,4.0,8.0,73.0,3.0,660.0,1408.0,1.24,0.79,2.03,1.13,1.92,43.6,37.7,28.0,65.7,1.15,0.74,1.88,0.99,1.73,https://fbref.com/en/squads/123f3efe/2017-2018/Bordeaux-Stats
2018,Bournemouth,Premier League,team,22.0,26.9,48.1,38.0,418.0,3420.0,38.0,45.0,36.0,81.0,42.0,3.0,3.0,,,702.0,1526.0,1.18,0.95,2.13,1.11,2.05,38.8,36.4,29.1,65.5,1.02,0.77,1.79,0.96,1.72,https://fbref.com/en/squads/4ba7cbea/2017-2018/Bournemouth-Stats
2018,Bournemouth,Premier League,opponent,22.0,26.9,51.9,38.0,418.0,3420.0,38.0,60.0,44.0,104.0,58.0,2.0,3.0,73.0,1.0,700.0,1665.0,1.58,1.16,2.74,1.53,2.68,59.2,56.8,43.7,100.5,1.56,1.15,2.71,1.5,2.65,https://fbref.com/en/squads/4ba7cbea/2017-2018/Bournemouth-Stats
2018,Brighton,Premier League,team,24.0,27.5,43.7,38.0,418.0,3420.0,38.0,33.0,25.0,58.0,28.0,5.0,7.0,,,523.0,1230.0,0.87,0.66,1.53,0.74,1.39,37.0,31.8,26.2,58.0,0.97,0.69,1.66,0.84,1.53,https://fbref.com/en/squads/d07537b9/2017-2018/Brighton-and-Hove-Albion-Stats
2018,Brighton,Premier League,opponent,24.0,27.0,56.3,38.0,418.0,3420.0,38.0,49.0,36.0,85.0,48.0,1.0,3.0,30.0,2.0,829.0,1816.0,1.29,0.95,2.24,1.26,2.21,50.8,48.4,34.1,82.5,1.34,0.9,2.23,1.27,2.17,https://fbref.com/en/squads/d07537b9/2017-2018/Brighton-and-Hove-Albion-Stats
2018,Burnley,Premier League,team,24.0,27.5,43.7,38.0,418.0,3420.0,38.0,35.0,26.0,61.0,35.0,0.0,0.0,,,431.0,1103.0,0.92,0.68,1.61,0.92,1.61,32.3,32.3,23.6,55.9,0.85,0.62,1.47,0.85,1.47,https://fbref.com/en/squads/943e8050/2017-2018/Burnley-Stats
2018,Burnley,Premier League,opponent,24.0,27.0,56.3,38.0,418.0,3420.0,38.0,38.0,29.0,67.0,35.0,3.0,5.0,45.0,6.0,866.0,1572.0,1.0,0.76,1.76,0.92,1.68,51.2,47.7,38.0,85.8,1.35,1.0,2.35,1.26,2.26,https://fbref.com/en/squads/943e8050/2017-2018/Burnley-Stats
2018,Caen,Ligue 1,team,26.0,27.3,45.5,38.0,418.0,3420.0,38.0,25.0,19.0,44.0,20.0,5.0,8.0,68.0,4.0,598.0,1548.0,0.66,0.5,1.16,0.53,1.03,42.8,36.6,29.6,66.3,1.13,0.78,1.91,0.96,1.74,https://fbref.com/en/squads/74229020/2017-2018/Caen-Stats
2018,Caen,Ligue 1,opponent,26.0,25.9,54.5,38.0,418.0,3420.0,38.0,48.0,31.0,79.0,43.0,5.0,5.0,73.0,2.0,666.0,1553.0,1.26,0.82,2.08,1.13,1.95,48.0,44.1,34.2,78.3,1.26,0.9,2.16,1.16,2.06,https://fbref.com/en/squads/74229020/2017-2018/Caen-Stats
2018,Cagliari,Serie A,team,29.0,27.1,45.3,38.0,418.0,3420.0,38.0,33.0,21.0,54.0,29.0,4.0,7.0,,,464.0,1348.0,0.87,0.55,1.42,0.76,1.32,39.7,34.2,27.4,61.6,1.04,0.72,1.77,0.9,1.62,https://fbref.com/en/squads/c4260e09/2017-2018/Cagliari-Stats
2018,Cagliari,Serie A,opponent,29.0,27.1,54.7,38.0,418.0,3420.0,38.0,60.0,42.0,102.0,52.0,8.0,12.0,72.0,3.0,709.0,1739.0,1.58,1.11,2.68,1.37,2.47,59.2,49.9,41.5,91.4,1.56,1.09,2.65,1.31,2.41,https://fbref.com/en/squads/c4260e09/2017-2018/Cagliari-Stats
2018,Celta Vigo,La Liga,team,23.0,25.7,55.7,38.0,418.0,3420.0,38.0,57.0,45.0,102.0,55.0,2.0,3.0,85.0,1.0,724.0,1595.0,1.5,1.18,2.68,1.45,2.63,55.0,52.6,43.0,95.6,1.45,1.13,2.58,1.39,2.52,https://fbref.com/en/squads/f25da7fb/2017-2018/Celta-Vigo-Stats
2018,Celta Vigo,La Liga,opponent,23.0,26.8,44.3,38.0,418.0,3420.0,38.0,59.0,48.0,107.0,55.0,4.0,5.0,97.0,1.0,611.0,1361.0,1.55,1.26,2.82,1.45,2.71,55.3,51.4,41.5,92.9,1.46,1.09,2.55,1.35,2.44,https://fbref.com/en/squads/f25da7fb/2017-2018/Celta-Vigo-Stats
2018,Chelsea,Premier League,team,26.0,26.7,55.6,38.0,418.0,3420.0,38.0,60.0,42.0,102.0,57.0,3.0,3.0,,,1045.0,1998.0,1.58,1.11,2.68,1.5,2.61,54.4,52.0,41.5,93.5,1.43,1.09,2.52,1.37,2.46,https://fbref.com/en/squads/cff3d9bb/2017-2018/Chelsea-Stats
2018,Chelsea,Premier League,opponent,26.0,26.9,44.4,38.0,418.0,3420.0,38.0,36.0,26.0,62.0,34.0,2.0,2.0,75.0,1.0,582.0,1400.0,0.95,0.68,1.63,0.89,1.58,33.8,32.2,24.4,56.7,0.89,0.64,1.53,0.85,1.49,https://fbref.com/en/squads/cff3d9bb/2017-2018/Chelsea-Stats
2018,Chievo,Serie A,team,25.0,30.3,44.4,38.0,418.0,3420.0,38.0,36.0,20.0,56.0,35.0,1.0,2.0,,,554.0,1358.0,0.95,0.53,1.47,0.92,1.45,34.1,32.5,25.2,57.7,0.9,0.66,1.56,0.85,1.52,https://fbref.com/en/squads/cc919b35/2017-2018/Chievo-Stats
2018,Chievo,Serie A,opponent,25.0,26.6,55.6,38.0,418.0,3420.0,38.0,55.0,34.0,89.0,51.0,4.0,7.0,57.0,6.0,873.0,1719.0,1.45,0.89,2.34,1.34,2.24,55.2,49.9,39.1,89.1,1.45,1.03,2.48,1.31,2.34,https://fbref.com/en/squads/cc919b35/2017-2018/Chievo-Stats
2018,Crotone,Serie A,team,29.0,25.6,39.9,38.0,418.0,3420.0,38.0,38.0,21.0,59.0,36.0,2.0,3.0,,,472.0,1250.0,1.0,0.55,1.55,0.95,1.5,34.6,32.2,23.4,55.6,0.91,0.62,1.53,0.85,1.46,https://fbref.com/en/squads/3074d7b1/2017-2018/Crotone-Stats
2018,Crotone,Serie A,opponent,29.0,27.1,60.1,38.0,418.0,3420.0,38.0,66.0,46.0,112.0,60.0,6.0,8.0,76.0,2.0,810.0,1894.0,1.74,1.21,2.95,1.58,2.79,58.6,52.4,41.0,93.4,1.54,1.08,2.62,1.38,2.46,https://fbref.com/en/squads/3074d7b1/2017-2018/Crotone-Stats
2018,Crystal Palace,Premier League,team,28.0,27.1,45.2,38.0,418.0,3420.0,38.0,44.0,26.0,70.0,36.0,8.0,10.0,,,727.0,1308.0,1.16,0.68,1.84,0.95,1.63,53.5,45.9,33.3,79.2,1.41,0.88,2.28,1.21,2.08,https://fbref.com/en/squads/47c64c55/2017-2018/Crystal-Palace-Stats
2018,Crystal Palace,Premier League,opponent,28.0,27.0,54.8,38.0,418.0,3420.0,38.0,53.0,40.0,93.0,51.0,2.0,2.0,72.0,3.0,744.0,1724.0,1.39,1.05,2.45,1.34,2.39,48.2,46.7,36.2,82.8,1.27,0.95,2.22,1.23,2.18,https://fbref.com/en/squads/47c64c55/2017-2018/Crystal-Palace-Stats
2018,Dijon,Ligue 1,team,26.0,26.6,48.4,38.0,418.0,3420.0,38.0,52.0,36.0,88.0,47.0,5.0,5.0,69.0,5.0,659.0,1320.0,1.37,0.95,2.32,1.24,2.18,41.6,37.8,29.2,67.0,1.09,0.77,1.86,1.0,1.76,https://fbref.com/en/squads/8dfb7350/2017-2018/Dijon-Stats
2018,Dijon,Ligue 1,opponent,26.0,25.8,51.6,38.0,418.0,3420.0,38.0,70.0,46.0,116.0,59.0,11.0,14.0,59.0,3.0,783.0,1635.0,1.84,1.21,3.05,1.55,2.76,63.8,52.7,39.8,92.6,1.68,1.05,2.73,1.39,2.44,https://fbref.com/en/squads/8dfb7350/2017-2018/Dijon-Stats
2018,Dortmund,Bundesliga,team,30.0,25.9,59.1,34.0,374.0,3060.0,34.0,62.0,44.0,106.0,59.0,3.0,6.0,,,733.0,1712.0,1.82,1.29,3.12,1.74,3.03,66.0,61.4,48.9,110.3,1.94,1.44,3.38,1.81,3.24,https://fbref.com/en/squads/add600ae/2017-2018/Dortmund-Stats
2018,Dortmund,Bundesliga,opponent,30.0,25.6,40.9,34.0,374.0,3060.0,34.0,47.0,35.0,82.0,44.0,3.0,3.0,57.0,3.0,506.0,1132.0,1.38,1.03,2.41,1.29,2.32,42.2,40.1,31.1,71.2,1.24,0.91,2.16,1.18,2.09,https://fbref.com/en/squads/add600ae/2017-2018/Dortmund-Stats
2018,Eibar,La Liga,team,27.0,27.4,52.0,38.0,418.0,3420.0,38.0,43.0,31.0,74.0,41.0,2.0,3.0,84.0,3.0,635.0,1468.0,1.13,0.82,1.95,1.08,1.89,40.9,38.6,30.2,68.8,1.08,0.79,1.87,1.02,1.81,https://fbref.com/en/squads/bea5c710/2017-2018/Eibar-Stats
2018,Eibar,La Liga,opponent,27.0,26.8,48.0,38.0,418.0,3420.0,38.0,47.0,36.0,83.0,43.0,4.0,4.0,78.0,6.0,488.0,1056.0,1.24,0.95,2.18,1.13,2.08,44.4,41.3,34.4,75.7,1.17,0.91,2.08,1.09,1.99,https://fbref.com/en/squads/bea5c710/2017-2018/Eibar-Stats
2018,Eint Frankfurt,Bundesliga,team,28.0,26.4,47.9,34.0,374.0,3060.0,34.0,44.0,34.0,78.0,42.0,2.0,2.0,,,492.0,1292.0,1.29,1.0,2.29,1.24,2.24,42.2,40.9,30.7,71.6,1.24,0.9,2.14,1.2,2.11,https://fbref.com/en/squads/f0ac8ee6/2017-2018/Eintracht-Frankfurt-Stats
2018,Eint Frankfurt,Bundesliga,opponent,28.0,25.5,52.1,34.0,374.0,3060.0,34.0,43.0,32.0,75.0,41.0,2.0,3.0,52.0,1.0,555.0,1265.0,1.26,0.94,2.21,1.21,2.15,41.7,39.4,29.6,69.1,1.23,0.87,2.1,1.16,2.03,https://fbref.com/en/squads/f0ac8ee6/2017-2018/Eintracht-Frankfurt-Stats
2018,Espanyol,La Liga,team,25.0,26.8,46.9,38.0,418.0,3420.0,38.0,33.0,24.0,57.0,31.0,2.0,3.0,87.0,1.0,532.0,1276.0,0.87,0.63,1.5,0.82,1.45,41.1,38.7,27.8,66.4,1.08,0.73,1.81,1.02,1.75,https://fbref.com/en/squads/a8661628/2017-2018/Espanyol-Stats
2018,Espanyol,La Liga,opponent,25.0,26.5,53.1,38.0,418.0,3420.0,38.0,40.0,26.0,66.0,36.0,4.0,6.0,113.0,3.0,706.0,1615.0,1.05,0.68,1.74,0.95,1.63,52.3,47.5,35.9,83.5,1.38,0.95,2.32,1.25,2.2,https://fbref.com/en/squads/a8661628/2017-2018/Espanyol-Stats
2018,Everton,Premier League,team,30.0,26.7,45.5,38.0,418.0,3420.0,38.0,42.0,26.0,68.0,37.0,5.0,8.0,,,477.0,1161.0,1.11,0.68,1.79,0.97,1.66,40.5,34.1,24.7,58.8,1.07,0.65,1.71,0.9,1.55,https://fbref.com/en/squads/d3fd31cc/2017-2018/Everton-Stats
2018,Everton,Premier League,opponent,30.0,27.0,54.5,38.0,418.0,3420.0,38.0,58.0,51.0,109.0,55.0,3.0,5.0,49.0,5.0,799.0,1608.0,1.53,1.34,2.87,1.45,2.79,52.4,48.7,38.2,86.9,1.38,1.01,2.38,1.28,2.29,https://fbref.com/en/squads/d3fd31cc/2017-2018/Everton-Stats
2018,Fiorentina,Serie A,team,27.0,25.0,52.6,38.0,418.0,3420.0,38.0,53.0,32.0,85.0,46.0,7.0,8.0,,,737.0,1695.0,1.39,0.84,2.24,1.21,2.05,54.5,48.3,37.9,86.2,1.43,1.0,2.43,1.27,2.27,https://fbref.com/en/squads/421387cf/2017-2018/Fiorentina-Stats
2018,Fiorentina,Serie A,opponent,27.0,26.9,47.4,38.0,418.0,3420.0,38.0,46.0,33.0,79.0,44.0,2.0,3.0,98.0,8.0,685.0,1442.0,1.21,0.87,2.08,1.16,2.03,40.8,38.5,28.6,67.1,1.07,0.75,1.83,1.01,1.77,https://fbref.com/en/squads/421387cf/2017-2018/Fiorentina-Stats
2018,Freiburg,Bundesliga,team,29.0,24.8,44.8,34.0,374.0,3060.0,34.0,32.0,21.0,53.0,26.0,6.0,10.0,,,399.0,1061.0,0.94,0.62,1.56,0.76,1.38,39.6,31.7,25.0,56.8,1.16,0.74,1.9,0.93,1.67,https://fbref.com/en/squads/a486e511/2017-2018/Freiburg-Stats
2018,Freiburg,Bundesliga,opponent,29.0,25.6,55.2,34.0,374.0,3060.0,34.0,52.0,35.0,87.0,48.0,4.0,5.0,52.0,0.0,606.0,1464.0,1.53,1.03,2.56,1.41,2.44,46.1,42.2,33.0,75.2,1.36,0.97,2.33,1.24,2.21,https://fbref.com/en/squads/a486e511/2017-2018/Freiburg-Stats
2018,Genoa,Serie A,team,33.0,27.9,46.3,38.0,418.0,3420.0,38.0,31.0,18.0,49.0,27.0,4.0,5.0,,,699.0,1475.0,0.82,0.47,1.29,0.71,1.18,43.5,39.6,31.9,71.5,1.15,0.84,1.99,1.04,1.88,https://fbref.com/en/squads/658bf2de/2017-2018/Genoa-Stats
2018,Genoa,Serie A,opponent,33.0,26.9,53.7,38.0,418.0,3420.0,38.0,41.0,30.0,71.0,37.0,4.0,4.0,72.0,6.0,801.0,1759.0,1.08,0.79,1.87,0.97,1.76,42.6,39.8,31.8,71.5,1.12,0.84,1.96,1.05,1.88,https://fbref.com/en/squads/658bf2de/2017-2018/Genoa-Stats
2018,Getafe,La Liga,team,32.0,28.2,40.2,38.0,418.0,3420.0,38.0,41.0,27.0,68.0,36.0,5.0,12.0,130.0,5.0,374.0,1092.0,1.08,0.71,1.79,0.95,1.66,48.2,38.6,29.6,68.2,1.27,0.78,2.05,1.02,1.79,https://fbref.com/en/squads/7848bd64/2017-2018/Getafe-Stats
2018,Getafe,La Liga,opponent,32.0,26.7,59.8,38.0,418.0,3420.0,38.0,33.0,28.0,61.0,31.0,2.0,4.0,107.0,3.0,660.0,1580.0,0.87,0.74,1.61,0.82,1.55,39.7,36.6,29.9,66.5,1.04,0.79,1.83,0.96,1.75,https://fbref.com/en/squads/7848bd64/2017-2018/Getafe-Stats
2018,Girona,La Liga,team,25.0,26.3,46.8,38.0,418.0,3420.0,38.0,50.0,31.0,81.0,44.0,6.0,8.0,102.0,0.0,590.0,1215.0,1.32,0.82,2.13,1.16,1.97,50.6,44.4,34.4,78.8,1.33,0.9,2.24,1.17,2.07,https://fbref.com/en/squads/9024a00a/2017-2018/Girona-Stats
2018,Girona,La Liga,opponent,25.0,26.8,53.2,38.0,418.0,3420.0,38.0,56.0,39.0,95.0,52.0,4.0,5.0,112.0,3.0,721.0,1436.0,1.47,1.03,2.5,1.37,2.39,50.4,46.5,34.6,81.1,1.33,0.91,2.24,1.22,2.13,https://fbref.com/en/squads/9024a00a/2017-2018/Girona-Stats
2018,Guingamp,Ligue 1,team,23.0,27.2,49.7,38.0,418.0,3420.0,38.0,46.0,27.0,73.0,40.0,6.0,7.0,65.0,2.0,763.0,1519.0,1.21,0.71,1.92,1.05,1.76,45.5,40.1,30.0,70.1,1.2,0.79,1.99,1.06,1.85,https://fbref.com/en/squads/d41b5f53/2017-2018/Guingamp-Stats
2018,Guingamp,Ligue 1,opponent,23.0,25.8,50.3,38.0,418.0,3420.0,38.0,58.0,48.0,106.0,53.0,5.0,7.0,76.0,6.0,763.0,1493.0,1.53,1.26,2.79,1.39,2.66,49.0,43.4,36.1,79.5,1.29,0.95,2.24,1.14,2.09,https://fbref.com/en/squads/d41b5f53/2017-2018/Guingamp-Stats
2018,Hamburger SV,Bundesliga,team,29.0,25.0,49.0,34.0,374.0,3060.0,34.0,28.0,18.0,46.0,25.0,3.0,5.0,,,568.0,1283.0,0.82,0.53,1.35,0.74,1.26,37.7,33.8,24.1,58.0,1.11,0.71,1.82,0.99,1.7,https://fbref.com/en/squads/26790c6a/2017-2018/Hamburger-SV-Stats
2018,Hamburger SV,Bundesliga,opponent,29.0,25.6,51.0,34.0,374.0,3060.0,34.0,52.0,37.0,89.0,49.0,3.0,4.0,60.0,3.0,567.0,1265.0,1.53,1.09,2.62,1.44,2.53,55.9,52.8,41.8,94.5,1.64,1.23,2.87,1.55,2.78,https://fbref.com/en/squads/26790c6a/2017-2018/Hamburger-SV-Stats
2018,Hannover 96,Bundesliga,team,26.0,26.4,46.9,34.0,374.0,3060.0,34.0,44.0,26.0,70.0,40.0,4.0,5.0,,,472.0,1237.0,1.29,0.76,2.06,1.18,1.94,44.6,40.6,30.7,71.4,1.31,0.9,2.22,1.2,2.1,https://fbref.com/en/squads/60b5e41f/2017-2018/Hannover-96-Stats
2018,Hannover 96,Bundesliga,opponent,26.0,25.6,53.1,34.0,374.0,3060.0,34.0,54.0,40.0,94.0,52.0,2.0,4.0,66.0,2.0,588.0,1478.0,1.59,1.18,2.76,1.53,2.71,55.6,52.5,41.4,93.9,1.64,1.22,2.85,1.54,2.76,https://fbref.com/en/squads/60b5e41f/2017-2018/Hannover-96-Stats
2018,Hellas Verona,Serie A,team,32.0,25.9,41.9,38.0,418.0,3420.0,38.0,30.0,19.0,49.0,23.0,7.0,7.0,,,635.0,1077.0,0.79,0.5,1.29,0.61,1.11,33.0,27.7,21.1,48.8,0.87,0.56,1.42,0.73,1.28,https://fbref.com/en/squads/0e72edf2/2017-2018/Hellas-Verona-Stats
2018,Hellas Verona,Serie A,opponent,32.0,27.1,58.1,38.0,418.0,3420.0,38.0,76.0,52.0,128.0,70.0,6.0,8.0,66.0,4.0,895.0,2129.0,2.0,1.37,3.37,1.84,3.21,70.2,63.9,52.1,116.0,1.85,1.37,3.22,1.68,3.05,https://fbref.com/en/squads/0e72edf2/2017-2018/Hellas-Verona-Stats
2018,Hertha BSC,Bundesliga,team,25.0,26.4,46.1,34.0,374.0,3060.0,34.0,43.0,32.0,75.0,39.0,4.0,5.0,,,426.0,1219.0,1.26,0.94,2.21,1.15,2.09,39.2,35.3,27.8,63.1,1.15,0.82,1.97,1.04,1.86,https://fbref.com/en/squads/2818f8bc/2017-2018/Hertha-BSC-Stats
2018,Hertha BSC,Bundesliga,opponent,25.0,25.5,53.9,34.0,374.0,3060.0,34.0,45.0,31.0,76.0,39.0,6.0,7.0,56.0,3.0,562.0,1607.0,1.32,0.91,2.24,1.15,2.06,44.3,38.8,30.0,68.8,1.3,0.88,2.18,1.14,2.02,https://fbref.com/en/squads/2818f8bc/2017-2018/Hertha-BSC-Stats
2018,Hoffenheim,Bundesliga,team,26.0,25.0,51.2,34.0,374.0,3060.0,34.0,64.0,47.0,111.0,60.0,4.0,5.0,,,644.0,1351.0,1.88,1.38,3.26,1.76,3.15,50.5,46.6,36.6,83.2,1.48,1.08,2.56,1.37,2.45,https://fbref.com/en/squads/033ea6b8/2017-2018/Hoffenheim-Stats
2018,Hoffenheim,Bundesliga,opponent,26.0,25.7,48.8,34.0,374.0,3060.0,34.0,46.0,32.0,78.0,43.0,3.0,4.0,43.0,2.0,657.0,1407.0,1.35,0.94,2.29,1.26,2.21,47.2,44.1,33.2,77.3,1.39,0.98,2.37,1.3,2.27,https://fbref.com/en/squads/033ea6b8/2017-2018/Hoffenheim-Stats
2018,Huddersfield,Premier League,team,25.0,26.4,45.7,38.0,418.0,3420.0,38.0,25.0,19.0,44.0,23.0,2.0,2.0,,,627.0,1210.0,0.66,0.5,1.16,0.61,1.11,31.3,29.8,23.7,53.5,0.82,0.62,1.45,0.78,1.41,https://fbref.com/en/squads/f5922ca5/2017-2018/Huddersfield-Town-Stats
2018,Huddersfield,Premier League,opponent,25.0,27.0,54.3,38.0,418.0,3420.0,38.0,57.0,41.0,98.0,53.0,4.0,6.0,56.0,4.0,614.0,1669.0,1.5,1.08,2.58,1.39,2.47,48.5,43.8,32.4,76.1,1.28,0.85,2.13,1.15,2.0,https://fbref.com/en/squads/f5922ca5/2017-2018/Huddersfield-Town-Stats
2018,Inter,Serie A,team,22.0,27.6,57.1,38.0,418.0,3420.0,38.0,64.0,34.0,98.0,58.0,6.0,7.0,,,947.0,1877.0,1.68,0.89,2.58,1.53,2.42,56.7,51.3,43.8,95.2,1.49,1.15,2.65,1.35,2.51,https://fbref.com/en/squads/d609edc0/2017-2018/Internazionale-Stats
2018,Inter,Serie A,opponent,22.0,26.9,42.9,38.0,418.0,3420.0,38.0,26.0,20.0,46.0,24.0,2.0,2.0,78.0,9.0,664.0,1386.0,0.68,0.53,1.21,0.63,1.16,37.2,35.6,27.6,63.1,0.98,0.73,1.7,0.94,1.66,https://fbref.com/en/squads/d609edc0/2017-2018/Internazionale-Stats
2018,Juventus,Serie A,team,24.0,29.2,57.2,38.0,418.0,3420.0,38.0,82.0,39.0,121.0,78.0,4.0,8.0,,,789.0,1704.0,2.16,1.03,3.18,2.05,3.08,55.3,49.4,37.9,87.2,1.46,1.0,2.45,1.3,2.3,https://fbref.com/en/squads/e0652b02/2017-2018/Juventus-Stats
2018,Juventus,Serie A,opponent,24.0,27.0,42.8,38.0,418.0,3420.0,38.0,22.0,13.0,35.0,19.0,3.0,4.0,88.0,7.0,605.0,1328.0,0.58,0.34,0.92,0.5,0.84,27.4,24.3,17.5,41.9,0.72,0.46,1.18,0.64,1.1,https://fbref.com/en/squads/e0652b02/2017-2018/Juventus-Stats
2018,Köln,Bundesliga,team,31.0,25.3,47.4,34.0,374.0,3060.0,34.0,33.0,24.0,57.0,30.0,3.0,3.0,,,507.0,1331.0,0.97,0.71,1.68,0.88,1.59,43.2,41.0,29.8,70.8,1.27,0.88,2.15,1.21,2.08,https://fbref.com/en/squads/bc357bf7/2017-2018/Koln-Stats
2018,Köln,Bundesliga,opponent,31.0,25.7,52.6,34.0,374.0,3060.0,34.0,70.0,48.0,118.0,62.0,8.0,9.0,58.0,4.0,703.0,1650.0,2.06,1.41,3.47,1.82,3.24,67.4,60.4,46.8,107.2,1.98,1.38,3.36,1.78,3.15,https://fbref.com/en/squads/bc357bf7/2017-2018/Koln-Stats
2018,La Coruña,La Liga,team,32.0,28.2,46.8,38.0,418.0,3420.0,38.0,38.0,30.0,68.0,35.0,3.0,5.0,99.0,2.0,640.0,1477.0,1.0,0.79,1.79,0.92,1.71,51.6,47.7,40.0,87.7,1.36,1.05,2.41,1.25,2.31,https://fbref.com/en/squads/2a60ed82/2017-2018/Deportivo-La-Coruna-Stats
2018,La Coruña,La Liga,opponent,32.0,26.7,53.2,38.0,418.0,3420.0,38.0,73.0,53.0,126.0,69.0,4.0,5.0,75.0,2.0,774.0,1709.0,1.92,1.39,3.32,1.82,3.21,58.7,54.8,43.3,98.1,1.55,1.14,2.69,1.44,2.58,https://fbref.com/en/squads/2a60ed82/2017-2018/Deportivo-La-Coruna-Stats
2018,Las Palmas,La Liga,team,36.0,27.0,54.7,38.0,418.0,3420.0,38.0,24.0,15.0,39.0,18.0,6.0,8.0,88.0,3.0,726.0,1332.0,0.63,0.39,1.03,0.47,0.87,38.5,32.3,24.8,57.1,1.01,0.65,1.66,0.85,1.5,https://fbref.com/en/squads/0049d422/2017-2018/Las-Palmas-Stats
2018,Las Palmas,La Liga,opponent,36.0,26.7,45.3,38.0,418.0,3420.0,38.0,73.0,53.0,126.0,68.0,5.0,5.0,103.0,7.0,766.0,1410.0,1.92,1.39,3.32,1.79,3.18,70.5,66.6,55.5,122.2,1.86,1.46,3.32,1.75,3.21,https://fbref.com/en/squads/0049d422/2017-2018/Las-Palmas-Stats
2018,Lazio,Serie A,team,24.0,26.5,51.1,38.0,418.0,3420.0,38.0,86.0,51.0,137.0,77.0,9.0,11.0,,,915.0,1802.0,2.26,1.34,3.61,2.03,3.37,63.7,55.2,45.8,101.0,1.68,1.21,2.88,1.45,2.66,https://fbref.com/en/squads/7213da33/2017-2018/Lazio-Stats
2018,Lazio,Serie A,opponent,24.0,27.0,48.9,38.0,418.0,3420.0,38.0,47.0,23.0,70.0,38.0,9.0,10.0,70.0,3.0,714.0,1466.0,1.24,0.61,1.84,1.0,1.61,43.9,36.0,27.0,63.0,1.15,0.71,1.87,0.95,1.66,https://fbref.com/en/squads/7213da33/2017-2018/Lazio-Stats
2018,Leganés,La Liga,team,28.0,27.8,43.0,38.0,418.0,3420.0,38.0,32.0,23.0,55.0,30.0,2.0,3.0,102.0,5.0,534.0,1111.0,0.84,0.61,1.45,0.79,1.39,39.9,37.6,30.0,67.6,1.05,0.79,1.84,0.99,1.78,https://fbref.com/en/squads/7c6f2c78/2017-2018/Leganes-Stats
2018,Leganés,La Liga,opponent,28.0,26.5,57.0,38.0,418.0,3420.0,38.0,51.0,28.0,79.0,45.0,6.0,7.0,82.0,4.0,645.0,1468.0,1.34,0.74,2.08,1.18,1.92,47.6,42.2,31.5,73.7,1.25,0.83,2.08,1.11,1.94,https://fbref.com/en/squads/7c6f2c78/2017-2018/Leganes-Stats
2018,Leicester City,Premier League,team,27.0,27.2,48.0,38.0,418.0,3420.0,38.0,53.0,38.0,91.0,48.0,5.0,6.0,,,655.0,1271.0,1.39,1.0,2.39,1.26,2.26,50.0,45.3,34.9,80.2,1.32,0.92,2.24,1.19,2.11,https://fbref.com/en/squads/a2d435b3/2017-2018/Leicester-City-Stats
2018,Leicester City,Premier League,opponent,27.0,26.8,52.0,38.0,418.0,3420.0,38.0,58.0,47.0,105.0,56.0,2.0,4.0,52.0,1.0,828.0,1658.0,1.53,1.24,2.76,1.47,2.71,48.1,45.0,36.7,81.7,1.27,0.97,2.23,1.18,2.15,https://fbref.com/en/squads/a2d435b3/2017-2018/Leicester-City-Stats
2018,Levante,La Liga,team,33.0,25.7,42.8,38.0,418.0,3420.0,38.0,43.0,28.0,71.0,38.0,5.0,5.0,108.0,6.0,676.0,1286.0,1.13,0.74,1.87,1.0,1.74,44.7,40.8,31.8,72.7,1.18,0.84,2.02,1.07,1.91,https://fbref.com/en/squads/9800b6a1/2017-2018/Levante-Stats
2018,Levante,La Liga,opponent,33.0,26.8,57.2,38.0,418.0,3420.0,38.0,55.0,41.0,96.0,50.0,5.0,6.0,93.0,6.0,758.0,1661.0,1.45,1.08,2.53,1.32,2.39,63.6,58.8,45.3,104.1,1.67,1.19,2.86,1.55,2.74,https://fbref.com/en/squads/9800b6a1/2017-2018/Levante-Stats
2018,Leverkusen,Bundesliga,team,24.0,24.0,54.6,34.0,374.0,3060.0,34.0,58.0,46.0,104.0,55.0,3.0,5.0,,,696.0,1661.0,1.71,1.35,3.06,1.62,2.97,57.5,53.6,42.4,95.9,1.69,1.25,2.94,1.58,2.82,https://fbref.com/en/squads/c7a9f859/2017-2018/Bayer-Leverkusen-Stats
2018,Leverkusen,Bundesliga,opponent,24.0,25.7,45.4,34.0,374.0,3060.0,34.0,44.0,33.0,77.0,39.0,5.0,6.0,79.0,1.0,520.0,1184.0,1.29,0.97,2.26,1.15,2.12,38.9,34.2,27.8,62.0,1.14,0.82,1.96,1.01,1.82,https://fbref.com/en/squads/c7a9f859/2017-2018/Bayer-Leverkusen-Stats
2018,Lille,Ligue 1,team,25.0,22.6,53.8,38.0,418.0,3420.0,38.0,41.0,31.0,72.0,39.0,2.0,2.0,59.0,6.0,831.0,1581.0,1.08,0.82,1.89,1.03,1.84,36.4,34.8,29.7,64.5,0.96,0.78,1.74,0.92,1.7,https://fbref.com/en/squads/cb188c0c/2017-2018/Lille-Stats
2018,Lille,Ligue 1,opponent,25.0,26.1,46.2,38.0,418.0,3420.0,38.0,64.0,44.0,108.0,59.0,5.0,7.0,71.0,2.0,697.0,1459.0,1.68,1.16,2.84,1.55,2.71,57.9,52.5,41.3,93.8,1.52,1.09,2.61,1.38,2.47,https://fbref.com/en/squads/cb188c0c/2017-2018/Lille-Stats
2018,Liverpool,Premier League,team,27.0,25.6,60.3,38.0,418.0,3420.0,38.0,82.0,58.0,140.0,80.0,2.0,3.0,,,982.0,2236.0,2.16,1.53,3.68,2.11,3.63,72.9,70.6,52.7,123.3,1.92,1.39,3.31,1.86,3.24,https://fbref.com/en/squads/822bd0ba/2017-2018/Liverpool-Stats
2018,Liverpool,Premier League,opponent,27.0,27.1,39.7,38.0,418.0,3420.0,38.0,38.0,23.0,61.0,34.0,4.0,6.0,50.0,0.0,504.0,1103.0,1.0,0.61,1.61,0.89,1.5,33.8,29.0,21.6,50.6,0.89,0.57,1.46,0.76,1.33,https://fbref.com/en/squads/822bd0ba/2017-2018/Liverpool-Stats
2018,Lyon,Ligue 1,team,26.0,24.4,55.6,38.0,418.0,3420.0,38.0,85.0,62.0,147.0,79.0,6.0,7.0,71.0,2.0,949.0,1670.0,2.24,1.63,3.87,2.08,3.71,63.4,58.3,43.9,102.2,1.67,1.15,2.82,1.53,2.69,https://fbref.com/en/squads/d53c0b06/2017-2018/Lyon-Stats
2018,Lyon,Ligue 1,opponent,26.0,26.0,44.4,38.0,418.0,3420.0,38.0,40.0,24.0,64.0,35.0,5.0,8.0,75.0,7.0,689.0,1348.0,1.05,0.63,1.68,0.92,1.55,40.1,34.1,25.0,59.1,1.06,0.66,1.71,0.9,1.55,https://fbref.com/en/squads/d53c0b06/2017-2018/Lyon-Stats
2018,M'Gladbach,Bundesliga,team,27.0,25.7,52.0,34.0,374.0,3060.0,34.0,46.0,26.0,72.0,40.0,6.0,7.0,,,578.0,1385.0,1.35,0.76,2.12,1.18,1.94,51.1,45.8,35.0,80.8,1.5,1.03,2.53,1.35,2.38,https://fbref.com/en/squads/32f3ee20/2017-2018/Monchengladbach-Stats
2018,M'Gladbach,Bundesliga,opponent,27.0,25.4,48.0,34.0,374.0,3060.0,34.0,51.0,39.0,90.0,47.0,4.0,4.0,53.0,3.0,572.0,1529.0,1.5,1.15,2.65,1.38,2.53,52.0,48.8,41.8,90.7,1.53,1.23,2.76,1.44,2.67,https://fbref.com/en/squads/32f3ee20/2017-2018/Monchengladbach-Stats
2018,Mainz 05,Bundesliga,team,27.0,25.3,44.4,34.0,374.0,3060.0,34.0,38.0,27.0,65.0,34.0,4.0,4.0,,,484.0,1116.0,1.12,0.79,1.91,1.0,1.79,35.4,32.3,25.5,57.8,1.04,0.75,1.79,0.95,1.7,https://fbref.com/en/squads/a224b06a/2017-2018/Mainz-05-Stats
2018,Mainz 05,Bundesliga,opponent,27.0,25.7,55.6,34.0,374.0,3060.0,34.0,51.0,36.0,87.0,46.0,5.0,7.0,73.0,3.0,581.0,1396.0,1.5,1.06,2.56,1.35,2.41,47.9,42.5,33.6,76.1,1.41,0.99,2.4,1.25,2.24,https://fbref.com/en/squads/a224b06a/2017-2018/Mainz-05-Stats
2018,Manchester City,Premier League,team,25.0,26.4,71.0,38.0,418.0,3420.0,38.0,103.0,85.0,188.0,97.0,6.0,8.0,,,1308.0,2570.0,2.71,2.24,4.95,2.55,4.79,78.6,72.7,57.9,130.6,2.07,1.52,3.59,1.91,3.44,https://fbref.com/en/squads/b8fd03ef/2017-2018/Manchester-City-Stats
2018,Manchester City,Premier League,opponent,25.0,26.9,29.0,38.0,418.0,3420.0,38.0,25.0,17.0,42.0,25.0,0.0,2.0,77.0,3.0,331.0,713.0,0.66,0.45,1.11,0.66,1.11,23.8,22.2,16.4,38.7,0.63,0.43,1.06,0.59,1.02,https://fbref.com/en/squads/b8fd03ef/2017-2018/Manchester-City-Stats
2018,Manchester Utd,Premier League,team,27.0,26.7,54.7,38.0,418.0,3420.0,38.0,67.0,53.0,120.0,66.0,1.0,3.0,,,920.0,1564.0,1.76,1.39,3.16,1.74,3.13,55.7,53.3,40.5,93.8,1.47,1.07,2.53,1.4,2.47,https://fbref.com/en/squads/19538871/2017-2018/Manchester-United-Stats
2018,Manchester Utd,Premier League,opponent,27.0,26.9,45.3,38.0,418.0,3420.0,38.0,26.0,18.0,44.0,25.0,1.0,1.0,69.0,1.0,779.0,1463.0,0.68,0.47,1.16,0.66,1.13,40.7,39.9,30.9,70.8,1.07,0.81,1.88,1.05,1.86,https://fbref.com/en/squads/19538871/2017-2018/Manchester-United-Stats
2018,Marseille,Ligue 1,team,26.0,27.2,57.8,38.0,418.0,3420.0,38.0,79.0,54.0,133.0,74.0,5.0,8.0,81.0,2.0,947.0,1586.0,2.08,1.42,3.5,1.95,3.37,78.1,71.7,55.9,127.6,2.06,1.47,3.53,1.89,3.36,https://fbref.com/en/squads/5725cc7b/2017-2018/Marseille-Stats
2018,Marseille,Ligue 1,opponent,26.0,26.0,42.2,38.0,418.0,3420.0,38.0,45.0,30.0,75.0,41.0,4.0,6.0,64.0,5.0,616.0,1231.0,1.18,0.79,1.97,1.08,1.87,41.8,37.1,27.5,64.6,1.1,0.72,1.82,0.98,1.7,https://fbref.com/en/squads/5725cc7b/2017-2018/Marseille-Stats
2018,Metz,Ligue 1,team,36.0,27.4,45.5,38.0,418.0,3420.0,38.0,33.0,27.0,60.0,30.0,3.0,4.0,78.0,7.0,589.0,1518.0,0.87,0.71,1.58,0.79,1.5,40.3,37.2,30.0,67.3,1.06,0.79,1.85,0.98,1.77,https://fbref.com/en/squads/f83960ae/2017-2018/Metz-Stats
2018,Metz,Ligue 1,opponent,36.0,25.8,54.5,38.0,418.0,3420.0,38.0,74.0,53.0,127.0,71.0,3.0,5.0,54.0,5.0,750.0,1763.0,1.95,1.39,3.34,1.87,3.26,71.3,67.2,54.4,121.6,1.88,1.43,3.31,1.77,3.2,https://fbref.com/en/squads/f83960ae/2017-2018/Metz-Stats
2018,Milan,Serie A,team,23.0,25.0,56.0,38.0,418.0,3420.0,38.0,54.0,28.0,82.0,50.0,4.0,6.0,,,778.0,2016.0,1.42,0.74,2.16,1.32,2.05,51.2,46.6,35.3,81.9,1.35,0.93,2.28,1.23,2.15,https://fbref.com/en/squads/dc56fe14/2017-2018/Milan-Stats
2018,Milan,Serie A,opponent,23.0,27.2,44.0,38.0,418.0,3420.0,38.0,41.0,30.0,71.0,39.0,2.0,3.0,80.0,6.0,587.0,1358.0,1.08,0.79,1.87,1.03,1.82,36.9,34.7,26.3,60.9,0.97,0.69,1.66,0.91,1.6,https://fbref.com/en/squads/dc56fe14/2017-2018/Milan-Stats
2018,Monaco,Ligue 1,team,32.0,25.8,50.9,38.0,418.0,3420.0,38.0,83.0,56.0,139.0,76.0,7.0,8.0,70.0,4.0,735.0,1742.0,2.18,1.47,3.66,2.0,3.47,62.3,56.1,43.1,99.2,1.64,1.13,2.77,1.48,2.61,https://fbref.com/en/squads/fd6114db/2017-2018/Monaco-Stats
2018,Monaco,Ligue 1,opponent,32.0,26.0,49.1,38.0,418.0,3420.0,38.0,44.0,34.0,78.0,39.0,5.0,5.0,68.0,4.0,647.0,1381.0,1.16,0.89,2.05,1.03,1.92,48.5,45.0,35.8,80.8,1.28,0.94,2.22,1.18,2.13,https://fbref.com/en/squads/fd6114db/2017-2018/Monaco-Stats
2018,Montpellier,Ligue 1,team,23.0,26.4,47.0,38.0,418.0,3420.0,38.0,36.0,28.0,64.0,36.0,0.0,2.0,72.0,1.0,749.0,1572.0,0.95,0.74,1.68,0.95,1.68,42.6,41.0,31.0,72.1,1.12,0.82,1.94,1.08,1.9,https://fbref.com/en/squads/281b0e73/2017-2018/Montpellier-Stats
2018,Montpellier,Ligue 1,opponent,23.0,26.0,53.0,38.0,418.0,3420.0,38.0,33.0,23.0,56.0,28.0,5.0,6.0,77.0,2.0,701.0,1461.0,0.87,0.61,1.47,0.74,1.34,39.0,34.4,27.5,61.9,1.03,0.72,1.75,0.91,1.63,https://fbref.com/en/squads/281b0e73/2017-2018/Montpellier-Stats
2018,Málaga,La Liga,team,37.0,27.2,44.1,38.0,418.0,3420.0,38.0,23.0,15.0,38.0,19.0,4.0,6.0,99.0,8.0,463.0,1169.0,0.61,0.39,1.0,0.5,0.89,38.4,33.7,26.3,60.0,1.01,0.69,1.7,0.89,1.58,https://fbref.com/en/squads/1c896955/2017-2018/Malaga-Stats
2018,Málaga,La Liga,opponent,37.0,26.7,55.9,38.0,418.0,3420.0,38.0,61.0,44.0,105.0,55.0,6.0,7.0,76.0,0.0,777.0,1777.0,1.61,1.16,2.76,1.45,2.61,59.4,53.8,43.1,97.0,1.56,1.14,2.7,1.42,2.55,https://fbref.com/en/squads/1c896955/2017-2018/Malaga-Stats
2018,Nantes,Ligue 1,team,30.0,25.6,43.7,38.0,418.0,3420.0,38.0,36.0,24.0,60.0,32.0,4.0,5.0,63.0,6.0,559.0,1405.0,0.95,0.63,1.58,0.84,1.47,41.8,37.9,29.4,67.3,1.1,0.77,1.87,1.0,1.77,https://fbref.com/en/squads/d7a486cd/2017-2018/Nantes-Stats
2018,Nantes,Ligue 1,opponent,30.0,26.2,56.3,38.0,418.0,3420.0,38.0,40.0,32.0,72.0,37.0,3.0,4.0,73.0,2.0,799.0,1757.0,1.05,0.84,1.89,0.97,1.82,38.1,34.9,26.0,60.9,1.0,0.68,1.69,0.92,1.6,https://fbref.com/en/squads/d7a486cd/2017-2018/Nantes-Stats
2018,Napoli,Serie A,team,23.0,28.0,63.4,38.0,418.0,3420.0,38.0,73.0,45.0,118.0,67.0,6.0,8.0,,,971.0,2468.0,1.92,1.18,3.11,1.76,2.95,67.1,60.7,50.8,111.6,1.77,1.34,3.1,1.6,2.94,https://fbref.com/en/squads/d48ad4ff/2017-2018/Napoli-Stats
2018,Napoli,Serie A,opponent,23.0,26.9,36.6,38.0,418.0,3420.0,38.0,29.0,19.0,48.0,27.0,2.0,2.0,84.0,0.0,463.0,1004.0,0.76,0.5,1.26,0.71,1.21,27.1,25.5,17.7,43.2,0.71,0.47,1.18,0.67,1.14,https://fbref.com/en/squads/d48ad4ff/2017-2018/Napoli-Stats
2018,Newcastle Utd,Premier League,team,27.0,25.6,41.7,38.0,418.0,3420.0,38.0,38.0,29.0,67.0,38.0,0.0,1.0,,,548.0,1145.0,1.0,0.76,1.76,1.0,1.76,41.6,40.9,32.1,72.9,1.1,0.84,1.94,1.08,1.92,https://fbref.com/en/squads/b2b47a98/2017-2018/Newcastle-United-Stats
2018,Newcastle Utd,Premier League,opponent,27.0,26.9,58.3,38.0,418.0,3420.0,38.0,44.0,32.0,76.0,40.0,4.0,6.0,62.0,0.0,685.0,1844.0,1.16,0.84,2.0,1.05,1.89,52.4,47.6,37.4,85.1,1.38,0.99,2.37,1.25,2.24,https://fbref.com/en/squads/b2b47a98/2017-2018/Newcastle-United-Stats
2018,Nice,Ligue 1,team,31.0,25.0,58.1,38.0,418.0,3420.0,38.0,52.0,35.0,87.0,44.0,8.0,10.0,80.0,4.0,841.0,1637.0,1.37,0.92,2.29,1.16,2.08,49.2,41.7,31.9,73.6,1.3,0.84,2.14,1.1,1.94,https://fbref.com/en/squads/132ebc33/2017-2018/Nice-Stats
2018,Nice,Ligue 1,opponent,31.0,26.1,41.9,38.0,418.0,3420.0,38.0,49.0,38.0,87.0,46.0,3.0,5.0,70.0,4.0,706.0,1495.0,1.29,1.0,2.29,1.21,2.21,49.5,45.6,34.3,79.9,1.3,0.9,2.2,1.2,2.1,https://fbref.com/en/squads/132ebc33/2017-2018/Nice-Stats
2018,Paris S-G,Ligue 1,team,28.0,26.1,66.3,38.0,418.0,3420.0,38.0,100.0,75.0,175.0,93.0,7.0,9.0,65.0,6.0,1044.0,2068.0,2.63,1.97,4.61,2.45,4.42,86.1,79.3,65.1,144.4,2.26,1.71,3.98,2.09,3.8,https://fbref.com/en/squads/e2d8892c/2017-2018/Paris-Saint-Germain-Stats
2018,Paris S-G,Ligue 1,opponent,28.0,26.0,33.7,38.0,418.0,3420.0,38.0,28.0,19.0,47.0,25.0,3.0,5.0,77.0,3.0,691.0,1057.0,0.74,0.5,1.24,0.66,1.16,34.3,30.5,22.9,53.4,0.9,0.6,1.51,0.8,1.4,https://fbref.com/en/squads/e2d8892c/2017-2018/Paris-Saint-Germain-Stats
2018,RB Leipzig,Bundesliga,team,23.0,23.4,55.0,34.0,374.0,3060.0,34.0,57.0,43.0,100.0,53.0,4.0,5.0,,,778.0,1591.0,1.68,1.26,2.94,1.56,2.82,51.9,48.0,39.6,87.6,1.53,1.17,2.69,1.41,2.58,https://fbref.com/en/squads/acbb6a5b/2017-2018/RB-Leipzig-Stats
2018,RB Leipzig,Bundesliga,opponent,23.0,25.7,45.0,34.0,374.0,3060.0,34.0,53.0,34.0,87.0,48.0,5.0,5.0,67.0,4.0,449.0,1210.0,1.56,1.0,2.56,1.41,2.41,46.7,42.8,33.0,75.7,1.37,0.97,2.34,1.26,2.23,https://fbref.com/en/squads/acbb6a5b/2017-2018/RB-Leipzig-Stats
2018,Real Madrid,La Liga,team,24.0,27.1,60.2,38.0,418.0,3420.0,38.0,91.0,65.0,156.0,83.0,8.0,10.0,65.0,4.0,1131.0,2383.0,2.39,1.71,4.11,2.18,3.89,85.4,77.5,62.8,140.2,2.25,1.65,3.9,2.04,3.69,https://fbref.com/en/squads/53a2f082/2017-2018/Real-Madrid-Stats
2018,Real Madrid,La Liga,opponent,24.0,26.9,39.8,38.0,418.0,3420.0,38.0,42.0,34.0,76.0,40.0,2.0,4.0,97.0,3.0,598.0,1229.0,1.11,0.89,2.0,1.05,1.95,43.2,40.6,31.5,72.1,1.14,0.83,1.97,1.07,1.9,https://fbref.com/en/squads/53a2f082/2017-2018/Real-Madrid-Stats
2018,Real Sociedad,La Liga,team,27.0,25.9,56.5,38.0,418.0,3420.0,38.0,64.0,47.0,111.0,60.0,4.0,5.0,60.0,5.0,883.0,1605.0,1.68,1.24,2.92,1.58,2.82,53.7,49.7,38.9,88.7,1.41,1.02,2.44,1.31,2.33,https://fbref.com/en/squads/e31d1cd9/2017-2018/Real-Sociedad-Stats
2018,Real Sociedad,La Liga,opponent,27.0,26.8,43.5,38.0,418.0,3420.0,38.0,58.0,41.0,99.0,52.0,6.0,8.0,94.0,1.0,577.0,1244.0,1.53,1.08,2.61,1.37,2.45,50.5,44.1,35.5,79.7,1.33,0.94,2.27,1.16,2.1,https://fbref.com/en/squads/e31d1cd9/2017-2018/Real-Sociedad-Stats
2018,Rennes,Ligue 1,team,28.0,24.2,49.9,38.0,418.0,3420.0,38.0,48.0,32.0,80.0,42.0,6.0,8.0,64.0,5.0,619.0,1505.0,1.26,0.84,2.11,1.11,1.95,49.8,43.6,33.0,76.5,1.31,0.87,2.18,1.15,2.01,https://fbref.com/en/squads/b3072e00/2017-2018/Rennes-Stats
2018,Rennes,Ligue 1,opponent,28.0,26.3,50.1,38.0,418.0,3420.0,38.0,42.0,32.0,74.0,37.0,5.0,8.0,104.0,7.0,688.0,1428.0,1.11,0.84,1.95,0.97,1.82,49.3,43.0,33.8,76.8,1.3,0.89,2.19,1.13,2.02,https://fbref.com/en/squads/b3072e00/2017-2018/Rennes-Stats
2018,Roma,Serie A,team,27.0,27.4,58.0,38.0,418.0,3420.0,38.0,56.0,37.0,93.0,53.0,3.0,6.0,,,938.0,1989.0,1.47,0.97,2.45,1.39,2.37,63.4,58.8,46.7,105.5,1.67,1.23,2.9,1.55,2.78,https://fbref.com/en/squads/cf74a709/2017-2018/Roma-Stats
2018,Roma,Serie A,opponent,27.0,26.8,42.0,38.0,418.0,3420.0,38.0,28.0,22.0,50.0,25.0,3.0,5.0,71.0,5.0,613.0,1148.0,0.74,0.58,1.32,0.66,1.24,37.2,33.2,26.2,59.4,0.98,0.69,1.67,0.87,1.56,https://fbref.com/en/squads/cf74a709/2017-2018/Roma-Stats
2018,SPAL,Serie A,team,29.0,26.7,44.7,38.0,418.0,3420.0,38.0,37.0,14.0,51.0,32.0,5.0,6.0,,,704.0,1218.0,0.97,0.37,1.34,0.84,1.21,35.8,31.1,21.5,52.5,0.94,0.56,1.51,0.82,1.38,https://fbref.com/en/squads/1d2fe027/2017-2018/SPAL-Stats
2018,SPAL,Serie A,opponent,29.0,26.8,55.3,38.0,418.0,3420.0,38.0,55.0,33.0,88.0,46.0,9.0,12.0,76.0,4.0,852.0,1794.0,1.45,0.87,2.32,1.21,2.08,57.7,48.4,37.5,85.9,1.52,0.99,2.51,1.27,2.26,https://fbref.com/en/squads/1d2fe027/2017-2018/SPAL-Stats
2018,Saint-Étienne,Ligue 1,team,30.0,26.6,51.3,38.0,418.0,3420.0,38.0,45.0,31.0,76.0,38.0,7.0,11.0,71.0,8.0,732.0,1552.0,1.18,0.82,2.0,1.0,1.82,51.0,42.8,35.4,78.2,1.34,0.93,2.27,1.13,2.06,https://fbref.com/en/squads/d298ef2c/2017-2018/Saint-Etienne-Stats
2018,Saint-Étienne,Ligue 1,opponent,30.0,26.0,48.7,38.0,418.0,3420.0,38.0,49.0,30.0,79.0,43.0,6.0,7.0,68.0,4.0,784.0,1470.0,1.29,0.79,2.08,1.13,1.92,54.1,48.6,37.4,86.0,1.42,0.98,2.41,1.28,2.26,https://fbref.com/en/squads/d298ef2c/2017-2018/Saint-Etienne-Stats
2018,Sampdoria,Serie A,team,27.0,27.0,53.6,38.0,418.0,3420.0,38.0,56.0,33.0,89.0,49.0,7.0,8.0,,,614.0,1627.0,1.47,0.87,2.34,1.29,2.16,53.5,47.2,35.5,82.7,1.41,0.93,2.34,1.24,2.18,https://fbref.com/en/squads/8ff9e3b3/2017-2018/Sampdoria-Stats
2018,Sampdoria,Serie A,opponent,27.0,26.9,46.4,38.0,418.0,3420.0,38.0,58.0,41.0,99.0,52.0,6.0,10.0,92.0,4.0,792.0,1431.0,1.53,1.08,2.61,1.37,2.45,60.3,52.4,43.4,95.8,1.59,1.14,2.73,1.38,2.52,https://fbref.com/en/squads/8ff9e3b3/2017-2018/Sampdoria-Stats
2018,Sassuolo,Serie A,team,28.0,27.2,42.9,38.0,418.0,3420.0,38.0,28.0,16.0,44.0,24.0,4.0,10.0,,,640.0,1492.0,0.74,0.42,1.16,0.63,1.05,46.3,38.4,27.7,66.1,1.22,0.73,1.95,1.01,1.74,https://fbref.com/en/squads/e2befd26/2017-2018/Sassuolo-Stats
2018,Sassuolo,Serie A,opponent,28.0,27.2,57.1,38.0,418.0,3420.0,38.0,57.0,38.0,95.0,55.0,2.0,3.0,75.0,4.0,822.0,1723.0,1.5,1.0,2.5,1.45,2.45,48.9,46.5,36.6,83.1,1.29,0.96,2.25,1.22,2.19,https://fbref.com/en/squads/e2befd26/2017-2018/Sassuolo-Stats
2018,Schalke 04,Bundesliga,team,24.0,26.1,46.6,34.0,374.0,3060.0,34.0,50.0,33.0,83.0,40.0,10.0,10.0,,,776.0,1248.0,1.47,0.97,2.44,1.18,2.15,46.7,38.9,31.4,70.3,1.37,0.92,2.3,1.14,2.07,https://fbref.com/en/squads/c539e393/2017-2018/Schalke-04-Stats
2018,Schalke 04,Bundesliga,opponent,24.0,25.5,53.4,34.0,374.0,3060.0,34.0,36.0,25.0,61.0,33.0,3.0,6.0,65.0,5.0,559.0,1379.0,1.06,0.74,1.79,0.97,1.71,40.2,35.6,24.9,60.5,1.18,0.73,1.92,1.05,1.78,https://fbref.com/en/squads/c539e393/2017-2018/Schalke-04-Stats
2018,Sevilla,La Liga,team,31.0,27.1,54.3,38.0,418.0,3420.0,38.0,48.0,35.0,83.0,44.0,4.0,5.0,97.0,3.0,817.0,1824.0,1.26,0.92,2.18,1.16,2.08,59.5,55.7,42.8,98.5,1.57,1.13,2.69,1.47,2.59,https://fbref.com/en/squads/ad2be733/2017-2018/Sevilla-Stats
2018,Sevilla,La Liga,opponent,31.0,26.9,45.7,38.0,418.0,3420.0,38.0,57.0,39.0,96.0,52.0,5.0,8.0,80.0,3.0,731.0,1410.0,1.5,1.03,2.53,1.37,2.39,54.4,48.1,36.6,84.7,1.43,0.96,2.39,1.27,2.23,https://fbref.com/en/squads/ad2be733/2017-2018/Sevilla-Stats
2018,Southampton,Premier League,team,26.0,26.2,51.3,38.0,418.0,3420.0,38.0,36.0,23.0,59.0,33.0,3.0,3.0,,,694.0,1609.0,0.95,0.61,1.55,0.87,1.47,39.9,37.6,29.5,67.0,1.05,0.78,1.83,0.99,1.76,https://fbref.com/en/squads/33c895d4/2017-2018/Southampton-Stats
2018,Southampton,Premier League,opponent,26.0,26.9,48.7,38.0,418.0,3420.0,38.0,56.0,43.0,99.0,55.0,1.0,2.0,51.0,2.0,670.0,1443.0,1.47,1.13,2.61,1.45,2.58,45.2,43.6,33.7,77.3,1.19,0.89,2.08,1.15,2.03,https://fbref.com/en/squads/33c895d4/2017-2018/Southampton-Stats
2018,Stoke City,Premier League,team,30.0,27.5,41.4,38.0,418.0,3420.0,38.0,34.0,28.0,62.0,34.0,0.0,3.0,,,477.0,1150.0,0.89,0.74,1.63,0.89,1.63,36.5,34.1,27.4,61.4,0.96,0.72,1.68,0.9,1.62,https://fbref.com/en/squads/17892952/2017-2018/Stoke-City-Stats
2018,Stoke City,Premier League,opponent,30.0,26.9,58.6,38.0,418.0,3420.0,38.0,66.0,49.0,115.0,61.0,5.0,5.0,49.0,0.0,889.0,1749.0,1.74,1.29,3.03,1.61,2.89,62.5,58.6,46.3,104.9,1.64,1.22,2.86,1.54,2.76,https://fbref.com/en/squads/17892952/2017-2018/Stoke-City-Stats
2018,Strasbourg,Ligue 1,team,25.0,27.2,49.1,38.0,418.0,3420.0,38.0,43.0,26.0,69.0,36.0,7.0,7.0,71.0,4.0,658.0,1289.0,1.13,0.68,1.82,0.95,1.63,45.5,40.0,29.8,69.8,1.2,0.78,1.98,1.05,1.84,https://fbref.com/en/squads/c0d3eab4/2017-2018/Strasbourg-Stats
2018,Strasbourg,Ligue 1,opponent,25.0,25.9,50.9,38.0,418.0,3420.0,38.0,67.0,45.0,112.0,61.0,6.0,7.0,80.0,4.0,813.0,1631.0,1.76,1.18,2.95,1.61,2.79,58.4,52.9,42.7,95.6,1.54,1.12,2.66,1.39,2.52,https://fbref.com/en/squads/c0d3eab4/2017-2018/Strasbourg-Stats
2018,Stuttgart,Bundesliga,team,26.0,25.6,46.6,34.0,374.0,3060.0,34.0,35.0,22.0,57.0,34.0,1.0,3.0,,,474.0,1026.0,1.03,0.65,1.68,1.0,1.65,40.3,38.0,26.3,64.3,1.19,0.77,1.96,1.12,1.89,https://fbref.com/en/squads/598bc722/2017-2018/Stuttgart-Stats
2018,Stuttgart,Bundesliga,opponent,26.0,25.7,53.4,34.0,374.0,3060.0,34.0,36.0,24.0,60.0,32.0,4.0,6.0,46.0,2.0,653.0,1577.0,1.06,0.71,1.76,0.94,1.65,43.5,38.7,29.5,68.2,1.28,0.87,2.15,1.14,2.01,https://fbref.com/en/squads/598bc722/2017-2018/Stuttgart-Stats
2018,Swansea City,Premier League,team,26.0,27.2,45.3,38.0,418.0,3420.0,38.0,27.0,20.0,47.0,26.0,1.0,1.0,,,596.0,1194.0,0.71,0.53,1.24,0.68,1.21,31.6,30.8,20.2,51.0,0.83,0.53,1.36,0.81,1.34,https://fbref.com/en/squads/fb10988f/2017-2018/Swansea-City-Stats
2018,Swansea City,Premier League,opponent,26.0,27.1,54.7,38.0,418.0,3420.0,38.0,54.0,37.0,91.0,51.0,3.0,6.0,68.0,0.0,765.0,1838.0,1.42,0.97,2.39,1.34,2.32,58.6,53.8,42.1,95.9,1.54,1.11,2.65,1.42,2.52,https://fbref.com/en/squads/fb10988f/2017-2018/Swansea-City-Stats
2018,Torino,Serie A,team,27.0,28.1,51.1,38.0,418.0,3420.0,38.0,53.0,36.0,89.0,53.0,0.0,2.0,,,703.0,1425.0,1.39,0.95,2.34,1.39,2.34,46.0,44.4,35.1,79.6,1.21,0.92,2.14,1.17,2.09,https://fbref.com/en/squads/105360fe/2017-2018/Torino-Stats
2018,Torino,Serie A,opponent,27.0,26.8,48.9,38.0,418.0,3420.0,38.0,46.0,31.0,77.0,41.0,5.0,8.0,72.0,5.0,686.0,1421.0,1.21,0.82,2.03,1.08,1.89,47.0,40.8,32.8,73.7,1.24,0.86,2.1,1.07,1.94,https://fbref.com/en/squads/105360fe/2017-2018/Torino-Stats
2018,Tottenham,Premier League,team,25.0,25.8,61.8,38.0,418.0,3420.0,38.0,70.0,51.0,121.0,68.0,2.0,3.0,,,862.0,2249.0,1.84,1.34,3.18,1.79,3.13,64.7,62.3,49.0,111.3,1.7,1.29,2.99,1.64,2.93,https://fbref.com/en/squads/361ca564/2017-2018/Tottenham-Hotspur-Stats
2018,Tottenham,Premier League,opponent,25.0,26.9,38.2,38.0,418.0,3420.0,38.0,35.0,22.0,57.0,33.0,2.0,3.0,75.0,1.0,499.0,1028.0,0.92,0.58,1.5,0.87,1.45,33.9,31.5,22.1,53.6,0.89,0.58,1.47,0.83,1.41,https://fbref.com/en/squads/361ca564/2017-2018/Tottenham-Hotspur-Stats
2018,Toulouse,Ligue 1,team,25.0,23.9,45.7,38.0,418.0,3420.0,38.0,35.0,24.0,59.0,27.0,8.0,11.0,92.0,3.0,667.0,1473.0,0.92,0.63,1.55,0.71,1.34,45.5,37.0,29.1,66.1,1.2,0.77,1.96,0.97,1.74,https://fbref.com/en/squads/3f8c4b5f/2017-2018/Toulouse-Stats
2018,Toulouse,Ligue 1,opponent,25.0,26.2,54.3,38.0,418.0,3420.0,38.0,52.0,35.0,87.0,46.0,6.0,6.0,77.0,9.0,721.0,1573.0,1.37,0.92,2.29,1.21,2.13,52.1,47.8,37.5,85.3,1.37,0.99,2.36,1.26,2.24,https://fbref.com/en/squads/3f8c4b5f/2017-2018/Toulouse-Stats
2018,Troyes,Ligue 1,team,25.0,26.7,42.6,38.0,418.0,3420.0,38.0,30.0,21.0,51.0,28.0,2.0,3.0,76.0,7.0,564.0,1333.0,0.79,0.55,1.34,0.74,1.29,38.0,35.7,26.5,62.2,1.0,0.7,1.7,0.94,1.64,https://fbref.com/en/squads/54195385/2017-2018/Troyes-Stats
2018,Troyes,Ligue 1,opponent,25.0,25.9,57.4,38.0,418.0,3420.0,38.0,58.0,40.0,98.0,54.0,4.0,5.0,51.0,5.0,895.0,1756.0,1.53,1.05,2.58,1.42,2.47,52.0,48.5,37.2,85.7,1.37,0.98,2.35,1.28,2.26,https://fbref.com/en/squads/54195385/2017-2018/Troyes-Stats
2018,Udinese,Serie A,team,27.0,26.5,44.7,38.0,418.0,3420.0,38.0,45.0,27.0,72.0,38.0,7.0,7.0,,,605.0,1364.0,1.18,0.71,1.89,1.0,1.71,43.2,37.7,29.4,67.1,1.14,0.77,1.91,0.99,1.77,https://fbref.com/en/squads/04eea015/2017-2018/Udinese-Stats
2018,Udinese,Serie A,opponent,27.0,27.0,55.3,38.0,418.0,3420.0,38.0,58.0,41.0,99.0,56.0,2.0,6.0,59.0,5.0,770.0,1899.0,1.53,1.08,2.61,1.47,2.55,49.3,44.4,32.2,76.6,1.3,0.85,2.14,1.17,2.02,https://fbref.com/en/squads/04eea015/2017-2018/Udinese-Stats
2018,Valencia,La Liga,team,25.0,24.8,48.6,38.0,418.0,3420.0,38.0,63.0,45.0,108.0,55.0,8.0,8.0,103.0,5.0,739.0,1563.0,1.66,1.18,2.84,1.45,2.63,56.0,49.8,39.9,89.7,1.47,1.05,2.52,1.31,2.36,https://fbref.com/en/squads/dcc91a7b/2017-2018/Valencia-Stats
2018,Valencia,La Liga,opponent,25.0,26.9,51.4,38.0,418.0,3420.0,38.0,38.0,28.0,66.0,35.0,3.0,5.0,97.0,5.0,728.0,1613.0,1.0,0.74,1.74,0.92,1.66,48.3,44.4,35.2,79.7,1.27,0.93,2.2,1.17,2.1,https://fbref.com/en/squads/dcc91a7b/2017-2018/Valencia-Stats
2018,Villarreal,La Liga,team,32.0,26.6,50.4,38.0,418.0,3420.0,38.0,56.0,45.0,101.0,52.0,4.0,5.0,113.0,6.0,719.0,1453.0,1.47,1.18,2.66,1.37,2.55,53.3,49.3,42.0,91.3,1.4,1.11,2.51,1.3,2.4,https://fbref.com/en/squads/2a8183b3/2017-2018/Villarreal-Stats
2018,Villarreal,La Liga,opponent,32.0,26.9,49.6,38.0,418.0,3420.0,38.0,50.0,37.0,87.0,45.0,5.0,8.0,83.0,4.0,805.0,1587.0,1.32,0.97,2.29,1.18,2.16,53.4,47.2,36.2,83.4,1.41,0.95,2.36,1.24,2.19,https://fbref.com/en/squads/2a8183b3/2017-2018/Villarreal-Stats
2018,Watford,Premier League,team,29.0,27.9,49.7,38.0,418.0,3420.0,38.0,42.0,27.0,69.0,39.0,3.0,6.0,,,647.0,1455.0,1.11,0.71,1.82,1.03,1.74,45.0,40.2,29.2,69.4,1.19,0.77,1.95,1.06,1.83,https://fbref.com/en/squads/2abfe087/2017-2018/Watford-Stats
2018,Watford,Premier League,opponent,29.0,26.9,50.3,38.0,418.0,3420.0,38.0,63.0,43.0,106.0,57.0,6.0,6.0,65.0,3.0,685.0,1391.0,1.66,1.13,2.79,1.5,2.63,51.8,47.2,36.4,83.6,1.36,0.96,2.32,1.24,2.2,https://fbref.com/en/squads/2abfe087/2017-2018/Watford-Stats
2018,Werder Bremen,Bundesliga,team,25.0,26.3,47.4,34.0,374.0,3060.0,34.0,34.0,27.0,61.0,34.0,0.0,0.0,,,572.0,1473.0,1.0,0.79,1.79,1.0,1.79,38.9,38.9,31.6,70.5,1.14,0.93,2.07,1.14,2.07,https://fbref.com/en/squads/62add3bf/2017-2018/Werder-Bremen-Stats
2018,Werder Bremen,Bundesliga,opponent,25.0,25.6,52.6,34.0,374.0,3060.0,34.0,38.0,27.0,65.0,36.0,2.0,4.0,47.0,1.0,606.0,1344.0,1.12,0.79,1.91,1.06,1.85,45.1,42.1,32.7,74.8,1.33,0.96,2.29,1.24,2.2,https://fbref.com/en/squads/62add3bf/2017-2018/Werder-Bremen-Stats
2018,West Brom,Premier League,team,24.0,29.1,40.7,38.0,418.0,3420.0,38.0,31.0,24.0,55.0,30.0,1.0,1.0,,,507.0,1106.0,0.82,0.63,1.45,0.79,1.42,36.5,35.7,25.9,61.6,0.96,0.68,1.64,0.94,1.62,https://fbref.com/en/squads/60c6b05f/2017-2018/West-Bromwich-Albion-Stats
2018,West Brom,Premier League,opponent,24.0,26.9,59.3,38.0,418.0,3420.0,38.0,54.0,44.0,98.0,53.0,1.0,1.0,56.0,1.0,903.0,1924.0,1.42,1.16,2.58,1.39,2.55,47.9,47.1,36.8,83.9,1.26,0.97,2.23,1.24,2.21,https://fbref.com/en/squads/60c6b05f/2017-2018/West-Bromwich-Albion-Stats
2018,West Ham,Premier League,team,27.0,28.0,45.2,38.0,418.0,3420.0,38.0,48.0,29.0,77.0,46.0,2.0,4.0,,,523.0,1179.0,1.26,0.76,2.03,1.21,1.97,36.7,33.6,24.9,58.4,0.97,0.65,1.62,0.88,1.54,https://fbref.com/en/squads/7c21e445/2017-2018/West-Ham-United-Stats
2018,West Ham,Premier League,opponent,27.0,26.8,54.8,38.0,418.0,3420.0,38.0,67.0,48.0,115.0,62.0,5.0,6.0,55.0,1.0,857.0,1691.0,1.76,1.26,3.03,1.63,2.89,55.1,50.7,39.1,89.8,1.45,1.03,2.48,1.33,2.36,https://fbref.com/en/squads/7c21e445/2017-2018/West-Ham-United-Stats
2018,Wolfsburg,Bundesliga,team,29.0,25.1,49.3,34.0,374.0,3060.0,34.0,36.0,26.0,62.0,35.0,1.0,6.0,,,502.0,1304.0,1.06,0.76,1.82,1.03,1.79,34.2,29.7,21.5,51.2,1.01,0.63,1.64,0.87,1.51,https://fbref.com/en/squads/4eaa11d7/2017-2018/Wolfsburg-Stats
2018,Wolfsburg,Bundesliga,opponent,29.0,25.7,50.7,34.0,374.0,3060.0,34.0,46.0,31.0,77.0,40.0,6.0,9.0,58.0,2.0,694.0,1511.0,1.35,0.91,2.26,1.18,2.09,52.0,45.2,37.2,82.4,1.53,1.09,2.62,1.33,2.42,https://fbref.com/en/squads/4eaa11d7/2017-2018/Wolfsburg-Stats
2019,Alavés,La Liga,team,26.0,26.7,42.7,38.0,418.0,3420.0,38.0,39.0,27.0,66.0,37.0,2.0,3.0,101.0,1.0,511.0,1113.0,1.03,0.71,1.74,0.97,1.68,41.1,38.8,29.0,67.8,1.08,0.76,1.85,1.02,1.79,https://fbref.com/en/squads/8d6fd021/2018-2019/Alaves-Stats
2019,Alavés,La Liga,opponent,26.0,26.9,57.3,38.0,418.0,3420.0,38.0,48.0,31.0,79.0,42.0,6.0,6.0,93.0,2.0,714.0,1843.0,1.26,0.82,2.08,1.11,1.92,53.2,48.6,36.6,85.2,1.4,0.96,2.36,1.28,2.24,https://fbref.com/en/squads/8d6fd021/2018-2019/Alaves-Stats
2019,Amiens,Ligue 1,team,26.0,26.5,46.5,38.0,418.0,3420.0,38.0,30.0,22.0,52.0,28.0,2.0,3.0,59.0,6.0,518.0,1274.0,0.79,0.58,1.37,0.74,1.32,35.4,33.0,23.4,56.4,0.93,0.62,1.55,0.87,1.48,https://fbref.com/en/squads/25622401/2018-2019/Amiens-Stats
2019,Amiens,Ligue 1,opponent,26.0,26.1,53.5,38.0,418.0,3420.0,38.0,50.0,34.0,84.0,44.0,6.0,9.0,61.0,3.0,680.0,1570.0,1.32,0.89,2.21,1.16,2.05,49.8,42.8,33.4,76.3,1.31,0.88,2.19,1.13,2.01,https://fbref.com/en/squads/25622401/2018-2019/Amiens-Stats
2019,Angers,Ligue 1,team,24.0,28.0,43.3,38.0,418.0,3420.0,38.0,42.0,27.0,69.0,37.0,5.0,10.0,49.0,4.0,700.0,1320.0,1.11,0.71,1.82,0.97,1.68,50.7,42.8,33.5,76.4,1.33,0.88,2.22,1.13,2.01,https://fbref.com/en/squads/69236f98/2018-2019/Angers-Stats
2019,Angers,Ligue 1,opponent,24.0,25.8,56.7,38.0,418.0,3420.0,38.0,47.0,40.0,87.0,44.0,3.0,5.0,76.0,3.0,816.0,1843.0,1.24,1.05,2.29,1.16,2.21,47.9,44.0,34.2,78.2,1.26,0.9,2.16,1.16,2.06,https://fbref.com/en/squads/69236f98/2018-2019/Angers-Stats
2019,Arsenal,Premier League,team,28.0,26.7,58.1,38.0,418.0,3420.0,38.0,69.0,52.0,121.0,65.0,4.0,5.0,73.0,2.0,868.0,1874.0,1.82,1.37,3.18,1.71,3.08,60.1,56.0,46.7,102.7,1.58,1.23,2.81,1.47,2.7,https://fbref.com/en/squads/18bb7c10/2018-2019/Arsenal-Stats
2019,Arsenal,Premier League,opponent,28.0,26.8,41.9,38.0,418.0,3420.0,38.0,50.0,32.0,82.0,43.0,7.0,7.0,76.0,2.0,683.0,1279.0,1.32,0.84,2.16,1.13,1.97,54.2,48.7,36.8,85.5,1.43,0.97,2.39,1.28,2.25,https://fbref.com/en/squads/18bb7c10/2018-2019/Arsenal-Stats
2019,Atalanta,Serie A,team,27.0,26.5,57.3,38.0,418.0,3420.0,38.0,75.0,60.0,135.0,73.0,2.0,4.0,62.0,3.0,1104.0,1939.0,1.97,1.58,3.55,1.92,3.5,72.2,69.0,55.8,124.8,1.9,1.47,3.37,1.82,3.28,https://fbref.com/en/squads/922493f3/2018-2019/Atalanta-Stats
2019,Atalanta,Serie A,opponent,27.0,26.9,42.7,38.0,418.0,3420.0,38.0,43.0,28.0,71.0,39.0,4.0,5.0,92.0,6.0,595.0,1222.0,1.13,0.74,1.87,1.03,1.76,41.1,37.2,28.9,66.0,1.08,0.76,1.84,0.98,1.74,https://fbref.com/en/squads/922493f3/2018-2019/Atalanta-Stats
2019,Athletic Club,La Liga,team,27.0,27.6,50.0,38.0,418.0,3420.0,38.0,39.0,26.0,65.0,34.0,5.0,7.0,118.0,4.0,626.0,1452.0,1.03,0.68,1.71,0.89,1.58,43.4,37.8,30.7,68.5,1.14,0.81,1.95,0.99,1.8,https://fbref.com/en/squads/2b390eca/2018-2019/Athletic-Club-Stats
2019,Athletic Club,La Liga,opponent,27.0,27.2,50.0,38.0,418.0,3420.0,38.0,45.0,32.0,77.0,40.0,5.0,5.0,106.0,2.0,677.0,1317.0,1.18,0.84,2.03,1.05,1.89,45.7,41.8,33.9,75.6,1.2,0.89,2.09,1.1,1.99,https://fbref.com/en/squads/2b390eca/2018-2019/Athletic-Club-Stats
2019,Atlético Madrid,La Liga,team,29.0,26.4,49.2,38.0,418.0,3420.0,38.0,53.0,36.0,89.0,50.0,3.0,4.0,100.0,5.0,677.0,1386.0,1.39,0.95,2.34,1.32,2.26,47.3,44.1,35.3,79.5,1.24,0.93,2.17,1.16,2.09,https://fbref.com/en/squads/db3b9613/2018-2019/Atletico-Madrid-Stats
2019,Atlético Madrid,La Liga,opponent,29.0,27.0,50.8,38.0,418.0,3420.0,38.0,27.0,15.0,42.0,22.0,5.0,5.0,95.0,3.0,662.0,1651.0,0.71,0.39,1.11,0.58,0.97,41.9,38.1,29.2,67.3,1.1,0.77,1.87,1.0,1.77,https://fbref.com/en/squads/db3b9613/2018-2019/Atletico-Madrid-Stats
2019,Augsburg,Bundesliga,team,30.0,26.5,46.4,34.0,374.0,3060.0,34.0,50.0,33.0,83.0,45.0,5.0,5.0,55.0,1.0,515.0,1158.0,1.47,0.97,2.44,1.32,2.29,45.3,41.8,32.0,73.9,1.33,0.94,2.28,1.23,2.17,https://fbref.com/en/squads/0cdc4311/2018-2019/Augsburg-Stats
2019,Augsburg,Bundesliga,opponent,30.0,25.8,53.6,34.0,374.0,3060.0,34.0,69.0,50.0,119.0,68.0,1.0,2.0,53.0,1.0,645.0,1445.0,2.03,1.47,3.5,2.0,3.47,61.1,59.5,47.6,107.1,1.8,1.4,3.2,1.75,3.15,https://fbref.com/en/squads/0cdc4311/2018-2019/Augsburg-Stats
2019,Barcelona,La Liga,team,30.0,27.7,64.4,38.0,418.0,3420.0,38.0,88.0,61.0,149.0,80.0,8.0,9.0,76.0,2.0,851.0,2110.0,2.32,1.61,3.92,2.11,3.71,75.8,68.7,55.8,124.6,1.99,1.47,3.46,1.81,3.28,https://fbref.com/en/squads/206d90db/2018-2019/Barcelona-Stats
2019,Barcelona,La Liga,opponent,30.0,26.8,35.6,38.0,418.0,3420.0,38.0,35.0,25.0,60.0,33.0,2.0,2.0,102.0,5.0,558.0,1092.0,0.92,0.66,1.58,0.87,1.53,45.3,43.7,34.3,78.0,1.19,0.9,2.09,1.15,2.05,https://fbref.com/en/squads/206d90db/2018-2019/Barcelona-Stats
2019,Bayern Munich,Bundesliga,team,24.0,27.4,65.7,34.0,374.0,3060.0,34.0,86.0,62.0,148.0,83.0,3.0,4.0,42.0,2.0,960.0,2192.0,2.53,1.82,4.35,2.44,4.26,85.6,82.4,66.1,148.5,2.52,1.94,4.46,2.42,4.37,https://fbref.com/en/squads/054efa67/2018-2019/Bayern-Munich-Stats
2019,Bayern Munich,Bundesliga,opponent,24.0,25.6,34.3,34.0,374.0,3060.0,34.0,31.0,22.0,53.0,26.0,5.0,6.0,56.0,6.0,391.0,766.0,0.91,0.65,1.56,0.76,1.41,27.2,22.6,16.5,39.1,0.8,0.49,1.28,0.67,1.15,https://fbref.com/en/squads/054efa67/2018-2019/Bayern-Munich-Stats
2019,Betis,La Liga,team,25.0,26.7,61.8,38.0,418.0,3420.0,38.0,43.0,30.0,73.0,38.0,5.0,7.0,89.0,1.0,887.0,1631.0,1.13,0.79,1.92,1.0,1.79,47.1,41.5,32.9,74.4,1.24,0.87,2.1,1.09,1.96,https://fbref.com/en/squads/fc536746/2018-2019/Real-Betis-Stats
2019,Betis,La Liga,opponent,25.0,26.8,38.2,38.0,418.0,3420.0,38.0,52.0,42.0,94.0,48.0,4.0,5.0,123.0,7.0,577.0,1153.0,1.37,1.11,2.47,1.26,2.37,49.4,45.5,37.2,82.7,1.3,0.98,2.28,1.2,2.18,https://fbref.com/en/squads/fc536746/2018-2019/Real-Betis-Stats
2019,Bologna,Serie A,team,29.0,27.0,44.9,38.0,418.0,3420.0,38.0,45.0,35.0,80.0,40.0,5.0,5.0,91.0,6.0,675.0,1328.0,1.18,0.92,2.11,1.05,1.97,46.8,42.9,30.8,73.7,1.23,0.81,2.04,1.13,1.94,https://fbref.com/en/squads/1d8099f8/2018-2019/Bologna-Stats
2019,Bologna,Serie A,opponent,29.0,26.7,55.1,38.0,418.0,3420.0,38.0,55.0,40.0,95.0,51.0,4.0,4.0,98.0,5.0,769.0,1621.0,1.45,1.05,2.5,1.34,2.39,49.0,45.9,36.3,82.2,1.29,0.95,2.24,1.21,2.16,https://fbref.com/en/squads/1d8099f8/2018-2019/Bologna-Stats
2019,Bordeaux,Ligue 1,team,33.0,25.3,50.1,38.0,418.0,3420.0,38.0,34.0,26.0,60.0,29.0,5.0,6.0,74.0,5.0,742.0,1374.0,0.89,0.68,1.58,0.76,1.45,39.7,35.0,29.5,64.5,1.05,0.78,1.82,0.92,1.7,https://fbref.com/en/squads/123f3efe/2018-2019/Bordeaux-Stats
2019,Bordeaux,Ligue 1,opponent,33.0,25.8,49.9,38.0,418.0,3420.0,38.0,42.0,30.0,72.0,36.0,6.0,7.0,69.0,2.0,723.0,1477.0,1.11,0.79,1.89,0.95,1.74,53.5,48.1,36.6,84.7,1.41,0.96,2.37,1.27,2.23,https://fbref.com/en/squads/123f3efe/2018-2019/Bordeaux-Stats
2019,Bournemouth,Premier League,team,28.0,26.6,46.9,38.0,418.0,3420.0,38.0,55.0,43.0,98.0,48.0,7.0,9.0,60.0,1.0,738.0,1435.0,1.45,1.13,2.58,1.26,2.39,53.3,46.2,38.8,85.0,1.4,1.02,2.42,1.22,2.24,https://fbref.com/en/squads/4ba7cbea/2018-2019/Bournemouth-Stats
2019,Bournemouth,Premier League,opponent,28.0,26.8,53.1,38.0,418.0,3420.0,38.0,67.0,48.0,115.0,62.0,5.0,5.0,91.0,9.0,741.0,1675.0,1.76,1.26,3.03,1.63,2.89,57.2,53.2,39.0,92.2,1.5,1.03,2.53,1.4,2.43,https://fbref.com/en/squads/4ba7cbea/2018-2019/Bournemouth-Stats
2019,Brighton,Premier League,team,21.0,27.4,42.4,38.0,418.0,3420.0,38.0,35.0,24.0,59.0,30.0,5.0,6.0,61.0,4.0,475.0,1150.0,0.92,0.63,1.55,0.79,1.42,35.3,30.7,24.5,55.2,0.93,0.64,1.57,0.81,1.45,https://fbref.com/en/squads/d07537b9/2018-2019/Brighton-and-Hove-Albion-Stats
2019,Brighton,Premier League,opponent,21.0,26.8,57.6,38.0,418.0,3420.0,38.0,60.0,39.0,99.0,50.0,10.0,10.0,52.0,2.0,845.0,1830.0,1.58,1.03,2.61,1.32,2.34,59.1,51.4,38.7,90.1,1.56,1.02,2.58,1.35,2.37,https://fbref.com/en/squads/d07537b9/2018-2019/Brighton-and-Hove-Albion-Stats
2019,Burnley,Premier League,team,23.0,28.0,41.2,38.0,418.0,3420.0,38.0,43.0,32.0,75.0,41.0,2.0,2.0,75.0,1.0,421.0,1032.0,1.13,0.84,1.97,1.08,1.92,44.4,42.8,31.2,74.0,1.17,0.82,1.99,1.13,1.95,https://fbref.com/en/squads/943e8050/2018-2019/Burnley-Stats
2019,Burnley,Premier League,opponent,23.0,26.7,58.8,38.0,418.0,3420.0,38.0,64.0,43.0,107.0,62.0,2.0,3.0,58.0,3.0,917.0,1721.0,1.68,1.13,2.82,1.63,2.76,62.1,59.7,45.2,104.9,1.63,1.19,2.82,1.57,2.76,https://fbref.com/en/squads/943e8050/2018-2019/Burnley-Stats
2019,Caen,Ligue 1,team,26.0,25.8,44.0,38.0,418.0,3420.0,38.0,29.0,17.0,46.0,25.0,4.0,4.0,79.0,6.0,500.0,1019.0,0.76,0.45,1.21,0.66,1.11,31.0,27.9,20.6,48.5,0.82,0.54,1.36,0.73,1.28,https://fbref.com/en/squads/74229020/2018-2019/Caen-Stats
2019,Caen,Ligue 1,opponent,26.0,26.0,56.0,38.0,418.0,3420.0,38.0,52.0,33.0,85.0,46.0,6.0,8.0,65.0,4.0,755.0,1668.0,1.37,0.87,2.24,1.21,2.08,63.8,57.6,42.5,100.1,1.68,1.12,2.8,1.52,2.64,https://fbref.com/en/squads/74229020/2018-2019/Caen-Stats
2019,Cagliari,Serie A,team,30.0,27.9,49.8,38.0,418.0,3420.0,38.0,35.0,27.0,62.0,33.0,2.0,3.0,94.0,9.0,555.0,1288.0,0.92,0.71,1.63,0.87,1.58,42.1,39.7,30.7,70.4,1.11,0.81,1.91,1.05,1.85,https://fbref.com/en/squads/c4260e09/2018-2019/Cagliari-Stats
2019,Cagliari,Serie A,opponent,30.0,26.9,50.2,38.0,418.0,3420.0,38.0,52.0,34.0,86.0,44.0,8.0,10.0,75.0,5.0,828.0,1594.0,1.37,0.89,2.26,1.16,2.05,62.1,55.1,43.7,98.8,1.63,1.15,2.78,1.45,2.6,https://fbref.com/en/squads/c4260e09/2018-2019/Cagliari-Stats
2019,Cardiff City,Premier League,team,25.0,27.7,35.4,38.0,418.0,3420.0,38.0,33.0,20.0,53.0,30.0,3.0,4.0,66.0,1.0,434.0,918.0,0.87,0.53,1.39,0.79,1.32,42.4,39.2,27.6,66.8,1.11,0.73,1.84,1.03,1.76,https://fbref.com/en/squads/75fae011/2018-2019/Cardiff-City-Stats
2019,Cardiff City,Premier League,opponent,25.0,26.7,64.6,38.0,418.0,3420.0,38.0,69.0,53.0,122.0,65.0,4.0,7.0,49.0,3.0,872.0,1723.0,1.82,1.39,3.21,1.71,3.11,61.5,56.0,43.4,99.3,1.62,1.14,2.76,1.47,2.61,https://fbref.com/en/squads/75fae011/2018-2019/Cardiff-City-Stats
2019,Celta Vigo,La Liga,team,28.0,25.5,51.6,38.0,418.0,3420.0,38.0,52.0,37.0,89.0,45.0,7.0,7.0,79.0,6.0,673.0,1288.0,1.37,0.97,2.34,1.18,2.16,46.5,41.2,33.6,74.8,1.22,0.88,2.11,1.08,1.97,https://fbref.com/en/squads/f25da7fb/2018-2019/Celta-Vigo-Stats
2019,Celta Vigo,La Liga,opponent,28.0,26.9,48.4,38.0,418.0,3420.0,38.0,61.0,41.0,102.0,55.0,6.0,7.0,89.0,2.0,721.0,1503.0,1.61,1.08,2.68,1.45,2.53,60.9,55.4,43.5,98.9,1.6,1.14,2.75,1.46,2.6,https://fbref.com/en/squads/f25da7fb/2018-2019/Celta-Vigo-Stats
2019,Chelsea,Premier League,team,24.0,27.3,62.9,38.0,418.0,3420.0,38.0,61.0,52.0,113.0,56.0,5.0,5.0,49.0,0.0,1058.0,2155.0,1.61,1.37,2.97,1.47,2.84,58.6,54.6,44.9,99.6,1.54,1.18,2.72,1.44,2.62,https://fbref.com/en/squads/cff3d9bb/2018-2019/Chelsea-Stats
2019,Chelsea,Premier League,opponent,24.0,26.8,37.1,38.0,418.0,3420.0,38.0,39.0,30.0,69.0,38.0,1.0,2.0,63.0,0.0,501.0,1127.0,1.03,0.79,1.82,1.0,1.79,36.4,34.7,27.2,62.0,0.96,0.72,1.67,0.91,1.63,https://fbref.com/en/squads/cff3d9bb/2018-2019/Chelsea-Stats
2019,Chievo,Serie A,team,36.0,28.3,43.3,38.0,418.0,3420.0,38.0,25.0,17.0,42.0,21.0,4.0,6.0,110.0,7.0,500.0,1229.0,0.66,0.45,1.11,0.55,1.0,36.0,31.7,25.6,57.3,0.95,0.67,1.62,0.83,1.51,https://fbref.com/en/squads/cc919b35/2018-2019/Chievo-Stats
2019,Chievo,Serie A,opponent,36.0,27.0,56.7,38.0,418.0,3420.0,38.0,73.0,54.0,127.0,71.0,2.0,4.0,64.0,4.0,851.0,1771.0,1.92,1.42,3.34,1.87,3.29,60.3,57.1,45.8,103.0,1.59,1.21,2.79,1.5,2.71,https://fbref.com/en/squads/cc919b35/2018-2019/Chievo-Stats
2019,Crystal Palace,Premier League,team,26.0,27.4,45.2,38.0,418.0,3420.0,38.0,48.0,33.0,81.0,38.0,10.0,11.0,58.0,2.0,771.0,1458.0,1.26,0.87,2.13,1.0,1.87,47.6,39.2,29.5,68.7,1.25,0.78,2.03,1.03,1.81,https://fbref.com/en/squads/47c64c55/2018-2019/Crystal-Palace-Stats
2019,Crystal Palace,Premier League,opponent,26.0,26.7,54.8,38.0,418.0,3420.0,38.0,52.0,35.0,87.0,48.0,4.0,5.0,62.0,2.0,827.0,1894.0,1.37,0.92,2.29,1.26,2.18,50.1,46.6,35.7,82.3,1.32,0.94,2.26,1.23,2.17,https://fbref.com/en/squads/47c64c55/2018-2019/Crystal-Palace-Stats
2019,Dijon,Ligue 1,team,26.0,27.1,47.9,38.0,418.0,3420.0,38.0,29.0,21.0,50.0,26.0,3.0,4.0,75.0,7.0,677.0,1334.0,0.76,0.55,1.32,0.68,1.24,39.8,36.6,28.1,64.8,1.05,0.74,1.79,0.96,1.7,https://fbref.com/en/squads/8dfb7350/2018-2019/Dijon-Stats
2019,Dijon,Ligue 1,opponent,26.0,25.8,52.1,38.0,418.0,3420.0,38.0,59.0,41.0,100.0,56.0,3.0,3.0,48.0,5.0,721.0,1532.0,1.55,1.08,2.63,1.47,2.55,58.2,55.9,40.4,96.3,1.53,1.06,2.6,1.47,2.53,https://fbref.com/en/squads/8dfb7350/2018-2019/Dijon-Stats
2019,Dortmund,Bundesliga,team,23.0,24.8,58.1,34.0,374.0,3060.0,34.0,80.0,60.0,140.0,76.0,4.0,4.0,40.0,3.0,784.0,1637.0,2.35,1.76,4.12,2.24,4.0,61.5,58.4,46.0,104.4,1.81,1.35,3.16,1.72,3.07,https://fbref.com/en/squads/add600ae/2018-2019/Dortmund-Stats
2019,Dortmund,Bundesliga,opponent,23.0,25.7,41.9,34.0,374.0,3060.0,34.0,44.0,25.0,69.0,40.0,4.0,5.0,68.0,3.0,520.0,1290.0,1.29,0.74,2.03,1.18,1.91,39.9,36.0,25.1,61.1,1.17,0.74,1.91,1.06,1.8,https://fbref.com/en/squads/add600ae/2018-2019/Dortmund-Stats
2019,Düsseldorf,Bundesliga,team,24.0,26.9,43.2,34.0,374.0,3060.0,34.0,48.0,35.0,83.0,43.0,5.0,7.0,67.0,1.0,553.0,1202.0,1.41,1.03,2.44,1.26,2.29,47.1,41.6,32.2,73.8,1.39,0.95,2.33,1.22,2.17,https://fbref.com/en/squads/b1278397/2018-2019/Dusseldorf-Stats
2019,Düsseldorf,Bundesliga,opponent,24.0,25.8,56.8,34.0,374.0,3060.0,34.0,65.0,35.0,100.0,58.0,7.0,7.0,57.0,4.0,812.0,1654.0,1.91,1.03,2.94,1.71,2.74,62.4,57.0,42.7,99.8,1.83,1.26,3.09,1.68,2.93,https://fbref.com/en/squads/b1278397/2018-2019/Dusseldorf-Stats
2019,Eibar,La Liga,team,25.0,28.5,54.0,38.0,418.0,3420.0,38.0,46.0,26.0,72.0,39.0,7.0,8.0,81.0,2.0,565.0,1619.0,1.21,0.68,1.89,1.03,1.71,54.8,48.6,36.7,85.3,1.44,0.96,2.41,1.28,2.24,https://fbref.com/en/squads/bea5c710/2018-2019/Eibar-Stats
2019,Eibar,La Liga,opponent,25.0,26.8,46.0,38.0,418.0,3420.0,38.0,49.0,39.0,88.0,46.0,3.0,4.0,76.0,2.0,459.0,1070.0,1.29,1.03,2.32,1.21,2.24,45.9,42.7,37.2,79.9,1.21,0.98,2.19,1.12,2.1,https://fbref.com/en/squads/bea5c710/2018-2019/Eibar-Stats
2019,Eint Frankfurt,Bundesliga,team,30.0,26.4,47.2,34.0,374.0,3060.0,34.0,60.0,42.0,102.0,56.0,4.0,4.0,58.0,3.0,625.0,1247.0,1.76,1.24,3.0,1.65,2.88,57.2,54.4,42.9,97.3,1.68,1.26,2.95,1.6,2.86,https://fbref.com/en/squads/f0ac8ee6/2018-2019/Eintracht-Frankfurt-Stats
2019,Eint Frankfurt,Bundesliga,opponent,30.0,26.0,52.8,34.0,374.0,3060.0,34.0,47.0,38.0,85.0,46.0,1.0,1.0,63.0,3.0,614.0,1370.0,1.38,1.12,2.5,1.35,2.47,50.7,49.9,39.9,89.7,1.49,1.17,2.66,1.47,2.64,https://fbref.com/en/squads/f0ac8ee6/2018-2019/Eintracht-Frankfurt-Stats
2019,Empoli,Serie A,team,29.0,26.4,47.9,38.0,418.0,3420.0,38.0,48.0,36.0,84.0,44.0,4.0,7.0,73.0,3.0,801.0,1567.0,1.26,0.95,2.21,1.16,2.11,52.4,46.8,37.5,84.3,1.38,0.99,2.36,1.23,2.22,https://fbref.com/en/squads/a3d88bd8/2018-2019/Empoli-Stats
2019,Empoli,Serie A,opponent,29.0,27.0,52.1,38.0,418.0,3420.0,38.0,68.0,51.0,119.0,62.0,6.0,8.0,77.0,6.0,888.0,1649.0,1.79,1.34,3.13,1.63,2.97,63.6,57.3,46.2,103.6,1.67,1.22,2.89,1.51,2.73,https://fbref.com/en/squads/a3d88bd8/2018-2019/Empoli-Stats
2019,Espanyol,La Liga,team,25.0,27.7,49.4,38.0,418.0,3420.0,38.0,43.0,26.0,69.0,39.0,4.0,4.0,90.0,2.0,642.0,1495.0,1.13,0.68,1.82,1.03,1.71,48.9,45.8,33.8,79.6,1.29,0.89,2.18,1.21,2.1,https://fbref.com/en/squads/a8661628/2018-2019/Espanyol-Stats
2019,Espanyol,La Liga,opponent,25.0,26.8,50.6,38.0,418.0,3420.0,38.0,48.0,26.0,74.0,42.0,6.0,8.0,111.0,6.0,799.0,1585.0,1.26,0.68,1.95,1.11,1.79,53.8,47.5,35.9,83.4,1.42,0.94,2.36,1.25,2.2,https://fbref.com/en/squads/a8661628/2018-2019/Espanyol-Stats
2019,Everton,Premier League,team,23.0,25.7,51.5,38.0,418.0,3420.0,38.0,53.0,34.0,87.0,51.0,2.0,5.0,56.0,4.0,697.0,1581.0,1.39,0.89,2.29,1.34,2.24,49.7,45.7,33.7,79.4,1.31,0.89,2.19,1.2,2.09,https://fbref.com/en/squads/d3fd31cc/2018-2019/Everton-Stats
2019,Everton,Premier League,opponent,23.0,26.8,48.5,38.0,418.0,3420.0,38.0,44.0,24.0,68.0,42.0,2.0,5.0,77.0,2.0,598.0,1360.0,1.16,0.63,1.79,1.11,1.74,45.7,41.7,31.2,72.9,1.2,0.82,2.02,1.1,1.92,https://fbref.com/en/squads/d3fd31cc/2018-2019/Everton-Stats
2019,Fiorentina,Serie A,team,27.0,24.1,50.4,38.0,418.0,3420.0,38.0,45.0,24.0,69.0,40.0,5.0,6.0,89.0,5.0,801.0,1544.0,1.18,0.63,1.82,1.05,1.68,54.0,49.2,35.8,85.0,1.42,0.94,2.36,1.3,2.24,https://fbref.com/en/squads/421387cf/2018-2019/Fiorentina-Stats
2019,Fiorentina,Serie A,opponent,27.0,27.0,49.6,38.0,418.0,3420.0,38.0,42.0,32.0,74.0,37.0,5.0,6.0,97.0,1.0,695.0,1357.0,1.11,0.84,1.95,0.97,1.82,41.0,36.5,28.5,65.0,1.08,0.75,1.83,0.96,1.71,https://fbref.com/en/squads/421387cf/2018-2019/Fiorentina-Stats
2019,Freiburg,Bundesliga,team,28.0,25.8,44.0,34.0,374.0,3060.0,34.0,44.0,25.0,69.0,39.0,5.0,6.0,54.0,3.0,507.0,1064.0,1.29,0.74,2.03,1.15,1.88,40.9,36.2,26.5,62.6,1.2,0.78,1.98,1.06,1.84,https://fbref.com/en/squads/a486e511/2018-2019/Freiburg-Stats
2019,Freiburg,Bundesliga,opponent,28.0,25.8,56.1,34.0,374.0,3060.0,34.0,61.0,46.0,107.0,54.0,7.0,7.0,56.0,3.0,751.0,1537.0,1.79,1.35,3.15,1.59,2.94,61.1,55.8,44.6,100.4,1.8,1.31,3.11,1.64,2.95,https://fbref.com/en/squads/a486e511/2018-2019/Freiburg-Stats
2019,Frosinone,Serie A,team,33.0,26.4,41.5,38.0,418.0,3420.0,38.0,28.0,21.0,49.0,24.0,4.0,5.0,99.0,2.0,520.0,1220.0,0.74,0.55,1.29,0.63,1.18,38.9,35.1,27.1,62.2,1.02,0.71,1.74,0.92,1.64,https://fbref.com/en/squads/6a7ad59d/2018-2019/Frosinone-Stats
2019,Frosinone,Serie A,opponent,33.0,27.1,58.5,38.0,418.0,3420.0,38.0,68.0,50.0,118.0,63.0,5.0,5.0,78.0,4.0,1033.0,1801.0,1.79,1.32,3.11,1.66,2.97,62.0,58.1,48.7,106.9,1.63,1.28,2.91,1.53,2.81,https://fbref.com/en/squads/6a7ad59d/2018-2019/Frosinone-Stats
2019,Fulham,Premier League,team,28.0,26.0,48.8,38.0,418.0,3420.0,38.0,33.0,24.0,57.0,31.0,2.0,3.0,70.0,2.0,628.0,1487.0,0.87,0.63,1.5,0.82,1.45,41.3,39.0,30.0,69.0,1.09,0.79,1.88,1.03,1.82,https://fbref.com/en/squads/fd962109/2018-2019/Fulham-Stats
2019,Fulham,Premier League,opponent,28.0,26.8,51.2,38.0,418.0,3420.0,38.0,79.0,59.0,138.0,74.0,5.0,7.0,43.0,0.0,816.0,1716.0,2.08,1.55,3.63,1.95,3.5,68.2,62.7,48.2,110.9,1.79,1.27,3.06,1.65,2.92,https://fbref.com/en/squads/fd962109/2018-2019/Fulham-Stats
2019,Genoa,Serie A,team,31.0,26.0,43.4,38.0,418.0,3420.0,38.0,37.0,26.0,63.0,33.0,4.0,5.0,95.0,7.0,690.0,1274.0,0.97,0.68,1.66,0.87,1.55,46.9,43.0,32.5,75.5,1.24,0.86,2.09,1.13,1.99,https://fbref.com/en/squads/658bf2de/2018-2019/Genoa-Stats
2019,Genoa,Serie A,opponent,31.0,26.9,56.6,38.0,418.0,3420.0,38.0,55.0,40.0,95.0,50.0,5.0,6.0,87.0,4.0,760.0,1627.0,1.45,1.05,2.5,1.32,2.37,53.3,48.6,36.6,85.2,1.4,0.96,2.37,1.28,2.24,https://fbref.com/en/squads/658bf2de/2018-2019/Genoa-Stats
2019,Getafe,La Liga,team,26.0,27.5,40.7,38.0,418.0,3420.0,38.0,47.0,34.0,81.0,41.0,6.0,6.0,107.0,7.0,448.0,1131.0,1.24,0.89,2.13,1.08,1.97,46.2,41.6,32.9,74.4,1.22,0.87,2.08,1.09,1.96,https://fbref.com/en/squads/7848bd64/2018-2019/Getafe-Stats
2019,Getafe,La Liga,opponent,26.0,26.8,59.3,38.0,418.0,3420.0,38.0,33.0,18.0,51.0,29.0,4.0,7.0,109.0,5.0,525.0,1385.0,0.87,0.47,1.34,0.76,1.24,43.6,38.7,29.8,68.5,1.15,0.78,1.93,1.02,1.8,https://fbref.com/en/squads/7848bd64/2018-2019/Getafe-Stats
2019,Girona,La Liga,team,26.0,26.6,48.0,38.0,418.0,3420.0,38.0,37.0,23.0,60.0,31.0,6.0,6.0,81.0,4.0,634.0,1316.0,0.97,0.61,1.58,0.82,1.42,43.5,39.3,29.3,68.6,1.14,0.77,1.91,1.04,1.81,https://fbref.com/en/squads/9024a00a/2018-2019/Girona-Stats
2019,Girona,La Liga,opponent,26.0,27.1,52.0,38.0,418.0,3420.0,38.0,51.0,34.0,85.0,43.0,8.0,8.0,116.0,7.0,809.0,1624.0,1.34,0.89,2.24,1.13,2.03,52.7,46.9,38.0,84.9,1.39,1.0,2.39,1.23,2.23,https://fbref.com/en/squads/9024a00a/2018-2019/Girona-Stats
2019,Guingamp,Ligue 1,team,30.0,26.0,44.1,38.0,418.0,3420.0,38.0,28.0,21.0,49.0,23.0,5.0,6.0,58.0,5.0,645.0,1398.0,0.74,0.55,1.29,0.61,1.16,40.4,35.7,28.8,64.5,1.06,0.76,1.82,0.94,1.7,https://fbref.com/en/squads/d41b5f53/2018-2019/Guingamp-Stats
2019,Guingamp,Ligue 1,opponent,30.0,26.0,55.9,38.0,418.0,3420.0,38.0,68.0,42.0,110.0,65.0,3.0,6.0,76.0,4.0,684.0,1658.0,1.79,1.11,2.89,1.71,2.82,53.4,48.7,33.4,82.0,1.4,0.88,2.28,1.28,2.16,https://fbref.com/en/squads/d41b5f53/2018-2019/Guingamp-Stats
2019,Hannover 96,Bundesliga,team,32.0,26.3,46.3,34.0,374.0,3060.0,34.0,30.0,20.0,50.0,27.0,3.0,3.0,61.0,4.0,572.0,1105.0,0.88,0.59,1.47,0.79,1.38,37.2,34.9,27.2,62.0,1.1,0.8,1.89,1.03,1.82,https://fbref.com/en/squads/60b5e41f/2018-2019/Hannover-96-Stats
2019,Hannover 96,Bundesliga,opponent,32.0,25.8,53.7,34.0,374.0,3060.0,34.0,70.0,50.0,120.0,64.0,6.0,7.0,53.0,1.0,810.0,1533.0,2.06,1.47,3.53,1.88,3.35,67.8,62.4,48.5,110.9,1.99,1.43,3.42,1.83,3.26,https://fbref.com/en/squads/60b5e41f/2018-2019/Hannover-96-Stats
2019,Hertha BSC,Bundesliga,team,26.0,25.9,47.9,34.0,374.0,3060.0,34.0,49.0,32.0,81.0,45.0,4.0,4.0,64.0,5.0,562.0,1241.0,1.44,0.94,2.38,1.32,2.26,51.0,48.0,36.8,84.8,1.5,1.08,2.58,1.41,2.49,https://fbref.com/en/squads/2818f8bc/2018-2019/Hertha-BSC-Stats
2019,Hertha BSC,Bundesliga,opponent,26.0,25.9,52.1,34.0,374.0,3060.0,34.0,55.0,43.0,98.0,51.0,4.0,6.0,38.0,1.0,613.0,1493.0,1.62,1.26,2.88,1.5,2.76,61.4,56.8,46.6,103.4,1.81,1.37,3.18,1.67,3.04,https://fbref.com/en/squads/2818f8bc/2018-2019/Hertha-BSC-Stats
2019,Hoffenheim,Bundesliga,team,29.0,25.5,53.8,34.0,374.0,3060.0,34.0,69.0,49.0,118.0,63.0,6.0,7.0,67.0,2.0,950.0,1589.0,2.03,1.44,3.47,1.85,3.29,75.9,70.6,56.8,127.3,2.23,1.67,3.9,2.08,3.74,https://fbref.com/en/squads/033ea6b8/2018-2019/Hoffenheim-Stats
2019,Hoffenheim,Bundesliga,opponent,29.0,26.0,46.2,34.0,374.0,3060.0,34.0,51.0,31.0,82.0,44.0,7.0,7.0,54.0,3.0,732.0,1348.0,1.5,0.91,2.41,1.29,2.21,52.5,47.1,35.3,82.4,1.55,1.04,2.58,1.38,2.42,https://fbref.com/en/squads/033ea6b8/2018-2019/Hoffenheim-Stats
2019,Huddersfield,Premier League,team,31.0,26.2,47.2,38.0,418.0,3420.0,38.0,21.0,13.0,34.0,20.0,1.0,1.0,56.0,4.0,601.0,1248.0,0.55,0.34,0.89,0.53,0.87,28.8,28.0,19.9,47.9,0.76,0.52,1.28,0.74,1.26,https://fbref.com/en/squads/f5922ca5/2018-2019/Huddersfield-Town-Stats
2019,Huddersfield,Premier League,opponent,31.0,26.5,52.8,38.0,418.0,3420.0,38.0,75.0,56.0,131.0,68.0,7.0,8.0,66.0,2.0,742.0,1590.0,1.97,1.47,3.45,1.79,3.26,60.9,54.7,45.2,99.9,1.6,1.19,2.79,1.44,2.63,https://fbref.com/en/squads/f5922ca5/2018-2019/Huddersfield-Town-Stats
2019,Huesca,La Liga,team,30.0,26.7,44.5,38.0,418.0,3420.0,38.0,43.0,28.0,71.0,37.0,6.0,7.0,113.0,3.0,653.0,1209.0,1.13,0.74,1.87,0.97,1.71,50.8,45.4,34.6,80.0,1.34,0.91,2.25,1.19,2.1,https://fbref.com/en/squads/c6c493e6/2018-2019/Huesca-Stats
2019,Huesca,La Liga,opponent,30.0,26.6,55.5,38.0,418.0,3420.0,38.0,62.0,46.0,108.0,53.0,9.0,9.0,86.0,4.0,768.0,1576.0,1.63,1.21,2.84,1.39,2.61,60.2,53.1,43.1,96.3,1.58,1.13,2.72,1.4,2.53,https://fbref.com/en/squads/c6c493e6/2018-2019/Huesca-Stats
2019,Inter,Serie A,team,23.0,27.7,59.4,38.0,418.0,3420.0,38.0,57.0,36.0,93.0,49.0,8.0,9.0,73.0,3.0,954.0,1917.0,1.5,0.95,2.45,1.29,2.24,63.8,56.8,45.4,102.3,1.68,1.2,2.88,1.5,2.69,https://fbref.com/en/squads/d609edc0/2018-2019/Internazionale-Stats
2019,Inter,Serie A,opponent,23.0,26.8,40.6,38.0,418.0,3420.0,38.0,30.0,22.0,52.0,27.0,3.0,5.0,99.0,5.0,639.0,1208.0,0.79,0.58,1.37,0.71,1.29,38.3,34.3,26.4,60.7,1.01,0.69,1.7,0.9,1.6,https://fbref.com/en/squads/d609edc0/2018-2019/Internazionale-Stats
2019,Juventus,Serie A,team,31.0,28.0,55.9,38.0,418.0,3420.0,38.0,66.0,44.0,110.0,59.0,7.0,8.0,76.0,4.0,926.0,1853.0,1.74,1.16,2.89,1.55,2.71,60.7,54.5,42.5,97.1,1.6,1.12,2.72,1.44,2.55,https://fbref.com/en/squads/e0652b02/2018-2019/Juventus-Stats
2019,Juventus,Serie A,opponent,31.0,26.9,44.1,38.0,418.0,3420.0,38.0,29.0,19.0,48.0,27.0,2.0,4.0,95.0,3.0,652.0,1250.0,0.76,0.5,1.26,0.71,1.21,35.8,32.7,23.5,56.2,0.94,0.62,1.56,0.86,1.48,https://fbref.com/en/squads/e0652b02/2018-2019/Juventus-Stats
2019,Lazio,Serie A,team,30.0,27.9,50.8,38.0,418.0,3420.0,38.0,54.0,35.0,89.0,48.0,6.0,6.0,89.0,4.0,912.0,1737.0,1.42,0.92,2.34,1.26,2.18,60.4,55.8,44.4,100.2,1.59,1.17,2.76,1.47,2.64,https://fbref.com/en/squads/7213da33/2018-2019/Lazio-Stats
2019,Lazio,Serie A,opponent,30.0,26.8,49.2,38.0,418.0,3420.0,38.0,43.0,25.0,68.0,38.0,5.0,6.0,86.0,4.0,700.0,1455.0,1.13,0.66,1.79,1.0,1.66,47.0,42.3,30.8,73.1,1.24,0.81,2.05,1.11,1.92,https://fbref.com/en/squads/7213da33/2018-2019/Lazio-Stats
2019,Leganés,La Liga,team,29.0,26.6,43.1,38.0,418.0,3420.0,38.0,36.0,25.0,61.0,33.0,3.0,5.0,104.0,4.0,447.0,1153.0,0.95,0.66,1.61,0.87,1.53,40.6,36.8,28.1,64.9,1.07,0.74,1.81,0.97,1.71,https://fbref.com/en/squads/7c6f2c78/2018-2019/Leganes-Stats
2019,Leganés,La Liga,opponent,29.0,26.8,56.9,38.0,418.0,3420.0,38.0,42.0,27.0,69.0,39.0,3.0,4.0,90.0,3.0,705.0,1596.0,1.11,0.71,1.82,1.03,1.74,41.2,37.9,28.6,66.5,1.08,0.75,1.84,1.0,1.75,https://fbref.com/en/squads/7c6f2c78/2018-2019/Leganes-Stats
2019,Leicester City,Premier League,team,25.0,25.9,50.9,38.0,418.0,3420.0,38.0,48.0,34.0,82.0,43.0,5.0,7.0,60.0,5.0,752.0,1537.0,1.26,0.89,2.16,1.13,2.03,52.4,47.3,37.6,84.9,1.38,0.99,2.37,1.24,2.23,https://fbref.com/en/squads/a2d435b3/2018-2019/Leicester-City-Stats
2019,Leicester City,Premier League,opponent,25.0,26.8,49.1,38.0,418.0,3420.0,38.0,48.0,36.0,84.0,43.0,5.0,5.0,70.0,6.0,695.0,1465.0,1.26,0.95,2.21,1.13,2.08,43.7,39.8,30.7,70.5,1.15,0.81,1.96,1.05,1.86,https://fbref.com/en/squads/a2d435b3/2018-2019/Leicester-City-Stats
2019,Levante,La Liga,team,26.0,26.3,45.7,38.0,418.0,3420.0,38.0,56.0,39.0,95.0,51.0,5.0,7.0,107.0,7.0,709.0,1295.0,1.47,1.03,2.5,1.34,2.37,53.9,48.4,38.5,86.9,1.42,1.01,2.43,1.27,2.29,https://fbref.com/en/squads/9800b6a1/2018-2019/Levante-Stats
2019,Levante,La Liga,opponent,26.0,26.9,54.3,38.0,418.0,3420.0,38.0,64.0,41.0,105.0,56.0,8.0,9.0,92.0,7.0,868.0,1553.0,1.68,1.08,2.76,1.47,2.55,76.2,69.1,51.4,120.4,2.01,1.35,3.36,1.82,3.17,https://fbref.com/en/squads/9800b6a1/2018-2019/Levante-Stats
2019,Leverkusen,Bundesliga,team,21.0,25.3,59.8,34.0,374.0,3060.0,34.0,68.0,51.0,119.0,64.0,4.0,5.0,50.0,1.0,719.0,1791.0,2.0,1.5,3.5,1.88,3.38,58.3,54.4,43.8,98.2,1.71,1.29,3.0,1.6,2.89,https://fbref.com/en/squads/c7a9f859/2018-2019/Bayer-Leverkusen-Stats
2019,Leverkusen,Bundesliga,opponent,21.0,25.7,40.2,34.0,374.0,3060.0,34.0,49.0,35.0,84.0,45.0,4.0,6.0,70.0,2.0,584.0,1187.0,1.44,1.03,2.47,1.32,2.35,44.0,39.3,32.8,72.1,1.29,0.97,2.26,1.16,2.12,https://fbref.com/en/squads/c7a9f859/2018-2019/Bayer-Leverkusen-Stats
2019,Lille,Ligue 1,team,25.0,24.1,51.4,38.0,418.0,3420.0,38.0,66.0,49.0,115.0,55.0,11.0,13.0,70.0,4.0,757.0,1461.0,1.74,1.29,3.03,1.45,2.74,59.5,49.3,38.7,87.9,1.56,1.02,2.58,1.3,2.31,https://fbref.com/en/squads/cb188c0c/2018-2019/Lille-Stats
2019,Lille,Ligue 1,opponent,25.0,26.0,48.6,38.0,418.0,3420.0,38.0,33.0,19.0,52.0,27.0,6.0,10.0,76.0,8.0,696.0,1509.0,0.87,0.5,1.37,0.71,1.21,42.1,34.2,25.8,60.0,1.11,0.68,1.79,0.9,1.58,https://fbref.com/en/squads/cb188c0c/2018-2019/Lille-Stats
2019,Liverpool,Premier League,team,23.0,26.1,61.8,38.0,418.0,3420.0,38.0,86.0,55.0,141.0,79.0,7.0,7.0,39.0,2.0,857.0,2008.0,2.26,1.45,3.71,2.08,3.53,73.7,68.4,49.8,118.2,1.94,1.31,3.25,1.8,3.11,https://fbref.com/en/squads/822bd0ba/2018-2019/Liverpool-Stats
2019,Liverpool,Premier League,opponent,23.0,26.9,38.2,38.0,418.0,3420.0,38.0,22.0,16.0,38.0,22.0,0.0,1.0,48.0,1.0,528.0,1047.0,0.58,0.42,1.0,0.58,1.0,28.8,28.0,20.2,48.3,0.76,0.53,1.29,0.74,1.27,https://fbref.com/en/squads/822bd0ba/2018-2019/Liverpool-Stats
2019,Lyon,Ligue 1,team,25.0,24.4,60.4,38.0,418.0,3420.0,38.0,70.0,54.0,124.0,65.0,5.0,10.0,55.0,3.0,977.0,2093.0,1.84,1.42,3.26,1.71,3.13,73.7,66.1,49.0,115.0,1.94,1.29,3.23,1.74,3.03,https://fbref.com/en/squads/d53c0b06/2018-2019/Lyon-Stats
2019,Lyon,Ligue 1,opponent,25.0,26.2,39.6,38.0,418.0,3420.0,38.0,44.0,27.0,71.0,39.0,5.0,5.0,70.0,10.0,723.0,1109.0,1.16,0.71,1.87,1.03,1.74,43.9,40.0,28.9,68.9,1.15,0.76,1.91,1.05,1.81,https://fbref.com/en/squads/d53c0b06/2018-2019/Lyon-Stats
2019,M'Gladbach,Bundesliga,team,22.0,26.5,53.1,34.0,374.0,3060.0,34.0,53.0,43.0,96.0,49.0,4.0,7.0,43.0,0.0,775.0,1532.0,1.56,1.26,2.82,1.44,2.71,52.2,46.7,36.7,83.4,1.54,1.08,2.62,1.37,2.45,https://fbref.com/en/squads/32f3ee20/2018-2019/Monchengladbach-Stats
2019,M'Gladbach,Bundesliga,opponent,22.0,25.9,46.9,34.0,374.0,3060.0,34.0,42.0,27.0,69.0,39.0,3.0,3.0,59.0,2.0,665.0,1334.0,1.24,0.79,2.03,1.15,1.94,52.3,49.9,37.4,87.3,1.54,1.1,2.64,1.47,2.57,https://fbref.com/en/squads/32f3ee20/2018-2019/Monchengladbach-Stats
2019,Mainz 05,Bundesliga,team,28.0,24.2,46.1,34.0,374.0,3060.0,34.0,44.0,30.0,74.0,41.0,3.0,3.0,56.0,0.0,624.0,1261.0,1.29,0.88,2.18,1.21,2.09,51.2,48.8,37.5,86.3,1.51,1.1,2.61,1.44,2.54,https://fbref.com/en/squads/a224b06a/2018-2019/Mainz-05-Stats
2019,Mainz 05,Bundesliga,opponent,28.0,26.0,53.9,34.0,374.0,3060.0,34.0,57.0,46.0,103.0,54.0,3.0,4.0,49.0,2.0,675.0,1439.0,1.68,1.35,3.03,1.59,2.94,59.2,56.5,45.2,101.7,1.74,1.33,3.07,1.66,2.99,https://fbref.com/en/squads/a224b06a/2018-2019/Mainz-05-Stats
2019,Manchester City,Premier League,team,21.0,26.7,67.9,38.0,418.0,3420.0,38.0,91.0,71.0,162.0,88.0,3.0,4.0,44.0,1.0,1325.0,2429.0,2.39,1.87,4.26,2.32,4.18,84.3,81.3,65.5,146.7,2.22,1.72,3.94,2.14,3.86,https://fbref.com/en/squads/b8fd03ef/2018-2019/Manchester-City-Stats
2019,Manchester City,Premier League,opponent,21.0,26.6,32.1,38.0,418.0,3420.0,38.0,23.0,14.0,37.0,19.0,4.0,4.0,54.0,2.0,410.0,802.0,0.61,0.37,0.97,0.5,0.87,24.7,21.7,17.6,39.3,0.65,0.46,1.11,0.57,1.04,https://fbref.com/en/squads/b8fd03ef/2018-2019/Manchester-City-Stats
2019,Manchester Utd,Premier League,team,28.0,26.3,54.7,38.0,418.0,3420.0,38.0,65.0,40.0,105.0,56.0,9.0,12.0,75.0,4.0,801.0,1668.0,1.71,1.05,2.76,1.47,2.53,61.4,52.0,39.6,91.6,1.62,1.04,2.66,1.37,2.41,https://fbref.com/en/squads/19538871/2018-2019/Manchester-United-Stats
2019,Manchester Utd,Premier League,opponent,28.0,26.9,45.3,38.0,418.0,3420.0,38.0,51.0,37.0,88.0,45.0,6.0,6.0,67.0,1.0,748.0,1336.0,1.34,0.97,2.32,1.18,2.16,50.6,45.9,36.7,82.6,1.33,0.97,2.3,1.21,2.17,https://fbref.com/en/squads/19538871/2018-2019/Manchester-United-Stats
2019,Marseille,Ligue 1,team,24.0,26.9,55.2,38.0,418.0,3420.0,38.0,59.0,45.0,104.0,55.0,4.0,5.0,82.0,8.0,809.0,1474.0,1.55,1.18,2.74,1.45,2.63,52.7,48.9,38.5,87.4,1.39,1.01,2.4,1.29,2.3,https://fbref.com/en/squads/5725cc7b/2018-2019/Marseille-Stats
2019,Marseille,Ligue 1,opponent,24.0,25.9,44.8,38.0,418.0,3420.0,38.0,52.0,29.0,81.0,42.0,10.0,12.0,69.0,3.0,577.0,1213.0,1.37,0.76,2.13,1.11,1.87,45.6,36.1,24.6,60.7,1.2,0.65,1.85,0.95,1.6,https://fbref.com/en/squads/5725cc7b/2018-2019/Marseille-Stats
2019,Milan,Serie A,team,23.0,24.8,54.1,38.0,418.0,3420.0,38.0,51.0,35.0,86.0,48.0,3.0,4.0,80.0,5.0,821.0,1759.0,1.34,0.92,2.26,1.26,2.18,48.8,45.7,35.6,81.3,1.28,0.94,2.22,1.2,2.14,https://fbref.com/en/squads/dc56fe14/2018-2019/Milan-Stats
2019,Milan,Serie A,opponent,23.0,26.9,45.9,38.0,418.0,3420.0,38.0,35.0,21.0,56.0,31.0,4.0,5.0,69.0,5.0,698.0,1505.0,0.92,0.55,1.47,0.82,1.37,41.2,37.3,29.2,66.5,1.08,0.77,1.85,0.98,1.75,https://fbref.com/en/squads/dc56fe14/2018-2019/Milan-Stats
2019,Monaco,Ligue 1,team,42.0,25.6,49.8,38.0,418.0,3420.0,38.0,38.0,25.0,63.0,34.0,4.0,5.0,91.0,6.0,773.0,1624.0,1.0,0.66,1.66,0.89,1.55,47.4,43.5,31.4,74.9,1.25,0.83,2.07,1.14,1.97,https://fbref.com/en/squads/fd6114db/2018-2019/Monaco-Stats
2019,Monaco,Ligue 1,opponent,42.0,25.9,50.2,38.0,418.0,3420.0,38.0,55.0,43.0,98.0,50.0,5.0,8.0,68.0,4.0,652.0,1369.0,1.45,1.13,2.58,1.32,2.45,50.2,43.9,35.6,79.4,1.32,0.94,2.26,1.15,2.09,https://fbref.com/en/squads/fd6114db/2018-2019/Monaco-Stats
2019,Montpellier,Ligue 1,team,25.0,28.0,48.0,38.0,418.0,3420.0,38.0,50.0,28.0,78.0,47.0,3.0,3.0,60.0,4.0,601.0,1497.0,1.32,0.74,2.05,1.24,1.97,50.1,47.7,35.1,82.8,1.32,0.92,2.24,1.26,2.18,https://fbref.com/en/squads/281b0e73/2018-2019/Montpellier-Stats
2019,Montpellier,Ligue 1,opponent,25.0,26.1,52.0,38.0,418.0,3420.0,38.0,40.0,25.0,65.0,37.0,3.0,5.0,65.0,5.0,800.0,1490.0,1.05,0.66,1.71,0.97,1.63,41.8,38.0,30.0,68.0,1.1,0.79,1.89,1.0,1.79,https://fbref.com/en/squads/281b0e73/2018-2019/Montpellier-Stats
2019,Nantes,Ligue 1,team,33.0,25.9,50.1,38.0,418.0,3420.0,38.0,46.0,28.0,74.0,40.0,6.0,8.0,72.0,6.0,656.0,1472.0,1.21,0.74,1.95,1.05,1.79,49.1,42.8,30.6,73.3,1.29,0.8,2.1,1.13,1.93,https://fbref.com/en/squads/d7a486cd/2018-2019/Nantes-Stats
2019,Nantes,Ligue 1,opponent,33.0,26.1,49.9,38.0,418.0,3420.0,38.0,48.0,35.0,83.0,44.0,4.0,8.0,79.0,4.0,654.0,1448.0,1.26,0.92,2.18,1.16,2.08,47.0,40.6,30.6,71.2,1.24,0.81,2.04,1.07,1.87,https://fbref.com/en/squads/d7a486cd/2018-2019/Nantes-Stats
2019,Napoli,Serie A,team,26.0,27.0,59.1,38.0,418.0,3420.0,38.0,73.0,54.0,127.0,70.0,3.0,4.0,72.0,5.0,934.0,2089.0,1.92,1.42,3.34,1.84,3.26,61.8,58.8,49.4,108.2,1.63,1.3,2.93,1.55,2.85,https://fbref.com/en/squads/d48ad4ff/2018-2019/Napoli-Stats
2019,Napoli,Serie A,opponent,26.0,27.0,40.9,38.0,418.0,3420.0,38.0,36.0,28.0,64.0,32.0,4.0,4.0,86.0,5.0,563.0,1242.0,0.95,0.74,1.68,0.84,1.58,38.2,35.1,27.2,62.3,1.01,0.72,1.72,0.92,1.64,https://fbref.com/en/squads/d48ad4ff/2018-2019/Napoli-Stats
2019,Newcastle Utd,Premier League,team,24.0,26.9,40.4,38.0,418.0,3420.0,38.0,41.0,33.0,74.0,40.0,1.0,3.0,57.0,2.0,467.0,985.0,1.08,0.87,1.95,1.05,1.92,39.1,36.7,27.4,64.1,1.03,0.72,1.75,0.97,1.69,https://fbref.com/en/squads/b2b47a98/2018-2019/Newcastle-United-Stats
2019,Newcastle Utd,Premier League,opponent,24.0,26.8,59.6,38.0,418.0,3420.0,38.0,47.0,32.0,79.0,41.0,6.0,6.0,58.0,1.0,811.0,1868.0,1.24,0.84,2.08,1.08,1.92,53.6,49.2,39.5,88.7,1.41,1.04,2.45,1.29,2.33,https://fbref.com/en/squads/b2b47a98/2018-2019/Newcastle-United-Stats
2019,Nice,Ligue 1,team,30.0,24.2,54.8,38.0,418.0,3420.0,38.0,28.0,18.0,46.0,23.0,5.0,9.0,72.0,5.0,740.0,1537.0,0.74,0.47,1.21,0.61,1.08,46.3,39.2,30.8,70.1,1.22,0.81,2.03,1.03,1.84,https://fbref.com/en/squads/132ebc33/2018-2019/Nice-Stats
2019,Nice,Ligue 1,opponent,30.0,25.8,45.2,38.0,418.0,3420.0,38.0,34.0,25.0,59.0,31.0,3.0,6.0,66.0,6.0,727.0,1506.0,0.89,0.66,1.55,0.82,1.47,50.0,45.3,33.8,79.1,1.32,0.89,2.21,1.19,2.08,https://fbref.com/en/squads/132ebc33/2018-2019/Nice-Stats
2019,Nîmes,Ligue 1,team,23.0,24.1,45.7,38.0,418.0,3420.0,38.0,55.0,37.0,92.0,51.0,4.0,6.0,69.0,5.0,717.0,1229.0,1.45,0.97,2.42,1.34,2.32,50.0,45.3,34.1,79.4,1.32,0.9,2.21,1.19,2.09,https://fbref.com/en/squads/1cbf5f9e/2018-2019/Nimes-Stats
2019,Nîmes,Ligue 1,opponent,23.0,26.1,54.3,38.0,418.0,3420.0,38.0,57.0,43.0,100.0,53.0,4.0,5.0,86.0,7.0,676.0,1627.0,1.5,1.13,2.63,1.39,2.53,56.5,52.6,41.7,94.3,1.49,1.1,2.59,1.38,2.48,https://fbref.com/en/squads/1cbf5f9e/2018-2019/Nimes-Stats
2019,Nürnberg,Bundesliga,team,27.0,24.9,42.4,34.0,374.0,3060.0,34.0,25.0,16.0,41.0,23.0,2.0,6.0,58.0,4.0,483.0,989.0,0.74,0.47,1.21,0.68,1.15,35.7,30.9,21.1,52.0,1.05,0.62,1.67,0.91,1.53,https://fbref.com/en/squads/6f2c108c/2018-2019/Nurnberg-Stats
2019,Nürnberg,Bundesliga,opponent,27.0,25.8,57.6,34.0,374.0,3060.0,34.0,66.0,45.0,111.0,64.0,2.0,4.0,56.0,1.0,832.0,1862.0,1.94,1.32,3.26,1.88,3.21,52.9,49.7,39.1,88.9,1.56,1.15,2.71,1.46,2.61,https://fbref.com/en/squads/6f2c108c/2018-2019/Nurnberg-Stats
2019,Paris S-G,Ligue 1,team,30.0,26.2,63.7,38.0,418.0,3420.0,38.0,103.0,72.0,175.0,93.0,10.0,12.0,64.0,4.0,993.0,2207.0,2.71,1.89,4.61,2.45,4.34,88.9,79.5,63.1,142.6,2.34,1.66,4.0,2.09,3.75,https://fbref.com/en/squads/e2d8892c/2018-2019/Paris-Saint-Germain-Stats
2019,Paris S-G,Ligue 1,opponent,30.0,25.9,36.3,38.0,418.0,3420.0,38.0,31.0,23.0,54.0,26.0,5.0,6.0,53.0,5.0,699.0,946.0,0.82,0.61,1.42,0.68,1.29,37.6,32.8,27.3,60.1,0.99,0.72,1.71,0.86,1.58,https://fbref.com/en/squads/e2d8892c/2018-2019/Paris-Saint-Germain-Stats
2019,Parma,Serie A,team,31.0,29.4,37.7,38.0,418.0,3420.0,38.0,40.0,22.0,62.0,36.0,4.0,5.0,82.0,3.0,487.0,990.0,1.05,0.58,1.63,0.95,1.53,40.2,36.3,26.9,63.1,1.06,0.71,1.77,0.95,1.66,https://fbref.com/en/squads/eab4234c/2018-2019/Parma-Stats
2019,Parma,Serie A,opponent,31.0,26.7,62.3,38.0,418.0,3420.0,38.0,56.0,38.0,94.0,48.0,8.0,8.0,84.0,4.0,1132.0,2157.0,1.47,1.0,2.47,1.26,2.26,65.3,59.1,47.5,106.7,1.72,1.25,2.97,1.56,2.81,https://fbref.com/en/squads/eab4234c/2018-2019/Parma-Stats
2019,RB Leipzig,Bundesliga,team,23.0,24.0,49.6,34.0,374.0,3060.0,34.0,63.0,41.0,104.0,58.0,5.0,7.0,61.0,1.0,733.0,1607.0,1.85,1.21,3.06,1.71,2.91,65.7,60.2,46.0,106.2,1.93,1.35,3.29,1.77,3.12,https://fbref.com/en/squads/acbb6a5b/2018-2019/RB-Leipzig-Stats
2019,RB Leipzig,Bundesliga,opponent,23.0,25.8,50.4,34.0,374.0,3060.0,34.0,28.0,16.0,44.0,23.0,5.0,6.0,58.0,2.0,433.0,1158.0,0.82,0.47,1.29,0.68,1.15,40.5,35.8,27.3,63.1,1.19,0.8,2.0,1.05,1.86,https://fbref.com/en/squads/acbb6a5b/2018-2019/RB-Leipzig-Stats
2019,Rayo Vallecano,La Liga,team,29.0,26.6,48.7,38.0,418.0,3420.0,38.0,40.0,24.0,64.0,35.0,5.0,5.0,101.0,8.0,831.0,1326.0,1.05,0.63,1.68,0.92,1.55,48.7,44.8,33.0,77.7,1.28,0.87,2.15,1.18,2.05,https://fbref.com/en/squads/98e8af82/2018-2019/Rayo-Vallecano-Stats
2019,Rayo Vallecano,La Liga,opponent,29.0,26.9,51.3,38.0,418.0,3420.0,38.0,69.0,51.0,120.0,62.0,7.0,11.0,73.0,3.0,660.0,1557.0,1.82,1.34,3.16,1.63,2.97,60.0,51.5,41.0,92.5,1.58,1.08,2.66,1.36,2.43,https://fbref.com/en/squads/98e8af82/2018-2019/Rayo-Vallecano-Stats
2019,Real Madrid,La Liga,team,27.0,27.1,60.1,38.0,418.0,3420.0,38.0,61.0,39.0,100.0,52.0,9.0,9.0,79.0,6.0,1009.0,2094.0,1.61,1.03,2.63,1.37,2.39,66.7,60.2,49.9,110.1,1.76,1.31,3.07,1.58,2.9,https://fbref.com/en/squads/53a2f082/2018-2019/Real-Madrid-Stats
2019,Real Madrid,La Liga,opponent,27.0,26.8,39.9,38.0,418.0,3420.0,38.0,46.0,32.0,78.0,40.0,6.0,8.0,93.0,3.0,615.0,1158.0,1.21,0.84,2.05,1.05,1.89,47.1,41.7,33.0,74.7,1.24,0.87,2.11,1.1,1.97,https://fbref.com/en/squads/53a2f082/2018-2019/Real-Madrid-Stats
2019,Real Sociedad,La Liga,team,30.0,24.9,51.7,38.0,418.0,3420.0,38.0,44.0,27.0,71.0,36.0,8.0,10.0,80.0,4.0,695.0,1381.0,1.16,0.71,1.87,0.95,1.66,49.7,42.2,33.0,75.2,1.31,0.87,2.18,1.11,1.98,https://fbref.com/en/squads/e31d1cd9/2018-2019/Real-Sociedad-Stats
2019,Real Sociedad,La Liga,opponent,30.0,26.9,48.3,38.0,418.0,3420.0,38.0,44.0,30.0,74.0,42.0,2.0,3.0,107.0,3.0,657.0,1407.0,1.16,0.79,1.95,1.11,1.89,48.6,46.1,34.2,80.2,1.28,0.9,2.18,1.21,2.11,https://fbref.com/en/squads/e31d1cd9/2018-2019/Real-Sociedad-Stats
2019,Reims,Ligue 1,team,27.0,26.2,43.6,38.0,418.0,3420.0,38.0,39.0,27.0,66.0,37.0,2.0,2.0,67.0,2.0,593.0,1262.0,1.03,0.71,1.74,0.97,1.68,38.1,36.5,27.7,64.1,1.0,0.73,1.73,0.96,1.69,https://fbref.com/en/squads/7fdd64e0/2018-2019/Reims-Stats
2019,Reims,Ligue 1,opponent,27.0,25.9,56.4,38.0,418.0,3420.0,38.0,40.0,22.0,62.0,33.0,7.0,7.0,54.0,5.0,756.0,1663.0,1.05,0.58,1.63,0.87,1.45,45.0,39.5,29.0,68.4,1.18,0.76,1.95,1.04,1.8,https://fbref.com/en/squads/7fdd64e0/2018-2019/Reims-Stats
2019,Rennes,Ligue 1,team,28.0,25.7,50.6,38.0,418.0,3420.0,38.0,52.0,34.0,86.0,45.0,7.0,10.0,68.0,3.0,884.0,1522.0,1.37,0.89,2.26,1.18,2.08,55.6,47.8,34.4,82.1,1.46,0.9,2.37,1.26,2.16,https://fbref.com/en/squads/b3072e00/2018-2019/Rennes-Stats
2019,Rennes,Ligue 1,opponent,28.0,26.3,49.4,38.0,418.0,3420.0,38.0,51.0,39.0,90.0,47.0,4.0,5.0,84.0,7.0,687.0,1482.0,1.34,1.03,2.37,1.24,2.26,47.6,43.7,34.8,78.5,1.25,0.92,2.17,1.15,2.07,https://fbref.com/en/squads/b3072e00/2018-2019/Rennes-Stats
2019,Roma,Serie A,team,26.0,27.5,51.4,38.0,418.0,3420.0,38.0,65.0,41.0,106.0,59.0,6.0,6.0,88.0,2.0,838.0,1678.0,1.71,1.08,2.79,1.55,2.63,64.4,59.6,46.2,105.8,1.69,1.22,2.91,1.57,2.78,https://fbref.com/en/squads/cf74a709/2018-2019/Roma-Stats
2019,Roma,Serie A,opponent,26.0,26.7,48.6,38.0,418.0,3420.0,38.0,47.0,34.0,81.0,43.0,4.0,7.0,70.0,3.0,797.0,1413.0,1.24,0.89,2.13,1.13,2.03,52.1,46.6,38.3,84.9,1.37,1.01,2.38,1.23,2.24,https://fbref.com/en/squads/cf74a709/2018-2019/Roma-Stats
2019,SPAL,Serie A,team,28.0,27.8,50.4,38.0,418.0,3420.0,38.0,44.0,30.0,74.0,37.0,7.0,8.0,112.0,3.0,910.0,1259.0,1.16,0.79,1.95,0.97,1.76,43.9,37.7,28.2,65.8,1.16,0.74,1.9,0.99,1.73,https://fbref.com/en/squads/1d2fe027/2018-2019/SPAL-Stats
2019,SPAL,Serie A,opponent,28.0,26.6,49.6,38.0,418.0,3420.0,38.0,56.0,38.0,94.0,51.0,5.0,5.0,106.0,5.0,739.0,1519.0,1.47,1.0,2.47,1.34,2.34,51.3,47.3,35.8,83.1,1.35,0.94,2.29,1.25,2.19,https://fbref.com/en/squads/1d2fe027/2018-2019/SPAL-Stats
2019,Saint-Étienne,Ligue 1,team,29.0,27.8,52.5,38.0,418.0,3420.0,38.0,56.0,40.0,96.0,51.0,5.0,5.0,63.0,7.0,753.0,1543.0,1.47,1.05,2.53,1.34,2.39,56.7,52.7,39.2,91.9,1.49,1.03,2.52,1.39,2.42,https://fbref.com/en/squads/d298ef2c/2018-2019/Saint-Etienne-Stats
2019,Saint-Étienne,Ligue 1,opponent,29.0,25.7,47.5,38.0,418.0,3420.0,38.0,40.0,29.0,69.0,33.0,7.0,9.0,70.0,5.0,766.0,1351.0,1.05,0.76,1.82,0.87,1.63,50.4,43.7,34.5,78.2,1.33,0.91,2.23,1.15,2.06,https://fbref.com/en/squads/d298ef2c/2018-2019/Saint-Etienne-Stats
2019,Sampdoria,Serie A,team,24.0,26.1,54.9,38.0,418.0,3420.0,38.0,60.0,41.0,101.0,50.0,10.0,12.0,89.0,3.0,630.0,1685.0,1.58,1.08,2.66,1.32,2.39,50.5,41.8,34.1,75.9,1.33,0.9,2.22,1.1,2.0,https://fbref.com/en/squads/8ff9e3b3/2018-2019/Sampdoria-Stats
2019,Sampdoria,Serie A,opponent,24.0,26.7,45.1,38.0,418.0,3420.0,38.0,50.0,27.0,77.0,43.0,7.0,8.0,92.0,5.0,720.0,1404.0,1.32,0.71,2.03,1.13,1.84,55.0,48.8,37.5,86.3,1.45,0.99,2.43,1.28,2.27,https://fbref.com/en/squads/8ff9e3b3/2018-2019/Sampdoria-Stats
2019,Sassuolo,Serie A,team,29.0,25.4,53.8,38.0,418.0,3420.0,38.0,50.0,33.0,83.0,45.0,5.0,5.0,87.0,8.0,721.0,1511.0,1.32,0.87,2.18,1.18,2.05,48.5,44.6,34.1,78.8,1.28,0.9,2.17,1.17,2.07,https://fbref.com/en/squads/e2befd26/2018-2019/Sassuolo-Stats
2019,Sassuolo,Serie A,opponent,29.0,27.0,46.2,38.0,418.0,3420.0,38.0,58.0,38.0,96.0,54.0,4.0,8.0,85.0,4.0,672.0,1413.0,1.53,1.0,2.53,1.42,2.42,57.4,51.1,38.0,89.1,1.51,1.0,2.51,1.34,2.34,https://fbref.com/en/squads/e2befd26/2018-2019/Sassuolo-Stats
2019,Schalke 04,Bundesliga,team,32.0,25.8,45.4,34.0,374.0,3060.0,34.0,37.0,23.0,60.0,30.0,7.0,9.0,72.0,5.0,676.0,1148.0,1.09,0.68,1.76,0.88,1.56,45.6,39.0,29.7,68.7,1.34,0.87,2.21,1.15,2.02,https://fbref.com/en/squads/c539e393/2018-2019/Schalke-04-Stats
2019,Schalke 04,Bundesliga,opponent,32.0,25.9,54.6,34.0,374.0,3060.0,34.0,54.0,35.0,89.0,49.0,5.0,6.0,66.0,4.0,624.0,1317.0,1.59,1.03,2.62,1.44,2.47,50.1,45.4,32.6,78.0,1.47,0.96,2.43,1.33,2.29,https://fbref.com/en/squads/c539e393/2018-2019/Schalke-04-Stats
2019,Sevilla,La Liga,team,27.0,27.9,52.3,38.0,418.0,3420.0,38.0,60.0,47.0,107.0,55.0,5.0,6.0,114.0,6.0,828.0,1804.0,1.58,1.24,2.82,1.45,2.68,66.6,61.8,49.3,111.1,1.75,1.3,3.05,1.63,2.92,https://fbref.com/en/squads/ad2be733/2018-2019/Sevilla-Stats
2019,Sevilla,La Liga,opponent,27.0,27.0,47.7,38.0,418.0,3420.0,38.0,47.0,29.0,76.0,41.0,6.0,7.0,99.0,3.0,696.0,1407.0,1.24,0.76,2.0,1.08,1.84,45.4,39.9,31.2,71.1,1.19,0.82,2.01,1.05,1.87,https://fbref.com/en/squads/ad2be733/2018-2019/Sevilla-Stats
2019,Southampton,Premier League,team,30.0,25.4,43.4,38.0,418.0,3420.0,38.0,44.0,27.0,71.0,40.0,4.0,5.0,73.0,3.0,603.0,1333.0,1.16,0.71,1.87,1.05,1.76,46.9,43.4,29.3,72.7,1.23,0.77,2.0,1.14,1.91,https://fbref.com/en/squads/33c895d4/2018-2019/Southampton-Stats
2019,Southampton,Premier League,opponent,30.0,26.7,56.6,38.0,418.0,3420.0,38.0,62.0,49.0,111.0,60.0,2.0,3.0,62.0,1.0,702.0,1574.0,1.63,1.29,2.92,1.58,2.87,55.1,52.9,40.7,93.6,1.45,1.07,2.52,1.39,2.46,https://fbref.com/en/squads/33c895d4/2018-2019/Southampton-Stats
2019,Strasbourg,Ligue 1,team,26.0,26.2,50.1,38.0,418.0,3420.0,38.0,57.0,43.0,100.0,52.0,5.0,7.0,70.0,4.0,683.0,1460.0,1.5,1.13,2.63,1.37,2.5,41.3,35.8,28.1,63.9,1.09,0.74,1.83,0.94,1.68,https://fbref.com/en/squads/c0d3eab4/2018-2019/Strasbourg-Stats
2019,Strasbourg,Ligue 1,opponent,26.0,26.0,49.9,38.0,418.0,3420.0,38.0,47.0,30.0,77.0,40.0,7.0,9.0,64.0,6.0,824.0,1448.0,1.24,0.79,2.03,1.05,1.84,51.2,44.1,35.7,79.8,1.35,0.94,2.29,1.16,2.1,https://fbref.com/en/squads/c0d3eab4/2018-2019/Strasbourg-Stats
2019,Stuttgart,Bundesliga,team,26.0,26.3,45.9,34.0,374.0,3060.0,34.0,32.0,26.0,58.0,31.0,1.0,1.0,64.0,5.0,506.0,1130.0,0.94,0.76,1.71,0.91,1.68,38.0,37.3,28.2,65.5,1.12,0.83,1.95,1.1,1.93,https://fbref.com/en/squads/598bc722/2018-2019/Stuttgart-Stats
2019,Stuttgart,Bundesliga,opponent,26.0,26.0,54.2,34.0,374.0,3060.0,34.0,66.0,48.0,114.0,64.0,2.0,3.0,55.0,2.0,716.0,1461.0,1.94,1.41,3.35,1.88,3.29,58.2,55.8,39.4,95.2,1.71,1.16,2.87,1.64,2.8,https://fbref.com/en/squads/598bc722/2018-2019/Stuttgart-Stats
2019,Torino,Serie A,team,25.0,27.6,51.1,38.0,418.0,3420.0,38.0,50.0,31.0,81.0,45.0,5.0,6.0,88.0,4.0,770.0,1407.0,1.32,0.82,2.13,1.18,2.0,46.6,41.9,32.0,73.9,1.23,0.84,2.07,1.1,1.94,https://fbref.com/en/squads/105360fe/2018-2019/Torino-Stats
2019,Torino,Serie A,opponent,25.0,26.9,48.9,38.0,418.0,3420.0,38.0,37.0,23.0,60.0,34.0,3.0,5.0,110.0,10.0,718.0,1313.0,0.97,0.61,1.58,0.89,1.5,47.7,43.7,32.3,76.0,1.26,0.85,2.11,1.15,2.0,https://fbref.com/en/squads/105360fe/2018-2019/Torino-Stats
2019,Tottenham,Premier League,team,28.0,26.8,59.0,38.0,418.0,3420.0,38.0,66.0,47.0,113.0,62.0,4.0,4.0,57.0,3.0,840.0,1744.0,1.74,1.24,2.97,1.63,2.87,54.9,51.8,39.1,90.9,1.44,1.03,2.47,1.36,2.39,https://fbref.com/en/squads/361ca564/2018-2019/Tottenham-Hotspur-Stats
2019,Tottenham,Premier League,opponent,28.0,26.7,41.0,38.0,418.0,3420.0,38.0,36.0,28.0,64.0,33.0,3.0,5.0,61.0,2.0,597.0,1198.0,0.95,0.74,1.68,0.87,1.61,47.1,43.0,33.6,76.6,1.24,0.88,2.12,1.13,2.02,https://fbref.com/en/squads/361ca564/2018-2019/Tottenham-Hotspur-Stats
2019,Toulouse,Ligue 1,team,29.0,25.5,48.2,38.0,418.0,3420.0,38.0,35.0,16.0,51.0,28.0,7.0,11.0,75.0,5.0,684.0,1465.0,0.92,0.42,1.34,0.74,1.16,45.7,37.1,29.3,66.4,1.2,0.77,1.97,0.98,1.75,https://fbref.com/en/squads/3f8c4b5f/2018-2019/Toulouse-Stats
2019,Toulouse,Ligue 1,opponent,29.0,25.8,51.8,38.0,418.0,3420.0,38.0,56.0,41.0,97.0,51.0,5.0,6.0,73.0,3.0,786.0,1656.0,1.47,1.08,2.55,1.34,2.42,56.4,51.6,41.0,92.6,1.49,1.08,2.56,1.36,2.44,https://fbref.com/en/squads/3f8c4b5f/2018-2019/Toulouse-Stats
2019,Udinese,Serie A,team,31.0,25.3,42.6,38.0,418.0,3420.0,38.0,37.0,30.0,67.0,34.0,3.0,8.0,90.0,4.0,713.0,1088.0,0.97,0.79,1.76,0.89,1.68,42.5,36.0,27.9,63.9,1.12,0.73,1.85,0.95,1.68,https://fbref.com/en/squads/04eea015/2018-2019/Udinese-Stats
2019,Udinese,Serie A,opponent,31.0,26.8,57.4,38.0,418.0,3420.0,38.0,52.0,36.0,88.0,43.0,9.0,9.0,89.0,2.0,813.0,1841.0,1.37,0.95,2.32,1.13,2.08,59.7,52.9,41.1,93.9,1.57,1.08,2.65,1.39,2.47,https://fbref.com/en/squads/04eea015/2018-2019/Udinese-Stats
2019,Valencia,La Liga,team,25.0,26.4,47.1,38.0,418.0,3420.0,38.0,50.0,38.0,88.0,45.0,5.0,7.0,88.0,3.0,751.0,1561.0,1.32,1.0,2.32,1.18,2.18,60.7,55.2,46.7,101.9,1.6,1.23,2.83,1.45,2.68,https://fbref.com/en/squads/dcc91a7b/2018-2019/Valencia-Stats
2019,Valencia,La Liga,opponent,25.0,27.3,52.9,38.0,418.0,3420.0,38.0,33.0,19.0,52.0,26.0,7.0,8.0,113.0,4.0,791.0,1632.0,0.87,0.5,1.37,0.68,1.18,42.9,36.7,26.7,63.5,1.13,0.7,1.83,0.97,1.67,https://fbref.com/en/squads/dcc91a7b/2018-2019/Valencia-Stats
2019,Valladolid,La Liga,team,28.0,27.4,46.8,38.0,418.0,3420.0,38.0,31.0,19.0,50.0,27.0,4.0,7.0,92.0,0.0,662.0,1299.0,0.82,0.5,1.32,0.71,1.21,41.1,35.6,26.7,62.3,1.08,0.7,1.78,0.94,1.64,https://fbref.com/en/squads/17859612/2018-2019/Valladolid-Stats
2019,Valladolid,La Liga,opponent,28.0,26.9,53.2,38.0,418.0,3420.0,38.0,50.0,36.0,86.0,44.0,6.0,9.0,106.0,5.0,800.0,1642.0,1.32,0.95,2.26,1.16,2.11,58.5,51.7,43.1,94.8,1.54,1.14,2.68,1.36,2.5,https://fbref.com/en/squads/17859612/2018-2019/Valladolid-Stats
2019,Villarreal,La Liga,team,26.0,27.1,48.3,38.0,418.0,3420.0,38.0,47.0,34.0,81.0,44.0,3.0,6.0,115.0,3.0,715.0,1648.0,1.24,0.89,2.13,1.16,2.05,53.9,50.0,39.0,89.0,1.42,1.03,2.45,1.31,2.34,https://fbref.com/en/squads/2a8183b3/2018-2019/Villarreal-Stats
2019,Villarreal,La Liga,opponent,26.0,26.8,51.7,38.0,418.0,3420.0,38.0,49.0,32.0,81.0,46.0,3.0,5.0,84.0,2.0,753.0,1560.0,1.29,0.84,2.13,1.21,2.05,55.0,51.1,41.0,92.1,1.45,1.08,2.53,1.34,2.42,https://fbref.com/en/squads/2a8183b3/2018-2019/Villarreal-Stats
2019,Watford,Premier League,team,25.0,28.5,46.7,38.0,418.0,3420.0,38.0,51.0,39.0,90.0,50.0,1.0,1.0,79.0,4.0,588.0,1294.0,1.34,1.03,2.37,1.32,2.34,48.2,47.5,34.8,82.3,1.27,0.92,2.19,1.25,2.17,https://fbref.com/en/squads/2abfe087/2018-2019/Watford-Stats
2019,Watford,Premier League,opponent,25.0,26.8,53.3,38.0,418.0,3420.0,38.0,56.0,38.0,94.0,52.0,4.0,5.0,50.0,3.0,762.0,1605.0,1.47,1.0,2.47,1.37,2.37,59.2,55.3,39.5,94.8,1.56,1.04,2.6,1.45,2.49,https://fbref.com/en/squads/2abfe087/2018-2019/Watford-Stats
2019,Werder Bremen,Bundesliga,team,24.0,27.1,52.1,34.0,374.0,3060.0,34.0,57.0,38.0,95.0,53.0,4.0,4.0,61.0,3.0,635.0,1672.0,1.68,1.12,2.79,1.56,2.68,49.8,46.7,33.7,80.3,1.46,0.99,2.45,1.37,2.36,https://fbref.com/en/squads/62add3bf/2018-2019/Werder-Bremen-Stats
2019,Werder Bremen,Bundesliga,opponent,24.0,25.7,48.0,34.0,374.0,3060.0,34.0,49.0,36.0,85.0,45.0,4.0,5.0,57.0,1.0,687.0,1322.0,1.44,1.06,2.5,1.32,2.38,56.1,52.5,40.5,93.1,1.65,1.19,2.84,1.55,2.74,https://fbref.com/en/squads/62add3bf/2018-2019/Werder-Bremen-Stats
2019,West Ham,Premier League,team,26.0,27.6,48.6,38.0,418.0,3420.0,38.0,51.0,33.0,84.0,46.0,5.0,5.0,59.0,1.0,731.0,1478.0,1.34,0.87,2.21,1.21,2.08,47.6,43.8,34.1,77.9,1.25,0.9,2.15,1.15,2.05,https://fbref.com/en/squads/7c21e445/2018-2019/West-Ham-United-Stats
2019,West Ham,Premier League,opponent,26.0,26.7,51.4,38.0,418.0,3420.0,38.0,54.0,40.0,94.0,50.0,4.0,5.0,57.0,1.0,853.0,1781.0,1.42,1.05,2.47,1.32,2.37,61.9,58.0,46.7,104.7,1.63,1.23,2.86,1.53,2.76,https://fbref.com/en/squads/7c21e445/2018-2019/West-Ham-United-Stats
2019,Wolfsburg,Bundesliga,team,25.0,25.4,53.3,34.0,374.0,3060.0,34.0,59.0,38.0,97.0,54.0,5.0,5.0,62.0,0.0,618.0,1320.0,1.74,1.12,2.85,1.59,2.71,47.6,43.8,33.0,76.9,1.4,0.97,2.37,1.29,2.26,https://fbref.com/en/squads/4eaa11d7/2018-2019/Wolfsburg-Stats
2019,Wolfsburg,Bundesliga,opponent,25.0,25.8,46.7,34.0,374.0,3060.0,34.0,50.0,36.0,86.0,46.0,4.0,6.0,67.0,2.0,693.0,1369.0,1.47,1.06,2.53,1.35,2.41,48.3,44.1,34.8,78.9,1.42,1.02,2.45,1.3,2.32,https://fbref.com/en/squads/4eaa11d7/2018-2019/Wolfsburg-Stats
2019,Wolves,Premier League,team,21.0,26.1,46.8,38.0,418.0,3420.0,38.0,46.0,35.0,81.0,42.0,4.0,4.0,73.0,1.0,743.0,1350.0,1.21,0.92,2.13,1.11,2.03,52.1,49.0,39.4,88.4,1.37,1.04,2.41,1.29,2.33,https://fbref.com/en/squads/8cec06e1/2018-2019/Wolverhampton-Wanderers-Stats
2019,Wolves,Premier League,opponent,21.0,26.8,53.2,38.0,418.0,3420.0,38.0,42.0,32.0,74.0,39.0,3.0,4.0,76.0,4.0,750.0,1573.0,1.11,0.84,1.95,1.03,1.87,42.1,39.0,27.7,66.7,1.11,0.73,1.84,1.03,1.76,https://fbref.com/en/squads/8cec06e1/2018-2019/Wolverhampton-Wanderers-Stats
2020,Alavés,La Liga,team,32.0,27.6,41.5,38.0,418.0,3420.0,38.0,34.0,20.0,54.0,28.0,6.0,6.0,111.0,7.0,403.0,944.0,0.89,0.53,1.42,0.74,1.26,39.3,34.7,26.9,61.6,1.03,0.71,1.74,0.91,1.62,https://fbref.com/en/squads/8d6fd021/2019-2020/Alaves-Stats
2020,Alavés,La Liga,opponent,32.0,27.3,58.5,38.0,418.0,3420.0,38.0,59.0,36.0,95.0,47.0,12.0,15.0,87.0,3.0,656.0,1548.0,1.55,0.95,2.5,1.24,2.18,57.8,46.3,37.1,83.5,1.52,0.98,2.5,1.22,2.2,https://fbref.com/en/squads/8d6fd021/2019-2020/Alaves-Stats
2020,Amiens,Ligue 1,team,27.0,27.4,45.6,28.0,308.0,2520.0,28.0,30.0,20.0,50.0,27.0,3.0,5.0,57.0,4.0,384.0,1013.0,1.07,0.71,1.79,0.96,1.68,27.4,23.4,16.9,40.4,0.98,0.6,1.58,0.84,1.44,https://fbref.com/en/squads/25622401/2019-2020/Amiens-Stats
2020,Amiens,Ligue 1,opponent,27.0,26.0,54.4,28.0,308.0,2520.0,28.0,49.0,36.0,85.0,48.0,1.0,1.0,43.0,1.0,587.0,1238.0,1.75,1.29,3.04,1.71,3.0,39.3,38.6,28.2,66.8,1.4,1.01,2.41,1.38,2.39,https://fbref.com/en/squads/25622401/2019-2020/Amiens-Stats
2020,Angers,Ligue 1,team,26.0,28.0,45.3,28.0,308.0,2520.0,28.0,27.0,21.0,48.0,26.0,1.0,1.0,42.0,2.0,542.0,1088.0,0.96,0.75,1.71,0.93,1.68,29.3,28.5,23.0,51.5,1.05,0.82,1.87,1.02,1.84,https://fbref.com/en/squads/69236f98/2019-2020/Angers-Stats
2020,Angers,Ligue 1,opponent,26.0,26.2,54.8,28.0,308.0,2520.0,28.0,33.0,25.0,58.0,30.0,3.0,3.0,47.0,0.0,569.0,1308.0,1.18,0.89,2.07,1.07,1.96,28.4,26.1,21.6,47.7,1.01,0.77,1.79,0.93,1.7,https://fbref.com/en/squads/69236f98/2019-2020/Angers-Stats
2020,Arsenal,Premier League,team,29.0,25.8,53.8,38.0,418.0,3420.0,38.0,56.0,35.0,91.0,53.0,3.0,3.0,88.0,5.0,815.0,1641.0,1.47,0.92,2.39,1.39,2.32,47.0,44.6,31.4,76.1,1.24,0.83,2.06,1.17,2.0,https://fbref.com/en/squads/18bb7c10/2019-2020/Arsenal-Stats
2020,Arsenal,Premier League,opponent,29.0,26.6,46.3,38.0,418.0,3420.0,38.0,48.0,30.0,78.0,41.0,7.0,8.0,79.0,1.0,759.0,1369.0,1.26,0.79,2.05,1.08,1.87,55.3,48.9,39.1,88.1,1.46,1.03,2.48,1.29,2.32,https://fbref.com/en/squads/18bb7c10/2019-2020/Arsenal-Stats
2020,Aston Villa,Premier League,team,28.0,25.7,44.1,38.0,418.0,3420.0,38.0,40.0,32.0,72.0,39.0,1.0,3.0,70.0,1.0,639.0,1247.0,1.05,0.84,1.89,1.03,1.87,44.3,41.8,34.2,76.0,1.16,0.9,2.06,1.1,2.0,https://fbref.com/en/squads/8602292d/2019-2020/Aston-Villa-Stats
2020,Aston Villa,Premier League,opponent,28.0,26.6,55.9,38.0,418.0,3420.0,38.0,66.0,44.0,110.0,61.0,5.0,6.0,90.0,7.0,838.0,1823.0,1.74,1.16,2.89,1.61,2.76,67.8,63.0,46.6,109.6,1.78,1.23,3.01,1.66,2.88,https://fbref.com/en/squads/8602292d/2019-2020/Aston-Villa-Stats
2020,Atalanta,Serie A,team,30.0,27.2,57.2,38.0,418.0,3420.0,38.0,96.0,68.0,164.0,89.0,7.0,10.0,80.0,2.0,978.0,1867.0,2.53,1.79,4.32,2.34,4.13,83.5,75.6,58.9,134.5,2.2,1.55,3.75,1.99,3.54,https://fbref.com/en/squads/922493f3/2019-2020/Atalanta-Stats
2020,Atalanta,Serie A,opponent,30.0,27.0,42.8,38.0,418.0,3420.0,38.0,45.0,30.0,75.0,39.0,6.0,6.0,106.0,7.0,597.0,1072.0,1.18,0.79,1.97,1.03,1.82,41.3,36.6,27.9,64.5,1.09,0.73,1.82,0.96,1.7,https://fbref.com/en/squads/922493f3/2019-2020/Atalanta-Stats
2020,Athletic Club,La Liga,team,26.0,26.7,48.7,38.0,418.0,3420.0,38.0,40.0,23.0,63.0,32.0,8.0,10.0,90.0,2.0,604.0,1291.0,1.05,0.61,1.66,0.84,1.45,41.5,33.8,26.2,60.0,1.09,0.69,1.78,0.89,1.58,https://fbref.com/en/squads/2b390eca/2019-2020/Athletic-Club-Stats
2020,Athletic Club,La Liga,opponent,26.0,27.1,51.3,38.0,418.0,3420.0,38.0,36.0,26.0,62.0,31.0,5.0,7.0,89.0,0.0,615.0,1390.0,0.95,0.68,1.63,0.82,1.5,48.8,43.7,34.6,78.3,1.28,0.91,2.19,1.15,2.06,https://fbref.com/en/squads/2b390eca/2019-2020/Athletic-Club-Stats
2020,Atlético Madrid,La Liga,team,30.0,26.1,48.6,38.0,418.0,3420.0,38.0,50.0,35.0,85.0,44.0,6.0,8.0,93.0,3.0,598.0,1333.0,1.32,0.92,2.24,1.16,2.08,56.8,50.6,39.4,90.0,1.5,1.04,2.53,1.33,2.37,https://fbref.com/en/squads/db3b9613/2019-2020/Atletico-Madrid-Stats
2020,Atlético Madrid,La Liga,opponent,30.0,27.4,51.4,38.0,418.0,3420.0,38.0,24.0,15.0,39.0,21.0,3.0,4.0,113.0,4.0,619.0,1523.0,0.63,0.39,1.03,0.55,0.95,32.5,29.5,22.9,52.5,0.85,0.6,1.46,0.78,1.38,https://fbref.com/en/squads/db3b9613/2019-2020/Atletico-Madrid-Stats
2020,Augsburg,Bundesliga,team,28.0,26.2,38.6,34.0,374.0,3060.0,34.0,45.0,29.0,74.0,42.0,3.0,5.0,68.0,2.0,411.0,815.0,1.32,0.85,2.18,1.24,2.09,43.1,39.1,29.7,68.8,1.27,0.87,2.14,1.15,2.02,https://fbref.com/en/squads/0cdc4311/2019-2020/Augsburg-Stats
2020,Augsburg,Bundesliga,opponent,28.0,25.9,61.4,34.0,374.0,3060.0,34.0,60.0,50.0,110.0,60.0,0.0,1.0,64.0,3.0,643.0,1564.0,1.76,1.47,3.24,1.76,3.24,56.6,55.8,44.9,100.7,1.66,1.32,2.99,1.64,2.96,https://fbref.com/en/squads/0cdc4311/2019-2020/Augsburg-Stats
2020,Barcelona,La Liga,team,28.0,27.8,66.4,38.0,418.0,3420.0,38.0,84.0,62.0,146.0,78.0,6.0,6.0,92.0,6.0,923.0,2042.0,2.21,1.63,3.84,2.05,3.68,66.3,61.7,49.5,111.2,1.75,1.3,3.05,1.62,2.93,https://fbref.com/en/squads/206d90db/2019-2020/Barcelona-Stats
2020,Barcelona,La Liga,opponent,28.0,27.0,33.6,38.0,418.0,3420.0,38.0,38.0,21.0,59.0,32.0,6.0,7.0,89.0,4.0,576.0,1003.0,1.0,0.55,1.55,0.84,1.39,38.3,32.9,23.6,56.5,1.01,0.62,1.63,0.87,1.49,https://fbref.com/en/squads/206d90db/2019-2020/Barcelona-Stats
2020,Bayern Munich,Bundesliga,team,29.0,26.7,65.1,34.0,374.0,3060.0,34.0,97.0,75.0,172.0,91.0,6.0,6.0,54.0,3.0,930.0,2300.0,2.85,2.21,5.06,2.68,4.88,89.5,84.8,73.1,157.9,2.63,2.15,4.78,2.49,4.64,https://fbref.com/en/squads/054efa67/2019-2020/Bayern-Munich-Stats
2020,Bayern Munich,Bundesliga,opponent,29.0,26.0,34.9,34.0,374.0,3060.0,34.0,31.0,23.0,54.0,28.0,3.0,4.0,57.0,3.0,433.0,840.0,0.91,0.68,1.59,0.82,1.5,37.9,34.8,26.3,61.1,1.11,0.77,1.89,1.02,1.8,https://fbref.com/en/squads/054efa67/2019-2020/Bayern-Munich-Stats
2020,Betis,La Liga,team,27.0,27.5,56.7,38.0,418.0,3420.0,38.0,48.0,35.0,83.0,42.0,6.0,8.0,108.0,9.0,834.0,1475.0,1.26,0.92,2.18,1.11,2.03,51.0,45.2,36.9,82.0,1.34,0.97,2.31,1.19,2.16,https://fbref.com/en/squads/fc536746/2019-2020/Real-Betis-Stats
2020,Betis,La Liga,opponent,27.0,27.0,43.3,38.0,418.0,3420.0,38.0,59.0,40.0,99.0,48.0,11.0,11.0,111.0,5.0,613.0,1263.0,1.55,1.05,2.61,1.26,2.32,54.8,46.2,36.1,82.3,1.44,0.95,2.39,1.22,2.16,https://fbref.com/en/squads/fc536746/2019-2020/Real-Betis-Stats
2020,Bologna,Serie A,team,31.0,27.2,52.6,38.0,418.0,3420.0,38.0,48.0,31.0,79.0,43.0,5.0,6.0,109.0,7.0,799.0,1672.0,1.26,0.82,2.08,1.13,1.95,56.9,52.2,41.3,93.5,1.5,1.09,2.58,1.37,2.46,https://fbref.com/en/squads/1d8099f8/2019-2020/Bologna-Stats
2020,Bologna,Serie A,opponent,31.0,26.9,47.4,38.0,418.0,3420.0,38.0,64.0,40.0,104.0,58.0,6.0,8.0,104.0,7.0,767.0,1433.0,1.68,1.05,2.74,1.53,2.58,54.8,48.5,38.3,86.8,1.44,1.01,2.45,1.28,2.29,https://fbref.com/en/squads/1d8099f8/2019-2020/Bologna-Stats
2020,Bordeaux,Ligue 1,team,26.0,26.9,53.6,28.0,308.0,2520.0,28.0,40.0,29.0,69.0,38.0,2.0,2.0,55.0,0.0,441.0,995.0,1.43,1.04,2.46,1.36,2.39,30.4,28.8,21.6,50.4,1.08,0.77,1.86,1.03,1.8,https://fbref.com/en/squads/123f3efe/2019-2020/Bordeaux-Stats
2020,Bordeaux,Ligue 1,opponent,26.0,25.9,46.4,28.0,308.0,2520.0,28.0,33.0,28.0,61.0,31.0,2.0,3.0,65.0,8.0,580.0,1053.0,1.18,1.0,2.18,1.11,2.11,36.9,34.6,28.5,63.0,1.32,1.02,2.34,1.23,2.25,https://fbref.com/en/squads/123f3efe/2019-2020/Bordeaux-Stats
2020,Bournemouth,Premier League,team,27.0,25.2,44.1,38.0,418.0,3420.0,38.0,38.0,24.0,62.0,34.0,4.0,4.0,78.0,3.0,601.0,1256.0,1.0,0.63,1.63,0.89,1.53,44.8,41.7,30.6,72.3,1.18,0.8,1.98,1.1,1.9,https://fbref.com/en/squads/4ba7cbea/2019-2020/Bournemouth-Stats
2020,Bournemouth,Premier League,opponent,27.0,26.8,55.9,38.0,418.0,3420.0,38.0,65.0,45.0,110.0,60.0,5.0,6.0,67.0,3.0,743.0,1670.0,1.71,1.18,2.89,1.58,2.76,62.3,57.6,42.6,100.2,1.64,1.12,2.76,1.52,2.64,https://fbref.com/en/squads/4ba7cbea/2019-2020/Bournemouth-Stats
2020,Brescia,Serie A,team,32.0,25.6,40.6,38.0,418.0,3420.0,38.0,34.0,22.0,56.0,30.0,4.0,4.0,95.0,6.0,537.0,1241.0,0.89,0.58,1.47,0.79,1.37,43.4,40.2,28.8,69.0,1.14,0.76,1.9,1.06,1.82,https://fbref.com/en/squads/4ef57aeb/2019-2020/Brescia-Stats
2020,Brescia,Serie A,opponent,32.0,27.1,59.4,38.0,418.0,3420.0,38.0,76.0,55.0,131.0,67.0,9.0,11.0,106.0,2.0,900.0,1865.0,2.0,1.45,3.45,1.76,3.21,74.5,66.2,52.4,118.6,1.96,1.38,3.34,1.74,3.12,https://fbref.com/en/squads/4ef57aeb/2019-2020/Brescia-Stats
2020,Brest,Ligue 1,team,24.0,26.1,49.8,28.0,308.0,2520.0,28.0,32.0,27.0,59.0,31.0,1.0,5.0,45.0,2.0,415.0,1138.0,1.14,0.96,2.11,1.11,2.07,30.7,26.8,22.1,48.9,1.1,0.79,1.89,0.96,1.75,https://fbref.com/en/squads/fb08dbb3/2019-2020/Brest-Stats
2020,Brest,Ligue 1,opponent,24.0,26.2,50.2,28.0,308.0,2520.0,28.0,37.0,24.0,61.0,33.0,4.0,6.0,40.0,1.0,621.0,1144.0,1.32,0.86,2.18,1.18,2.04,45.5,40.8,30.5,71.3,1.62,1.09,2.71,1.46,2.55,https://fbref.com/en/squads/fb08dbb3/2019-2020/Brest-Stats
2020,Brighton,Premier League,team,25.0,26.4,52.2,38.0,418.0,3420.0,38.0,35.0,24.0,59.0,34.0,1.0,2.0,59.0,2.0,669.0,1675.0,0.92,0.63,1.55,0.89,1.53,45.4,43.8,31.6,75.4,1.2,0.83,2.03,1.15,1.99,https://fbref.com/en/squads/d07537b9/2019-2020/Brighton-and-Hove-Albion-Stats
2020,Brighton,Premier League,opponent,25.0,26.5,47.8,38.0,418.0,3420.0,38.0,52.0,42.0,94.0,50.0,2.0,2.0,61.0,1.0,773.0,1342.0,1.37,1.11,2.47,1.32,2.42,55.0,53.4,43.1,96.5,1.45,1.13,2.58,1.4,2.54,https://fbref.com/en/squads/d07537b9/2019-2020/Brighton-and-Hove-Albion-Stats
2020,Burnley,Premier League,team,22.0,28.0,41.9,38.0,418.0,3420.0,38.0,41.0,30.0,71.0,38.0,3.0,3.0,67.0,0.0,437.0,890.0,1.08,0.79,1.87,1.0,1.79,47.4,45.3,32.4,77.7,1.25,0.85,2.1,1.19,2.04,https://fbref.com/en/squads/943e8050/2019-2020/Burnley-Stats
2020,Burnley,Premier League,opponent,22.0,26.5,58.1,38.0,418.0,3420.0,38.0,49.0,38.0,87.0,45.0,4.0,5.0,42.0,3.0,857.0,1544.0,1.29,1.0,2.29,1.18,2.18,49.8,45.8,36.6,82.4,1.31,0.96,2.27,1.21,2.17,https://fbref.com/en/squads/943e8050/2019-2020/Burnley-Stats
2020,Cagliari,Serie A,team,33.0,27.4,45.7,38.0,418.0,3420.0,38.0,50.0,34.0,84.0,46.0,4.0,6.0,108.0,6.0,662.0,1288.0,1.32,0.89,2.21,1.21,2.11,41.8,37.1,32.0,69.0,1.1,0.84,1.94,0.98,1.82,https://fbref.com/en/squads/c4260e09/2019-2020/Cagliari-Stats
2020,Cagliari,Serie A,opponent,33.0,27.0,54.3,38.0,418.0,3420.0,38.0,53.0,35.0,88.0,46.0,7.0,9.0,76.0,6.0,850.0,1740.0,1.39,0.92,2.32,1.21,2.13,59.0,52.7,40.5,93.2,1.55,1.07,2.62,1.39,2.45,https://fbref.com/en/squads/c4260e09/2019-2020/Cagliari-Stats
2020,Celta Vigo,La Liga,team,30.0,25.8,51.7,38.0,418.0,3420.0,38.0,37.0,26.0,63.0,31.0,6.0,9.0,104.0,6.0,670.0,1364.0,0.97,0.68,1.66,0.82,1.5,39.2,32.4,26.2,58.7,1.03,0.69,1.72,0.85,1.54,https://fbref.com/en/squads/f25da7fb/2019-2020/Celta-Vigo-Stats
2020,Celta Vigo,La Liga,opponent,30.0,27.2,48.4,38.0,418.0,3420.0,38.0,49.0,31.0,80.0,44.0,5.0,5.0,119.0,5.0,679.0,1436.0,1.29,0.82,2.11,1.16,1.97,45.3,41.4,33.4,74.7,1.19,0.88,2.07,1.09,1.97,https://fbref.com/en/squads/f25da7fb/2019-2020/Celta-Vigo-Stats
2020,Chelsea,Premier League,team,27.0,25.5,60.4,38.0,418.0,3420.0,38.0,69.0,46.0,115.0,62.0,7.0,7.0,60.0,0.0,983.0,1897.0,1.82,1.21,3.03,1.63,2.84,69.2,64.4,46.7,111.1,1.82,1.23,3.05,1.7,2.92,https://fbref.com/en/squads/cff3d9bb/2019-2020/Chelsea-Stats
2020,Chelsea,Premier League,opponent,27.0,26.4,39.6,38.0,418.0,3420.0,38.0,51.0,36.0,87.0,49.0,2.0,2.0,76.0,3.0,464.0,1151.0,1.34,0.95,2.29,1.29,2.24,38.6,37.0,27.4,64.4,1.01,0.72,1.74,0.97,1.69,https://fbref.com/en/squads/cff3d9bb/2019-2020/Chelsea-Stats
2020,Crystal Palace,Premier League,team,25.0,29.4,44.8,38.0,418.0,3420.0,38.0,29.0,20.0,49.0,26.0,3.0,3.0,62.0,2.0,596.0,1223.0,0.76,0.53,1.29,0.68,1.21,35.8,33.6,26.0,59.5,0.94,0.68,1.63,0.88,1.57,https://fbref.com/en/squads/47c64c55/2019-2020/Crystal-Palace-Stats
2020,Crystal Palace,Premier League,opponent,25.0,26.5,55.2,38.0,418.0,3420.0,38.0,48.0,36.0,84.0,48.0,0.0,1.0,88.0,5.0,769.0,1690.0,1.26,0.95,2.21,1.26,2.21,57.0,56.2,40.0,96.2,1.5,1.05,2.55,1.48,2.53,https://fbref.com/en/squads/47c64c55/2019-2020/Crystal-Palace-Stats
2020,Dijon,Ligue 1,team,28.0,26.9,46.5,28.0,308.0,2520.0,28.0,26.0,17.0,43.0,25.0,1.0,1.0,43.0,2.0,513.0,909.0,0.93,0.61,1.54,0.89,1.5,30.5,29.9,22.9,52.8,1.09,0.82,1.91,1.07,1.88,https://fbref.com/en/squads/8dfb7350/2019-2020/Dijon-Stats
2020,Dijon,Ligue 1,opponent,28.0,26.1,53.5,28.0,308.0,2520.0,28.0,35.0,25.0,60.0,34.0,1.0,1.0,44.0,3.0,546.0,1296.0,1.25,0.89,2.14,1.21,2.11,38.4,37.6,28.1,65.8,1.37,1.0,2.38,1.34,2.35,https://fbref.com/en/squads/8dfb7350/2019-2020/Dijon-Stats
2020,Dortmund,Bundesliga,team,27.0,25.8,60.4,34.0,374.0,3060.0,34.0,84.0,74.0,158.0,82.0,2.0,2.0,49.0,1.0,792.0,1736.0,2.47,2.18,4.65,2.41,4.59,61.0,59.5,50.6,110.1,1.8,1.49,3.28,1.75,3.24,https://fbref.com/en/squads/add600ae/2019-2020/Dortmund-Stats
2020,Dortmund,Bundesliga,opponent,27.0,26.2,39.6,34.0,374.0,3060.0,34.0,38.0,27.0,65.0,35.0,3.0,3.0,53.0,1.0,584.0,1101.0,1.12,0.79,1.91,1.03,1.82,40.9,38.6,31.3,69.9,1.2,0.92,2.12,1.14,2.06,https://fbref.com/en/squads/add600ae/2019-2020/Dortmund-Stats
2020,Düsseldorf,Bundesliga,team,28.0,27.1,45.6,34.0,374.0,3060.0,34.0,36.0,26.0,62.0,32.0,4.0,4.0,78.0,0.0,487.0,1268.0,1.06,0.76,1.82,0.94,1.71,35.9,32.7,24.2,56.9,1.06,0.71,1.77,0.96,1.67,https://fbref.com/en/squads/b1278397/2019-2020/Dusseldorf-Stats
2020,Düsseldorf,Bundesliga,opponent,28.0,26.1,54.4,34.0,374.0,3060.0,34.0,63.0,53.0,116.0,60.0,3.0,5.0,64.0,5.0,622.0,1286.0,1.85,1.56,3.41,1.76,3.32,60.7,57.5,44.2,101.7,1.79,1.3,3.09,1.69,2.99,https://fbref.com/en/squads/b1278397/2019-2020/Dusseldorf-Stats
2020,Eibar,La Liga,team,26.0,29.3,46.3,38.0,418.0,3420.0,38.0,38.0,24.0,62.0,31.0,7.0,10.0,92.0,3.0,424.0,1265.0,1.0,0.63,1.63,0.82,1.45,42.0,34.2,26.0,60.2,1.1,0.68,1.79,0.9,1.58,https://fbref.com/en/squads/bea5c710/2019-2020/Eibar-Stats
2020,Eibar,La Liga,opponent,26.0,27.0,53.7,38.0,418.0,3420.0,38.0,55.0,38.0,93.0,51.0,4.0,6.0,70.0,2.0,561.0,1177.0,1.45,1.0,2.45,1.34,2.34,53.0,48.4,40.0,88.5,1.39,1.05,2.45,1.27,2.33,https://fbref.com/en/squads/bea5c710/2019-2020/Eibar-Stats
2020,Eint Frankfurt,Bundesliga,team,27.0,27.0,50.9,34.0,374.0,3060.0,34.0,57.0,45.0,102.0,55.0,2.0,2.0,71.0,4.0,677.0,1389.0,1.68,1.32,3.0,1.62,2.94,59.5,58.0,44.8,102.8,1.75,1.32,3.07,1.71,3.02,https://fbref.com/en/squads/f0ac8ee6/2019-2020/Eintracht-Frankfurt-Stats
2020,Eint Frankfurt,Bundesliga,opponent,27.0,25.8,49.1,34.0,374.0,3060.0,34.0,58.0,46.0,104.0,55.0,3.0,3.0,67.0,6.0,563.0,1264.0,1.71,1.35,3.06,1.62,2.97,49.9,47.6,40.3,87.9,1.47,1.18,2.65,1.4,2.58,https://fbref.com/en/squads/f0ac8ee6/2019-2020/Eintracht-Frankfurt-Stats
2020,Espanyol,La Liga,team,31.0,27.7,47.4,38.0,418.0,3420.0,38.0,25.0,17.0,42.0,21.0,4.0,4.0,107.0,9.0,561.0,1240.0,0.66,0.45,1.11,0.55,1.0,38.6,35.6,27.3,62.9,1.02,0.72,1.74,0.94,1.66,https://fbref.com/en/squads/a8661628/2019-2020/Espanyol-Stats
2020,Espanyol,La Liga,opponent,31.0,27.3,52.6,38.0,418.0,3420.0,38.0,56.0,35.0,91.0,50.0,6.0,7.0,75.0,6.0,688.0,1452.0,1.47,0.92,2.39,1.32,2.24,51.0,45.8,34.9,80.8,1.34,0.92,2.26,1.21,2.13,https://fbref.com/en/squads/a8661628/2019-2020/Espanyol-Stats
2020,Everton,Premier League,team,24.0,25.5,49.0,38.0,418.0,3420.0,38.0,42.0,32.0,74.0,41.0,1.0,1.0,76.0,3.0,623.0,1430.0,1.11,0.84,1.95,1.08,1.92,50.8,50.0,38.1,88.1,1.34,1.0,2.34,1.32,2.32,https://fbref.com/en/squads/d3fd31cc/2019-2020/Everton-Stats
2020,Everton,Premier League,opponent,24.0,26.6,51.0,38.0,418.0,3420.0,38.0,53.0,39.0,92.0,50.0,3.0,4.0,61.0,2.0,675.0,1405.0,1.39,1.03,2.42,1.32,2.34,48.3,45.2,34.2,79.4,1.27,0.9,2.17,1.19,2.09,https://fbref.com/en/squads/d3fd31cc/2019-2020/Everton-Stats
2020,Fiorentina,Serie A,team,33.0,25.1,47.4,38.0,418.0,3420.0,38.0,48.0,30.0,78.0,39.0,9.0,11.0,105.0,5.0,857.0,1446.0,1.26,0.79,2.05,1.03,1.82,53.6,45.4,34.5,79.8,1.41,0.91,2.32,1.19,2.1,https://fbref.com/en/squads/421387cf/2019-2020/Fiorentina-Stats
2020,Fiorentina,Serie A,opponent,33.0,27.1,52.6,38.0,418.0,3420.0,38.0,48.0,31.0,79.0,39.0,9.0,11.0,95.0,3.0,826.0,1497.0,1.26,0.82,2.08,1.03,1.84,48.9,40.4,32.2,72.6,1.29,0.85,2.13,1.06,1.91,https://fbref.com/en/squads/421387cf/2019-2020/Fiorentina-Stats
2020,Freiburg,Bundesliga,team,26.0,26.4,48.1,34.0,374.0,3060.0,34.0,46.0,27.0,73.0,41.0,5.0,6.0,43.0,2.0,537.0,1128.0,1.35,0.79,2.15,1.21,2.0,46.7,42.0,33.0,75.0,1.37,0.97,2.34,1.24,2.21,https://fbref.com/en/squads/a486e511/2019-2020/Freiburg-Stats
2020,Freiburg,Bundesliga,opponent,26.0,26.0,51.9,34.0,374.0,3060.0,34.0,47.0,32.0,79.0,44.0,3.0,4.0,74.0,6.0,762.0,1350.0,1.38,0.94,2.32,1.29,2.24,64.6,61.3,44.9,106.2,1.9,1.32,3.22,1.8,3.12,https://fbref.com/en/squads/a486e511/2019-2020/Freiburg-Stats
2020,Genoa,Serie A,team,34.0,26.8,49.5,38.0,418.0,3420.0,38.0,46.0,28.0,74.0,35.0,11.0,16.0,107.0,10.0,583.0,1280.0,1.21,0.74,1.95,0.92,1.66,48.7,36.2,27.6,63.7,1.28,0.73,2.01,0.95,1.68,https://fbref.com/en/squads/658bf2de/2019-2020/Genoa-Stats
2020,Genoa,Serie A,opponent,34.0,26.9,50.5,38.0,418.0,3420.0,38.0,71.0,52.0,123.0,64.0,7.0,9.0,96.0,8.0,859.0,1623.0,1.87,1.37,3.24,1.68,3.05,60.0,52.9,40.8,93.8,1.58,1.07,2.65,1.39,2.47,https://fbref.com/en/squads/658bf2de/2019-2020/Genoa-Stats
2020,Getafe,La Liga,team,30.0,27.5,45.0,38.0,418.0,3420.0,38.0,42.0,31.0,73.0,36.0,6.0,7.0,135.0,5.0,416.0,1196.0,1.11,0.82,1.92,0.95,1.76,41.6,36.1,27.9,64.0,1.09,0.73,1.83,0.95,1.69,https://fbref.com/en/squads/7848bd64/2019-2020/Getafe-Stats
2020,Getafe,La Liga,opponent,30.0,27.2,55.0,38.0,418.0,3420.0,38.0,35.0,21.0,56.0,30.0,5.0,6.0,122.0,11.0,376.0,1089.0,0.92,0.55,1.47,0.79,1.34,41.4,36.7,29.5,66.1,1.09,0.78,1.87,0.96,1.74,https://fbref.com/en/squads/7848bd64/2019-2020/Getafe-Stats
2020,Granada,La Liga,team,27.0,26.8,43.8,38.0,418.0,3420.0,38.0,50.0,34.0,84.0,45.0,5.0,5.0,109.0,1.0,511.0,1009.0,1.32,0.89,2.21,1.18,2.08,44.9,40.9,30.5,71.4,1.18,0.8,1.98,1.08,1.88,https://fbref.com/en/squads/a0435291/2019-2020/Granada-Stats
2020,Granada,La Liga,opponent,27.0,27.4,56.2,38.0,418.0,3420.0,38.0,45.0,37.0,82.0,41.0,4.0,5.0,116.0,7.0,672.0,1397.0,1.18,0.97,2.16,1.08,2.05,42.6,38.6,33.1,71.7,1.12,0.87,1.99,1.02,1.89,https://fbref.com/en/squads/a0435291/2019-2020/Granada-Stats
2020,Hellas Verona,Serie A,team,30.0,26.1,49.8,38.0,418.0,3420.0,38.0,45.0,27.0,72.0,37.0,8.0,9.0,87.0,7.0,728.0,1575.0,1.18,0.71,1.89,0.97,1.68,50.5,43.6,34.5,78.1,1.33,0.91,2.24,1.15,2.06,https://fbref.com/en/squads/0e72edf2/2019-2020/Hellas-Verona-Stats
2020,Hellas Verona,Serie A,opponent,30.0,27.0,50.2,38.0,418.0,3420.0,38.0,50.0,31.0,81.0,41.0,9.0,9.0,105.0,8.0,781.0,1450.0,1.32,0.82,2.13,1.08,1.89,53.7,46.7,36.8,83.4,1.41,0.97,2.38,1.23,2.2,https://fbref.com/en/squads/0e72edf2/2019-2020/Hellas-Verona-Stats
2020,Hertha BSC,Bundesliga,team,32.0,26.2,44.7,34.0,374.0,3060.0,34.0,45.0,35.0,80.0,42.0,3.0,3.0,77.0,4.0,546.0,1073.0,1.32,1.03,2.35,1.24,2.26,43.1,40.7,32.7,73.4,1.27,0.96,2.23,1.2,2.16,https://fbref.com/en/squads/2818f8bc/2019-2020/Hertha-BSC-Stats
2020,Hertha BSC,Bundesliga,opponent,32.0,26.1,55.3,34.0,374.0,3060.0,34.0,57.0,43.0,100.0,50.0,7.0,7.0,55.0,3.0,714.0,1620.0,1.68,1.26,2.94,1.47,2.74,54.5,49.0,37.5,86.6,1.6,1.1,2.71,1.44,2.55,https://fbref.com/en/squads/2818f8bc/2019-2020/Hertha-BSC-Stats
2020,Hoffenheim,Bundesliga,team,31.0,26.0,51.6,34.0,374.0,3060.0,34.0,52.0,36.0,88.0,49.0,3.0,4.0,66.0,2.0,598.0,1261.0,1.53,1.06,2.59,1.44,2.5,56.1,53.0,40.2,93.2,1.65,1.18,2.83,1.56,2.74,https://fbref.com/en/squads/033ea6b8/2019-2020/Hoffenheim-Stats
2020,Hoffenheim,Bundesliga,opponent,31.0,26.1,48.4,34.0,374.0,3060.0,34.0,51.0,37.0,88.0,45.0,6.0,8.0,80.0,5.0,742.0,1494.0,1.5,1.09,2.59,1.32,2.41,59.6,53.3,44.8,98.1,1.75,1.32,3.07,1.57,2.88,https://fbref.com/en/squads/033ea6b8/2019-2020/Hoffenheim-Stats
2020,Inter,Serie A,team,29.0,27.7,54.2,38.0,418.0,3420.0,38.0,80.0,57.0,137.0,70.0,10.0,11.0,104.0,6.0,797.0,1820.0,2.11,1.5,3.61,1.84,3.34,69.4,60.8,44.0,104.7,1.83,1.16,2.98,1.6,2.76,https://fbref.com/en/squads/d609edc0/2019-2020/Internazionale-Stats
2020,Inter,Serie A,opponent,29.0,26.8,45.8,38.0,418.0,3420.0,38.0,35.0,24.0,59.0,32.0,3.0,4.0,90.0,4.0,779.0,1323.0,0.92,0.63,1.55,0.84,1.47,40.7,37.6,28.2,65.7,1.07,0.74,1.81,0.99,1.73,https://fbref.com/en/squads/d609edc0/2019-2020/Internazionale-Stats
2020,Juventus,Serie A,team,30.0,28.6,58.1,38.0,418.0,3420.0,38.0,73.0,47.0,120.0,60.0,13.0,14.0,87.0,3.0,879.0,1746.0,1.92,1.24,3.16,1.58,2.82,71.1,60.1,45.5,105.6,1.87,1.2,3.07,1.58,2.78,https://fbref.com/en/squads/e0652b02/2019-2020/Juventus-Stats
2020,Juventus,Serie A,opponent,30.0,26.7,41.9,38.0,418.0,3420.0,38.0,43.0,26.0,69.0,34.0,9.0,12.0,113.0,8.0,559.0,1197.0,1.13,0.68,1.82,0.89,1.58,44.9,35.9,27.2,63.1,1.18,0.72,1.9,0.94,1.66,https://fbref.com/en/squads/e0652b02/2019-2020/Juventus-Stats
2020,Köln,Bundesliga,team,29.0,25.6,46.7,34.0,374.0,3060.0,34.0,50.0,38.0,88.0,48.0,2.0,4.0,79.0,4.0,494.0,1158.0,1.47,1.12,2.59,1.41,2.53,48.9,46.3,35.6,81.9,1.44,1.05,2.49,1.36,2.41,https://fbref.com/en/squads/bc357bf7/2019-2020/Koln-Stats
2020,Köln,Bundesliga,opponent,29.0,26.0,53.3,34.0,374.0,3060.0,34.0,67.0,53.0,120.0,63.0,4.0,6.0,63.0,4.0,633.0,1382.0,1.97,1.56,3.53,1.85,3.41,53.3,48.6,40.2,88.8,1.57,1.18,2.75,1.43,2.61,https://fbref.com/en/squads/bc357bf7/2019-2020/Koln-Stats
2020,Lazio,Serie A,team,27.0,27.9,50.4,38.0,418.0,3420.0,38.0,77.0,45.0,122.0,62.0,15.0,18.0,99.0,2.0,935.0,1668.0,2.03,1.18,3.21,1.63,2.82,68.0,53.9,42.5,96.4,1.79,1.12,2.91,1.42,2.54,https://fbref.com/en/squads/7213da33/2019-2020/Lazio-Stats
2020,Lazio,Serie A,opponent,27.0,26.9,49.6,38.0,418.0,3420.0,38.0,41.0,28.0,69.0,34.0,7.0,9.0,96.0,7.0,811.0,1463.0,1.08,0.74,1.82,0.89,1.63,51.1,44.1,34.7,78.9,1.35,0.91,2.26,1.16,2.08,https://fbref.com/en/squads/7213da33/2019-2020/Lazio-Stats
2020,Lecce,Serie A,team,30.0,28.7,44.8,38.0,418.0,3420.0,38.0,52.0,30.0,82.0,41.0,11.0,15.0,98.0,5.0,752.0,1356.0,1.37,0.79,2.16,1.08,1.87,54.7,43.5,32.6,76.1,1.44,0.86,2.3,1.15,2.0,https://fbref.com/en/squads/ffcbe334/2019-2020/Lecce-Stats
2020,Lecce,Serie A,opponent,30.0,26.9,55.2,38.0,418.0,3420.0,38.0,82.0,51.0,133.0,71.0,11.0,13.0,86.0,5.0,976.0,1860.0,2.16,1.34,3.5,1.87,3.21,85.6,75.7,61.9,137.6,2.25,1.63,3.88,1.99,3.62,https://fbref.com/en/squads/ffcbe334/2019-2020/Lecce-Stats
2020,Leganés,La Liga,team,29.0,26.9,43.9,38.0,418.0,3420.0,38.0,30.0,19.0,49.0,27.0,3.0,5.0,127.0,4.0,498.0,1165.0,0.79,0.5,1.29,0.71,1.21,39.9,35.9,27.7,63.7,1.05,0.73,1.78,0.95,1.68,https://fbref.com/en/squads/7c6f2c78/2019-2020/Leganes-Stats
2020,Leganés,La Liga,opponent,29.0,27.2,56.1,38.0,418.0,3420.0,38.0,50.0,34.0,84.0,44.0,6.0,7.0,105.0,5.0,632.0,1423.0,1.32,0.89,2.21,1.16,2.05,42.8,37.4,29.7,67.1,1.13,0.78,1.91,0.98,1.77,https://fbref.com/en/squads/7c6f2c78/2019-2020/Leganes-Stats
2020,Leicester City,Premier League,team,24.0,26.1,57.1,38.0,418.0,3420.0,38.0,65.0,48.0,113.0,60.0,5.0,7.0,43.0,3.0,739.0,1612.0,1.71,1.26,2.97,1.58,2.84,62.2,56.7,44.9,101.6,1.64,1.18,2.82,1.49,2.67,https://fbref.com/en/squads/a2d435b3/2019-2020/Leicester-City-Stats
2020,Leicester City,Premier League,opponent,24.0,26.6,43.0,38.0,418.0,3420.0,38.0,39.0,26.0,65.0,31.0,8.0,10.0,69.0,3.0,653.0,1214.0,1.03,0.68,1.71,0.82,1.5,45.5,37.7,29.2,66.9,1.2,0.77,1.97,0.99,1.76,https://fbref.com/en/squads/a2d435b3/2019-2020/Leicester-City-Stats
2020,Levante,La Liga,team,29.0,27.7,48.3,38.0,418.0,3420.0,38.0,45.0,28.0,73.0,40.0,5.0,5.0,79.0,5.0,711.0,1358.0,1.18,0.74,1.92,1.05,1.79,48.1,44.2,36.3,80.5,1.27,0.95,2.22,1.16,2.12,https://fbref.com/en/squads/9800b6a1/2019-2020/Levante-Stats
2020,Levante,La Liga,opponent,29.0,27.2,51.7,38.0,418.0,3420.0,38.0,51.0,40.0,91.0,48.0,3.0,7.0,96.0,1.0,741.0,1499.0,1.34,1.05,2.39,1.26,2.32,62.9,57.4,47.2,104.7,1.65,1.24,2.9,1.51,2.75,https://fbref.com/en/squads/9800b6a1/2019-2020/Levante-Stats
2020,Leverkusen,Bundesliga,team,24.0,26.1,63.2,34.0,374.0,3060.0,34.0,57.0,48.0,105.0,55.0,2.0,2.0,61.0,6.0,761.0,1471.0,1.68,1.41,3.09,1.62,3.03,59.1,57.5,48.6,106.1,1.74,1.43,3.17,1.69,3.12,https://fbref.com/en/squads/c7a9f859/2019-2020/Bayer-Leverkusen-Stats
2020,Leverkusen,Bundesliga,opponent,24.0,25.9,36.8,34.0,374.0,3060.0,34.0,44.0,31.0,75.0,42.0,2.0,2.0,64.0,1.0,498.0,923.0,1.29,0.91,2.21,1.24,2.15,51.2,49.7,37.5,87.2,1.51,1.1,2.61,1.46,2.56,https://fbref.com/en/squads/c7a9f859/2019-2020/Bayer-Leverkusen-Stats
2020,Lille,Ligue 1,team,25.0,24.3,52.9,28.0,308.0,2520.0,28.0,35.0,25.0,60.0,30.0,5.0,8.0,49.0,3.0,544.0,1077.0,1.25,0.89,2.14,1.07,1.96,40.3,34.0,24.5,58.5,1.44,0.88,2.31,1.21,2.09,https://fbref.com/en/squads/cb188c0c/2019-2020/Lille-Stats
2020,Lille,Ligue 1,opponent,25.0,26.4,47.1,28.0,308.0,2520.0,28.0,24.0,17.0,41.0,20.0,4.0,6.0,57.0,2.0,457.0,936.0,0.86,0.61,1.46,0.71,1.32,31.4,26.7,22.5,49.2,1.12,0.8,1.93,0.95,1.76,https://fbref.com/en/squads/cb188c0c/2019-2020/Lille-Stats
2020,Liverpool,Premier League,team,24.0,26.6,62.9,38.0,418.0,3420.0,38.0,83.0,69.0,152.0,78.0,5.0,5.0,38.0,1.0,967.0,1941.0,2.18,1.82,4.0,2.05,3.87,68.9,65.0,53.0,118.0,1.81,1.39,3.21,1.71,3.1,https://fbref.com/en/squads/822bd0ba/2019-2020/Liverpool-Stats
2020,Liverpool,Premier League,opponent,24.0,26.3,37.1,38.0,418.0,3420.0,38.0,32.0,23.0,55.0,31.0,1.0,1.0,47.0,0.0,514.0,949.0,0.84,0.61,1.45,0.82,1.42,37.7,36.9,29.6,66.5,0.99,0.78,1.77,0.97,1.75,https://fbref.com/en/squads/822bd0ba/2019-2020/Liverpool-Stats
2020,Lyon,Ligue 1,team,27.0,24.8,56.2,28.0,308.0,2520.0,28.0,42.0,29.0,71.0,37.0,5.0,6.0,49.0,4.0,563.0,1208.0,1.5,1.04,2.54,1.32,2.36,37.6,33.0,25.2,58.2,1.34,0.9,2.24,1.18,2.08,https://fbref.com/en/squads/d53c0b06/2019-2020/Lyon-Stats
2020,Lyon,Ligue 1,opponent,27.0,26.1,43.8,28.0,308.0,2520.0,28.0,24.0,15.0,39.0,22.0,2.0,3.0,55.0,7.0,495.0,976.0,0.86,0.54,1.39,0.79,1.32,27.1,24.7,18.5,43.2,0.97,0.66,1.63,0.88,1.54,https://fbref.com/en/squads/d53c0b06/2019-2020/Lyon-Stats
2020,M'Gladbach,Bundesliga,team,25.0,26.3,52.4,34.0,374.0,3060.0,34.0,64.0,53.0,117.0,60.0,4.0,6.0,77.0,3.0,650.0,1305.0,1.88,1.56,3.44,1.76,3.32,72.0,67.2,53.6,120.8,2.12,1.58,3.69,1.98,3.55,https://fbref.com/en/squads/32f3ee20/2019-2020/Monchengladbach-Stats
2020,M'Gladbach,Bundesliga,opponent,25.0,26.0,47.6,34.0,374.0,3060.0,34.0,40.0,30.0,70.0,39.0,1.0,2.0,86.0,3.0,572.0,1186.0,1.18,0.88,2.06,1.15,2.03,45.9,44.3,34.9,79.3,1.35,1.03,2.38,1.3,2.33,https://fbref.com/en/squads/32f3ee20/2019-2020/Monchengladbach-Stats
2020,Mainz 05,Bundesliga,team,25.0,24.6,43.2,34.0,374.0,3060.0,34.0,42.0,34.0,76.0,39.0,3.0,3.0,75.0,3.0,524.0,1146.0,1.24,1.0,2.24,1.15,2.15,48.2,45.8,37.4,83.2,1.42,1.1,2.52,1.35,2.45,https://fbref.com/en/squads/a224b06a/2019-2020/Mainz-05-Stats
2020,Mainz 05,Bundesliga,opponent,25.0,26.0,56.8,34.0,374.0,3060.0,34.0,64.0,49.0,113.0,61.0,3.0,5.0,74.0,4.0,616.0,1518.0,1.88,1.44,3.32,1.79,3.24,59.6,55.6,42.3,98.0,1.75,1.24,3.0,1.64,2.88,https://fbref.com/en/squads/a224b06a/2019-2020/Mainz-05-Stats
2020,Mallorca,La Liga,team,32.0,26.8,45.0,38.0,418.0,3420.0,38.0,39.0,21.0,60.0,31.0,8.0,10.0,93.0,5.0,740.0,1210.0,1.03,0.55,1.58,0.82,1.37,41.1,33.3,25.4,58.7,1.08,0.67,1.75,0.88,1.55,https://fbref.com/en/squads/2aa12281/2019-2020/Mallorca-Stats
2020,Mallorca,La Liga,opponent,32.0,27.2,55.0,38.0,418.0,3420.0,38.0,64.0,39.0,103.0,49.0,15.0,16.0,118.0,4.0,774.0,1681.0,1.68,1.03,2.71,1.29,2.32,63.5,51.2,43.2,94.4,1.67,1.14,2.81,1.35,2.48,https://fbref.com/en/squads/2aa12281/2019-2020/Mallorca-Stats
2020,Manchester City,Premier League,team,24.0,26.9,66.2,38.0,418.0,3420.0,38.0,100.0,69.0,169.0,94.0,6.0,11.0,64.0,4.0,1199.0,2460.0,2.63,1.82,4.45,2.47,4.29,92.0,83.6,68.4,152.0,2.42,1.8,4.22,2.2,4.0,https://fbref.com/en/squads/b8fd03ef/2019-2020/Manchester-City-Stats
2020,Manchester City,Premier League,opponent,24.0,26.5,33.8,38.0,418.0,3420.0,38.0,34.0,25.0,59.0,31.0,3.0,3.0,53.0,1.0,448.0,801.0,0.89,0.66,1.55,0.82,1.47,36.2,34.6,23.1,57.8,0.95,0.61,1.56,0.91,1.52,https://fbref.com/en/squads/b8fd03ef/2019-2020/Manchester-City-Stats
2020,Manchester Utd,Premier League,team,29.0,24.8,55.8,38.0,418.0,3420.0,38.0,65.0,43.0,108.0,55.0,10.0,14.0,73.0,0.0,926.0,1788.0,1.71,1.13,2.84,1.45,2.58,62.2,51.2,38.5,89.7,1.64,1.01,2.65,1.35,2.36,https://fbref.com/en/squads/19538871/2019-2020/Manchester-United-Stats
2020,Manchester Utd,Premier League,opponent,29.0,26.7,44.2,38.0,418.0,3420.0,38.0,35.0,24.0,59.0,32.0,3.0,3.0,79.0,2.0,648.0,1204.0,0.92,0.63,1.55,0.84,1.47,37.7,35.3,25.2,60.5,0.99,0.66,1.65,0.93,1.59,https://fbref.com/en/squads/19538871/2019-2020/Manchester-United-Stats
2020,Marseille,Ligue 1,team,23.0,27.1,53.5,28.0,308.0,2520.0,28.0,38.0,28.0,66.0,34.0,4.0,6.0,67.0,3.0,639.0,1107.0,1.36,1.0,2.36,1.21,2.21,36.2,31.6,25.8,57.5,1.29,0.92,2.22,1.13,2.05,https://fbref.com/en/squads/5725cc7b/2019-2020/Marseille-Stats
2020,Marseille,Ligue 1,opponent,23.0,26.1,46.5,28.0,308.0,2520.0,28.0,27.0,20.0,47.0,23.0,4.0,5.0,52.0,2.0,416.0,880.0,0.96,0.71,1.68,0.82,1.54,31.8,28.0,21.8,49.8,1.14,0.78,1.92,1.0,1.78,https://fbref.com/en/squads/5725cc7b/2019-2020/Marseille-Stats
2020,Metz,Ligue 1,team,24.0,25.9,45.3,28.0,308.0,2520.0,28.0,27.0,20.0,47.0,25.0,2.0,4.0,45.0,4.0,578.0,845.0,0.96,0.71,1.68,0.89,1.61,27.1,24.0,18.0,41.9,0.97,0.64,1.61,0.86,1.5,https://fbref.com/en/squads/f83960ae/2019-2020/Metz-Stats
2020,Metz,Ligue 1,opponent,24.0,26.5,54.7,28.0,308.0,2520.0,28.0,35.0,25.0,60.0,31.0,4.0,4.0,37.0,3.0,550.0,1307.0,1.25,0.89,2.14,1.11,2.0,38.1,35.0,27.6,62.6,1.36,0.98,2.35,1.25,2.23,https://fbref.com/en/squads/f83960ae/2019-2020/Metz-Stats
2020,Milan,Serie A,team,32.0,24.6,54.9,38.0,418.0,3420.0,38.0,60.0,38.0,98.0,52.0,8.0,9.0,97.0,6.0,816.0,1717.0,1.58,1.0,2.58,1.37,2.37,62.8,56.0,46.0,101.9,1.65,1.21,2.86,1.47,2.68,https://fbref.com/en/squads/dc56fe14/2019-2020/Milan-Stats
2020,Milan,Serie A,opponent,32.0,27.1,45.1,38.0,418.0,3420.0,38.0,45.0,27.0,72.0,40.0,5.0,10.0,94.0,8.0,677.0,1352.0,1.18,0.71,1.89,1.05,1.76,45.1,37.5,26.4,63.9,1.19,0.7,1.88,0.99,1.68,https://fbref.com/en/squads/dc56fe14/2019-2020/Milan-Stats
2020,Monaco,Ligue 1,team,28.0,26.0,50.9,28.0,308.0,2520.0,28.0,44.0,29.0,73.0,40.0,4.0,4.0,60.0,10.0,646.0,1302.0,1.57,1.04,2.61,1.43,2.46,48.9,45.7,33.1,78.8,1.74,1.18,2.93,1.63,2.82,https://fbref.com/en/squads/fd6114db/2019-2020/Monaco-Stats
2020,Monaco,Ligue 1,opponent,28.0,26.2,49.1,28.0,308.0,2520.0,28.0,43.0,29.0,72.0,37.0,6.0,6.0,46.0,0.0,586.0,1143.0,1.54,1.04,2.57,1.32,2.36,42.7,38.1,29.5,67.6,1.53,1.05,2.58,1.36,2.41,https://fbref.com/en/squads/fd6114db/2019-2020/Monaco-Stats
2020,Montpellier,Ligue 1,team,27.0,28.5,47.6,28.0,308.0,2520.0,28.0,33.0,19.0,52.0,31.0,2.0,5.0,55.0,5.0,425.0,1104.0,1.18,0.68,1.86,1.11,1.79,35.3,31.3,23.2,54.6,1.26,0.83,2.09,1.12,1.95,https://fbref.com/en/squads/281b0e73/2019-2020/Montpellier-Stats
2020,Montpellier,Ligue 1,opponent,27.0,26.1,52.4,28.0,308.0,2520.0,28.0,32.0,22.0,54.0,29.0,3.0,5.0,69.0,7.0,650.0,1069.0,1.14,0.79,1.93,1.04,1.82,34.7,31.0,25.5,56.5,1.24,0.91,2.15,1.11,2.02,https://fbref.com/en/squads/281b0e73/2019-2020/Montpellier-Stats
2020,Nantes,Ligue 1,team,29.0,25.4,48.0,28.0,308.0,2520.0,28.0,23.0,16.0,39.0,21.0,2.0,2.0,51.0,2.0,548.0,1034.0,0.82,0.57,1.39,0.75,1.32,30.2,28.7,23.6,52.4,1.08,0.84,1.92,1.03,1.87,https://fbref.com/en/squads/d7a486cd/2019-2020/Nantes-Stats
2020,Nantes,Ligue 1,opponent,29.0,26.3,52.0,28.0,308.0,2520.0,28.0,30.0,23.0,53.0,27.0,3.0,6.0,57.0,3.0,398.0,1053.0,1.07,0.82,1.89,0.96,1.79,31.5,26.8,21.5,48.3,1.12,0.77,1.89,0.96,1.73,https://fbref.com/en/squads/d7a486cd/2019-2020/Nantes-Stats
2020,Napoli,Serie A,team,25.0,26.9,59.2,38.0,418.0,3420.0,38.0,60.0,45.0,105.0,55.0,5.0,5.0,73.0,2.0,979.0,2024.0,1.58,1.18,2.76,1.45,2.63,61.7,57.8,46.8,104.6,1.62,1.23,2.85,1.52,2.75,https://fbref.com/en/squads/d48ad4ff/2019-2020/Napoli-Stats
2020,Napoli,Serie A,opponent,25.0,27.0,40.8,38.0,418.0,3420.0,38.0,49.0,33.0,82.0,42.0,7.0,8.0,105.0,2.0,597.0,1156.0,1.29,0.87,2.16,1.11,1.97,44.7,38.5,31.0,69.5,1.18,0.82,1.99,1.01,1.83,https://fbref.com/en/squads/d48ad4ff/2019-2020/Napoli-Stats
2020,Newcastle Utd,Premier League,team,28.0,26.5,39.0,38.0,418.0,3420.0,38.0,38.0,29.0,67.0,38.0,0.0,1.0,66.0,3.0,537.0,844.0,1.0,0.76,1.76,1.0,1.76,35.5,34.8,26.9,61.7,0.94,0.71,1.64,0.91,1.62,https://fbref.com/en/squads/b2b47a98/2019-2020/Newcastle-United-Stats
2020,Newcastle Utd,Premier League,opponent,28.0,26.5,61.0,38.0,418.0,3420.0,38.0,56.0,38.0,94.0,54.0,2.0,2.0,57.0,2.0,808.0,1882.0,1.47,1.0,2.47,1.42,2.42,65.6,64.0,50.4,114.4,1.73,1.33,3.05,1.69,3.01,https://fbref.com/en/squads/b2b47a98/2019-2020/Newcastle-United-Stats
2020,Nice,Ligue 1,team,31.0,23.9,54.6,28.0,308.0,2520.0,28.0,41.0,30.0,71.0,36.0,5.0,5.0,54.0,7.0,499.0,1260.0,1.46,1.07,2.54,1.29,2.36,35.7,31.9,24.9,56.8,1.28,0.89,2.17,1.14,2.03,https://fbref.com/en/squads/132ebc33/2019-2020/Nice-Stats
2020,Nice,Ligue 1,opponent,31.0,26.1,45.4,28.0,308.0,2520.0,28.0,36.0,21.0,57.0,31.0,5.0,7.0,62.0,9.0,574.0,1070.0,1.29,0.75,2.04,1.11,1.86,43.9,38.7,29.7,68.4,1.57,1.06,2.63,1.38,2.44,https://fbref.com/en/squads/132ebc33/2019-2020/Nice-Stats
2020,Norwich City,Premier League,team,30.0,26.0,49.3,38.0,418.0,3420.0,38.0,25.0,18.0,43.0,23.0,2.0,2.0,68.0,3.0,673.0,1169.0,0.66,0.47,1.13,0.61,1.08,37.0,35.4,27.4,62.8,0.97,0.72,1.69,0.93,1.65,https://fbref.com/en/squads/1c781004/2019-2020/Norwich-City-Stats
2020,Norwich City,Premier League,opponent,30.0,26.5,50.7,38.0,418.0,3420.0,38.0,72.0,50.0,122.0,68.0,4.0,7.0,58.0,2.0,846.0,1793.0,1.89,1.32,3.21,1.79,3.11,66.5,60.9,46.6,107.6,1.75,1.23,2.98,1.6,2.83,https://fbref.com/en/squads/1c781004/2019-2020/Norwich-City-Stats
2020,Nîmes,Ligue 1,team,28.0,25.4,45.0,28.0,308.0,2520.0,28.0,29.0,20.0,49.0,27.0,2.0,2.0,41.0,6.0,421.0,959.0,1.04,0.71,1.75,0.96,1.68,30.3,28.7,22.2,50.9,1.08,0.79,1.87,1.03,1.82,https://fbref.com/en/squads/1cbf5f9e/2019-2020/Nimes-Stats
2020,Nîmes,Ligue 1,opponent,28.0,26.0,55.0,28.0,308.0,2520.0,28.0,43.0,28.0,71.0,39.0,4.0,4.0,80.0,9.0,547.0,1098.0,1.54,1.0,2.54,1.39,2.39,40.9,37.8,29.6,67.4,1.46,1.06,2.52,1.35,2.41,https://fbref.com/en/squads/1cbf5f9e/2019-2020/Nimes-Stats
2020,Osasuna,La Liga,team,31.0,27.7,47.4,38.0,418.0,3420.0,38.0,46.0,26.0,72.0,38.0,8.0,8.0,110.0,6.0,562.0,1359.0,1.21,0.68,1.89,1.0,1.68,49.4,43.2,34.4,77.6,1.3,0.91,2.21,1.14,2.04,https://fbref.com/en/squads/03c57e2b/2019-2020/Osasuna-Stats
2020,Osasuna,La Liga,opponent,31.0,27.0,52.6,38.0,418.0,3420.0,38.0,54.0,39.0,93.0,49.0,5.0,5.0,83.0,4.0,581.0,1311.0,1.42,1.03,2.45,1.29,2.32,49.4,45.5,35.9,81.4,1.3,0.94,2.24,1.2,2.14,https://fbref.com/en/squads/03c57e2b/2019-2020/Osasuna-Stats
2020,Paderborn 07,Bundesliga,team,27.0,25.7,45.9,34.0,374.0,3060.0,34.0,37.0,26.0,63.0,35.0,2.0,4.0,84.0,3.0,682.0,1009.0,1.09,0.76,1.85,1.03,1.79,39.2,36.1,26.8,62.9,1.15,0.79,1.94,1.06,1.85,https://fbref.com/en/squads/d9f93f02/2019-2020/Paderborn-07-Stats
2020,Paderborn 07,Bundesliga,opponent,27.0,26.1,54.1,34.0,374.0,3060.0,34.0,72.0,56.0,128.0,68.0,4.0,5.0,66.0,1.0,583.0,1512.0,2.12,1.65,3.76,2.0,3.65,67.3,63.4,53.8,117.2,1.98,1.58,3.56,1.86,3.45,https://fbref.com/en/squads/d9f93f02/2019-2020/Paderborn-07-Stats
2020,Paris S-G,Ligue 1,team,31.0,27.2,65.2,27.0,297.0,2430.0,27.0,71.0,51.0,122.0,65.0,6.0,8.0,50.0,1.0,711.0,1681.0,2.63,1.89,4.52,2.41,4.3,74.2,67.9,54.4,122.3,2.75,2.01,4.76,2.51,4.53,https://fbref.com/en/squads/e2d8892c/2019-2020/Paris-Saint-Germain-Stats
2020,Paris S-G,Ligue 1,opponent,31.0,26.1,34.8,27.0,297.0,2430.0,27.0,23.0,16.0,39.0,23.0,0.0,0.0,46.0,6.0,435.0,637.0,0.85,0.59,1.44,0.85,1.44,23.1,23.1,17.8,40.9,0.85,0.66,1.51,0.85,1.51,https://fbref.com/en/squads/e2d8892c/2019-2020/Paris-Saint-Germain-Stats
2020,Parma,Serie A,team,25.0,28.8,43.8,38.0,418.0,3420.0,38.0,53.0,38.0,91.0,49.0,4.0,6.0,81.0,1.0,673.0,1227.0,1.39,1.0,2.39,1.29,2.29,48.4,43.7,33.9,77.6,1.27,0.89,2.17,1.15,2.04,https://fbref.com/en/squads/eab4234c/2019-2020/Parma-Stats
2020,Parma,Serie A,opponent,25.0,26.9,56.2,38.0,418.0,3420.0,38.0,57.0,38.0,95.0,50.0,7.0,11.0,89.0,3.0,1018.0,1929.0,1.5,1.0,2.5,1.32,2.32,64.3,56.3,45.6,101.9,1.69,1.2,2.89,1.48,2.68,https://fbref.com/en/squads/eab4234c/2019-2020/Parma-Stats
2020,RB Leipzig,Bundesliga,team,29.0,24.2,55.3,34.0,374.0,3060.0,34.0,81.0,58.0,139.0,76.0,5.0,5.0,53.0,3.0,759.0,1700.0,2.38,1.71,4.09,2.24,3.94,71.3,67.6,54.4,122.0,2.1,1.6,3.7,1.99,3.59,https://fbref.com/en/squads/acbb6a5b/2019-2020/RB-Leipzig-Stats
2020,RB Leipzig,Bundesliga,opponent,29.0,25.9,44.7,34.0,374.0,3060.0,34.0,37.0,28.0,65.0,35.0,2.0,2.0,74.0,1.0,505.0,1079.0,1.09,0.82,1.91,1.03,1.85,38.8,37.2,29.8,67.0,1.14,0.88,2.02,1.09,1.97,https://fbref.com/en/squads/acbb6a5b/2019-2020/RB-Leipzig-Stats
2020,Real Madrid,La Liga,team,26.0,27.6,58.8,38.0,418.0,3420.0,38.0,69.0,52.0,121.0,58.0,11.0,11.0,82.0,4.0,951.0,1972.0,1.82,1.37,3.18,1.53,2.89,67.9,59.2,49.9,109.1,1.79,1.31,3.1,1.56,2.87,https://fbref.com/en/squads/53a2f082/2019-2020/Real-Madrid-Stats
2020,Real Madrid,La Liga,opponent,26.0,27.0,41.2,38.0,418.0,3420.0,38.0,25.0,21.0,46.0,23.0,2.0,2.0,87.0,1.0,604.0,1211.0,0.66,0.55,1.21,0.61,1.16,33.3,31.7,23.9,55.6,0.88,0.63,1.51,0.83,1.46,https://fbref.com/en/squads/53a2f082/2019-2020/Real-Madrid-Stats
2020,Real Sociedad,La Liga,team,27.0,24.8,56.2,38.0,418.0,3420.0,38.0,54.0,38.0,92.0,50.0,4.0,5.0,79.0,2.0,737.0,1588.0,1.42,1.0,2.42,1.32,2.32,48.9,45.1,35.4,80.5,1.29,0.93,2.22,1.19,2.12,https://fbref.com/en/squads/e31d1cd9/2019-2020/Real-Sociedad-Stats
2020,Real Sociedad,La Liga,opponent,27.0,27.3,43.8,38.0,418.0,3420.0,38.0,47.0,33.0,80.0,40.0,7.0,9.0,101.0,7.0,546.0,1133.0,1.24,0.87,2.11,1.05,1.92,43.0,36.0,27.7,63.7,1.13,0.73,1.86,0.95,1.68,https://fbref.com/en/squads/e31d1cd9/2019-2020/Real-Sociedad-Stats
2020,Reims,Ligue 1,team,26.0,25.3,48.9,28.0,308.0,2520.0,28.0,26.0,16.0,42.0,21.0,5.0,5.0,52.0,5.0,597.0,1042.0,0.93,0.57,1.5,0.75,1.32,30.6,26.7,22.1,48.9,1.09,0.79,1.88,0.96,1.75,https://fbref.com/en/squads/7fdd64e0/2019-2020/Reims-Stats
2020,Reims,Ligue 1,opponent,26.0,26.0,51.1,28.0,308.0,2520.0,28.0,21.0,13.0,34.0,19.0,2.0,6.0,35.0,2.0,462.0,1004.0,0.75,0.46,1.21,0.68,1.14,28.5,23.7,17.9,41.6,1.02,0.64,1.66,0.85,1.49,https://fbref.com/en/squads/7fdd64e0/2019-2020/Reims-Stats
2020,Rennes,Ligue 1,team,26.0,25.5,49.6,28.0,308.0,2520.0,28.0,37.0,26.0,63.0,34.0,3.0,5.0,51.0,1.0,557.0,936.0,1.32,0.93,2.25,1.21,2.14,37.1,33.4,25.6,59.0,1.33,0.91,2.24,1.19,2.11,https://fbref.com/en/squads/b3072e00/2019-2020/Rennes-Stats
2020,Rennes,Ligue 1,opponent,26.0,26.2,50.4,28.0,308.0,2520.0,28.0,23.0,14.0,37.0,20.0,3.0,5.0,73.0,2.0,499.0,993.0,0.82,0.5,1.32,0.71,1.21,30.2,26.3,20.4,46.8,1.08,0.73,1.81,0.94,1.67,https://fbref.com/en/squads/b3072e00/2019-2020/Rennes-Stats
2020,Roma,Serie A,team,31.0,26.9,52.7,38.0,418.0,3420.0,38.0,73.0,47.0,120.0,61.0,12.0,14.0,111.0,7.0,944.0,1651.0,1.92,1.24,3.16,1.61,2.84,73.2,62.8,48.6,111.3,1.93,1.28,3.21,1.65,2.93,https://fbref.com/en/squads/cf74a709/2019-2020/Roma-Stats
2020,Roma,Serie A,opponent,31.0,27.0,47.3,38.0,418.0,3420.0,38.0,51.0,33.0,84.0,42.0,9.0,10.0,92.0,1.0,627.0,1186.0,1.34,0.87,2.21,1.11,1.97,49.4,41.5,32.5,74.0,1.3,0.86,2.16,1.09,1.95,https://fbref.com/en/squads/cf74a709/2019-2020/Roma-Stats
2020,SPAL,Serie A,team,34.0,27.5,46.9,38.0,418.0,3420.0,38.0,27.0,17.0,44.0,22.0,5.0,7.0,98.0,4.0,696.0,1236.0,0.71,0.45,1.16,0.58,1.03,40.7,35.2,26.5,61.7,1.07,0.7,1.77,0.93,1.62,https://fbref.com/en/squads/1d2fe027/2019-2020/SPAL-Stats
2020,SPAL,Serie A,opponent,34.0,27.0,53.1,38.0,418.0,3420.0,38.0,74.0,48.0,122.0,67.0,7.0,8.0,75.0,1.0,885.0,1709.0,1.95,1.26,3.21,1.76,3.03,68.6,62.4,48.5,111.0,1.81,1.28,3.08,1.64,2.92,https://fbref.com/en/squads/1d2fe027/2019-2020/SPAL-Stats
2020,Saint-Étienne,Ligue 1,team,31.0,27.0,48.2,28.0,308.0,2520.0,28.0,28.0,20.0,48.0,23.0,5.0,5.0,59.0,3.0,515.0,979.0,1.0,0.71,1.71,0.82,1.54,31.4,27.6,20.2,47.8,1.12,0.72,1.84,0.99,1.71,https://fbref.com/en/squads/d298ef2c/2019-2020/Saint-Etienne-Stats
2020,Saint-Étienne,Ligue 1,opponent,31.0,26.0,51.8,28.0,308.0,2520.0,28.0,45.0,30.0,75.0,40.0,5.0,6.0,50.0,2.0,456.0,1008.0,1.61,1.07,2.68,1.43,2.5,38.8,34.3,25.1,59.5,1.39,0.9,2.28,1.23,2.12,https://fbref.com/en/squads/d298ef2c/2019-2020/Saint-Etienne-Stats
2020,Sampdoria,Serie A,team,31.0,26.0,42.7,38.0,418.0,3420.0,38.0,48.0,25.0,73.0,39.0,9.0,12.0,111.0,7.0,613.0,1369.0,1.26,0.66,1.92,1.03,1.68,50.2,40.8,30.8,71.6,1.32,0.81,2.13,1.07,1.89,https://fbref.com/en/squads/8ff9e3b3/2019-2020/Sampdoria-Stats
2020,Sampdoria,Serie A,opponent,31.0,26.9,57.3,38.0,418.0,3420.0,38.0,61.0,41.0,102.0,53.0,8.0,9.0,86.0,8.0,815.0,1723.0,1.61,1.08,2.68,1.39,2.47,54.9,47.9,34.3,82.2,1.45,0.9,2.35,1.26,2.16,https://fbref.com/en/squads/8ff9e3b3/2019-2020/Sampdoria-Stats
2020,Sassuolo,Serie A,team,31.0,26.4,57.5,38.0,418.0,3420.0,38.0,69.0,49.0,118.0,64.0,5.0,6.0,99.0,3.0,902.0,1590.0,1.82,1.29,3.11,1.68,2.97,52.9,48.2,39.2,87.4,1.39,1.03,2.42,1.27,2.3,https://fbref.com/en/squads/e2befd26/2019-2020/Sassuolo-Stats
2020,Sassuolo,Serie A,opponent,31.0,27.0,42.5,38.0,418.0,3420.0,38.0,59.0,40.0,99.0,51.0,8.0,9.0,118.0,4.0,654.0,1363.0,1.55,1.05,2.61,1.34,2.39,62.0,54.9,42.9,97.9,1.63,1.13,2.76,1.45,2.58,https://fbref.com/en/squads/e2befd26/2019-2020/Sassuolo-Stats
2020,Schalke 04,Bundesliga,team,29.0,24.6,49.0,34.0,374.0,3060.0,34.0,35.0,25.0,60.0,33.0,2.0,2.0,64.0,2.0,603.0,1201.0,1.03,0.74,1.76,0.97,1.71,37.8,36.2,25.5,61.7,1.11,0.75,1.86,1.07,1.82,https://fbref.com/en/squads/c539e393/2019-2020/Schalke-04-Stats
2020,Schalke 04,Bundesliga,opponent,29.0,26.2,51.0,34.0,374.0,3060.0,34.0,56.0,35.0,91.0,50.0,6.0,6.0,74.0,0.0,619.0,1186.0,1.65,1.03,2.68,1.47,2.5,51.6,47.0,35.9,82.9,1.52,1.06,2.57,1.38,2.44,https://fbref.com/en/squads/c539e393/2019-2020/Schalke-04-Stats
2020,Sevilla,La Liga,team,26.0,27.7,57.9,38.0,418.0,3420.0,38.0,53.0,35.0,88.0,46.0,7.0,7.0,97.0,1.0,803.0,1823.0,1.39,0.92,2.32,1.21,2.13,53.2,47.9,38.4,86.3,1.4,1.01,2.41,1.26,2.27,https://fbref.com/en/squads/ad2be733/2019-2020/Sevilla-Stats
2020,Sevilla,La Liga,opponent,26.0,27.2,42.1,38.0,418.0,3420.0,38.0,33.0,21.0,54.0,30.0,3.0,4.0,100.0,5.0,552.0,1138.0,0.87,0.55,1.42,0.79,1.34,36.1,33.0,24.4,57.4,0.95,0.64,1.59,0.87,1.51,https://fbref.com/en/squads/ad2be733/2019-2020/Sevilla-Stats
2020,Sheffield Utd,Premier League,team,26.0,26.9,43.1,38.0,418.0,3420.0,38.0,36.0,25.0,61.0,35.0,1.0,1.0,63.0,2.0,493.0,1352.0,0.95,0.66,1.61,0.92,1.58,43.0,42.2,34.0,76.3,1.13,0.9,2.03,1.11,2.01,https://fbref.com/en/squads/1df6b87e/2019-2020/Sheffield-United-Stats
2020,Sheffield Utd,Premier League,opponent,26.0,26.7,56.9,38.0,418.0,3420.0,38.0,39.0,28.0,67.0,38.0,1.0,3.0,46.0,0.0,840.0,1420.0,1.03,0.74,1.76,1.0,1.74,51.0,48.6,38.1,86.7,1.34,1.0,2.34,1.28,2.28,https://fbref.com/en/squads/1df6b87e/2019-2020/Sheffield-United-Stats
2020,Southampton,Premier League,team,25.0,25.9,48.9,38.0,418.0,3420.0,38.0,51.0,32.0,83.0,49.0,2.0,5.0,55.0,4.0,628.0,1335.0,1.34,0.84,2.18,1.29,2.13,56.1,52.1,36.4,88.5,1.48,0.96,2.43,1.37,2.33,https://fbref.com/en/squads/33c895d4/2019-2020/Southampton-Stats
2020,Southampton,Premier League,opponent,25.0,26.5,51.1,38.0,418.0,3420.0,38.0,59.0,41.0,100.0,56.0,3.0,4.0,67.0,3.0,644.0,1453.0,1.55,1.08,2.63,1.47,2.55,52.8,49.6,38.7,88.4,1.39,1.02,2.41,1.31,2.33,https://fbref.com/en/squads/33c895d4/2019-2020/Southampton-Stats
2020,Strasbourg,Ligue 1,team,25.0,25.8,49.6,27.0,297.0,2430.0,27.0,32.0,21.0,53.0,29.0,3.0,4.0,46.0,1.0,492.0,982.0,1.19,0.78,1.96,1.07,1.85,34.2,31.1,22.9,54.0,1.27,0.85,2.11,1.15,2.0,https://fbref.com/en/squads/c0d3eab4/2019-2020/Strasbourg-Stats
2020,Strasbourg,Ligue 1,opponent,25.0,26.0,50.4,27.0,297.0,2430.0,27.0,32.0,20.0,52.0,26.0,6.0,7.0,56.0,3.0,543.0,1017.0,1.19,0.74,1.93,0.96,1.7,32.2,26.7,17.1,43.8,1.19,0.63,1.83,0.99,1.62,https://fbref.com/en/squads/c0d3eab4/2019-2020/Strasbourg-Stats
2020,Torino,Serie A,team,27.0,27.3,47.4,38.0,418.0,3420.0,38.0,44.0,29.0,73.0,37.0,7.0,8.0,96.0,7.0,843.0,1220.0,1.16,0.76,1.92,0.97,1.74,44.8,39.4,30.3,69.6,1.18,0.8,1.98,1.04,1.83,https://fbref.com/en/squads/105360fe/2019-2020/Torino-Stats
2020,Torino,Serie A,opponent,27.0,27.0,52.6,38.0,418.0,3420.0,38.0,65.0,41.0,106.0,55.0,10.0,11.0,110.0,2.0,850.0,1534.0,1.71,1.08,2.79,1.45,2.53,60.8,52.2,40.6,92.7,1.6,1.07,2.67,1.37,2.44,https://fbref.com/en/squads/105360fe/2019-2020/Torino-Stats
2020,Tottenham,Premier League,team,29.0,26.7,52.0,38.0,418.0,3420.0,38.0,56.0,39.0,95.0,53.0,3.0,4.0,84.0,3.0,768.0,1410.0,1.47,1.03,2.5,1.39,2.42,47.9,44.7,32.6,77.3,1.26,0.86,2.12,1.18,2.03,https://fbref.com/en/squads/361ca564/2019-2020/Tottenham-Hotspur-Stats
2020,Tottenham,Premier League,opponent,29.0,26.7,48.0,38.0,418.0,3420.0,38.0,45.0,27.0,72.0,40.0,5.0,7.0,83.0,1.0,715.0,1554.0,1.18,0.71,1.89,1.05,1.76,54.2,49.1,34.0,83.1,1.43,0.9,2.32,1.29,2.19,https://fbref.com/en/squads/361ca564/2019-2020/Tottenham-Hotspur-Stats
2020,Toulouse,Ligue 1,team,30.0,25.1,44.2,28.0,308.0,2520.0,28.0,21.0,14.0,35.0,17.0,4.0,6.0,48.0,5.0,556.0,949.0,0.75,0.5,1.25,0.61,1.11,31.7,27.2,19.6,46.8,1.13,0.7,1.84,0.97,1.67,https://fbref.com/en/squads/3f8c4b5f/2019-2020/Toulouse-Stats
2020,Toulouse,Ligue 1,opponent,30.0,26.1,55.8,28.0,308.0,2520.0,28.0,57.0,47.0,104.0,54.0,3.0,5.0,33.0,0.0,615.0,1378.0,2.04,1.68,3.71,1.93,3.61,45.6,41.7,30.5,72.2,1.63,1.09,2.72,1.49,2.58,https://fbref.com/en/squads/3f8c4b5f/2019-2020/Toulouse-Stats
2020,Udinese,Serie A,team,25.0,26.5,44.7,38.0,418.0,3420.0,38.0,37.0,26.0,63.0,37.0,0.0,0.0,77.0,3.0,709.0,1274.0,0.97,0.68,1.66,0.97,1.66,41.6,41.6,33.5,75.2,1.1,0.88,1.98,1.1,1.98,https://fbref.com/en/squads/04eea015/2019-2020/Udinese-Stats
2020,Udinese,Serie A,opponent,25.0,27.2,55.3,38.0,418.0,3420.0,38.0,51.0,29.0,80.0,43.0,8.0,10.0,80.0,5.0,854.0,1792.0,1.34,0.76,2.11,1.13,1.89,53.4,45.4,34.9,80.3,1.41,0.92,2.32,1.19,2.11,https://fbref.com/en/squads/04eea015/2019-2020/Udinese-Stats
2020,Union Berlin,Bundesliga,team,26.0,27.7,41.9,34.0,374.0,3060.0,34.0,38.0,27.0,65.0,34.0,4.0,5.0,71.0,5.0,387.0,944.0,1.12,0.79,1.91,1.0,1.79,41.4,37.6,28.0,65.7,1.22,0.82,2.04,1.11,1.93,https://fbref.com/en/squads/7a41008f/2019-2020/Union-Berlin-Stats
2020,Union Berlin,Bundesliga,opponent,26.0,26.2,58.1,34.0,374.0,3060.0,34.0,57.0,41.0,98.0,54.0,3.0,4.0,57.0,1.0,636.0,1434.0,1.68,1.21,2.88,1.59,2.79,54.3,51.1,38.9,90.0,1.6,1.14,2.74,1.5,2.65,https://fbref.com/en/squads/7a41008f/2019-2020/Union-Berlin-Stats
2020,Valencia,La Liga,team,28.0,27.0,49.0,38.0,418.0,3420.0,38.0,45.0,34.0,79.0,40.0,5.0,8.0,80.0,8.0,671.0,1378.0,1.18,0.89,2.08,1.05,1.95,43.3,37.2,31.7,68.9,1.14,0.83,1.97,0.98,1.81,https://fbref.com/en/squads/dcc91a7b/2019-2020/Valencia-Stats
2020,Valencia,La Liga,opponent,28.0,27.1,51.0,38.0,418.0,3420.0,38.0,52.0,31.0,83.0,45.0,7.0,9.0,90.0,4.0,863.0,1698.0,1.37,0.82,2.18,1.18,2.0,56.0,49.1,35.3,84.4,1.47,0.93,2.4,1.29,2.22,https://fbref.com/en/squads/dcc91a7b/2019-2020/Valencia-Stats
2020,Valladolid,La Liga,team,30.0,27.1,44.7,38.0,418.0,3420.0,38.0,31.0,19.0,50.0,28.0,3.0,6.0,84.0,0.0,510.0,1106.0,0.82,0.5,1.32,0.74,1.24,36.6,32.1,24.0,56.1,0.96,0.63,1.59,0.85,1.48,https://fbref.com/en/squads/17859612/2019-2020/Valladolid-Stats
2020,Valladolid,La Liga,opponent,30.0,27.3,55.3,38.0,418.0,3420.0,38.0,43.0,26.0,69.0,36.0,7.0,8.0,95.0,4.0,797.0,1764.0,1.13,0.68,1.82,0.95,1.63,54.5,48.4,38.7,87.1,1.43,1.02,2.45,1.27,2.29,https://fbref.com/en/squads/17859612/2019-2020/Valladolid-Stats
2020,Villarreal,La Liga,team,25.0,27.6,52.9,38.0,418.0,3420.0,38.0,62.0,40.0,102.0,52.0,10.0,11.0,78.0,1.0,694.0,1483.0,1.63,1.05,2.68,1.37,2.42,63.6,55.2,43.1,98.3,1.67,1.13,2.81,1.45,2.59,https://fbref.com/en/squads/2a8183b3/2019-2020/Villarreal-Stats
2020,Villarreal,La Liga,opponent,25.0,27.2,47.1,38.0,418.0,3420.0,38.0,47.0,35.0,82.0,39.0,8.0,9.0,84.0,5.0,676.0,1465.0,1.24,0.92,2.16,1.03,1.95,46.3,39.3,31.9,71.1,1.22,0.84,2.06,1.03,1.87,https://fbref.com/en/squads/2a8183b3/2019-2020/Villarreal-Stats
2020,Watford,Premier League,team,26.0,28.9,42.9,38.0,418.0,3420.0,38.0,35.0,21.0,56.0,28.0,7.0,8.0,80.0,3.0,578.0,1168.0,0.92,0.55,1.47,0.74,1.29,48.9,42.6,31.4,74.0,1.29,0.83,2.11,1.12,1.95,https://fbref.com/en/squads/2abfe087/2019-2020/Watford-Stats
2020,Watford,Premier League,opponent,26.0,26.5,57.1,38.0,418.0,3420.0,38.0,61.0,37.0,98.0,53.0,8.0,9.0,66.0,1.0,844.0,1654.0,1.61,0.97,2.58,1.39,2.37,58.1,51.2,39.4,90.6,1.53,1.04,2.57,1.35,2.38,https://fbref.com/en/squads/2abfe087/2019-2020/Watford-Stats
2020,Werder Bremen,Bundesliga,team,30.0,26.7,48.8,34.0,374.0,3060.0,34.0,40.0,30.0,70.0,37.0,3.0,6.0,80.0,4.0,509.0,1309.0,1.18,0.88,2.06,1.09,1.97,39.4,34.7,25.8,60.5,1.16,0.76,1.92,1.02,1.78,https://fbref.com/en/squads/62add3bf/2019-2020/Werder-Bremen-Stats
2020,Werder Bremen,Bundesliga,opponent,30.0,25.9,51.2,34.0,374.0,3060.0,34.0,66.0,53.0,119.0,65.0,1.0,1.0,80.0,6.0,706.0,1393.0,1.94,1.56,3.5,1.91,3.47,55.4,54.6,45.6,100.2,1.63,1.34,2.97,1.61,2.95,https://fbref.com/en/squads/62add3bf/2019-2020/Werder-Bremen-Stats
2020,West Ham,Premier League,team,29.0,27.4,44.1,38.0,418.0,3420.0,38.0,49.0,36.0,85.0,45.0,4.0,4.0,64.0,1.0,666.0,1377.0,1.29,0.95,2.24,1.18,2.13,48.6,45.4,36.7,82.2,1.28,0.97,2.24,1.2,2.16,https://fbref.com/en/squads/7c21e445/2019-2020/West-Ham-United-Stats
2020,West Ham,Premier League,opponent,29.0,26.6,55.9,38.0,418.0,3420.0,38.0,59.0,49.0,108.0,54.0,5.0,6.0,45.0,0.0,855.0,1724.0,1.55,1.29,2.84,1.42,2.71,63.8,59.1,48.7,107.8,1.68,1.28,2.96,1.55,2.84,https://fbref.com/en/squads/7c21e445/2019-2020/West-Ham-United-Stats
2020,Wolfsburg,Bundesliga,team,26.0,26.0,48.4,34.0,374.0,3060.0,34.0,48.0,33.0,81.0,44.0,4.0,4.0,71.0,4.0,620.0,1247.0,1.41,0.97,2.38,1.29,2.26,52.8,49.7,37.9,87.6,1.55,1.11,2.67,1.46,2.58,https://fbref.com/en/squads/4eaa11d7/2019-2020/Wolfsburg-Stats
2020,Wolfsburg,Bundesliga,opponent,26.0,26.1,51.6,34.0,374.0,3060.0,34.0,46.0,32.0,78.0,41.0,5.0,5.0,69.0,2.0,536.0,1328.0,1.35,0.94,2.29,1.21,2.15,42.9,39.1,28.7,67.7,1.26,0.84,2.1,1.15,1.99,https://fbref.com/en/squads/4eaa11d7/2019-2020/Wolfsburg-Stats
2020,Wolves,Premier League,team,21.0,26.6,48.3,38.0,418.0,3420.0,38.0,49.0,34.0,83.0,45.0,4.0,4.0,61.0,2.0,858.0,1338.0,1.29,0.89,2.18,1.18,2.08,54.1,51.0,37.5,88.5,1.42,0.99,2.41,1.34,2.33,https://fbref.com/en/squads/8cec06e1/2019-2020/Wolverhampton-Wanderers-Stats
2020,Wolves,Premier League,opponent,21.0,26.5,51.7,38.0,418.0,3420.0,38.0,39.0,28.0,67.0,38.0,1.0,3.0,85.0,5.0,702.0,1411.0,1.03,0.74,1.76,1.0,1.74,38.0,35.5,26.1,61.6,1.0,0.69,1.69,0.94,1.62,https://fbref.com/en/squads/8cec06e1/2019-2020/Wolverhampton-Wanderers-Stats
2021,Alavés,La Liga,team,30.0,28.7,42.8,38.0,418.0,3420.0,38.0,35.0,21.0,56.0,30.0,5.0,8.0,96.0,8.0,404.0,938.0,0.92,0.55,1.47,0.79,1.34,42.6,36.4,27.4,63.7,1.12,0.72,1.84,0.96,1.68,https://fbref.com/en/squads/8d6fd021/2020-2021/Alaves-Stats
2021,Alavés,La Liga,opponent,30.0,27.5,57.3,38.0,418.0,3420.0,38.0,57.0,44.0,101.0,54.0,3.0,3.0,80.0,3.0,631.0,1477.0,1.5,1.16,2.66,1.42,2.58,49.9,47.5,37.1,84.7,1.31,0.98,2.29,1.25,2.23,https://fbref.com/en/squads/8d6fd021/2020-2021/Alaves-Stats
2021,Angers,Ligue 1,team,31.0,27.9,46.4,38.0,418.0,3420.0,38.0,40.0,23.0,63.0,35.0,5.0,6.0,65.0,2.0,614.0,1435.0,1.05,0.61,1.66,0.92,1.53,41.6,36.9,26.4,63.3,1.1,0.7,1.79,0.97,1.67,https://fbref.com/en/squads/69236f98/2020-2021/Angers-Stats
2021,Angers,Ligue 1,opponent,31.0,26.0,53.8,38.0,418.0,3420.0,38.0,57.0,41.0,98.0,50.0,7.0,8.0,73.0,3.0,731.0,1639.0,1.5,1.08,2.58,1.32,2.39,52.3,46.6,36.8,83.4,1.38,0.97,2.34,1.23,2.19,https://fbref.com/en/squads/69236f98/2020-2021/Angers-Stats
2021,Arminia,Bundesliga,team,26.0,26.0,42.3,34.0,374.0,3060.0,34.0,23.0,16.0,39.0,22.0,1.0,2.0,52.0,1.0,358.0,880.0,0.68,0.47,1.15,0.65,1.12,32.9,31.3,23.9,55.2,0.97,0.7,1.67,0.92,1.62,https://fbref.com/en/squads/247c4b67/2020-2021/Arminia-Stats
2021,Arminia,Bundesliga,opponent,26.0,25.9,57.8,34.0,374.0,3060.0,34.0,51.0,36.0,87.0,46.0,5.0,6.0,63.0,2.0,597.0,1706.0,1.5,1.06,2.56,1.35,2.41,56.8,52.1,40.6,92.7,1.67,1.19,2.86,1.53,2.73,https://fbref.com/en/squads/247c4b67/2020-2021/Arminia-Stats
2021,Arsenal,Premier League,team,29.0,25.9,53.5,38.0,418.0,3420.0,38.0,53.0,38.0,91.0,47.0,6.0,6.0,49.0,5.0,758.0,1760.0,1.39,1.0,2.39,1.24,2.24,51.8,47.0,35.1,82.1,1.36,0.92,2.29,1.24,2.16,https://fbref.com/en/squads/18bb7c10/2020-2021/Arsenal-Stats
2021,Arsenal,Premier League,opponent,29.0,26.7,46.2,38.0,418.0,3420.0,38.0,35.0,25.0,60.0,33.0,2.0,3.0,74.0,2.0,604.0,1175.0,0.92,0.66,1.58,0.87,1.53,43.0,40.6,31.8,72.4,1.13,0.84,1.97,1.07,1.91,https://fbref.com/en/squads/18bb7c10/2020-2021/Arsenal-Stats
2021,Aston Villa,Premier League,team,24.0,25.2,48.5,38.0,418.0,3420.0,38.0,52.0,38.0,90.0,47.0,5.0,6.0,71.0,4.0,629.0,1420.0,1.37,1.0,2.37,1.24,2.24,52.5,47.9,37.4,85.3,1.38,0.98,2.37,1.26,2.25,https://fbref.com/en/squads/8602292d/2020-2021/Aston-Villa-Stats
2021,Aston Villa,Premier League,opponent,24.0,26.7,51.9,38.0,418.0,3420.0,38.0,45.0,30.0,75.0,40.0,5.0,6.0,73.0,7.0,726.0,1549.0,1.18,0.79,1.97,1.05,1.84,51.1,46.4,31.1,77.5,1.34,0.82,2.16,1.22,2.04,https://fbref.com/en/squads/8602292d/2020-2021/Aston-Villa-Stats
2021,Atalanta,Serie A,team,30.0,27.3,54.6,38.0,418.0,3420.0,38.0,90.0,65.0,155.0,84.0,6.0,7.0,67.0,3.0,874.0,2077.0,2.37,1.71,4.08,2.21,3.92,74.7,69.3,55.5,124.7,1.97,1.46,3.43,1.82,3.28,https://fbref.com/en/squads/922493f3/2020-2021/Atalanta-Stats
2021,Atalanta,Serie A,opponent,30.0,27.0,45.1,38.0,418.0,3420.0,38.0,46.0,36.0,82.0,41.0,5.0,8.0,87.0,4.0,549.0,1038.0,1.21,0.95,2.16,1.08,2.03,41.0,34.7,26.0,60.7,1.08,0.68,1.76,0.91,1.6,https://fbref.com/en/squads/922493f3/2020-2021/Atalanta-Stats
2021,Athletic Club,La Liga,team,27.0,26.6,49.9,38.0,418.0,3420.0,38.0,43.0,31.0,74.0,39.0,4.0,5.0,82.0,3.0,685.0,1496.0,1.13,0.82,1.95,1.03,1.84,43.1,39.2,31.3,70.5,1.13,0.82,1.96,1.03,1.86,https://fbref.com/en/squads/2b390eca/2020-2021/Athletic-Club-Stats
2021,Athletic Club,La Liga,opponent,27.0,27.6,50.2,38.0,418.0,3420.0,38.0,41.0,29.0,70.0,36.0,5.0,6.0,80.0,5.0,590.0,1380.0,1.08,0.76,1.84,0.95,1.71,37.7,33.1,27.3,60.4,0.99,0.72,1.71,0.87,1.59,https://fbref.com/en/squads/2b390eca/2020-2021/Athletic-Club-Stats
2021,Atlético Madrid,La Liga,team,25.0,27.3,52.3,38.0,418.0,3420.0,38.0,65.0,54.0,119.0,60.0,5.0,7.0,100.0,0.0,694.0,1604.0,1.71,1.42,3.13,1.58,3.0,52.8,47.2,40.6,87.8,1.39,1.07,2.46,1.24,2.31,https://fbref.com/en/squads/db3b9613/2020-2021/Atletico-Madrid-Stats
2021,Atlético Madrid,La Liga,opponent,25.0,27.5,47.6,38.0,418.0,3420.0,38.0,22.0,15.0,37.0,21.0,1.0,4.0,59.0,3.0,557.0,1394.0,0.58,0.39,0.97,0.55,0.95,37.1,34.0,27.7,61.7,0.98,0.73,1.71,0.89,1.62,https://fbref.com/en/squads/db3b9613/2020-2021/Atletico-Madrid-Stats
2021,Augsburg,Bundesliga,team,25.0,27.0,41.4,34.0,374.0,3060.0,34.0,35.0,23.0,58.0,33.0,2.0,5.0,70.0,4.0,431.0,987.0,1.03,0.68,1.71,0.97,1.65,37.3,33.4,25.9,59.3,1.1,0.76,1.86,0.98,1.74,https://fbref.com/en/squads/0cdc4311/2020-2021/Augsburg-Stats
2021,Augsburg,Bundesliga,opponent,25.0,26.0,58.7,34.0,374.0,3060.0,34.0,51.0,37.0,88.0,45.0,6.0,9.0,54.0,1.0,698.0,1675.0,1.5,1.09,2.59,1.32,2.41,57.3,50.3,38.9,89.3,1.68,1.15,2.83,1.48,2.63,https://fbref.com/en/squads/0cdc4311/2020-2021/Augsburg-Stats
2021,Barcelona,La Liga,team,25.0,26.4,65.5,38.0,418.0,3420.0,38.0,80.0,51.0,131.0,76.0,4.0,8.0,72.0,2.0,972.0,2157.0,2.11,1.34,3.45,2.0,3.34,73.5,67.1,53.2,120.2,1.94,1.4,3.33,1.77,3.16,https://fbref.com/en/squads/206d90db/2020-2021/Barcelona-Stats
2021,Barcelona,La Liga,opponent,25.0,27.4,45.0,38.0,418.0,3420.0,38.0,36.0,20.0,56.0,31.0,5.0,5.0,76.0,6.0,529.0,1038.0,0.95,0.53,1.47,0.82,1.34,40.8,36.9,25.4,62.3,1.07,0.67,1.74,0.97,1.64,https://fbref.com/en/squads/206d90db/2020-2021/Barcelona-Stats
2021,Bayern Munich,Bundesliga,team,29.0,27.3,60.7,34.0,374.0,3060.0,34.0,98.0,75.0,173.0,89.0,9.0,10.0,44.0,3.0,829.0,2084.0,2.88,2.21,5.09,2.62,4.82,75.9,68.1,55.2,123.3,2.23,1.62,3.86,2.0,3.63,https://fbref.com/en/squads/054efa67/2020-2021/Bayern-Munich-Stats
2021,Bayern Munich,Bundesliga,opponent,29.0,25.9,38.9,34.0,374.0,3060.0,34.0,44.0,41.0,85.0,43.0,1.0,3.0,50.0,0.0,476.0,1028.0,1.29,1.21,2.5,1.26,2.47,40.2,37.8,32.5,70.3,1.18,0.95,2.14,1.11,2.07,https://fbref.com/en/squads/054efa67/2020-2021/Bayern-Munich-Stats
2021,Benevento,Serie A,team,29.0,28.7,42.6,38.0,418.0,3420.0,38.0,40.0,26.0,66.0,35.0,5.0,7.0,95.0,5.0,512.0,1096.0,1.05,0.68,1.74,0.92,1.61,40.6,35.0,27.6,62.6,1.07,0.73,1.79,0.92,1.65,https://fbref.com/en/squads/4fcb34fd/2020-2021/Benevento-Stats
2021,Benevento,Serie A,opponent,29.0,27.2,57.7,38.0,418.0,3420.0,38.0,69.0,52.0,121.0,65.0,4.0,5.0,76.0,6.0,862.0,1804.0,1.82,1.37,3.18,1.71,3.08,64.3,60.5,46.2,106.7,1.69,1.22,2.91,1.59,2.81,https://fbref.com/en/squads/4fcb34fd/2020-2021/Benevento-Stats
2021,Betis,La Liga,team,25.0,27.9,53.6,38.0,418.0,3420.0,38.0,50.0,35.0,85.0,42.0,8.0,11.0,93.0,8.0,694.0,1441.0,1.32,0.92,2.24,1.11,2.03,49.1,40.5,33.4,73.9,1.29,0.88,2.17,1.07,1.94,https://fbref.com/en/squads/fc536746/2020-2021/Real-Betis-Stats
2021,Betis,La Liga,opponent,25.0,27.4,46.1,38.0,418.0,3420.0,38.0,47.0,31.0,78.0,39.0,8.0,10.0,83.0,2.0,549.0,1311.0,1.24,0.82,2.05,1.03,1.84,46.8,39.2,30.1,69.3,1.23,0.79,2.02,1.03,1.82,https://fbref.com/en/squads/fc536746/2020-2021/Real-Betis-Stats
2021,Bologna,Serie A,team,37.0,27.2,50.8,38.0,418.0,3420.0,38.0,49.0,38.0,87.0,46.0,3.0,4.0,82.0,4.0,706.0,1516.0,1.29,1.0,2.29,1.21,2.21,54.6,51.1,39.0,90.1,1.44,1.03,2.47,1.34,2.37,https://fbref.com/en/squads/1d8099f8/2020-2021/Bologna-Stats
2021,Bologna,Serie A,opponent,37.0,27.3,49.1,38.0,418.0,3420.0,38.0,63.0,40.0,103.0,56.0,7.0,9.0,84.0,1.0,713.0,1577.0,1.66,1.05,2.71,1.47,2.53,62.6,56.1,42.8,98.9,1.65,1.13,2.77,1.48,2.6,https://fbref.com/en/squads/1d8099f8/2020-2021/Bologna-Stats
2021,Bordeaux,Ligue 1,team,28.0,27.6,49.8,38.0,418.0,3420.0,38.0,41.0,32.0,73.0,37.0,4.0,4.0,78.0,4.0,644.0,1303.0,1.08,0.84,1.92,0.97,1.82,43.5,40.4,31.4,71.7,1.14,0.83,1.97,1.06,1.89,https://fbref.com/en/squads/123f3efe/2020-2021/Bordeaux-Stats
2021,Bordeaux,Ligue 1,opponent,28.0,25.8,50.3,38.0,418.0,3420.0,38.0,55.0,37.0,92.0,48.0,7.0,8.0,66.0,3.0,756.0,1568.0,1.45,0.97,2.42,1.26,2.24,54.9,48.8,37.6,86.4,1.44,0.99,2.43,1.28,2.27,https://fbref.com/en/squads/123f3efe/2020-2021/Bordeaux-Stats
2021,Brest,Ligue 1,team,26.0,24.9,49.3,38.0,418.0,3420.0,38.0,48.0,31.0,79.0,45.0,3.0,4.0,62.0,4.0,685.0,1438.0,1.26,0.82,2.08,1.18,2.0,50.0,46.8,36.0,82.8,1.32,0.95,2.26,1.23,2.18,https://fbref.com/en/squads/fb08dbb3/2020-2021/Brest-Stats
2021,Brest,Ligue 1,opponent,26.0,26.0,50.7,38.0,418.0,3420.0,38.0,64.0,43.0,107.0,55.0,9.0,11.0,78.0,5.0,730.0,1720.0,1.68,1.13,2.82,1.45,2.58,58.1,49.4,37.2,86.6,1.53,0.98,2.51,1.3,2.28,https://fbref.com/en/squads/fb08dbb3/2020-2021/Brest-Stats
2021,Brighton,Premier League,team,27.0,25.8,51.1,38.0,418.0,3420.0,38.0,39.0,24.0,63.0,33.0,6.0,9.0,49.0,6.0,685.0,1516.0,1.03,0.63,1.66,0.87,1.5,50.9,43.8,33.2,77.0,1.34,0.87,2.21,1.15,2.03,https://fbref.com/en/squads/d07537b9/2020-2021/Brighton-and-Hove-Albion-Stats
2021,Brighton,Premier League,opponent,27.0,26.4,48.7,38.0,418.0,3420.0,38.0,44.0,30.0,74.0,38.0,6.0,7.0,51.0,2.0,587.0,1302.0,1.16,0.79,1.95,1.0,1.79,35.3,29.8,23.3,53.2,0.93,0.61,1.54,0.79,1.4,https://fbref.com/en/squads/d07537b9/2020-2021/Brighton-and-Hove-Albion-Stats
2021,Burnley,Premier League,team,25.0,28.3,42.1,38.0,418.0,3420.0,38.0,32.0,20.0,52.0,29.0,3.0,3.0,48.0,0.0,389.0,1012.0,0.84,0.53,1.37,0.76,1.29,39.3,36.9,27.7,64.6,1.03,0.73,1.76,0.97,1.7,https://fbref.com/en/squads/943e8050/2020-2021/Burnley-Stats
2021,Burnley,Premier League,opponent,25.0,26.6,58.3,38.0,418.0,3420.0,38.0,54.0,47.0,101.0,51.0,3.0,3.0,32.0,2.0,884.0,1665.0,1.42,1.24,2.66,1.34,2.58,54.7,52.3,42.5,94.8,1.44,1.12,2.56,1.38,2.5,https://fbref.com/en/squads/943e8050/2020-2021/Burnley-Stats
2021,Cagliari,Serie A,team,32.0,26.5,44.8,38.0,418.0,3420.0,38.0,43.0,30.0,73.0,39.0,4.0,5.0,77.0,3.0,589.0,1228.0,1.13,0.79,1.92,1.03,1.82,47.1,43.4,34.0,77.5,1.24,0.9,2.14,1.14,2.04,https://fbref.com/en/squads/c4260e09/2020-2021/Cagliari-Stats
2021,Cagliari,Serie A,opponent,32.0,27.3,55.4,38.0,418.0,3420.0,38.0,59.0,45.0,104.0,54.0,5.0,5.0,76.0,5.0,790.0,1631.0,1.55,1.18,2.74,1.42,2.61,61.7,57.8,46.9,104.7,1.62,1.24,2.86,1.52,2.76,https://fbref.com/en/squads/c4260e09/2020-2021/Cagliari-Stats
2021,Celta Vigo,La Liga,team,30.0,26.6,53.3,38.0,418.0,3420.0,38.0,55.0,39.0,94.0,48.0,7.0,7.0,109.0,5.0,514.0,1308.0,1.45,1.03,2.47,1.26,2.29,50.4,44.9,36.7,81.6,1.33,0.97,2.29,1.18,2.15,https://fbref.com/en/squads/f25da7fb/2020-2021/Celta-Vigo-Stats
2021,Celta Vigo,La Liga,opponent,30.0,27.4,46.3,38.0,418.0,3420.0,38.0,56.0,37.0,93.0,49.0,7.0,8.0,102.0,6.0,578.0,1249.0,1.47,0.97,2.45,1.29,2.26,51.0,45.0,35.7,80.7,1.34,0.94,2.28,1.18,2.12,https://fbref.com/en/squads/f25da7fb/2020-2021/Celta-Vigo-Stats
2021,Chelsea,Premier League,team,27.0,26.0,60.9,38.0,418.0,3420.0,38.0,56.0,38.0,94.0,48.0,8.0,10.0,51.0,3.0,895.0,1798.0,1.47,1.0,2.47,1.26,2.26,62.4,54.5,41.5,96.1,1.64,1.09,2.74,1.44,2.53,https://fbref.com/en/squads/cff3d9bb/2020-2021/Chelsea-Stats
2021,Chelsea,Premier League,opponent,27.0,26.3,38.6,38.0,418.0,3420.0,38.0,35.0,26.0,61.0,32.0,3.0,4.0,56.0,3.0,497.0,1062.0,0.92,0.68,1.61,0.84,1.53,30.3,27.1,20.2,47.3,0.8,0.53,1.33,0.71,1.25,https://fbref.com/en/squads/cff3d9bb/2020-2021/Chelsea-Stats
2021,Crotone,Serie A,team,31.0,27.8,46.3,38.0,418.0,3420.0,38.0,44.0,27.0,71.0,35.0,9.0,9.0,89.0,4.0,582.0,1217.0,1.16,0.71,1.87,0.92,1.63,40.4,33.4,23.9,57.2,1.06,0.63,1.69,0.88,1.51,https://fbref.com/en/squads/3074d7b1/2020-2021/Crotone-Stats
2021,Crotone,Serie A,opponent,31.0,27.1,53.6,38.0,418.0,3420.0,38.0,90.0,68.0,158.0,85.0,5.0,5.0,90.0,5.0,769.0,1680.0,2.37,1.79,4.16,2.24,4.03,70.8,67.0,52.4,119.4,1.86,1.38,3.24,1.76,3.14,https://fbref.com/en/squads/3074d7b1/2020-2021/Crotone-Stats
2021,Crystal Palace,Premier League,team,24.0,29.1,40.6,38.0,418.0,3420.0,38.0,39.0,29.0,68.0,36.0,3.0,4.0,56.0,2.0,526.0,1132.0,1.03,0.76,1.79,0.95,1.71,34.1,31.0,23.6,54.6,0.9,0.62,1.52,0.82,1.44,https://fbref.com/en/squads/47c64c55/2020-2021/Crystal-Palace-Stats
2021,Crystal Palace,Premier League,opponent,24.0,26.4,59.9,38.0,418.0,3420.0,38.0,66.0,47.0,113.0,63.0,3.0,4.0,44.0,4.0,666.0,1807.0,1.74,1.24,2.97,1.66,2.89,58.2,55.1,42.7,97.8,1.53,1.12,2.66,1.45,2.57,https://fbref.com/en/squads/47c64c55/2020-2021/Crystal-Palace-Stats
2021,Cádiz,La Liga,team,34.0,28.8,34.8,38.0,418.0,3420.0,38.0,33.0,16.0,49.0,29.0,4.0,4.0,81.0,3.0,455.0,854.0,0.87,0.42,1.29,0.76,1.18,34.7,31.6,20.4,52.0,0.91,0.54,1.45,0.83,1.37,https://fbref.com/en/squads/ee7c297c/2020-2021/Cadiz-Stats
2021,Cádiz,La Liga,opponent,34.0,27.5,65.7,38.0,418.0,3420.0,38.0,57.0,41.0,98.0,48.0,9.0,10.0,87.0,4.0,819.0,1881.0,1.5,1.08,2.58,1.26,2.34,55.4,47.6,39.3,86.9,1.46,1.03,2.49,1.25,2.29,https://fbref.com/en/squads/ee7c297c/2020-2021/Cadiz-Stats
2021,Dijon,Ligue 1,team,33.0,25.7,46.2,38.0,418.0,3420.0,38.0,25.0,15.0,40.0,22.0,3.0,5.0,76.0,5.0,528.0,1204.0,0.66,0.39,1.05,0.58,0.97,33.7,29.9,22.6,52.6,0.89,0.6,1.48,0.79,1.38,https://fbref.com/en/squads/8dfb7350/2020-2021/Dijon-Stats
2021,Dijon,Ligue 1,opponent,33.0,26.0,53.8,38.0,418.0,3420.0,38.0,71.0,44.0,115.0,64.0,7.0,10.0,54.0,1.0,721.0,1693.0,1.87,1.16,3.03,1.68,2.84,72.5,64.6,48.0,112.6,1.91,1.26,3.17,1.7,2.96,https://fbref.com/en/squads/8dfb7350/2020-2021/Dijon-Stats
2021,Dortmund,Bundesliga,team,26.0,25.6,59.6,34.0,374.0,3060.0,34.0,74.0,57.0,131.0,71.0,3.0,7.0,44.0,1.0,763.0,1745.0,2.18,1.68,3.85,2.09,3.76,66.2,60.4,51.2,111.5,1.95,1.5,3.45,1.78,3.28,https://fbref.com/en/squads/add600ae/2020-2021/Dortmund-Stats
2021,Dortmund,Bundesliga,opponent,26.0,26.0,40.2,34.0,374.0,3060.0,34.0,45.0,33.0,78.0,39.0,6.0,6.0,62.0,1.0,534.0,1113.0,1.32,0.97,2.29,1.15,2.12,41.6,36.9,26.7,63.7,1.22,0.79,2.01,1.09,1.87,https://fbref.com/en/squads/add600ae/2020-2021/Dortmund-Stats
2021,Eibar,La Liga,team,30.0,28.2,49.3,38.0,418.0,3420.0,38.0,29.0,20.0,49.0,25.0,4.0,9.0,71.0,3.0,507.0,1295.0,0.76,0.53,1.29,0.66,1.18,45.2,38.3,29.9,68.2,1.19,0.79,1.98,1.01,1.79,https://fbref.com/en/squads/bea5c710/2020-2021/Eibar-Stats
2021,Eibar,La Liga,opponent,30.0,27.5,50.4,38.0,418.0,3420.0,38.0,52.0,40.0,92.0,49.0,3.0,5.0,66.0,2.0,446.0,1056.0,1.37,1.05,2.42,1.29,2.34,45.7,41.7,35.2,77.0,1.2,0.93,2.13,1.1,2.03,https://fbref.com/en/squads/bea5c710/2020-2021/Eibar-Stats
2021,Eint Frankfurt,Bundesliga,team,25.0,27.2,53.7,34.0,374.0,3060.0,34.0,63.0,52.0,115.0,55.0,8.0,8.0,82.0,1.0,664.0,1548.0,1.85,1.53,3.38,1.62,3.15,58.5,52.2,44.0,96.2,1.72,1.29,3.01,1.54,2.83,https://fbref.com/en/squads/f0ac8ee6/2020-2021/Eintracht-Frankfurt-Stats
2021,Eint Frankfurt,Bundesliga,opponent,25.0,25.8,46.0,34.0,374.0,3060.0,34.0,51.0,40.0,91.0,47.0,4.0,6.0,64.0,0.0,598.0,1251.0,1.5,1.18,2.68,1.38,2.56,46.9,42.1,33.3,75.4,1.38,0.98,2.36,1.24,2.22,https://fbref.com/en/squads/f0ac8ee6/2020-2021/Eintracht-Frankfurt-Stats
2021,Elche,La Liga,team,30.0,28.1,47.5,38.0,418.0,3420.0,38.0,33.0,25.0,58.0,31.0,2.0,3.0,99.0,3.0,500.0,927.0,0.87,0.66,1.53,0.82,1.47,29.9,27.5,21.8,49.4,0.79,0.57,1.36,0.72,1.3,https://fbref.com/en/squads/6c8b07df/2020-2021/Elche-Stats
2021,Elche,La Liga,opponent,30.0,27.4,52.4,38.0,418.0,3420.0,38.0,54.0,43.0,97.0,48.0,6.0,10.0,79.0,2.0,702.0,1646.0,1.42,1.13,2.55,1.26,2.39,60.9,53.2,44.0,97.2,1.6,1.16,2.76,1.4,2.56,https://fbref.com/en/squads/6c8b07df/2020-2021/Elche-Stats
2021,Everton,Premier League,team,29.0,26.3,46.4,38.0,418.0,3420.0,38.0,45.0,32.0,77.0,41.0,4.0,5.0,59.0,2.0,604.0,1184.0,1.18,0.84,2.03,1.08,1.92,45.7,41.9,30.7,72.6,1.2,0.81,2.01,1.1,1.91,https://fbref.com/en/squads/d3fd31cc/2020-2021/Everton-Stats
2021,Everton,Premier League,opponent,29.0,26.4,53.5,38.0,418.0,3420.0,38.0,47.0,33.0,80.0,44.0,3.0,4.0,66.0,1.0,794.0,1664.0,1.24,0.87,2.11,1.16,2.03,50.1,46.9,33.8,80.7,1.32,0.89,2.21,1.24,2.12,https://fbref.com/en/squads/d3fd31cc/2020-2021/Everton-Stats
2021,Fiorentina,Serie A,team,30.0,26.6,46.3,38.0,418.0,3420.0,38.0,44.0,31.0,75.0,38.0,6.0,6.0,86.0,5.0,637.0,1353.0,1.16,0.82,1.97,1.0,1.82,44.9,40.2,31.6,71.8,1.18,0.83,2.01,1.06,1.89,https://fbref.com/en/squads/421387cf/2020-2021/Fiorentina-Stats
2021,Fiorentina,Serie A,opponent,30.0,27.4,53.8,38.0,418.0,3420.0,38.0,57.0,39.0,96.0,49.0,8.0,11.0,81.0,2.0,749.0,1491.0,1.5,1.03,2.53,1.29,2.32,61.5,52.8,43.2,96.0,1.62,1.14,2.75,1.39,2.53,https://fbref.com/en/squads/421387cf/2020-2021/Fiorentina-Stats
2021,Freiburg,Bundesliga,team,24.0,26.2,47.3,34.0,374.0,3060.0,34.0,51.0,34.0,85.0,45.0,6.0,6.0,62.0,0.0,463.0,1170.0,1.5,1.0,2.5,1.32,2.32,45.5,40.9,29.5,70.4,1.34,0.87,2.21,1.2,2.07,https://fbref.com/en/squads/a486e511/2020-2021/Freiburg-Stats
2021,Freiburg,Bundesliga,opponent,24.0,26.0,53.0,34.0,374.0,3060.0,34.0,50.0,35.0,85.0,46.0,4.0,6.0,54.0,0.0,670.0,1269.0,1.47,1.03,2.5,1.35,2.38,52.4,47.7,36.0,83.8,1.54,1.06,2.6,1.4,2.46,https://fbref.com/en/squads/a486e511/2020-2021/Freiburg-Stats
2021,Fulham,Premier League,team,28.0,25.2,49.7,38.0,418.0,3420.0,38.0,26.0,18.0,44.0,23.0,3.0,6.0,67.0,3.0,727.0,1354.0,0.68,0.47,1.16,0.61,1.08,40.5,35.9,26.3,62.2,1.07,0.69,1.76,0.95,1.64,https://fbref.com/en/squads/fd962109/2020-2021/Fulham-Stats
2021,Fulham,Premier League,opponent,28.0,26.6,50.1,38.0,418.0,3420.0,38.0,52.0,34.0,86.0,45.0,7.0,7.0,40.0,1.0,559.0,1327.0,1.37,0.89,2.26,1.18,2.08,52.6,47.2,37.4,84.5,1.38,0.98,2.37,1.24,2.22,https://fbref.com/en/squads/fd962109/2020-2021/Fulham-Stats
2021,Genoa,Serie A,team,34.0,28.3,44.8,38.0,418.0,3420.0,38.0,46.0,32.0,78.0,42.0,4.0,4.0,87.0,2.0,523.0,1165.0,1.21,0.84,2.05,1.11,1.95,38.8,35.6,26.4,62.0,1.02,0.69,1.72,0.94,1.63,https://fbref.com/en/squads/658bf2de/2020-2021/Genoa-Stats
2021,Genoa,Serie A,opponent,34.0,27.2,60.0,38.0,418.0,3420.0,38.0,56.0,40.0,96.0,49.0,7.0,7.0,69.0,1.0,813.0,1796.0,1.47,1.05,2.53,1.29,2.34,60.5,55.4,43.7,99.1,1.59,1.15,2.74,1.46,2.61,https://fbref.com/en/squads/658bf2de/2020-2021/Genoa-Stats
2021,Getafe,La Liga,team,31.0,26.7,43.3,38.0,418.0,3420.0,38.0,27.0,14.0,41.0,24.0,3.0,5.0,120.0,7.0,443.0,1090.0,0.71,0.37,1.08,0.63,1.0,34.4,30.5,23.6,54.1,0.91,0.62,1.53,0.8,1.42,https://fbref.com/en/squads/7848bd64/2020-2021/Getafe-Stats
2021,Getafe,La Liga,opponent,31.0,27.4,57.2,38.0,418.0,3420.0,38.0,40.0,26.0,66.0,33.0,7.0,8.0,106.0,6.0,454.0,1195.0,1.05,0.68,1.74,0.87,1.55,40.3,34.0,25.8,59.8,1.06,0.68,1.74,0.9,1.57,https://fbref.com/en/squads/7848bd64/2020-2021/Getafe-Stats
2021,Granada,La Liga,team,34.0,27.4,41.4,38.0,418.0,3420.0,38.0,47.0,30.0,77.0,44.0,3.0,5.0,97.0,6.0,411.0,975.0,1.24,0.79,2.03,1.16,1.95,41.1,37.3,26.8,64.0,1.08,0.7,1.79,0.98,1.68,https://fbref.com/en/squads/a0435291/2020-2021/Granada-Stats
2021,Granada,La Liga,opponent,34.0,27.6,59.0,38.0,418.0,3420.0,38.0,64.0,41.0,105.0,58.0,6.0,12.0,104.0,6.0,636.0,1449.0,1.68,1.08,2.76,1.53,2.61,56.2,46.8,38.2,85.0,1.48,1.01,2.48,1.23,2.24,https://fbref.com/en/squads/a0435291/2020-2021/Granada-Stats
2021,Hellas Verona,Serie A,team,32.0,26.2,49.8,38.0,418.0,3420.0,38.0,38.0,30.0,68.0,35.0,3.0,3.0,91.0,1.0,599.0,1490.0,1.0,0.79,1.79,0.92,1.71,45.3,43.0,33.5,76.5,1.19,0.88,2.08,1.13,2.01,https://fbref.com/en/squads/0e72edf2/2020-2021/Hellas-Verona-Stats
2021,Hellas Verona,Serie A,opponent,32.0,27.0,50.2,38.0,418.0,3420.0,38.0,46.0,31.0,77.0,40.0,6.0,7.0,81.0,2.0,546.0,1263.0,1.21,0.82,2.03,1.05,1.87,49.5,44.6,32.6,77.1,1.3,0.86,2.16,1.17,2.03,https://fbref.com/en/squads/0e72edf2/2020-2021/Hellas-Verona-Stats
2021,Hertha BSC,Bundesliga,team,32.0,25.4,49.6,34.0,374.0,3060.0,34.0,40.0,29.0,69.0,36.0,4.0,6.0,67.0,3.0,589.0,1176.0,1.18,0.85,2.03,1.06,1.91,41.9,37.2,29.1,66.2,1.23,0.86,2.09,1.09,1.95,https://fbref.com/en/squads/2818f8bc/2020-2021/Hertha-BSC-Stats
2021,Hertha BSC,Bundesliga,opponent,32.0,26.1,50.6,34.0,374.0,3060.0,34.0,51.0,35.0,86.0,44.0,7.0,8.0,68.0,3.0,588.0,1403.0,1.5,1.03,2.53,1.29,2.32,47.4,41.1,32.9,74.1,1.4,0.97,2.36,1.21,2.18,https://fbref.com/en/squads/2818f8bc/2020-2021/Hertha-BSC-Stats
2021,Hoffenheim,Bundesliga,team,30.0,25.7,51.2,34.0,374.0,3060.0,34.0,51.0,38.0,89.0,46.0,5.0,6.0,68.0,4.0,581.0,1517.0,1.5,1.12,2.62,1.35,2.47,51.9,47.3,37.4,84.6,1.53,1.1,2.62,1.39,2.49,https://fbref.com/en/squads/033ea6b8/2020-2021/Hoffenheim-Stats
2021,Hoffenheim,Bundesliga,opponent,30.0,26.0,48.9,34.0,374.0,3060.0,34.0,52.0,38.0,90.0,46.0,6.0,9.0,47.0,2.0,587.0,1344.0,1.53,1.12,2.65,1.35,2.47,53.1,46.4,36.6,82.9,1.56,1.08,2.64,1.36,2.44,https://fbref.com/en/squads/033ea6b8/2020-2021/Hoffenheim-Stats
2021,Huesca,La Liga,team,27.0,28.0,48.3,38.0,418.0,3420.0,38.0,32.0,23.0,55.0,29.0,3.0,4.0,69.0,2.0,618.0,1185.0,0.84,0.61,1.45,0.76,1.37,38.9,36.1,26.7,62.8,1.02,0.7,1.73,0.95,1.65,https://fbref.com/en/squads/c6c493e6/2020-2021/Huesca-Stats
2021,Huesca,La Liga,opponent,27.0,27.3,51.7,38.0,418.0,3420.0,38.0,51.0,37.0,88.0,46.0,5.0,5.0,64.0,2.0,657.0,1447.0,1.34,0.97,2.32,1.21,2.18,48.4,44.6,35.9,80.5,1.27,0.95,2.22,1.17,2.12,https://fbref.com/en/squads/c6c493e6/2020-2021/Huesca-Stats
2021,Inter,Serie A,team,25.0,27.7,52.5,38.0,418.0,3420.0,38.0,84.0,62.0,146.0,76.0,8.0,9.0,61.0,2.0,766.0,1707.0,2.21,1.63,3.84,2.0,3.63,74.2,67.2,52.5,119.8,1.95,1.38,3.34,1.77,3.15,https://fbref.com/en/squads/d609edc0/2020-2021/Internazionale-Stats
2021,Inter,Serie A,opponent,25.0,26.9,47.6,38.0,418.0,3420.0,38.0,34.0,19.0,53.0,29.0,5.0,7.0,84.0,3.0,667.0,1279.0,0.89,0.5,1.39,0.76,1.26,39.8,34.4,25.7,60.1,1.05,0.68,1.73,0.9,1.58,https://fbref.com/en/squads/d609edc0/2020-2021/Internazionale-Stats
2021,Juventus,Serie A,team,30.0,27.7,56.9,38.0,418.0,3420.0,38.0,76.0,59.0,135.0,68.0,8.0,10.0,80.0,6.0,949.0,1768.0,2.0,1.55,3.55,1.79,3.34,74.4,67.0,55.1,122.1,1.96,1.45,3.41,1.76,3.21,https://fbref.com/en/squads/e0652b02/2020-2021/Juventus-Stats
2021,Juventus,Serie A,opponent,30.0,27.0,42.9,38.0,418.0,3420.0,38.0,36.0,21.0,57.0,30.0,6.0,9.0,85.0,2.0,690.0,1355.0,0.95,0.55,1.5,0.79,1.34,39.4,32.3,25.0,57.3,1.04,0.66,1.69,0.85,1.51,https://fbref.com/en/squads/e0652b02/2020-2021/Juventus-Stats
2021,Köln,Bundesliga,team,28.0,24.9,46.3,34.0,374.0,3060.0,34.0,33.0,23.0,56.0,29.0,4.0,6.0,63.0,1.0,429.0,1131.0,0.97,0.68,1.65,0.85,1.53,40.5,35.9,25.5,61.5,1.19,0.75,1.94,1.06,1.81,https://fbref.com/en/squads/bc357bf7/2020-2021/Koln-Stats
2021,Köln,Bundesliga,opponent,28.0,26.2,53.7,34.0,374.0,3060.0,34.0,60.0,43.0,103.0,52.0,8.0,9.0,67.0,0.0,551.0,1482.0,1.76,1.26,3.03,1.53,2.79,53.6,46.5,38.9,85.4,1.58,1.15,2.72,1.37,2.51,https://fbref.com/en/squads/bc357bf7/2020-2021/Koln-Stats
2021,Lazio,Serie A,team,30.0,29.4,53.0,38.0,418.0,3420.0,38.0,59.0,40.0,99.0,53.0,6.0,10.0,107.0,5.0,785.0,1688.0,1.55,1.05,2.61,1.39,2.45,58.2,50.7,39.6,90.2,1.53,1.04,2.57,1.33,2.37,https://fbref.com/en/squads/7213da33/2020-2021/Lazio-Stats
2021,Lazio,Serie A,opponent,30.0,26.9,46.9,38.0,418.0,3420.0,38.0,53.0,33.0,86.0,43.0,10.0,10.0,87.0,3.0,715.0,1325.0,1.39,0.87,2.26,1.13,2.0,47.3,38.9,28.6,67.5,1.24,0.75,2.0,1.02,1.78,https://fbref.com/en/squads/7213da33/2020-2021/Lazio-Stats
2021,Leeds United,Premier League,team,23.0,26.1,57.3,38.0,418.0,3420.0,38.0,60.0,45.0,105.0,56.0,4.0,4.0,61.0,1.0,811.0,1633.0,1.58,1.18,2.76,1.47,2.66,55.6,52.5,41.9,94.3,1.46,1.1,2.57,1.38,2.48,https://fbref.com/en/squads/5bfb9659/2020-2021/Leeds-United-Stats
2021,Leeds United,Premier League,opponent,23.0,26.5,42.4,38.0,418.0,3420.0,38.0,52.0,36.0,88.0,44.0,8.0,9.0,49.0,2.0,720.0,1201.0,1.37,0.95,2.32,1.16,2.11,57.9,50.7,39.3,90.0,1.52,1.03,2.56,1.33,2.37,https://fbref.com/en/squads/5bfb9659/2020-2021/Leeds-United-Stats
2021,Leicester City,Premier League,team,27.0,26.5,54.3,38.0,418.0,3420.0,38.0,64.0,45.0,109.0,54.0,10.0,12.0,61.0,0.0,666.0,1464.0,1.68,1.18,2.87,1.42,2.61,55.8,46.3,33.7,80.1,1.47,0.89,2.36,1.22,2.11,https://fbref.com/en/squads/a2d435b3/2020-2021/Leicester-City-Stats
2021,Leicester City,Premier League,opponent,27.0,26.5,45.4,38.0,418.0,3420.0,38.0,48.0,29.0,77.0,44.0,4.0,4.0,61.0,1.0,567.0,1254.0,1.26,0.76,2.03,1.16,1.92,46.0,42.9,33.0,75.9,1.21,0.87,2.08,1.13,2.0,https://fbref.com/en/squads/a2d435b3/2020-2021/Leicester-City-Stats
2021,Lens,Ligue 1,team,27.0,26.4,51.1,38.0,418.0,3420.0,38.0,53.0,35.0,88.0,43.0,10.0,12.0,94.0,7.0,743.0,1567.0,1.39,0.92,2.32,1.13,2.05,56.4,47.3,37.8,85.1,1.48,0.99,2.48,1.24,2.24,https://fbref.com/en/squads/fd4e0f7d/2020-2021/Lens-Stats
2021,Lens,Ligue 1,opponent,27.0,26.0,48.6,38.0,418.0,3420.0,38.0,51.0,25.0,76.0,40.0,11.0,11.0,76.0,7.0,569.0,1214.0,1.34,0.66,2.0,1.05,1.71,46.8,38.1,27.7,65.8,1.23,0.73,1.96,1.0,1.73,https://fbref.com/en/squads/fd4e0f7d/2020-2021/Lens-Stats
2021,Levante,La Liga,team,29.0,28.0,52.2,38.0,418.0,3420.0,38.0,45.0,35.0,80.0,42.0,3.0,6.0,68.0,1.0,619.0,1537.0,1.18,0.92,2.11,1.11,2.03,40.4,35.7,29.6,65.3,1.06,0.78,1.84,0.94,1.72,https://fbref.com/en/squads/9800b6a1/2020-2021/Levante-Stats
2021,Levante,La Liga,opponent,29.0,27.4,47.6,38.0,418.0,3420.0,38.0,55.0,42.0,97.0,52.0,3.0,4.0,87.0,7.0,625.0,1298.0,1.45,1.11,2.55,1.37,2.47,53.4,50.6,39.9,90.5,1.41,1.05,2.46,1.33,2.38,https://fbref.com/en/squads/9800b6a1/2020-2021/Levante-Stats
2021,Leverkusen,Bundesliga,team,30.0,25.4,59.7,34.0,374.0,3060.0,34.0,52.0,41.0,93.0,49.0,3.0,3.0,58.0,0.0,724.0,1522.0,1.53,1.21,2.74,1.44,2.65,46.3,44.0,34.7,78.7,1.36,1.02,2.38,1.29,2.32,https://fbref.com/en/squads/c7a9f859/2020-2021/Bayer-Leverkusen-Stats
2021,Leverkusen,Bundesliga,opponent,30.0,25.9,40.1,34.0,374.0,3060.0,34.0,37.0,27.0,64.0,36.0,1.0,2.0,50.0,3.0,501.0,1033.0,1.09,0.79,1.88,1.06,1.85,39.2,37.6,28.7,66.3,1.15,0.84,2.0,1.1,1.95,https://fbref.com/en/squads/c7a9f859/2020-2021/Bayer-Leverkusen-Stats
2021,Lille,Ligue 1,team,21.0,25.4,53.8,38.0,418.0,3420.0,38.0,62.0,39.0,101.0,57.0,5.0,5.0,68.0,2.0,713.0,1660.0,1.63,1.03,2.66,1.5,2.53,48.5,44.5,34.4,79.0,1.28,0.91,2.18,1.17,2.08,https://fbref.com/en/squads/cb188c0c/2020-2021/Lille-Stats
2021,Lille,Ligue 1,opponent,21.0,26.2,46.1,38.0,418.0,3420.0,38.0,21.0,17.0,38.0,20.0,1.0,2.0,76.0,7.0,607.0,1258.0,0.55,0.45,1.0,0.53,0.97,29.8,28.3,22.5,50.9,0.78,0.59,1.38,0.75,1.34,https://fbref.com/en/squads/cb188c0c/2020-2021/Lille-Stats
2021,Liverpool,Premier League,team,28.0,26.8,62.1,38.0,418.0,3420.0,38.0,65.0,43.0,108.0,59.0,6.0,6.0,40.0,0.0,886.0,2057.0,1.71,1.13,2.84,1.55,2.68,67.5,62.9,48.3,111.2,1.78,1.27,3.05,1.66,2.93,https://fbref.com/en/squads/822bd0ba/2020-2021/Liverpool-Stats
2021,Liverpool,Premier League,opponent,28.0,26.6,37.6,38.0,418.0,3420.0,38.0,42.0,29.0,71.0,38.0,4.0,8.0,56.0,2.0,539.0,972.0,1.11,0.76,1.87,1.0,1.76,43.0,36.9,27.1,64.0,1.13,0.71,1.84,0.97,1.68,https://fbref.com/en/squads/822bd0ba/2020-2021/Liverpool-Stats
2021,Lorient,Ligue 1,team,27.0,26.8,44.6,38.0,418.0,3420.0,38.0,49.0,26.0,75.0,40.0,9.0,10.0,69.0,3.0,572.0,1169.0,1.29,0.68,1.97,1.05,1.74,48.6,41.4,30.8,72.2,1.28,0.81,2.09,1.09,1.9,https://fbref.com/en/squads/d2c87802/2020-2021/Lorient-Stats
2021,Lorient,Ligue 1,opponent,27.0,25.8,55.4,38.0,418.0,3420.0,38.0,67.0,44.0,111.0,57.0,10.0,11.0,77.0,6.0,679.0,1577.0,1.76,1.16,2.92,1.5,2.66,52.5,44.1,33.8,77.9,1.38,0.89,2.27,1.16,2.05,https://fbref.com/en/squads/d2c87802/2020-2021/Lorient-Stats
2021,Lyon,Ligue 1,team,29.0,25.8,54.9,38.0,418.0,3420.0,38.0,76.0,46.0,122.0,65.0,11.0,11.0,66.0,10.0,805.0,1991.0,2.0,1.21,3.21,1.71,2.92,81.4,73.0,54.9,127.9,2.14,1.44,3.59,1.92,3.36,https://fbref.com/en/squads/d53c0b06/2020-2021/Lyon-Stats
2021,Lyon,Ligue 1,opponent,29.0,26.3,45.1,38.0,418.0,3420.0,38.0,41.0,24.0,65.0,36.0,5.0,7.0,77.0,8.0,660.0,1194.0,1.08,0.63,1.71,0.95,1.58,41.5,36.1,25.1,61.2,1.09,0.66,1.76,0.95,1.61,https://fbref.com/en/squads/d53c0b06/2020-2021/Lyon-Stats
2021,M'Gladbach,Bundesliga,team,23.0,26.9,51.7,34.0,374.0,3060.0,34.0,63.0,44.0,107.0,53.0,10.0,11.0,61.0,2.0,613.0,1371.0,1.85,1.29,3.15,1.56,2.85,54.9,46.5,37.1,83.6,1.62,1.09,2.71,1.37,2.46,https://fbref.com/en/squads/32f3ee20/2020-2021/Monchengladbach-Stats
2021,M'Gladbach,Bundesliga,opponent,23.0,25.6,48.1,34.0,374.0,3060.0,34.0,56.0,44.0,100.0,50.0,6.0,6.0,75.0,3.0,511.0,1270.0,1.65,1.29,2.94,1.47,2.76,45.7,41.1,31.3,72.4,1.35,0.92,2.27,1.21,2.13,https://fbref.com/en/squads/32f3ee20/2020-2021/Monchengladbach-Stats
2021,Mainz 05,Bundesliga,team,31.0,25.8,40.7,34.0,374.0,3060.0,34.0,39.0,23.0,62.0,34.0,5.0,5.0,63.0,1.0,442.0,1046.0,1.15,0.68,1.82,1.0,1.68,49.9,46.0,34.9,80.9,1.47,1.03,2.49,1.35,2.38,https://fbref.com/en/squads/a224b06a/2020-2021/Mainz-05-Stats
2021,Mainz 05,Bundesliga,opponent,31.0,25.9,59.5,34.0,374.0,3060.0,34.0,55.0,35.0,90.0,49.0,6.0,7.0,73.0,4.0,594.0,1510.0,1.62,1.03,2.65,1.44,2.47,52.1,46.9,37.6,84.4,1.53,1.1,2.64,1.38,2.48,https://fbref.com/en/squads/a224b06a/2020-2021/Mainz-05-Stats
2021,Manchester City,Premier League,team,24.0,26.1,63.5,38.0,418.0,3420.0,38.0,82.0,55.0,137.0,77.0,5.0,9.0,46.0,2.0,1096.0,2051.0,2.16,1.45,3.61,2.03,3.47,68.2,61.2,45.4,106.6,1.8,1.19,2.99,1.61,2.81,https://fbref.com/en/squads/b8fd03ef/2020-2021/Manchester-City-Stats
2021,Manchester City,Premier League,opponent,24.0,26.4,36.1,38.0,418.0,3420.0,38.0,31.0,17.0,48.0,23.0,8.0,10.0,61.0,2.0,537.0,850.0,0.82,0.45,1.26,0.61,1.05,30.2,22.3,15.0,37.4,0.8,0.4,1.19,0.59,0.98,https://fbref.com/en/squads/b8fd03ef/2020-2021/Manchester-City-Stats
2021,Manchester Utd,Premier League,team,29.0,25.6,55.7,38.0,418.0,3420.0,38.0,70.0,51.0,121.0,60.0,10.0,11.0,64.0,1.0,877.0,1832.0,1.84,1.34,3.18,1.58,2.92,60.1,51.4,41.6,93.1,1.58,1.1,2.68,1.35,2.45,https://fbref.com/en/squads/19538871/2020-2021/Manchester-United-Stats
2021,Manchester Utd,Premier League,opponent,29.0,26.6,44.2,38.0,418.0,3420.0,38.0,42.0,28.0,70.0,38.0,4.0,4.0,64.0,3.0,573.0,1229.0,1.11,0.74,1.84,1.0,1.74,41.5,38.4,28.7,67.1,1.09,0.75,1.85,1.01,1.76,https://fbref.com/en/squads/19538871/2020-2021/Manchester-United-Stats
2021,Marseille,Ligue 1,team,31.0,27.2,53.6,38.0,418.0,3420.0,38.0,53.0,45.0,98.0,49.0,4.0,7.0,98.0,9.0,606.0,1499.0,1.39,1.18,2.58,1.29,2.47,47.0,41.6,36.5,78.0,1.24,0.96,2.2,1.09,2.05,https://fbref.com/en/squads/5725cc7b/2020-2021/Marseille-Stats
2021,Marseille,Ligue 1,opponent,31.0,25.8,46.1,38.0,418.0,3420.0,38.0,46.0,36.0,82.0,43.0,3.0,3.0,81.0,6.0,659.0,1329.0,1.21,0.95,2.16,1.13,2.08,47.4,45.1,35.1,80.2,1.25,0.92,2.17,1.19,2.11,https://fbref.com/en/squads/5725cc7b/2020-2021/Marseille-Stats
2021,Metz,Ligue 1,team,27.0,25.7,45.2,38.0,418.0,3420.0,38.0,42.0,28.0,70.0,35.0,7.0,11.0,84.0,4.0,744.0,1221.0,1.11,0.74,1.84,0.92,1.66,44.1,35.8,28.3,64.0,1.16,0.74,1.9,0.94,1.68,https://fbref.com/en/squads/f83960ae/2020-2021/Metz-Stats
2021,Metz,Ligue 1,opponent,27.0,26.3,54.7,38.0,418.0,3420.0,38.0,47.0,25.0,72.0,35.0,12.0,13.0,76.0,6.0,689.0,1572.0,1.24,0.66,1.89,0.92,1.58,49.2,39.3,30.7,69.9,1.3,0.81,2.1,1.03,1.84,https://fbref.com/en/squads/f83960ae/2020-2021/Metz-Stats
2021,Milan,Serie A,team,29.0,24.4,51.7,38.0,418.0,3420.0,38.0,72.0,47.0,119.0,57.0,15.0,20.0,83.0,4.0,784.0,1483.0,1.89,1.24,3.13,1.5,2.74,70.7,56.0,43.9,99.8,1.86,1.15,3.02,1.47,2.63,https://fbref.com/en/squads/dc56fe14/2020-2021/Milan-Stats
2021,Milan,Serie A,opponent,29.0,27.4,48.1,38.0,418.0,3420.0,38.0,40.0,26.0,66.0,37.0,3.0,5.0,83.0,4.0,637.0,1533.0,1.05,0.68,1.74,0.97,1.66,47.0,43.1,33.3,76.4,1.24,0.88,2.11,1.14,2.01,https://fbref.com/en/squads/dc56fe14/2020-2021/Milan-Stats
2021,Monaco,Ligue 1,team,30.0,24.8,55.8,38.0,418.0,3420.0,38.0,76.0,52.0,128.0,64.0,12.0,15.0,78.0,7.0,757.0,1750.0,2.0,1.37,3.37,1.68,3.05,68.7,56.9,46.7,103.6,1.81,1.23,3.04,1.5,2.73,https://fbref.com/en/squads/fd6114db/2020-2021/Monaco-Stats
2021,Monaco,Ligue 1,opponent,30.0,26.2,44.0,38.0,418.0,3420.0,38.0,41.0,25.0,66.0,36.0,5.0,5.0,89.0,12.0,536.0,1181.0,1.08,0.66,1.74,0.95,1.61,34.6,30.8,23.0,53.8,0.91,0.6,1.52,0.81,1.41,https://fbref.com/en/squads/fd6114db/2020-2021/Monaco-Stats
2021,Montpellier,Ligue 1,team,25.0,28.0,45.7,38.0,418.0,3420.0,38.0,60.0,42.0,102.0,58.0,2.0,5.0,65.0,7.0,616.0,1311.0,1.58,1.11,2.68,1.53,2.63,51.9,48.1,33.8,81.8,1.37,0.89,2.25,1.26,2.15,https://fbref.com/en/squads/281b0e73/2020-2021/Montpellier-Stats
2021,Montpellier,Ligue 1,opponent,25.0,25.9,54.7,38.0,418.0,3420.0,38.0,60.0,39.0,99.0,48.0,12.0,12.0,79.0,4.0,847.0,1719.0,1.58,1.03,2.61,1.26,2.29,66.2,56.9,45.2,102.1,1.74,1.19,2.93,1.5,2.69,https://fbref.com/en/squads/281b0e73/2020-2021/Montpellier-Stats
2021,Nantes,Ligue 1,team,25.0,25.8,43.9,38.0,418.0,3420.0,38.0,47.0,28.0,75.0,39.0,8.0,9.0,70.0,4.0,656.0,1350.0,1.24,0.74,1.97,1.03,1.76,49.0,42.2,29.4,71.6,1.29,0.77,2.06,1.11,1.88,https://fbref.com/en/squads/d7a486cd/2020-2021/Nantes-Stats
2021,Nantes,Ligue 1,opponent,25.0,26.0,56.3,38.0,418.0,3420.0,38.0,54.0,29.0,83.0,44.0,10.0,12.0,88.0,3.0,595.0,1597.0,1.42,0.76,2.18,1.16,1.92,53.6,44.3,33.9,78.2,1.41,0.89,2.3,1.17,2.06,https://fbref.com/en/squads/d7a486cd/2020-2021/Nantes-Stats
2021,Napoli,Serie A,team,25.0,27.1,55.1,38.0,418.0,3420.0,38.0,83.0,56.0,139.0,76.0,7.0,8.0,76.0,3.0,884.0,1703.0,2.18,1.47,3.66,2.0,3.47,67.7,61.4,46.9,108.3,1.78,1.23,3.02,1.62,2.85,https://fbref.com/en/squads/d48ad4ff/2020-2021/Napoli-Stats
2021,Napoli,Serie A,opponent,25.0,27.1,44.8,38.0,418.0,3420.0,38.0,40.0,26.0,66.0,35.0,5.0,5.0,107.0,6.0,568.0,1324.0,1.05,0.68,1.74,0.92,1.61,42.6,38.7,27.7,66.4,1.12,0.73,1.85,1.02,1.75,https://fbref.com/en/squads/d48ad4ff/2020-2021/Napoli-Stats
2021,Newcastle Utd,Premier League,team,27.0,27.1,38.8,38.0,418.0,3420.0,38.0,44.0,26.0,70.0,38.0,6.0,7.0,65.0,3.0,467.0,903.0,1.16,0.68,1.84,1.0,1.68,43.4,37.8,29.0,66.8,1.14,0.76,1.91,1.0,1.76,https://fbref.com/en/squads/b2b47a98/2020-2021/Newcastle-United-Stats
2021,Newcastle Utd,Premier League,opponent,27.0,26.6,61.8,38.0,418.0,3420.0,38.0,59.0,41.0,100.0,55.0,4.0,5.0,60.0,3.0,851.0,1771.0,1.55,1.08,2.63,1.45,2.53,58.3,54.4,40.5,94.9,1.54,1.07,2.6,1.43,2.5,https://fbref.com/en/squads/b2b47a98/2020-2021/Newcastle-United-Stats
2021,Nice,Ligue 1,team,31.0,23.5,54.3,38.0,418.0,3420.0,38.0,49.0,26.0,75.0,42.0,7.0,7.0,73.0,4.0,784.0,1531.0,1.29,0.68,1.97,1.11,1.79,48.0,42.7,29.9,72.6,1.26,0.79,2.05,1.12,1.91,https://fbref.com/en/squads/132ebc33/2020-2021/Nice-Stats
2021,Nice,Ligue 1,opponent,31.0,26.1,45.5,38.0,418.0,3420.0,38.0,53.0,28.0,81.0,46.0,7.0,7.0,66.0,1.0,667.0,1380.0,1.39,0.74,2.13,1.21,1.95,55.6,50.3,37.2,87.5,1.46,0.98,2.44,1.32,2.3,https://fbref.com/en/squads/132ebc33/2020-2021/Nice-Stats
2021,Nîmes,Ligue 1,team,33.0,25.8,44.4,38.0,418.0,3420.0,38.0,40.0,26.0,66.0,33.0,7.0,8.0,60.0,5.0,520.0,1200.0,1.05,0.68,1.74,0.87,1.55,43.3,37.0,29.9,66.9,1.14,0.79,1.93,0.97,1.76,https://fbref.com/en/squads/1cbf5f9e/2020-2021/Nimes-Stats
2021,Nîmes,Ligue 1,opponent,33.0,25.9,55.6,38.0,418.0,3420.0,38.0,71.0,52.0,123.0,65.0,6.0,10.0,87.0,9.0,742.0,1771.0,1.87,1.37,3.24,1.71,3.08,64.2,56.3,46.6,103.0,1.69,1.23,2.92,1.48,2.71,https://fbref.com/en/squads/1cbf5f9e/2020-2021/Nimes-Stats
2021,Osasuna,La Liga,team,28.0,27.9,43.2,38.0,418.0,3420.0,38.0,36.0,25.0,61.0,31.0,5.0,6.0,80.0,5.0,345.0,1220.0,0.95,0.66,1.61,0.82,1.47,38.7,34.7,24.9,59.7,1.02,0.66,1.68,0.91,1.57,https://fbref.com/en/squads/03c57e2b/2020-2021/Osasuna-Stats
2021,Osasuna,La Liga,opponent,28.0,27.4,56.9,38.0,418.0,3420.0,38.0,46.0,31.0,77.0,41.0,5.0,8.0,65.0,0.0,678.0,1525.0,1.21,0.82,2.03,1.08,1.89,47.8,41.5,33.2,74.6,1.26,0.87,2.13,1.09,1.96,https://fbref.com/en/squads/03c57e2b/2020-2021/Osasuna-Stats
2021,Paris S-G,Ligue 1,team,33.0,26.7,63.1,38.0,418.0,3420.0,38.0,84.0,52.0,136.0,72.0,12.0,13.0,79.0,7.0,909.0,2089.0,2.21,1.37,3.58,1.89,3.26,80.1,70.1,55.6,125.8,2.11,1.46,3.57,1.85,3.31,https://fbref.com/en/squads/e2d8892c/2020-2021/Paris-Saint-Germain-Stats
2021,Paris S-G,Ligue 1,opponent,33.0,25.9,36.5,38.0,418.0,3420.0,38.0,27.0,17.0,44.0,26.0,1.0,2.0,59.0,9.0,625.0,1067.0,0.71,0.45,1.16,0.68,1.13,40.6,39.0,30.0,69.0,1.07,0.79,1.86,1.03,1.81,https://fbref.com/en/squads/e2d8892c/2020-2021/Paris-Saint-Germain-Stats
2021,Parma,Serie A,team,42.0,28.0,47.8,38.0,418.0,3420.0,38.0,39.0,26.0,65.0,34.0,5.0,5.0,91.0,1.0,607.0,1319.0,1.03,0.68,1.71,0.89,1.58,42.5,38.6,30.5,69.0,1.12,0.8,1.92,1.01,1.82,https://fbref.com/en/squads/eab4234c/2020-2021/Parma-Stats
2021,Parma,Serie A,opponent,42.0,27.1,52.3,38.0,418.0,3420.0,38.0,80.0,62.0,142.0,77.0,3.0,3.0,71.0,1.0,933.0,1757.0,2.11,1.63,3.74,2.03,3.66,61.0,59.0,46.6,105.6,1.6,1.23,2.83,1.55,2.78,https://fbref.com/en/squads/eab4234c/2020-2021/Parma-Stats
2021,RB Leipzig,Bundesliga,team,25.0,25.0,59.7,34.0,374.0,3060.0,34.0,59.0,44.0,103.0,51.0,8.0,10.0,57.0,0.0,624.0,1719.0,1.74,1.29,3.03,1.5,2.79,64.4,56.7,43.7,100.4,1.89,1.28,3.18,1.67,2.95,https://fbref.com/en/squads/acbb6a5b/2020-2021/RB-Leipzig-Stats
2021,RB Leipzig,Bundesliga,opponent,25.0,26.1,40.0,34.0,374.0,3060.0,34.0,32.0,27.0,59.0,29.0,3.0,3.0,64.0,2.0,383.0,873.0,0.94,0.79,1.74,0.85,1.65,29.4,27.0,21.7,48.8,0.86,0.64,1.5,0.8,1.43,https://fbref.com/en/squads/acbb6a5b/2020-2021/RB-Leipzig-Stats
2021,Real Madrid,La Liga,team,30.0,27.9,59.3,38.0,418.0,3420.0,38.0,64.0,53.0,117.0,61.0,3.0,3.0,59.0,2.0,963.0,1920.0,1.68,1.39,3.08,1.61,3.0,61.5,59.2,47.4,106.5,1.62,1.25,2.87,1.56,2.8,https://fbref.com/en/squads/53a2f082/2020-2021/Real-Madrid-Stats
2021,Real Madrid,La Liga,opponent,30.0,27.5,40.3,38.0,418.0,3420.0,38.0,27.0,17.0,44.0,20.0,7.0,8.0,87.0,3.0,545.0,1157.0,0.71,0.45,1.16,0.53,0.97,37.6,31.3,24.4,55.7,0.99,0.64,1.63,0.82,1.47,https://fbref.com/en/squads/53a2f082/2020-2021/Real-Madrid-Stats
2021,Real Sociedad,La Liga,team,30.0,25.0,54.9,38.0,418.0,3420.0,38.0,58.0,39.0,97.0,49.0,9.0,12.0,81.0,1.0,626.0,1554.0,1.53,1.03,2.55,1.29,2.32,60.7,51.5,39.6,91.1,1.6,1.04,2.64,1.36,2.4,https://fbref.com/en/squads/e31d1cd9/2020-2021/Real-Sociedad-Stats
2021,Real Sociedad,La Liga,opponent,30.0,27.4,44.9,38.0,418.0,3420.0,38.0,37.0,24.0,61.0,34.0,3.0,5.0,91.0,6.0,436.0,1011.0,0.97,0.63,1.61,0.89,1.53,39.2,35.3,26.1,61.4,1.03,0.69,1.72,0.93,1.61,https://fbref.com/en/squads/e31d1cd9/2020-2021/Real-Sociedad-Stats
2021,Reims,Ligue 1,team,29.0,24.6,44.9,38.0,418.0,3420.0,38.0,39.0,23.0,62.0,34.0,5.0,5.0,77.0,8.0,698.0,1246.0,1.03,0.61,1.63,0.89,1.5,32.7,28.9,21.7,50.6,0.86,0.57,1.43,0.76,1.33,https://fbref.com/en/squads/7fdd64e0/2020-2021/Reims-Stats
2021,Reims,Ligue 1,opponent,29.0,26.0,55.2,38.0,418.0,3420.0,38.0,49.0,34.0,83.0,44.0,5.0,8.0,58.0,3.0,840.0,1628.0,1.29,0.89,2.18,1.16,2.05,59.0,53.3,40.7,94.0,1.55,1.07,2.63,1.4,2.47,https://fbref.com/en/squads/7fdd64e0/2020-2021/Reims-Stats
2021,Rennes,Ligue 1,team,32.0,25.5,59.1,38.0,418.0,3420.0,38.0,50.0,39.0,89.0,47.0,3.0,3.0,79.0,5.0,741.0,1883.0,1.32,1.03,2.34,1.24,2.26,47.8,45.4,35.3,80.7,1.26,0.93,2.19,1.2,2.12,https://fbref.com/en/squads/b3072e00/2020-2021/Rennes-Stats
2021,Rennes,Ligue 1,opponent,32.0,26.1,40.5,38.0,418.0,3420.0,38.0,39.0,30.0,69.0,36.0,3.0,4.0,70.0,6.0,513.0,1188.0,1.03,0.79,1.82,0.95,1.74,38.1,35.0,26.5,61.5,1.0,0.7,1.7,0.92,1.62,https://fbref.com/en/squads/b3072e00/2020-2021/Rennes-Stats
2021,Roma,Serie A,team,31.0,26.7,52.2,38.0,418.0,3420.0,38.0,67.0,51.0,118.0,60.0,7.0,8.0,91.0,3.0,863.0,1583.0,1.76,1.34,3.11,1.58,2.92,65.3,59.0,48.2,107.2,1.72,1.27,2.98,1.55,2.82,https://fbref.com/en/squads/cf74a709/2020-2021/Roma-Stats
2021,Roma,Serie A,opponent,31.0,27.3,47.5,38.0,418.0,3420.0,38.0,52.0,36.0,88.0,47.0,5.0,6.0,80.0,6.0,553.0,1126.0,1.37,0.95,2.32,1.24,2.18,45.6,40.9,30.5,71.4,1.2,0.8,2.0,1.08,1.88,https://fbref.com/en/squads/cf74a709/2020-2021/Roma-Stats
2021,Saint-Étienne,Ligue 1,team,40.0,25.4,48.3,38.0,418.0,3420.0,38.0,40.0,28.0,68.0,34.0,6.0,9.0,76.0,2.0,616.0,1229.0,1.05,0.74,1.79,0.89,1.63,48.7,41.8,31.6,73.4,1.28,0.83,2.11,1.1,1.93,https://fbref.com/en/squads/d298ef2c/2020-2021/Saint-Etienne-Stats
2021,Saint-Étienne,Ligue 1,opponent,40.0,25.8,51.7,38.0,418.0,3420.0,38.0,52.0,34.0,86.0,46.0,6.0,9.0,77.0,1.0,589.0,1504.0,1.37,0.89,2.26,1.21,2.11,50.1,43.1,32.5,75.5,1.32,0.85,2.17,1.13,1.99,https://fbref.com/en/squads/d298ef2c/2020-2021/Saint-Etienne-Stats
2021,Sampdoria,Serie A,team,27.0,27.9,45.2,38.0,418.0,3420.0,38.0,52.0,37.0,89.0,47.0,5.0,6.0,83.0,3.0,588.0,1370.0,1.37,0.97,2.34,1.24,2.21,45.4,41.1,31.9,73.0,1.2,0.84,2.04,1.08,1.92,https://fbref.com/en/squads/8ff9e3b3/2020-2021/Sampdoria-Stats
2021,Sampdoria,Serie A,opponent,27.0,27.1,54.9,38.0,418.0,3420.0,38.0,53.0,35.0,88.0,46.0,7.0,9.0,77.0,1.0,732.0,1638.0,1.39,0.92,2.32,1.21,2.13,56.1,49.2,35.8,85.0,1.48,0.94,2.42,1.29,2.24,https://fbref.com/en/squads/8ff9e3b3/2020-2021/Sampdoria-Stats
2021,Sassuolo,Serie A,team,28.0,26.5,60.3,38.0,418.0,3420.0,38.0,61.0,36.0,97.0,48.0,13.0,14.0,79.0,4.0,770.0,1746.0,1.61,0.95,2.55,1.26,2.21,58.4,47.7,34.0,81.8,1.54,0.9,2.43,1.26,2.15,https://fbref.com/en/squads/e2befd26/2020-2021/Sassuolo-Stats
2021,Sassuolo,Serie A,opponent,28.0,27.2,40.0,38.0,418.0,3420.0,38.0,55.0,46.0,101.0,51.0,4.0,5.0,82.0,4.0,695.0,1250.0,1.45,1.21,2.66,1.34,2.55,55.4,51.5,41.4,92.9,1.46,1.09,2.55,1.36,2.45,https://fbref.com/en/squads/e2befd26/2020-2021/Sassuolo-Stats
2021,Schalke 04,Bundesliga,team,42.0,25.9,44.7,34.0,374.0,3060.0,34.0,24.0,20.0,44.0,24.0,0.0,3.0,74.0,2.0,452.0,943.0,0.71,0.59,1.29,0.71,1.29,28.7,26.3,20.6,46.9,0.84,0.61,1.45,0.77,1.38,https://fbref.com/en/squads/c539e393/2020-2021/Schalke-04-Stats
2021,Schalke 04,Bundesliga,opponent,42.0,26.0,55.4,34.0,374.0,3060.0,34.0,81.0,65.0,146.0,74.0,7.0,8.0,59.0,2.0,641.0,1480.0,2.38,1.91,4.29,2.18,4.09,69.2,63.1,51.6,114.6,2.04,1.52,3.55,1.85,3.37,https://fbref.com/en/squads/c539e393/2020-2021/Schalke-04-Stats
2021,Sevilla,La Liga,team,26.0,28.1,60.9,38.0,418.0,3420.0,38.0,52.0,36.0,88.0,46.0,6.0,7.0,79.0,2.0,691.0,1627.0,1.37,0.95,2.32,1.21,2.16,54.4,48.9,41.0,90.0,1.43,1.08,2.51,1.29,2.37,https://fbref.com/en/squads/ad2be733/2020-2021/Sevilla-Stats
2021,Sevilla,La Liga,opponent,26.0,27.3,55.0,38.0,418.0,3420.0,38.0,31.0,20.0,51.0,27.0,4.0,6.0,109.0,1.0,544.0,1103.0,0.82,0.53,1.34,0.71,1.24,34.8,30.1,22.5,52.6,0.91,0.59,1.51,0.79,1.39,https://fbref.com/en/squads/ad2be733/2020-2021/Sevilla-Stats
2021,Sheffield Utd,Premier League,team,27.0,26.7,41.7,38.0,418.0,3420.0,38.0,19.0,13.0,32.0,16.0,3.0,4.0,73.0,3.0,491.0,1196.0,0.5,0.34,0.84,0.42,0.76,32.6,29.5,24.9,54.4,0.86,0.66,1.52,0.78,1.43,https://fbref.com/en/squads/1df6b87e/2020-2021/Sheffield-United-Stats
2021,Sheffield Utd,Premier League,opponent,27.0,26.7,58.5,38.0,418.0,3420.0,38.0,60.0,45.0,105.0,57.0,3.0,4.0,39.0,1.0,828.0,1606.0,1.58,1.18,2.76,1.5,2.68,62.2,59.1,45.0,104.1,1.64,1.18,2.82,1.56,2.74,https://fbref.com/en/squads/1df6b87e/2020-2021/Sheffield-United-Stats
2021,Southampton,Premier League,team,29.0,26.6,52.0,38.0,418.0,3420.0,38.0,47.0,33.0,80.0,42.0,5.0,6.0,52.0,3.0,626.0,1195.0,1.24,0.87,2.11,1.11,1.97,41.2,36.6,25.8,62.5,1.09,0.68,1.77,0.96,1.64,https://fbref.com/en/squads/33c895d4/2020-2021/Southampton-Stats
2021,Southampton,Premier League,opponent,29.0,26.5,47.8,38.0,418.0,3420.0,38.0,67.0,44.0,111.0,59.0,8.0,9.0,58.0,3.0,555.0,1407.0,1.76,1.16,2.92,1.55,2.71,53.1,46.1,34.6,80.6,1.4,0.91,2.31,1.21,2.12,https://fbref.com/en/squads/33c895d4/2020-2021/Southampton-Stats
2021,Spezia,Serie A,team,35.0,25.2,51.9,38.0,418.0,3420.0,38.0,52.0,37.0,89.0,48.0,4.0,5.0,100.0,5.0,627.0,1388.0,1.37,0.97,2.34,1.26,2.24,46.6,42.7,31.1,73.8,1.23,0.82,2.05,1.12,1.94,https://fbref.com/en/squads/68449f6d/2020-2021/Spezia-Stats
2021,Spezia,Serie A,opponent,35.0,27.3,47.8,38.0,418.0,3420.0,38.0,72.0,50.0,122.0,63.0,9.0,10.0,83.0,3.0,570.0,1327.0,1.89,1.32,3.21,1.66,2.97,65.1,57.6,44.4,101.9,1.71,1.17,2.88,1.51,2.68,https://fbref.com/en/squads/68449f6d/2020-2021/Spezia-Stats
2021,Strasbourg,Ligue 1,team,26.0,26.8,45.7,38.0,418.0,3420.0,38.0,49.0,26.0,75.0,39.0,10.0,12.0,58.0,3.0,538.0,1301.0,1.29,0.68,1.97,1.03,1.71,52.8,43.4,32.1,75.5,1.39,0.84,2.23,1.14,1.99,https://fbref.com/en/squads/c0d3eab4/2020-2021/Strasbourg-Stats
2021,Strasbourg,Ligue 1,opponent,26.0,26.1,54.4,38.0,418.0,3420.0,38.0,57.0,38.0,95.0,51.0,6.0,8.0,68.0,2.0,734.0,1578.0,1.5,1.0,2.5,1.34,2.34,50.7,44.5,35.1,79.6,1.33,0.92,2.26,1.17,2.09,https://fbref.com/en/squads/c0d3eab4/2020-2021/Strasbourg-Stats
2021,Stuttgart,Bundesliga,team,29.0,24.1,51.5,34.0,374.0,3060.0,34.0,54.0,42.0,96.0,48.0,6.0,8.0,65.0,2.0,701.0,1467.0,1.59,1.24,2.82,1.41,2.65,51.4,45.1,37.1,82.2,1.51,1.09,2.6,1.33,2.42,https://fbref.com/en/squads/598bc722/2020-2021/Stuttgart-Stats
2021,Stuttgart,Bundesliga,opponent,29.0,26.1,48.5,34.0,374.0,3060.0,34.0,54.0,38.0,92.0,49.0,5.0,7.0,69.0,3.0,619.0,1291.0,1.59,1.12,2.71,1.44,2.56,52.1,46.6,35.9,82.5,1.53,1.06,2.59,1.37,2.43,https://fbref.com/en/squads/598bc722/2020-2021/Stuttgart-Stats
2021,Torino,Serie A,team,29.0,26.9,47.3,38.0,418.0,3420.0,38.0,49.0,28.0,77.0,44.0,5.0,6.0,78.0,4.0,617.0,1138.0,1.29,0.74,2.03,1.16,1.89,50.0,45.3,32.2,77.5,1.32,0.85,2.16,1.19,2.04,https://fbref.com/en/squads/105360fe/2020-2021/Torino-Stats
2021,Torino,Serie A,opponent,29.0,27.1,52.8,38.0,418.0,3420.0,38.0,69.0,48.0,117.0,60.0,9.0,10.0,101.0,6.0,666.0,1562.0,1.82,1.26,3.08,1.58,2.84,62.0,54.2,41.5,95.8,1.63,1.09,2.72,1.43,2.52,https://fbref.com/en/squads/105360fe/2020-2021/Torino-Stats
2021,Tottenham,Premier League,team,24.0,27.2,51.6,38.0,418.0,3420.0,38.0,66.0,50.0,116.0,61.0,5.0,5.0,57.0,2.0,633.0,1330.0,1.74,1.32,3.05,1.61,2.92,53.1,49.2,35.3,84.4,1.4,0.93,2.33,1.29,2.22,https://fbref.com/en/squads/361ca564/2020-2021/Tottenham-Hotspur-Stats
2021,Tottenham,Premier League,opponent,24.0,26.5,48.3,38.0,418.0,3420.0,38.0,42.0,24.0,66.0,32.0,10.0,10.0,77.0,1.0,723.0,1514.0,1.11,0.63,1.74,0.84,1.47,49.1,41.2,31.8,73.1,1.29,0.84,2.13,1.09,1.92,https://fbref.com/en/squads/361ca564/2020-2021/Tottenham-Hotspur-Stats
2021,Udinese,Serie A,team,33.0,27.2,46.3,38.0,418.0,3420.0,38.0,40.0,30.0,70.0,36.0,4.0,4.0,65.0,2.0,672.0,1405.0,1.05,0.79,1.84,0.95,1.74,45.7,42.9,30.0,72.9,1.2,0.79,1.99,1.13,1.92,https://fbref.com/en/squads/04eea015/2020-2021/Udinese-Stats
2021,Udinese,Serie A,opponent,33.0,27.1,53.9,38.0,418.0,3420.0,38.0,58.0,35.0,93.0,44.0,14.0,14.0,84.0,4.0,717.0,1684.0,1.53,0.92,2.45,1.16,2.08,52.6,42.0,32.9,74.9,1.38,0.87,2.25,1.11,1.97,https://fbref.com/en/squads/04eea015/2020-2021/Udinese-Stats
2021,Union Berlin,Bundesliga,team,27.0,27.3,44.9,34.0,374.0,3060.0,34.0,50.0,39.0,89.0,45.0,5.0,7.0,57.0,2.0,464.0,1059.0,1.47,1.15,2.62,1.32,2.47,46.9,41.3,33.4,74.7,1.38,0.98,2.36,1.22,2.2,https://fbref.com/en/squads/7a41008f/2020-2021/Union-Berlin-Stats
2021,Union Berlin,Bundesliga,opponent,27.0,26.0,55.1,34.0,374.0,3060.0,34.0,41.0,31.0,72.0,37.0,4.0,5.0,64.0,2.0,479.0,1373.0,1.21,0.91,2.12,1.09,2.0,42.8,38.7,31.1,69.8,1.26,0.92,2.17,1.14,2.05,https://fbref.com/en/squads/7a41008f/2020-2021/Union-Berlin-Stats
2021,Valencia,La Liga,team,30.0,25.2,46.9,38.0,418.0,3420.0,38.0,48.0,35.0,83.0,40.0,8.0,10.0,82.0,5.0,575.0,1180.0,1.26,0.92,2.18,1.05,1.97,42.6,34.8,27.3,62.1,1.12,0.72,1.84,0.92,1.63,https://fbref.com/en/squads/dcc91a7b/2020-2021/Valencia-Stats
2021,Valencia,La Liga,opponent,30.0,27.6,53.1,38.0,418.0,3420.0,38.0,51.0,29.0,80.0,46.0,5.0,8.0,99.0,5.0,713.0,1644.0,1.34,0.76,2.11,1.21,1.97,52.2,46.2,33.8,80.0,1.37,0.89,2.26,1.22,2.11,https://fbref.com/en/squads/dcc91a7b/2020-2021/Valencia-Stats
2021,Valladolid,La Liga,team,32.0,28.1,45.2,38.0,418.0,3420.0,38.0,34.0,21.0,55.0,27.0,7.0,8.0,93.0,4.0,564.0,1101.0,0.89,0.55,1.45,0.71,1.26,40.1,33.8,24.2,58.0,1.05,0.64,1.69,0.89,1.53,https://fbref.com/en/squads/17859612/2020-2021/Valladolid-Stats
2021,Valladolid,La Liga,opponent,32.0,27.4,54.9,38.0,418.0,3420.0,38.0,57.0,44.0,101.0,51.0,6.0,7.0,96.0,2.0,693.0,1549.0,1.5,1.16,2.66,1.34,2.5,52.9,47.4,38.3,85.6,1.39,1.01,2.4,1.25,2.25,https://fbref.com/en/squads/17859612/2020-2021/Valladolid-Stats
2021,Villarreal,La Liga,team,29.0,28.0,55.2,38.0,418.0,3420.0,38.0,57.0,33.0,90.0,45.0,12.0,13.0,67.0,5.0,737.0,1628.0,1.5,0.87,2.37,1.18,2.05,56.4,46.4,40.5,86.9,1.48,1.06,2.55,1.22,2.29,https://fbref.com/en/squads/2a8183b3/2020-2021/Villarreal-Stats
2021,Villarreal,La Liga,opponent,29.0,27.5,44.4,38.0,418.0,3420.0,38.0,42.0,25.0,67.0,35.0,7.0,9.0,78.0,4.0,635.0,1227.0,1.11,0.66,1.76,0.92,1.58,42.5,35.6,26.2,61.8,1.12,0.69,1.81,0.94,1.63,https://fbref.com/en/squads/2a8183b3/2020-2021/Villarreal-Stats
2021,Werder Bremen,Bundesliga,team,27.0,26.3,43.9,34.0,374.0,3060.0,34.0,35.0,25.0,60.0,30.0,5.0,5.0,67.0,3.0,414.0,1065.0,1.03,0.74,1.76,0.88,1.62,32.9,29.0,21.5,50.5,0.97,0.63,1.6,0.85,1.49,https://fbref.com/en/squads/62add3bf/2020-2021/Werder-Bremen-Stats
2021,Werder Bremen,Bundesliga,opponent,27.0,26.0,56.2,34.0,374.0,3060.0,34.0,54.0,41.0,95.0,50.0,4.0,6.0,68.0,3.0,660.0,1529.0,1.59,1.21,2.79,1.47,2.68,53.2,48.4,38.9,87.3,1.56,1.14,2.71,1.42,2.57,https://fbref.com/en/squads/62add3bf/2020-2021/Werder-Bremen-Stats
2021,West Brom,Premier League,team,30.0,26.4,37.9,38.0,418.0,3420.0,38.0,33.0,20.0,53.0,29.0,4.0,4.0,51.0,4.0,441.0,1027.0,0.87,0.53,1.39,0.76,1.29,35.8,32.7,24.4,57.1,0.94,0.64,1.59,0.86,1.5,https://fbref.com/en/squads/60c6b05f/2020-2021/West-Bromwich-Albion-Stats
2021,West Brom,Premier League,opponent,30.0,26.6,62.4,38.0,418.0,3420.0,38.0,73.0,52.0,125.0,66.0,7.0,11.0,50.0,1.0,931.0,1802.0,1.92,1.37,3.29,1.74,3.11,67.9,59.3,44.1,103.4,1.79,1.16,2.95,1.56,2.72,https://fbref.com/en/squads/60c6b05f/2020-2021/West-Bromwich-Albion-Stats
2021,West Ham,Premier League,team,24.0,27.8,43.2,38.0,418.0,3420.0,38.0,60.0,46.0,106.0,58.0,2.0,4.0,50.0,3.0,658.0,1282.0,1.58,1.21,2.79,1.53,2.74,55.4,52.1,39.6,91.7,1.46,1.04,2.5,1.37,2.41,https://fbref.com/en/squads/7c21e445/2020-2021/West-Ham-United-Stats
2021,West Ham,Premier League,opponent,24.0,26.6,57.1,38.0,418.0,3420.0,38.0,43.0,34.0,77.0,40.0,3.0,5.0,52.0,1.0,826.0,1698.0,1.13,0.89,2.03,1.05,1.95,48.7,44.8,36.6,81.4,1.28,0.96,2.24,1.18,2.14,https://fbref.com/en/squads/7c21e445/2020-2021/West-Ham-United-Stats
2021,Wolfsburg,Bundesliga,team,26.0,25.6,51.1,34.0,374.0,3060.0,34.0,57.0,48.0,105.0,55.0,2.0,3.0,58.0,3.0,595.0,1397.0,1.68,1.41,3.09,1.62,3.03,49.0,46.9,37.7,84.5,1.44,1.11,2.55,1.38,2.49,https://fbref.com/en/squads/4eaa11d7/2020-2021/Wolfsburg-Stats
2021,Wolfsburg,Bundesliga,opponent,26.0,26.1,48.6,34.0,374.0,3060.0,34.0,36.0,27.0,63.0,33.0,3.0,5.0,61.0,2.0,449.0,1197.0,1.06,0.79,1.85,0.97,1.76,42.1,38.2,29.0,67.2,1.24,0.85,2.09,1.12,1.98,https://fbref.com/en/squads/4eaa11d7/2020-2021/Wolfsburg-Stats
2021,Wolves,Premier League,team,27.0,26.3,49.3,38.0,418.0,3420.0,38.0,34.0,21.0,55.0,30.0,4.0,4.0,55.0,1.0,800.0,1283.0,0.89,0.55,1.45,0.79,1.34,36.5,33.4,24.1,57.6,0.96,0.63,1.6,0.88,1.51,https://fbref.com/en/squads/8cec06e1/2020-2021/Wolverhampton-Wanderers-Stats
2021,Wolves,Premier League,opponent,27.0,26.6,50.7,38.0,418.0,3420.0,38.0,49.0,34.0,83.0,42.0,7.0,8.0,62.0,6.0,698.0,1574.0,1.29,0.89,2.18,1.11,2.0,49.5,43.2,31.1,74.3,1.3,0.82,2.12,1.14,1.96,https://fbref.com/en/squads/8cec06e1/2020-2021/Wolverhampton-Wanderers-Stats
2022,Alavés,La Liga,team,33.0,27.9,42.0,38.0,418.0,3420.0,38.0,29.0,20.0,49.0,23.0,6.0,7.0,93.0,4.0,420.0,984.0,0.76,0.53,1.29,0.61,1.13,37.3,31.8,25.5,57.3,0.98,0.67,1.65,0.84,1.51,https://fbref.com/en/squads/8d6fd021/2021-2022/Alaves-Stats
2022,Alavés,La Liga,opponent,33.0,27.6,58.2,38.0,418.0,3420.0,38.0,65.0,48.0,113.0,59.0,6.0,9.0,79.0,4.0,656.0,1568.0,1.71,1.26,2.97,1.55,2.82,57.0,50.0,42.0,92.0,1.5,1.11,2.61,1.32,2.42,https://fbref.com/en/squads/8d6fd021/2021-2022/Alaves-Stats
2022,Angers,Ligue 1,team,30.0,27.4,48.4,38.0,418.0,3420.0,38.0,41.0,25.0,66.0,32.0,9.0,9.0,70.0,4.0,659.0,1349.0,1.08,0.66,1.74,0.84,1.5,46.5,39.5,28.4,67.9,1.22,0.75,1.97,1.04,1.79,https://fbref.com/en/squads/69236f98/2021-2022/Angers-Stats
2022,Angers,Ligue 1,opponent,30.0,25.8,51.3,38.0,418.0,3420.0,38.0,52.0,36.0,88.0,47.0,5.0,5.0,81.0,7.0,711.0,1615.0,1.37,0.95,2.32,1.24,2.18,50.0,46.2,37.6,83.9,1.32,0.99,2.31,1.22,2.21,https://fbref.com/en/squads/69236f98/2021-2022/Angers-Stats
2022,Arminia,Bundesliga,team,26.0,25.8,40.7,34.0,374.0,3060.0,34.0,26.0,18.0,44.0,24.0,2.0,2.0,55.0,2.0,405.0,887.0,0.76,0.53,1.29,0.71,1.24,26.3,24.7,17.2,41.9,0.77,0.51,1.28,0.73,1.23,https://fbref.com/en/squads/247c4b67/2021-2022/Arminia-Stats
2022,Arminia,Bundesliga,opponent,26.0,26.3,59.5,34.0,374.0,3060.0,34.0,51.0,34.0,85.0,44.0,7.0,7.0,59.0,0.0,618.0,1559.0,1.5,1.0,2.5,1.29,2.29,62.8,57.5,47.1,104.6,1.85,1.39,3.24,1.69,3.08,https://fbref.com/en/squads/247c4b67/2021-2022/Arminia-Stats
2022,Arsenal,Premier League,team,27.0,24.4,52.8,38.0,418.0,3420.0,38.0,60.0,41.0,101.0,55.0,5.0,8.0,67.0,4.0,734.0,1655.0,1.58,1.08,2.66,1.45,2.53,60.5,55.1,40.2,95.4,1.59,1.06,2.65,1.45,2.51,https://fbref.com/en/squads/18bb7c10/2021-2022/Arsenal-Stats
2022,Arsenal,Premier League,opponent,27.0,26.9,46.8,38.0,418.0,3420.0,38.0,47.0,33.0,80.0,42.0,5.0,6.0,69.0,3.0,556.0,1191.0,1.24,0.87,2.11,1.11,1.97,45.7,40.9,33.3,74.2,1.2,0.88,2.08,1.08,1.95,https://fbref.com/en/squads/18bb7c10/2021-2022/Arsenal-Stats
2022,Aston Villa,Premier League,team,31.0,26.1,46.5,38.0,418.0,3420.0,38.0,50.0,42.0,92.0,47.0,3.0,3.0,81.0,2.0,653.0,1300.0,1.32,1.11,2.42,1.24,2.34,44.0,42.0,34.8,76.8,1.16,0.92,2.08,1.1,2.02,https://fbref.com/en/squads/8602292d/2021-2022/Aston-Villa-Stats
2022,Aston Villa,Premier League,opponent,31.0,26.7,53.5,38.0,418.0,3420.0,38.0,52.0,35.0,87.0,48.0,4.0,6.0,83.0,1.0,741.0,1514.0,1.37,0.92,2.29,1.26,2.18,49.0,44.1,33.7,77.8,1.29,0.89,2.18,1.16,2.05,https://fbref.com/en/squads/8602292d/2021-2022/Aston-Villa-Stats
2022,Atalanta,Serie A,team,32.0,27.5,55.0,38.0,418.0,3420.0,38.0,62.0,48.0,110.0,57.0,5.0,6.0,87.0,2.0,796.0,1858.0,1.63,1.26,2.89,1.5,2.76,62.5,58.1,48.6,106.7,1.64,1.28,2.92,1.53,2.81,https://fbref.com/en/squads/922493f3/2021-2022/Atalanta-Stats
2022,Atalanta,Serie A,opponent,32.0,26.6,44.9,38.0,418.0,3420.0,38.0,45.0,29.0,74.0,40.0,5.0,6.0,94.0,1.0,514.0,1122.0,1.18,0.76,1.95,1.05,1.82,45.3,40.6,32.0,72.6,1.19,0.84,2.04,1.07,1.91,https://fbref.com/en/squads/922493f3/2021-2022/Atalanta-Stats
2022,Athletic Club,La Liga,team,26.0,26.9,48.1,38.0,418.0,3420.0,38.0,40.0,34.0,74.0,37.0,3.0,7.0,90.0,4.0,653.0,1572.0,1.05,0.89,1.95,0.97,1.87,49.6,44.0,37.5,81.6,1.31,0.99,2.29,1.16,2.15,https://fbref.com/en/squads/2b390eca/2021-2022/Athletic-Club-Stats
2022,Athletic Club,La Liga,opponent,26.0,27.6,51.9,38.0,418.0,3420.0,38.0,35.0,26.0,61.0,32.0,3.0,3.0,105.0,9.0,586.0,1379.0,0.92,0.68,1.61,0.84,1.53,38.4,36.0,27.7,63.7,1.01,0.73,1.74,0.95,1.68,https://fbref.com/en/squads/2b390eca/2021-2022/Athletic-Club-Stats
2022,Atlético Madrid,La Liga,team,26.0,28.1,50.6,38.0,418.0,3420.0,38.0,63.0,45.0,108.0,59.0,4.0,5.0,111.0,7.0,705.0,1463.0,1.66,1.18,2.84,1.55,2.74,54.4,50.6,40.2,90.8,1.43,1.06,2.49,1.33,2.39,https://fbref.com/en/squads/db3b9613/2021-2022/Atletico-Madrid-Stats
2022,Atlético Madrid,La Liga,opponent,26.0,27.6,49.4,38.0,418.0,3420.0,38.0,40.0,28.0,68.0,33.0,7.0,8.0,102.0,4.0,495.0,1320.0,1.05,0.74,1.79,0.87,1.61,33.4,27.4,20.8,48.2,0.88,0.55,1.43,0.72,1.27,https://fbref.com/en/squads/db3b9613/2021-2022/Atletico-Madrid-Stats
2022,Augsburg,Bundesliga,team,26.0,26.6,41.5,34.0,374.0,3060.0,34.0,39.0,26.0,65.0,34.0,5.0,5.0,74.0,0.0,441.0,895.0,1.15,0.76,1.91,1.0,1.76,36.7,32.8,23.9,56.7,1.08,0.7,1.78,0.96,1.67,https://fbref.com/en/squads/0cdc4311/2021-2022/Augsburg-Stats
2022,Augsburg,Bundesliga,opponent,26.0,26.4,58.8,34.0,374.0,3060.0,34.0,54.0,40.0,94.0,49.0,5.0,5.0,59.0,0.0,561.0,1537.0,1.59,1.18,2.76,1.44,2.62,57.9,54.2,43.3,97.5,1.7,1.27,2.98,1.59,2.87,https://fbref.com/en/squads/0cdc4311/2021-2022/Augsburg-Stats
2022,Barcelona,La Liga,team,38.0,26.2,64.2,38.0,418.0,3420.0,38.0,68.0,52.0,120.0,62.0,6.0,7.0,97.0,5.0,961.0,2079.0,1.79,1.37,3.16,1.63,3.0,63.4,57.9,47.6,105.5,1.67,1.25,2.92,1.52,2.78,https://fbref.com/en/squads/206d90db/2021-2022/Barcelona-Stats
2022,Barcelona,La Liga,opponent,38.0,27.7,35.2,38.0,418.0,3420.0,38.0,38.0,27.0,65.0,36.0,2.0,3.0,93.0,5.0,448.0,938.0,1.0,0.71,1.71,0.95,1.66,34.4,32.1,24.7,56.8,0.91,0.65,1.56,0.84,1.49,https://fbref.com/en/squads/206d90db/2021-2022/Barcelona-Stats
2022,Bayern Munich,Bundesliga,team,30.0,26.8,64.5,34.0,374.0,3060.0,34.0,92.0,70.0,162.0,87.0,5.0,5.0,36.0,2.0,833.0,2164.0,2.71,2.06,4.76,2.56,4.62,89.0,85.1,66.7,151.8,2.62,1.96,4.58,2.5,4.46,https://fbref.com/en/squads/054efa67/2021-2022/Bayern-Munich-Stats
2022,Bayern Munich,Bundesliga,opponent,30.0,26.1,35.2,34.0,374.0,3060.0,34.0,36.0,28.0,64.0,34.0,2.0,2.0,49.0,0.0,439.0,918.0,1.06,0.82,1.88,1.0,1.82,36.3,34.7,29.0,63.7,1.07,0.85,1.92,1.02,1.87,https://fbref.com/en/squads/054efa67/2021-2022/Bayern-Munich-Stats
2022,Betis,La Liga,team,31.0,28.9,53.7,38.0,418.0,3420.0,38.0,60.0,45.0,105.0,54.0,6.0,6.0,87.0,6.0,666.0,1518.0,1.58,1.18,2.76,1.42,2.61,53.5,48.8,37.7,86.5,1.41,0.99,2.4,1.29,2.28,https://fbref.com/en/squads/fc536746/2021-2022/Real-Betis-Stats
2022,Betis,La Liga,opponent,31.0,27.4,45.9,38.0,418.0,3420.0,38.0,38.0,29.0,67.0,35.0,3.0,3.0,74.0,3.0,686.0,1375.0,1.0,0.76,1.76,0.92,1.68,43.4,41.1,30.2,71.3,1.14,0.79,1.94,1.08,1.88,https://fbref.com/en/squads/fc536746/2021-2022/Real-Betis-Stats
2022,Bochum,Bundesliga,team,28.0,28.0,44.7,34.0,374.0,3060.0,34.0,37.0,22.0,59.0,33.0,4.0,6.0,55.0,2.0,467.0,926.0,1.09,0.65,1.74,0.97,1.62,40.6,35.9,26.7,62.6,1.19,0.78,1.98,1.06,1.84,https://fbref.com/en/squads/b42c6323/2021-2022/Bochum-Stats
2022,Bochum,Bundesliga,opponent,28.0,26.2,55.5,34.0,374.0,3060.0,34.0,48.0,34.0,82.0,43.0,5.0,8.0,68.0,0.0,600.0,1406.0,1.41,1.0,2.41,1.26,2.26,55.8,50.4,41.7,92.1,1.64,1.23,2.87,1.48,2.71,https://fbref.com/en/squads/b42c6323/2021-2022/Bochum-Stats
2022,Bologna,Serie A,team,36.0,26.6,50.6,38.0,418.0,3420.0,38.0,43.0,34.0,77.0,39.0,4.0,5.0,92.0,7.0,540.0,1276.0,1.13,0.89,2.03,1.03,1.92,44.9,41.0,33.6,74.6,1.18,0.88,2.06,1.08,1.96,https://fbref.com/en/squads/1d8099f8/2021-2022/Bologna-Stats
2022,Bologna,Serie A,opponent,36.0,26.5,49.3,38.0,418.0,3420.0,38.0,53.0,32.0,85.0,45.0,8.0,9.0,83.0,4.0,790.0,1454.0,1.39,0.84,2.24,1.18,2.03,52.6,45.3,35.9,81.2,1.38,0.95,2.33,1.19,2.14,https://fbref.com/en/squads/1d8099f8/2021-2022/Bologna-Stats
2022,Bordeaux,Ligue 1,team,39.0,25.7,47.4,38.0,418.0,3420.0,38.0,50.0,39.0,89.0,48.0,2.0,4.0,91.0,5.0,609.0,1271.0,1.32,1.03,2.34,1.26,2.29,44.9,41.9,33.9,75.8,1.18,0.89,2.07,1.1,2.0,https://fbref.com/en/squads/123f3efe/2021-2022/Bordeaux-Stats
2022,Bordeaux,Ligue 1,opponent,39.0,26.0,52.7,38.0,418.0,3420.0,38.0,88.0,65.0,153.0,81.0,7.0,9.0,68.0,6.0,774.0,1648.0,2.32,1.71,4.03,2.13,3.84,66.8,59.7,48.0,107.7,1.76,1.26,3.02,1.57,2.83,https://fbref.com/en/squads/123f3efe/2021-2022/Bordeaux-Stats
2022,Brentford,Premier League,team,29.0,25.4,44.8,38.0,418.0,3420.0,38.0,46.0,33.0,79.0,40.0,6.0,6.0,65.0,3.0,450.0,1189.0,1.21,0.87,2.08,1.05,1.92,45.8,41.1,33.0,74.1,1.21,0.87,2.07,1.08,1.95,https://fbref.com/en/squads/cd051869/2021-2022/Brentford-Stats
2022,Brentford,Premier League,opponent,29.0,26.8,55.5,38.0,418.0,3420.0,38.0,54.0,41.0,95.0,49.0,5.0,5.0,50.0,3.0,734.0,1523.0,1.42,1.08,2.5,1.29,2.37,48.5,44.6,34.7,79.3,1.28,0.91,2.19,1.17,2.09,https://fbref.com/en/squads/cd051869/2021-2022/Brentford-Stats
2022,Brest,Ligue 1,team,25.0,25.4,43.9,38.0,418.0,3420.0,38.0,48.0,32.0,80.0,41.0,7.0,8.0,59.0,2.0,666.0,1349.0,1.26,0.84,2.11,1.08,1.92,43.4,37.0,28.7,65.7,1.14,0.76,1.9,0.97,1.73,https://fbref.com/en/squads/fb08dbb3/2021-2022/Brest-Stats
2022,Brest,Ligue 1,opponent,25.0,25.9,56.2,38.0,418.0,3420.0,38.0,55.0,41.0,96.0,51.0,4.0,4.0,81.0,7.0,683.0,1813.0,1.45,1.08,2.53,1.34,2.42,56.3,53.1,43.2,96.4,1.48,1.14,2.62,1.4,2.54,https://fbref.com/en/squads/fb08dbb3/2021-2022/Brest-Stats
2022,Brighton,Premier League,team,26.0,26.2,54.4,38.0,418.0,3420.0,38.0,40.0,30.0,70.0,36.0,4.0,7.0,72.0,2.0,676.0,1547.0,1.05,0.79,1.84,0.95,1.74,46.2,40.7,32.3,72.9,1.21,0.85,2.06,1.07,1.92,https://fbref.com/en/squads/d07537b9/2021-2022/Brighton-and-Hove-Albion-Stats
2022,Brighton,Premier League,opponent,26.0,26.9,45.3,38.0,418.0,3420.0,38.0,44.0,34.0,78.0,41.0,3.0,4.0,80.0,0.0,642.0,1263.0,1.16,0.89,2.05,1.08,1.97,42.9,39.8,30.0,69.9,1.13,0.79,1.92,1.05,1.84,https://fbref.com/en/squads/d07537b9/2021-2022/Brighton-and-Hove-Albion-Stats
2022,Burnley,Premier League,team,23.0,28.5,40.2,38.0,418.0,3420.0,38.0,32.0,26.0,58.0,31.0,1.0,2.0,68.0,2.0,388.0,972.0,0.84,0.68,1.53,0.82,1.5,39.7,38.1,31.2,69.3,1.05,0.82,1.87,1.0,1.82,https://fbref.com/en/squads/943e8050/2021-2022/Burnley-Stats
2022,Burnley,Premier League,opponent,23.0,26.7,60.2,38.0,418.0,3420.0,38.0,51.0,36.0,87.0,46.0,5.0,5.0,44.0,0.0,865.0,1711.0,1.34,0.95,2.29,1.21,2.16,57.1,53.2,40.7,93.9,1.5,1.07,2.57,1.4,2.47,https://fbref.com/en/squads/943e8050/2021-2022/Burnley-Stats
2022,Cagliari,Serie A,team,33.0,26.5,44.5,38.0,418.0,3420.0,38.0,34.0,26.0,60.0,31.0,3.0,4.0,96.0,5.0,474.0,1088.0,0.89,0.68,1.58,0.82,1.5,39.0,36.4,29.6,66.0,1.03,0.78,1.81,0.96,1.74,https://fbref.com/en/squads/c4260e09/2021-2022/Cagliari-Stats
2022,Cagliari,Serie A,opponent,33.0,26.7,55.6,38.0,418.0,3420.0,38.0,67.0,41.0,108.0,60.0,7.0,10.0,74.0,5.0,713.0,1597.0,1.76,1.08,2.84,1.58,2.66,61.0,53.2,43.6,96.8,1.6,1.15,2.75,1.4,2.55,https://fbref.com/en/squads/c4260e09/2021-2022/Cagliari-Stats
2022,Celta Vigo,La Liga,team,25.0,28.4,55.2,38.0,418.0,3420.0,38.0,43.0,29.0,72.0,40.0,3.0,6.0,87.0,3.0,665.0,1447.0,1.13,0.76,1.89,1.05,1.82,43.1,38.3,28.8,67.2,1.13,0.76,1.89,1.01,1.77,https://fbref.com/en/squads/f25da7fb/2021-2022/Celta-Vigo-Stats
2022,Celta Vigo,La Liga,opponent,25.0,27.4,44.4,38.0,418.0,3420.0,38.0,41.0,29.0,70.0,37.0,4.0,8.0,103.0,5.0,547.0,1251.0,1.08,0.76,1.84,0.97,1.74,45.7,39.4,28.7,68.0,1.2,0.75,1.96,1.04,1.79,https://fbref.com/en/squads/f25da7fb/2021-2022/Celta-Vigo-Stats
2022,Chelsea,Premier League,team,26.0,27.4,61.8,38.0,418.0,3420.0,38.0,75.0,52.0,127.0,67.0,8.0,9.0,63.0,1.0,894.0,1967.0,1.97,1.37,3.34,1.76,3.13,63.4,56.6,44.9,101.5,1.67,1.18,2.85,1.49,2.67,https://fbref.com/en/squads/cff3d9bb/2021-2022/Chelsea-Stats
2022,Chelsea,Premier League,opponent,26.0,26.7,37.7,38.0,418.0,3420.0,38.0,32.0,20.0,52.0,26.0,6.0,6.0,69.0,4.0,495.0,1004.0,0.84,0.53,1.37,0.68,1.21,33.2,28.9,21.7,50.6,0.87,0.57,1.45,0.76,1.33,https://fbref.com/en/squads/cff3d9bb/2021-2022/Chelsea-Stats
2022,Clermont Foot,Ligue 1,team,28.0,26.9,50.0,38.0,418.0,3420.0,38.0,36.0,25.0,61.0,34.0,2.0,3.0,65.0,8.0,617.0,1370.0,0.95,0.66,1.61,0.89,1.55,44.4,41.9,32.6,74.4,1.17,0.86,2.03,1.1,1.96,https://fbref.com/en/squads/d9676424/2021-2022/Clermont-Foot-Stats
2022,Clermont Foot,Ligue 1,opponent,28.0,25.7,50.0,38.0,418.0,3420.0,38.0,66.0,44.0,110.0,61.0,5.0,5.0,77.0,6.0,592.0,1448.0,1.74,1.16,2.89,1.61,2.76,52.4,48.4,38.6,87.0,1.38,1.02,2.39,1.27,2.29,https://fbref.com/en/squads/d9676424/2021-2022/Clermont-Foot-Stats
2022,Crystal Palace,Premier League,team,24.0,27.1,51.1,38.0,418.0,3420.0,38.0,50.0,31.0,81.0,44.0,6.0,8.0,69.0,1.0,592.0,1229.0,1.32,0.82,2.13,1.16,1.97,46.4,40.1,31.0,71.1,1.22,0.82,2.04,1.06,1.87,https://fbref.com/en/squads/47c64c55/2021-2022/Crystal-Palace-Stats
2022,Crystal Palace,Premier League,opponent,24.0,26.8,49.1,38.0,418.0,3420.0,38.0,44.0,30.0,74.0,41.0,3.0,4.0,74.0,3.0,563.0,1402.0,1.16,0.79,1.95,1.08,1.87,40.7,37.6,28.3,65.9,1.07,0.74,1.82,0.99,1.73,https://fbref.com/en/squads/47c64c55/2021-2022/Crystal-Palace-Stats
2022,Cádiz,La Liga,team,33.0,28.5,41.3,38.0,418.0,3420.0,38.0,35.0,21.0,56.0,32.0,3.0,6.0,105.0,3.0,571.0,1080.0,0.92,0.55,1.47,0.84,1.39,39.5,34.8,24.6,59.4,1.04,0.65,1.69,0.91,1.56,https://fbref.com/en/squads/ee7c297c/2021-2022/Cadiz-Stats
2022,Cádiz,La Liga,opponent,33.0,27.6,59.1,38.0,418.0,3420.0,38.0,51.0,31.0,82.0,40.0,11.0,13.0,98.0,6.0,735.0,1805.0,1.34,0.82,2.16,1.05,1.87,48.3,38.2,30.4,68.5,1.27,0.8,2.07,1.0,1.8,https://fbref.com/en/squads/ee7c297c/2021-2022/Cadiz-Stats
2022,Dortmund,Bundesliga,team,33.0,25.9,59.2,34.0,374.0,3060.0,34.0,81.0,57.0,138.0,70.0,11.0,11.0,63.0,1.0,670.0,1468.0,2.38,1.68,4.06,2.06,3.74,64.0,55.9,45.0,100.8,1.88,1.32,3.21,1.64,2.97,https://fbref.com/en/squads/add600ae/2021-2022/Dortmund-Stats
2022,Dortmund,Bundesliga,opponent,33.0,26.0,40.4,34.0,374.0,3060.0,34.0,50.0,32.0,82.0,44.0,6.0,6.0,69.0,0.0,490.0,1056.0,1.47,0.94,2.41,1.29,2.24,46.3,41.6,31.5,73.1,1.36,0.93,2.29,1.22,2.15,https://fbref.com/en/squads/add600ae/2021-2022/Dortmund-Stats
2022,Eint Frankfurt,Bundesliga,team,27.0,26.2,49.6,34.0,374.0,3060.0,34.0,43.0,33.0,76.0,42.0,1.0,2.0,61.0,1.0,609.0,1255.0,1.26,0.97,2.24,1.24,2.21,41.6,40.1,32.0,72.1,1.22,0.94,2.16,1.18,2.12,https://fbref.com/en/squads/f0ac8ee6/2021-2022/Eintracht-Frankfurt-Stats
2022,Eint Frankfurt,Bundesliga,opponent,27.0,26.1,50.4,34.0,374.0,3060.0,34.0,48.0,33.0,81.0,44.0,4.0,4.0,61.0,1.0,519.0,1236.0,1.41,0.97,2.38,1.29,2.26,47.0,43.8,33.3,77.1,1.38,0.98,2.36,1.29,2.27,https://fbref.com/en/squads/f0ac8ee6/2021-2022/Eintracht-Frankfurt-Stats
2022,Elche,La Liga,team,28.0,29.1,48.4,38.0,418.0,3420.0,38.0,39.0,29.0,68.0,38.0,1.0,1.0,104.0,6.0,531.0,1102.0,1.03,0.76,1.79,1.0,1.76,33.7,32.9,27.6,60.5,0.89,0.73,1.61,0.86,1.59,https://fbref.com/en/squads/6c8b07df/2021-2022/Elche-Stats
2022,Elche,La Liga,opponent,28.0,27.4,51.6,38.0,418.0,3420.0,38.0,52.0,41.0,93.0,45.0,7.0,9.0,80.0,2.0,657.0,1477.0,1.37,1.08,2.45,1.18,2.26,59.1,52.1,41.7,93.8,1.56,1.1,2.65,1.37,2.47,https://fbref.com/en/squads/6c8b07df/2021-2022/Elche-Stats
2022,Empoli,Serie A,team,28.0,24.5,47.4,38.0,418.0,3420.0,38.0,47.0,27.0,74.0,40.0,7.0,7.0,87.0,5.0,658.0,1477.0,1.24,0.71,1.95,1.05,1.76,44.9,39.3,28.9,68.3,1.18,0.76,1.94,1.04,1.8,https://fbref.com/en/squads/a3d88bd8/2021-2022/Empoli-Stats
2022,Empoli,Serie A,opponent,28.0,27.0,52.9,38.0,418.0,3420.0,38.0,64.0,44.0,108.0,59.0,5.0,10.0,80.0,1.0,823.0,1678.0,1.68,1.16,2.84,1.55,2.71,66.0,58.4,48.2,106.6,1.74,1.27,3.01,1.54,2.81,https://fbref.com/en/squads/a3d88bd8/2021-2022/Empoli-Stats
2022,Espanyol,La Liga,team,34.0,27.7,46.9,38.0,418.0,3420.0,38.0,39.0,25.0,64.0,34.0,5.0,5.0,99.0,7.0,610.0,1212.0,1.03,0.66,1.68,0.89,1.55,36.7,32.9,25.8,58.7,0.97,0.68,1.65,0.87,1.55,https://fbref.com/en/squads/a8661628/2021-2022/Espanyol-Stats
2022,Espanyol,La Liga,opponent,34.0,27.5,52.9,38.0,418.0,3420.0,38.0,51.0,39.0,90.0,47.0,4.0,5.0,120.0,7.0,800.0,1705.0,1.34,1.03,2.37,1.24,2.26,51.2,47.3,36.7,84.1,1.35,0.97,2.31,1.25,2.21,https://fbref.com/en/squads/a8661628/2021-2022/Espanyol-Stats
2022,Everton,Premier League,team,33.0,26.7,40.0,38.0,418.0,3420.0,38.0,42.0,29.0,71.0,36.0,6.0,7.0,82.0,6.0,512.0,1100.0,1.11,0.76,1.87,0.95,1.71,41.2,35.8,28.5,64.3,1.09,0.75,1.83,0.94,1.69,https://fbref.com/en/squads/d3fd31cc/2021-2022/Everton-Stats
2022,Everton,Premier League,opponent,33.0,26.8,60.3,38.0,418.0,3420.0,38.0,61.0,46.0,107.0,59.0,2.0,2.0,72.0,0.0,735.0,1799.0,1.61,1.21,2.82,1.55,2.76,55.4,53.9,41.8,95.8,1.46,1.1,2.56,1.42,2.52,https://fbref.com/en/squads/d3fd31cc/2021-2022/Everton-Stats
2022,Fiorentina,Serie A,team,28.0,26.4,57.7,38.0,418.0,3420.0,38.0,59.0,33.0,92.0,50.0,9.0,12.0,89.0,8.0,755.0,1584.0,1.55,0.87,2.42,1.32,2.18,60.0,50.8,39.2,90.1,1.58,1.03,2.61,1.34,2.37,https://fbref.com/en/squads/421387cf/2021-2022/Fiorentina-Stats
2022,Fiorentina,Serie A,opponent,28.0,26.7,41.8,38.0,418.0,3420.0,38.0,49.0,33.0,82.0,46.0,3.0,5.0,103.0,4.0,480.0,979.0,1.29,0.87,2.16,1.21,2.08,40.6,37.1,30.3,67.3,1.07,0.8,1.87,0.98,1.77,https://fbref.com/en/squads/421387cf/2021-2022/Fiorentina-Stats
2022,Freiburg,Bundesliga,team,26.0,26.5,49.0,34.0,374.0,3060.0,34.0,55.0,37.0,92.0,50.0,5.0,6.0,34.0,0.0,401.0,1229.0,1.62,1.09,2.71,1.47,2.56,50.4,45.7,34.5,80.2,1.48,1.01,2.5,1.35,2.36,https://fbref.com/en/squads/a486e511/2021-2022/Freiburg-Stats
2022,Freiburg,Bundesliga,opponent,26.0,26.2,50.8,34.0,374.0,3060.0,34.0,45.0,35.0,80.0,43.0,2.0,2.0,65.0,2.0,582.0,1123.0,1.32,1.03,2.35,1.26,2.29,44.0,42.5,33.2,75.7,1.29,0.98,2.27,1.25,2.23,https://fbref.com/en/squads/a486e511/2021-2022/Freiburg-Stats
2022,Genoa,Serie A,team,40.0,27.0,43.9,38.0,418.0,3420.0,38.0,26.0,19.0,45.0,20.0,6.0,7.0,92.0,3.0,517.0,1101.0,0.68,0.5,1.18,0.53,1.03,37.2,31.8,26.3,58.1,0.98,0.69,1.67,0.84,1.53,https://fbref.com/en/squads/658bf2de/2021-2022/Genoa-Stats
2022,Genoa,Serie A,opponent,40.0,26.7,56.1,38.0,418.0,3420.0,38.0,58.0,35.0,93.0,54.0,4.0,5.0,82.0,1.0,684.0,1572.0,1.53,0.92,2.45,1.42,2.34,54.1,50.1,38.7,88.9,1.42,1.02,2.44,1.32,2.34,https://fbref.com/en/squads/658bf2de/2021-2022/Genoa-Stats
2022,Getafe,La Liga,team,31.0,26.6,41.5,38.0,418.0,3420.0,38.0,31.0,26.0,57.0,28.0,3.0,5.0,121.0,8.0,399.0,917.0,0.82,0.68,1.5,0.74,1.42,29.3,25.3,19.4,44.7,0.77,0.51,1.28,0.67,1.18,https://fbref.com/en/squads/7848bd64/2021-2022/Getafe-Stats
2022,Getafe,La Liga,opponent,31.0,27.8,58.8,38.0,418.0,3420.0,38.0,40.0,30.0,70.0,38.0,2.0,4.0,110.0,4.0,612.0,1521.0,1.05,0.79,1.84,1.0,1.79,38.6,35.5,27.4,63.0,1.02,0.72,1.74,0.94,1.66,https://fbref.com/en/squads/7848bd64/2021-2022/Getafe-Stats
2022,Granada,La Liga,team,32.0,28.1,44.7,38.0,418.0,3420.0,38.0,43.0,28.0,71.0,40.0,3.0,5.0,105.0,4.0,435.0,1047.0,1.13,0.74,1.87,1.05,1.79,39.0,35.1,26.7,61.8,1.03,0.7,1.73,0.92,1.63,https://fbref.com/en/squads/a0435291/2021-2022/Granada-Stats
2022,Granada,La Liga,opponent,32.0,27.6,66.0,38.0,418.0,3420.0,38.0,59.0,46.0,105.0,52.0,7.0,9.0,101.0,9.0,706.0,1611.0,1.55,1.21,2.76,1.37,2.58,61.2,54.6,44.6,99.2,1.61,1.17,2.79,1.44,2.61,https://fbref.com/en/squads/a0435291/2021-2022/Granada-Stats
2022,Greuther Fürth,Bundesliga,team,29.0,25.9,43.6,34.0,374.0,3060.0,34.0,26.0,15.0,41.0,21.0,5.0,5.0,61.0,0.0,413.0,976.0,0.76,0.44,1.21,0.62,1.06,30.0,26.2,18.8,44.9,0.88,0.55,1.43,0.77,1.32,https://fbref.com/en/squads/12192a4c/2021-2022/Greuther-Furth-Stats
2022,Greuther Fürth,Bundesliga,opponent,29.0,26.3,56.6,34.0,374.0,3060.0,34.0,77.0,56.0,133.0,71.0,6.0,6.0,49.0,2.0,619.0,1501.0,2.26,1.65,3.91,2.09,3.74,60.2,55.5,42.4,97.9,1.77,1.25,3.02,1.63,2.88,https://fbref.com/en/squads/12192a4c/2021-2022/Greuther-Furth-Stats
2022,Hellas Verona,Serie A,team,31.0,26.8,50.6,38.0,418.0,3420.0,38.0,63.0,44.0,107.0,56.0,7.0,8.0,100.0,7.0,677.0,1587.0,1.66,1.16,2.82,1.47,2.63,50.4,44.2,34.1,78.4,1.33,0.9,2.23,1.16,2.06,https://fbref.com/en/squads/0e72edf2/2021-2022/Hellas-Verona-Stats
2022,Hellas Verona,Serie A,opponent,31.0,26.8,49.4,38.0,418.0,3420.0,38.0,57.0,38.0,95.0,54.0,3.0,4.0,74.0,3.0,568.0,1159.0,1.5,1.0,2.5,1.42,2.42,49.0,45.7,35.5,81.2,1.29,0.94,2.23,1.2,2.14,https://fbref.com/en/squads/0e72edf2/2021-2022/Hellas-Verona-Stats
2022,Hertha BSC,Bundesliga,team,36.0,26.7,43.7,34.0,374.0,3060.0,34.0,35.0,23.0,58.0,32.0,3.0,3.0,62.0,2.0,462.0,975.0,1.03,0.68,1.71,0.94,1.62,33.3,30.9,25.0,55.9,0.98,0.73,1.71,0.91,1.64,https://fbref.com/en/squads/2818f8bc/2021-2022/Hertha-BSC-Stats
2022,Hertha BSC,Bundesliga,opponent,36.0,26.2,56.5,34.0,374.0,3060.0,34.0,71.0,44.0,115.0,63.0,8.0,8.0,47.0,0.0,519.0,1500.0,2.09,1.29,3.38,1.85,3.15,54.3,48.1,36.9,85.0,1.6,1.09,2.68,1.41,2.5,https://fbref.com/en/squads/2818f8bc/2021-2022/Hertha-BSC-Stats
2022,Hoffenheim,Bundesliga,team,32.0,26.1,53.2,34.0,374.0,3060.0,34.0,55.0,42.0,97.0,55.0,0.0,0.0,75.0,0.0,588.0,1474.0,1.62,1.24,2.85,1.62,2.85,58.3,58.3,46.8,105.1,1.71,1.38,3.09,1.71,3.09,https://fbref.com/en/squads/033ea6b8/2021-2022/Hoffenheim-Stats
2022,Hoffenheim,Bundesliga,opponent,32.0,26.3,46.4,34.0,374.0,3060.0,34.0,59.0,46.0,105.0,57.0,2.0,4.0,47.0,3.0,509.0,1073.0,1.74,1.35,3.09,1.68,3.03,54.6,51.4,40.4,91.8,1.61,1.19,2.79,1.51,2.7,https://fbref.com/en/squads/033ea6b8/2021-2022/Hoffenheim-Stats
2022,Inter,Serie A,team,27.0,28.9,56.5,38.0,418.0,3420.0,38.0,83.0,57.0,140.0,76.0,7.0,11.0,71.0,0.0,782.0,1778.0,2.18,1.5,3.68,2.0,3.5,81.6,73.6,57.3,130.9,2.15,1.51,3.66,1.94,3.45,https://fbref.com/en/squads/d609edc0/2021-2022/Internazionale-Stats
2022,Inter,Serie A,opponent,27.0,26.7,43.4,38.0,418.0,3420.0,38.0,31.0,19.0,50.0,27.0,4.0,4.0,79.0,5.0,569.0,1095.0,0.82,0.5,1.32,0.71,1.21,39.1,36.0,25.5,61.5,1.03,0.67,1.7,0.95,1.62,https://fbref.com/en/squads/d609edc0/2021-2022/Internazionale-Stats
2022,Juventus,Serie A,team,32.0,27.4,51.5,38.0,418.0,3420.0,38.0,56.0,37.0,93.0,51.0,5.0,6.0,77.0,2.0,701.0,1464.0,1.47,0.97,2.45,1.34,2.32,51.4,46.7,36.3,83.0,1.35,0.96,2.31,1.23,2.18,https://fbref.com/en/squads/e0652b02/2021-2022/Juventus-Stats
2022,Juventus,Serie A,opponent,32.0,26.8,48.3,38.0,418.0,3420.0,38.0,36.0,21.0,57.0,32.0,4.0,7.0,94.0,4.0,719.0,1471.0,0.95,0.55,1.5,0.84,1.39,38.1,32.5,24.3,56.8,1.0,0.64,1.64,0.86,1.5,https://fbref.com/en/squads/e0652b02/2021-2022/Juventus-Stats
2022,Köln,Bundesliga,team,26.0,27.0,54.8,34.0,374.0,3060.0,34.0,52.0,40.0,92.0,51.0,1.0,1.0,67.0,1.0,550.0,1406.0,1.53,1.18,2.71,1.5,2.68,50.1,49.3,38.6,87.9,1.47,1.14,2.61,1.45,2.59,https://fbref.com/en/squads/bc357bf7/2021-2022/Koln-Stats
2022,Köln,Bundesliga,opponent,26.0,26.0,44.9,34.0,374.0,3060.0,34.0,47.0,38.0,85.0,47.0,0.0,1.0,65.0,0.0,494.0,1085.0,1.38,1.12,2.5,1.38,2.5,50.6,49.8,39.2,89.0,1.49,1.15,2.64,1.46,2.62,https://fbref.com/en/squads/bc357bf7/2021-2022/Koln-Stats
2022,Lazio,Serie A,team,27.0,29.0,55.4,38.0,418.0,3420.0,38.0,74.0,48.0,122.0,67.0,7.0,9.0,88.0,5.0,788.0,1527.0,1.95,1.26,3.21,1.76,3.03,55.3,48.2,38.8,87.0,1.46,1.02,2.48,1.27,2.29,https://fbref.com/en/squads/7213da33/2021-2022/Lazio-Stats
2022,Lazio,Serie A,opponent,27.0,26.5,44.4,38.0,418.0,3420.0,38.0,57.0,40.0,97.0,52.0,5.0,6.0,100.0,7.0,579.0,1293.0,1.5,1.05,2.55,1.37,2.42,47.7,43.0,34.3,77.3,1.25,0.9,2.16,1.13,2.03,https://fbref.com/en/squads/7213da33/2021-2022/Lazio-Stats
2022,Leeds United,Premier League,team,29.0,26.1,52.3,38.0,418.0,3420.0,38.0,42.0,26.0,68.0,37.0,5.0,5.0,101.0,3.0,671.0,1483.0,1.11,0.68,1.79,0.97,1.66,44.4,40.4,31.3,71.8,1.17,0.82,1.99,1.06,1.89,https://fbref.com/en/squads/5bfb9659/2021-2022/Leeds-United-Stats
2022,Leeds United,Premier League,opponent,29.0,26.9,47.5,38.0,418.0,3420.0,38.0,78.0,59.0,137.0,73.0,5.0,5.0,74.0,3.0,700.0,1359.0,2.05,1.55,3.61,1.92,3.47,67.8,64.0,48.5,112.4,1.79,1.28,3.06,1.68,2.96,https://fbref.com/en/squads/5bfb9659/2021-2022/Leeds-United-Stats
2022,Leicester City,Premier League,team,28.0,26.5,52.0,38.0,418.0,3420.0,38.0,62.0,46.0,108.0,60.0,2.0,2.0,55.0,1.0,622.0,1356.0,1.63,1.21,2.84,1.58,2.79,47.8,46.2,34.2,80.4,1.26,0.9,2.16,1.22,2.12,https://fbref.com/en/squads/a2d435b3/2021-2022/Leicester-City-Stats
2022,Leicester City,Premier League,opponent,28.0,26.8,47.9,38.0,418.0,3420.0,38.0,58.0,36.0,94.0,51.0,7.0,9.0,60.0,0.0,732.0,1496.0,1.53,0.95,2.47,1.34,2.29,59.3,52.6,39.8,92.4,1.56,1.05,2.61,1.38,2.43,https://fbref.com/en/squads/a2d435b3/2021-2022/Leicester-City-Stats
2022,Lens,Ligue 1,team,28.0,26.1,50.7,38.0,418.0,3420.0,38.0,60.0,39.0,99.0,55.0,5.0,5.0,73.0,7.0,763.0,1692.0,1.58,1.03,2.61,1.45,2.47,50.2,46.4,34.9,81.3,1.32,0.92,2.24,1.22,2.14,https://fbref.com/en/squads/fd4e0f7d/2021-2022/Lens-Stats
2022,Lens,Ligue 1,opponent,28.0,25.9,49.2,38.0,418.0,3420.0,38.0,48.0,31.0,79.0,44.0,4.0,5.0,84.0,7.0,654.0,1332.0,1.26,0.82,2.08,1.16,1.97,42.7,38.7,28.8,67.5,1.12,0.76,1.88,1.02,1.78,https://fbref.com/en/squads/fd4e0f7d/2021-2022/Lens-Stats
2022,Levante,La Liga,team,31.0,28.0,47.2,38.0,418.0,3420.0,38.0,51.0,34.0,85.0,43.0,8.0,13.0,109.0,6.0,569.0,1343.0,1.34,0.89,2.24,1.13,2.03,55.1,45.1,31.7,76.9,1.45,0.84,2.28,1.19,2.02,https://fbref.com/en/squads/9800b6a1/2021-2022/Levante-Stats
2022,Levante,La Liga,opponent,31.0,27.4,53.1,38.0,418.0,3420.0,38.0,76.0,59.0,135.0,71.0,5.0,6.0,104.0,5.0,716.0,1448.0,2.0,1.55,3.55,1.87,3.42,55.0,50.2,41.2,91.4,1.45,1.08,2.53,1.32,2.41,https://fbref.com/en/squads/9800b6a1/2021-2022/Levante-Stats
2022,Leverkusen,Bundesliga,team,29.0,24.4,53.7,34.0,374.0,3060.0,34.0,76.0,58.0,134.0,74.0,2.0,6.0,66.0,2.0,709.0,1341.0,2.24,1.71,3.94,2.18,3.88,62.6,57.8,46.2,104.0,1.84,1.36,3.2,1.7,3.06,https://fbref.com/en/squads/c7a9f859/2021-2022/Bayer-Leverkusen-Stats
2022,Leverkusen,Bundesliga,opponent,29.0,26.3,46.1,34.0,374.0,3060.0,34.0,46.0,25.0,71.0,44.0,2.0,4.0,50.0,1.0,553.0,1288.0,1.35,0.74,2.09,1.29,2.03,44.0,40.9,28.8,69.6,1.29,0.85,2.14,1.2,2.05,https://fbref.com/en/squads/c7a9f859/2021-2022/Bayer-Leverkusen-Stats
2022,Lille,Ligue 1,team,26.0,26.1,50.8,38.0,418.0,3420.0,38.0,45.0,29.0,74.0,41.0,4.0,5.0,98.0,6.0,725.0,1487.0,1.18,0.76,1.95,1.08,1.84,50.5,46.6,33.7,80.4,1.33,0.89,2.22,1.23,2.11,https://fbref.com/en/squads/cb188c0c/2021-2022/Lille-Stats
2022,Lille,Ligue 1,opponent,26.0,25.8,49.2,38.0,418.0,3420.0,38.0,46.0,24.0,70.0,40.0,6.0,6.0,86.0,8.0,723.0,1476.0,1.21,0.63,1.84,1.05,1.68,39.9,35.4,24.0,59.4,1.05,0.63,1.68,0.93,1.56,https://fbref.com/en/squads/cb188c0c/2021-2022/Lille-Stats
2022,Liverpool,Premier League,team,27.0,27.7,62.7,38.0,418.0,3420.0,38.0,94.0,71.0,165.0,87.0,7.0,8.0,50.0,1.0,885.0,2243.0,2.47,1.87,4.34,2.29,4.16,88.7,82.7,63.5,146.2,2.33,1.67,4.0,2.18,3.85,https://fbref.com/en/squads/822bd0ba/2021-2022/Liverpool-Stats
2022,Liverpool,Premier League,opponent,27.0,26.7,36.7,38.0,418.0,3420.0,38.0,25.0,18.0,43.0,25.0,0.0,0.0,63.0,3.0,469.0,912.0,0.66,0.47,1.13,0.66,1.13,33.8,33.8,27.5,61.3,0.89,0.72,1.61,0.89,1.61,https://fbref.com/en/squads/822bd0ba/2021-2022/Liverpool-Stats
2022,Lorient,Ligue 1,team,29.0,26.2,44.4,38.0,418.0,3420.0,38.0,35.0,20.0,55.0,32.0,3.0,3.0,69.0,4.0,569.0,1258.0,0.92,0.53,1.45,0.84,1.37,41.3,39.0,29.7,68.7,1.09,0.78,1.87,1.03,1.81,https://fbref.com/en/squads/d2c87802/2021-2022/Lorient-Stats
2022,Lorient,Ligue 1,opponent,29.0,26.0,55.7,38.0,418.0,3420.0,38.0,60.0,39.0,99.0,55.0,5.0,6.0,72.0,10.0,755.0,1625.0,1.58,1.03,2.61,1.45,2.47,50.5,45.8,34.3,80.1,1.33,0.9,2.23,1.21,2.11,https://fbref.com/en/squads/d2c87802/2021-2022/Lorient-Stats
2022,Lyon,Ligue 1,team,30.0,25.6,58.4,38.0,418.0,3420.0,38.0,64.0,45.0,109.0,56.0,8.0,8.0,65.0,6.0,781.0,1756.0,1.68,1.18,2.87,1.47,2.66,66.9,60.7,48.3,109.0,1.76,1.27,3.03,1.6,2.87,https://fbref.com/en/squads/d53c0b06/2021-2022/Lyon-Stats
2022,Lyon,Ligue 1,opponent,30.0,26.0,41.2,38.0,418.0,3420.0,38.0,48.0,30.0,78.0,41.0,7.0,8.0,63.0,0.0,661.0,1321.0,1.26,0.79,2.05,1.08,1.87,54.6,48.2,39.1,87.3,1.44,1.03,2.46,1.27,2.3,https://fbref.com/en/squads/d53c0b06/2021-2022/Lyon-Stats
2022,M'Gladbach,Bundesliga,team,26.0,26.0,54.0,34.0,374.0,3060.0,34.0,54.0,38.0,92.0,49.0,5.0,7.0,67.0,1.0,527.0,1291.0,1.59,1.12,2.71,1.44,2.56,56.2,50.6,37.8,88.4,1.65,1.11,2.76,1.49,2.6,https://fbref.com/en/squads/32f3ee20/2021-2022/Monchengladbach-Stats
2022,M'Gladbach,Bundesliga,opponent,26.0,26.2,45.6,34.0,374.0,3060.0,34.0,61.0,46.0,107.0,58.0,3.0,5.0,73.0,4.0,540.0,1193.0,1.79,1.35,3.15,1.71,3.06,55.0,50.8,39.4,90.2,1.62,1.16,2.78,1.49,2.65,https://fbref.com/en/squads/32f3ee20/2021-2022/Monchengladbach-Stats
2022,Mainz 05,Bundesliga,team,28.0,26.2,46.5,34.0,374.0,3060.0,34.0,49.0,36.0,85.0,45.0,4.0,4.0,62.0,4.0,445.0,1178.0,1.44,1.06,2.5,1.32,2.38,50.4,47.2,36.4,83.6,1.48,1.07,2.55,1.39,2.46,https://fbref.com/en/squads/a224b06a/2021-2022/Mainz-05-Stats
2022,Mainz 05,Bundesliga,opponent,28.0,26.2,53.7,34.0,374.0,3060.0,34.0,44.0,32.0,76.0,39.0,5.0,6.0,69.0,0.0,528.0,1190.0,1.29,0.94,2.24,1.15,2.09,43.9,39.8,29.4,69.1,1.29,0.86,2.15,1.17,2.03,https://fbref.com/en/squads/a224b06a/2021-2022/Mainz-05-Stats
2022,Mallorca,La Liga,team,33.0,27.9,45.3,38.0,418.0,3420.0,38.0,33.0,23.0,56.0,27.0,6.0,7.0,114.0,7.0,575.0,1129.0,0.87,0.61,1.47,0.71,1.32,38.8,33.3,25.7,59.0,1.02,0.68,1.7,0.88,1.55,https://fbref.com/en/squads/2aa12281/2021-2022/Mallorca-Stats
2022,Mallorca,La Liga,opponent,33.0,27.7,54.9,38.0,418.0,3420.0,38.0,59.0,40.0,99.0,53.0,6.0,8.0,114.0,6.0,650.0,1379.0,1.55,1.05,2.61,1.39,2.45,49.3,43.0,33.8,76.8,1.3,0.89,2.19,1.13,2.02,https://fbref.com/en/squads/2aa12281/2021-2022/Mallorca-Stats
2022,Manchester City,Premier League,team,26.0,27.0,67.9,38.0,418.0,3420.0,38.0,96.0,63.0,159.0,89.0,7.0,9.0,42.0,1.0,1145.0,2421.0,2.53,1.66,4.18,2.34,4.0,88.7,81.4,65.5,146.9,2.33,1.72,4.06,2.14,3.87,https://fbref.com/en/squads/b8fd03ef/2021-2022/Manchester-City-Stats
2022,Manchester City,Premier League,opponent,26.0,26.9,31.5,38.0,418.0,3420.0,38.0,26.0,23.0,49.0,25.0,1.0,1.0,68.0,3.0,392.0,757.0,0.68,0.61,1.29,0.66,1.26,24.6,23.9,19.0,42.8,0.65,0.5,1.15,0.63,1.13,https://fbref.com/en/squads/b8fd03ef/2021-2022/Manchester-City-Stats
2022,Manchester Utd,Premier League,team,29.0,27.2,52.7,38.0,418.0,3420.0,38.0,56.0,46.0,102.0,53.0,3.0,5.0,77.0,2.0,784.0,1568.0,1.47,1.21,2.68,1.39,2.61,55.8,51.9,42.5,94.3,1.47,1.12,2.59,1.36,2.48,https://fbref.com/en/squads/19538871/2021-2022/Manchester-United-Stats
2022,Manchester Utd,Premier League,opponent,29.0,27.0,47.1,38.0,418.0,3420.0,38.0,54.0,41.0,95.0,51.0,3.0,5.0,48.0,1.0,672.0,1404.0,1.42,1.08,2.5,1.34,2.42,53.0,49.4,39.0,88.4,1.39,1.03,2.42,1.3,2.33,https://fbref.com/en/squads/19538871/2021-2022/Manchester-United-Stats
2022,Marseille,Ligue 1,team,27.0,25.0,61.7,38.0,418.0,3420.0,38.0,61.0,40.0,101.0,51.0,10.0,10.0,61.0,3.0,762.0,1866.0,1.61,1.05,2.66,1.34,2.39,58.2,50.5,41.1,91.6,1.53,1.08,2.61,1.33,2.41,https://fbref.com/en/squads/5725cc7b/2021-2022/Marseille-Stats
2022,Marseille,Ligue 1,opponent,27.0,25.8,38.0,38.0,418.0,3420.0,38.0,37.0,27.0,64.0,33.0,4.0,4.0,84.0,7.0,502.0,1122.0,0.97,0.71,1.68,0.87,1.58,39.0,35.9,28.6,64.6,1.03,0.75,1.78,0.95,1.7,https://fbref.com/en/squads/5725cc7b/2021-2022/Marseille-Stats
2022,Metz,Ligue 1,team,36.0,25.9,42.9,38.0,418.0,3420.0,38.0,33.0,24.0,57.0,32.0,1.0,1.0,94.0,9.0,572.0,1015.0,0.87,0.63,1.5,0.84,1.47,29.2,28.4,21.5,49.9,0.77,0.57,1.33,0.75,1.31,https://fbref.com/en/squads/f83960ae/2021-2022/Metz-Stats
2022,Metz,Ligue 1,opponent,36.0,26.1,57.2,38.0,418.0,3420.0,38.0,67.0,50.0,117.0,62.0,5.0,5.0,67.0,2.0,732.0,1742.0,1.76,1.32,3.08,1.63,2.95,62.5,58.6,45.2,103.8,1.65,1.19,2.83,1.54,2.73,https://fbref.com/en/squads/f83960ae/2021-2022/Metz-Stats
2022,Milan,Serie A,team,28.0,25.6,54.0,38.0,418.0,3420.0,38.0,66.0,39.0,105.0,61.0,5.0,8.0,76.0,3.0,806.0,1486.0,1.74,1.03,2.76,1.61,2.63,59.7,54.1,42.8,96.9,1.57,1.13,2.7,1.42,2.55,https://fbref.com/en/squads/dc56fe14/2021-2022/Milan-Stats
2022,Milan,Serie A,opponent,28.0,27.0,45.8,38.0,418.0,3420.0,38.0,29.0,19.0,48.0,25.0,4.0,5.0,91.0,6.0,542.0,1298.0,0.76,0.5,1.26,0.66,1.16,35.9,32.1,25.7,57.8,0.95,0.68,1.62,0.84,1.52,https://fbref.com/en/squads/dc56fe14/2021-2022/Milan-Stats
2022,Monaco,Ligue 1,team,27.0,24.4,54.1,38.0,418.0,3420.0,38.0,62.0,45.0,107.0,53.0,9.0,9.0,85.0,4.0,750.0,1871.0,1.63,1.18,2.82,1.39,2.58,59.3,52.3,44.1,96.3,1.56,1.16,2.72,1.38,2.54,https://fbref.com/en/squads/fd6114db/2021-2022/Monaco-Stats
2022,Monaco,Ligue 1,opponent,27.0,25.9,45.8,38.0,418.0,3420.0,38.0,37.0,25.0,62.0,29.0,8.0,9.0,66.0,2.0,561.0,1253.0,0.97,0.66,1.63,0.76,1.42,40.3,33.4,26.2,59.5,1.06,0.69,1.75,0.88,1.57,https://fbref.com/en/squads/fd6114db/2021-2022/Monaco-Stats
2022,Montpellier,Ligue 1,team,26.0,25.8,48.2,38.0,418.0,3420.0,38.0,48.0,31.0,79.0,45.0,3.0,4.0,77.0,8.0,604.0,1282.0,1.26,0.82,2.08,1.18,2.0,42.7,39.6,28.6,68.2,1.12,0.75,1.88,1.04,1.79,https://fbref.com/en/squads/281b0e73/2021-2022/Montpellier-Stats
2022,Montpellier,Ligue 1,opponent,26.0,26.0,51.9,38.0,418.0,3420.0,38.0,60.0,41.0,101.0,55.0,5.0,6.0,87.0,4.0,905.0,1660.0,1.58,1.08,2.66,1.45,2.53,57.1,52.4,43.5,95.9,1.5,1.14,2.65,1.38,2.52,https://fbref.com/en/squads/281b0e73/2021-2022/Montpellier-Stats
2022,Nantes,Ligue 1,team,26.0,26.1,43.9,38.0,418.0,3420.0,38.0,53.0,37.0,90.0,48.0,5.0,5.0,80.0,4.0,607.0,1330.0,1.39,0.97,2.37,1.26,2.24,45.5,41.6,34.7,76.3,1.2,0.91,2.11,1.1,2.01,https://fbref.com/en/squads/d7a486cd/2021-2022/Nantes-Stats
2022,Nantes,Ligue 1,opponent,26.0,25.8,56.3,38.0,418.0,3420.0,38.0,47.0,34.0,81.0,43.0,4.0,7.0,61.0,9.0,697.0,1707.0,1.24,0.89,2.13,1.13,2.03,52.7,47.3,35.0,82.3,1.39,0.92,2.31,1.25,2.17,https://fbref.com/en/squads/d7a486cd/2021-2022/Nantes-Stats
2022,Napoli,Serie A,team,27.0,27.9,58.3,38.0,418.0,3420.0,38.0,74.0,46.0,120.0,64.0,10.0,14.0,63.0,2.0,827.0,1665.0,1.95,1.21,3.16,1.68,2.89,57.8,46.6,37.1,83.7,1.52,0.98,2.5,1.23,2.2,https://fbref.com/en/squads/d48ad4ff/2021-2022/Napoli-Stats
2022,Napoli,Serie A,opponent,27.0,26.6,41.5,38.0,418.0,3420.0,38.0,30.0,19.0,49.0,29.0,1.0,1.0,101.0,9.0,565.0,1254.0,0.79,0.5,1.29,0.76,1.26,32.5,31.8,25.2,57.0,0.85,0.66,1.52,0.84,1.5,https://fbref.com/en/squads/d48ad4ff/2021-2022/Napoli-Stats
2022,Newcastle Utd,Premier League,team,29.0,27.5,40.4,38.0,418.0,3420.0,38.0,41.0,23.0,64.0,38.0,3.0,3.0,81.0,2.0,544.0,923.0,1.08,0.61,1.68,1.0,1.61,38.1,35.9,25.8,61.7,1.0,0.68,1.68,0.94,1.62,https://fbref.com/en/squads/b2b47a98/2021-2022/Newcastle-United-Stats
2022,Newcastle Utd,Premier League,opponent,29.0,26.8,60.1,38.0,418.0,3420.0,38.0,60.0,43.0,103.0,55.0,5.0,6.0,75.0,3.0,774.0,1725.0,1.58,1.13,2.71,1.45,2.58,57.1,52.6,42.7,95.3,1.5,1.12,2.63,1.39,2.51,https://fbref.com/en/squads/b2b47a98/2021-2022/Newcastle-United-Stats
2022,Nice,Ligue 1,team,27.0,25.0,51.5,38.0,418.0,3420.0,38.0,52.0,35.0,87.0,44.0,8.0,10.0,77.0,6.0,732.0,1474.0,1.37,0.92,2.29,1.16,2.08,55.6,48.0,39.0,86.9,1.46,1.03,2.49,1.26,2.29,https://fbref.com/en/squads/132ebc33/2021-2022/Nice-Stats
2022,Nice,Ligue 1,opponent,27.0,26.0,48.4,38.0,418.0,3420.0,38.0,36.0,24.0,60.0,32.0,4.0,5.0,59.0,3.0,577.0,1396.0,0.95,0.63,1.58,0.84,1.47,42.5,38.5,29.8,68.3,1.12,0.78,1.9,1.01,1.8,https://fbref.com/en/squads/132ebc33/2021-2022/Nice-Stats
2022,Norwich City,Premier League,team,28.0,26.2,42.9,38.0,418.0,3420.0,38.0,21.0,16.0,37.0,18.0,3.0,3.0,57.0,1.0,566.0,1031.0,0.55,0.42,0.97,0.47,0.89,32.3,30.0,24.3,54.3,0.85,0.64,1.49,0.79,1.43,https://fbref.com/en/squads/1c781004/2021-2022/Norwich-City-Stats
2022,Norwich City,Premier League,opponent,28.0,26.8,57.5,38.0,418.0,3420.0,38.0,82.0,57.0,139.0,73.0,9.0,12.0,62.0,2.0,822.0,1773.0,2.16,1.5,3.66,1.92,3.42,75.5,66.3,54.4,120.7,1.99,1.43,3.42,1.75,3.18,https://fbref.com/en/squads/1c781004/2021-2022/Norwich-City-Stats
2022,Osasuna,La Liga,team,29.0,27.7,46.9,38.0,418.0,3420.0,38.0,37.0,23.0,60.0,31.0,6.0,8.0,84.0,2.0,417.0,1328.0,0.97,0.61,1.58,0.82,1.42,36.7,30.7,22.9,53.6,0.96,0.6,1.57,0.81,1.41,https://fbref.com/en/squads/03c57e2b/2021-2022/Osasuna-Stats
2022,Osasuna,La Liga,opponent,29.0,27.6,53.3,38.0,418.0,3420.0,38.0,49.0,37.0,86.0,45.0,4.0,7.0,73.0,1.0,722.0,1330.0,1.29,0.97,2.26,1.18,2.16,46.3,40.8,32.5,73.2,1.22,0.85,2.07,1.07,1.93,https://fbref.com/en/squads/03c57e2b/2021-2022/Osasuna-Stats
2022,Paris S-G,Ligue 1,team,36.0,27.8,63.0,38.0,418.0,3420.0,38.0,88.0,65.0,153.0,81.0,7.0,8.0,79.0,4.0,877.0,2055.0,2.32,1.71,4.03,2.13,3.84,76.7,70.6,55.9,126.6,2.02,1.47,3.49,1.86,3.33,https://fbref.com/en/squads/e2d8892c/2021-2022/Paris-Saint-Germain-Stats
2022,Paris S-G,Ligue 1,opponent,36.0,25.7,36.6,38.0,418.0,3420.0,38.0,35.0,25.0,60.0,32.0,3.0,3.0,74.0,5.0,700.0,1090.0,0.92,0.66,1.58,0.84,1.5,39.8,37.4,29.4,66.8,1.05,0.77,1.82,0.98,1.76,https://fbref.com/en/squads/e2d8892c/2021-2022/Paris-Saint-Germain-Stats
2022,RB Leipzig,Bundesliga,team,29.0,25.3,56.1,34.0,374.0,3060.0,34.0,72.0,53.0,125.0,64.0,8.0,9.0,49.0,0.0,542.0,1467.0,2.12,1.56,3.68,1.88,3.44,64.5,58.4,49.2,107.6,1.9,1.45,3.34,1.72,3.16,https://fbref.com/en/squads/acbb6a5b/2021-2022/RB-Leipzig-Stats
2022,RB Leipzig,Bundesliga,opponent,29.0,26.0,43.4,34.0,374.0,3060.0,34.0,36.0,23.0,59.0,33.0,3.0,3.0,68.0,4.0,451.0,986.0,1.06,0.68,1.74,0.97,1.65,40.1,37.7,27.9,65.6,1.18,0.82,2.0,1.11,1.93,https://fbref.com/en/squads/acbb6a5b/2021-2022/RB-Leipzig-Stats
2022,Rayo Vallecano,La Liga,team,28.0,27.5,49.9,38.0,418.0,3420.0,38.0,38.0,28.0,66.0,34.0,4.0,4.0,101.0,3.0,697.0,1312.0,1.0,0.74,1.74,0.89,1.63,42.8,39.7,30.7,70.3,1.13,0.81,1.93,1.04,1.85,https://fbref.com/en/squads/98e8af82/2021-2022/Rayo-Vallecano-Stats
2022,Rayo Vallecano,La Liga,opponent,28.0,27.6,50.1,38.0,418.0,3420.0,38.0,49.0,33.0,82.0,42.0,7.0,9.0,110.0,3.0,603.0,1330.0,1.29,0.87,2.16,1.11,1.97,48.4,41.5,34.7,76.1,1.27,0.91,2.19,1.09,2.0,https://fbref.com/en/squads/98e8af82/2021-2022/Rayo-Vallecano-Stats
2022,Real Madrid,La Liga,team,31.0,27.7,59.9,38.0,418.0,3420.0,38.0,80.0,59.0,139.0,72.0,8.0,12.0,76.0,0.0,1029.0,2078.0,2.11,1.55,3.66,1.89,3.45,71.7,62.2,50.7,112.9,1.89,1.33,3.22,1.64,2.97,https://fbref.com/en/squads/53a2f082/2021-2022/Real-Madrid-Stats
2022,Real Madrid,La Liga,opponent,31.0,27.6,34.0,38.0,418.0,3420.0,38.0,31.0,20.0,51.0,28.0,3.0,5.0,82.0,3.0,632.0,1257.0,0.82,0.53,1.34,0.74,1.26,43.9,39.8,32.2,72.0,1.15,0.85,2.0,1.05,1.89,https://fbref.com/en/squads/53a2f082/2021-2022/Real-Madrid-Stats
2022,Real Sociedad,La Liga,team,32.0,25.7,54.3,38.0,418.0,3420.0,38.0,40.0,22.0,62.0,31.0,9.0,10.0,77.0,4.0,667.0,1462.0,1.05,0.58,1.63,0.82,1.39,51.5,43.8,32.9,76.7,1.36,0.87,2.22,1.15,2.02,https://fbref.com/en/squads/e31d1cd9/2021-2022/Real-Sociedad-Stats
2022,Real Sociedad,La Liga,opponent,32.0,27.7,45.3,38.0,418.0,3420.0,38.0,37.0,28.0,65.0,32.0,5.0,6.0,95.0,2.0,587.0,1206.0,0.97,0.74,1.71,0.84,1.58,38.7,34.0,28.1,62.1,1.02,0.74,1.76,0.89,1.63,https://fbref.com/en/squads/e31d1cd9/2021-2022/Real-Sociedad-Stats
2022,Reims,Ligue 1,team,35.0,24.0,42.2,38.0,418.0,3420.0,38.0,42.0,27.0,69.0,38.0,4.0,6.0,68.0,7.0,614.0,1185.0,1.11,0.71,1.82,1.0,1.71,37.7,32.8,26.0,58.8,0.99,0.68,1.68,0.86,1.55,https://fbref.com/en/squads/7fdd64e0/2021-2022/Reims-Stats
2022,Reims,Ligue 1,opponent,35.0,25.9,57.8,38.0,418.0,3420.0,38.0,44.0,26.0,70.0,39.0,5.0,7.0,76.0,6.0,749.0,1614.0,1.16,0.68,1.84,1.03,1.71,46.4,40.9,30.4,71.3,1.22,0.8,2.02,1.08,1.88,https://fbref.com/en/squads/7fdd64e0/2021-2022/Reims-Stats
2022,Rennes,Ligue 1,team,28.0,25.3,55.9,38.0,418.0,3420.0,38.0,81.0,61.0,142.0,77.0,4.0,4.0,56.0,2.0,676.0,1737.0,2.13,1.61,3.74,2.03,3.63,62.8,59.6,47.1,106.7,1.65,1.24,2.89,1.57,2.81,https://fbref.com/en/squads/b3072e00/2021-2022/Rennes-Stats
2022,Rennes,Ligue 1,opponent,28.0,25.8,43.7,38.0,418.0,3420.0,38.0,39.0,27.0,66.0,34.0,5.0,6.0,73.0,2.0,560.0,1172.0,1.03,0.71,1.74,0.89,1.61,42.9,38.3,29.7,68.0,1.13,0.78,1.91,1.01,1.79,https://fbref.com/en/squads/b3072e00/2021-2022/Rennes-Stats
2022,Roma,Serie A,team,29.0,26.4,51.4,38.0,418.0,3420.0,38.0,58.0,31.0,89.0,51.0,7.0,9.0,111.0,8.0,733.0,1587.0,1.53,0.82,2.34,1.34,2.16,65.1,58.1,46.3,104.4,1.71,1.22,2.93,1.53,2.75,https://fbref.com/en/squads/cf74a709/2021-2022/Roma-Stats
2022,Roma,Serie A,opponent,29.0,26.8,48.6,38.0,418.0,3420.0,38.0,41.0,23.0,64.0,36.0,5.0,6.0,106.0,8.0,646.0,1275.0,1.08,0.61,1.68,0.95,1.55,38.4,33.7,26.2,59.9,1.01,0.69,1.7,0.89,1.58,https://fbref.com/en/squads/cf74a709/2021-2022/Roma-Stats
2022,Saint-Étienne,Ligue 1,team,39.0,25.1,48.5,38.0,418.0,3420.0,38.0,41.0,25.0,66.0,36.0,5.0,5.0,81.0,5.0,685.0,1400.0,1.08,0.66,1.74,0.95,1.61,38.3,34.5,26.2,60.7,1.01,0.69,1.7,0.91,1.6,https://fbref.com/en/squads/d298ef2c/2021-2022/Saint-Etienne-Stats
2022,Saint-Étienne,Ligue 1,opponent,39.0,26.1,50.7,38.0,418.0,3420.0,38.0,73.0,57.0,130.0,65.0,8.0,8.0,69.0,1.0,571.0,1445.0,1.92,1.5,3.42,1.71,3.21,58.2,52.1,42.9,94.9,1.53,1.13,2.66,1.37,2.5,https://fbref.com/en/squads/d298ef2c/2021-2022/Saint-Etienne-Stats
2022,Salernitana,Serie A,team,42.0,27.7,41.2,38.0,418.0,3420.0,38.0,32.0,19.0,51.0,28.0,4.0,5.0,94.0,5.0,528.0,1031.0,0.84,0.5,1.34,0.74,1.24,36.5,32.9,24.8,57.7,0.96,0.65,1.61,0.87,1.52,https://fbref.com/en/squads/c5577084/2021-2022/Salernitana-Stats
2022,Salernitana,Serie A,opponent,42.0,26.8,59.0,38.0,418.0,3420.0,38.0,76.0,58.0,134.0,70.0,6.0,8.0,98.0,8.0,840.0,1705.0,2.0,1.53,3.53,1.84,3.37,65.2,59.1,48.2,107.3,1.72,1.27,2.99,1.55,2.82,https://fbref.com/en/squads/c5577084/2021-2022/Salernitana-Stats
2022,Sampdoria,Serie A,team,34.0,29.0,46.1,38.0,418.0,3420.0,38.0,42.0,29.0,71.0,40.0,2.0,4.0,94.0,4.0,467.0,1187.0,1.11,0.76,1.87,1.05,1.82,36.7,33.4,26.2,59.6,0.97,0.69,1.66,0.88,1.57,https://fbref.com/en/squads/8ff9e3b3/2021-2022/Sampdoria-Stats
2022,Sampdoria,Serie A,opponent,34.0,26.7,54.1,38.0,418.0,3420.0,38.0,61.0,41.0,102.0,58.0,3.0,4.0,82.0,2.0,807.0,1548.0,1.61,1.08,2.68,1.53,2.61,56.1,53.0,38.0,91.0,1.48,1.0,2.48,1.39,2.39,https://fbref.com/en/squads/8ff9e3b3/2021-2022/Sampdoria-Stats
2022,Sassuolo,Serie A,team,29.0,26.1,54.9,38.0,418.0,3420.0,38.0,60.0,39.0,99.0,53.0,7.0,7.0,92.0,4.0,815.0,1507.0,1.58,1.03,2.61,1.39,2.42,55.7,50.2,39.0,89.2,1.46,1.03,2.49,1.32,2.35,https://fbref.com/en/squads/e2befd26/2021-2022/Sassuolo-Stats
2022,Sassuolo,Serie A,opponent,29.0,26.8,44.8,38.0,418.0,3420.0,38.0,65.0,48.0,113.0,57.0,8.0,9.0,83.0,6.0,699.0,1363.0,1.71,1.26,2.97,1.5,2.76,66.4,59.3,50.0,109.2,1.75,1.31,3.06,1.56,2.87,https://fbref.com/en/squads/e2befd26/2021-2022/Sassuolo-Stats
2022,Sevilla,La Liga,team,33.0,28.6,59.4,38.0,418.0,3420.0,38.0,51.0,40.0,91.0,49.0,2.0,3.0,97.0,4.0,625.0,1596.0,1.34,1.05,2.39,1.29,2.34,42.4,40.0,32.5,72.5,1.12,0.86,1.97,1.05,1.91,https://fbref.com/en/squads/ad2be733/2021-2022/Sevilla-Stats
2022,Sevilla,La Liga,opponent,33.0,27.8,40.2,38.0,418.0,3420.0,38.0,30.0,19.0,49.0,28.0,2.0,4.0,98.0,4.0,521.0,1182.0,0.79,0.5,1.29,0.74,1.24,36.9,33.8,25.0,58.9,0.97,0.66,1.63,0.89,1.55,https://fbref.com/en/squads/ad2be733/2021-2022/Sevilla-Stats
2022,Southampton,Premier League,team,25.0,25.7,47.7,38.0,418.0,3420.0,38.0,41.0,26.0,67.0,37.0,4.0,4.0,65.0,2.0,728.0,1326.0,1.08,0.68,1.76,0.97,1.66,44.8,41.6,32.5,74.1,1.18,0.85,2.03,1.1,1.95,https://fbref.com/en/squads/33c895d4/2021-2022/Southampton-Stats
2022,Southampton,Premier League,opponent,25.0,26.8,52.1,38.0,418.0,3420.0,38.0,65.0,47.0,112.0,63.0,2.0,2.0,64.0,1.0,647.0,1497.0,1.71,1.24,2.95,1.66,2.89,60.0,58.5,45.7,104.3,1.58,1.2,2.78,1.54,2.74,https://fbref.com/en/squads/33c895d4/2021-2022/Southampton-Stats
2022,Spezia,Serie A,team,30.0,24.4,42.7,38.0,418.0,3420.0,38.0,38.0,25.0,63.0,35.0,3.0,5.0,88.0,4.0,511.0,999.0,1.0,0.66,1.66,0.92,1.58,40.1,36.2,27.9,64.1,1.05,0.73,1.79,0.95,1.69,https://fbref.com/en/squads/68449f6d/2021-2022/Spezia-Stats
2022,Spezia,Serie A,opponent,30.0,27.0,57.3,38.0,418.0,3420.0,38.0,68.0,44.0,112.0,58.0,10.0,13.0,85.0,2.0,722.0,1654.0,1.79,1.16,2.95,1.53,2.68,64.4,54.4,44.5,98.9,1.69,1.17,2.87,1.43,2.6,https://fbref.com/en/squads/68449f6d/2021-2022/Spezia-Stats
2022,Strasbourg,Ligue 1,team,26.0,27.0,49.5,38.0,418.0,3420.0,38.0,56.0,40.0,96.0,50.0,6.0,8.0,72.0,3.0,573.0,1589.0,1.47,1.05,2.53,1.32,2.37,55.6,49.4,39.6,89.0,1.46,1.04,2.51,1.3,2.34,https://fbref.com/en/squads/c0d3eab4/2021-2022/Strasbourg-Stats
2022,Strasbourg,Ligue 1,opponent,26.0,25.9,50.5,38.0,418.0,3420.0,38.0,42.0,31.0,73.0,38.0,4.0,4.0,78.0,4.0,694.0,1334.0,1.11,0.82,1.92,1.0,1.82,43.5,40.4,31.3,71.7,1.15,0.82,1.97,1.06,1.89,https://fbref.com/en/squads/c0d3eab4/2021-2022/Strasbourg-Stats
2022,Stuttgart,Bundesliga,team,34.0,24.0,50.7,34.0,374.0,3060.0,34.0,40.0,31.0,71.0,39.0,1.0,3.0,64.0,2.0,571.0,1269.0,1.18,0.91,2.09,1.15,2.06,43.7,41.4,33.1,74.5,1.29,0.97,2.26,1.22,2.19,https://fbref.com/en/squads/598bc722/2021-2022/Stuttgart-Stats
2022,Stuttgart,Bundesliga,opponent,34.0,26.3,49.3,34.0,374.0,3060.0,34.0,58.0,44.0,102.0,54.0,4.0,4.0,58.0,2.0,544.0,1292.0,1.71,1.29,3.0,1.59,2.88,54.0,50.9,40.4,91.3,1.59,1.19,2.78,1.5,2.69,https://fbref.com/en/squads/598bc722/2021-2022/Stuttgart-Stats
2022,Torino,Serie A,team,31.0,25.2,53.3,38.0,418.0,3420.0,38.0,43.0,27.0,70.0,37.0,6.0,6.0,89.0,3.0,628.0,1320.0,1.13,0.71,1.84,0.97,1.68,48.7,44.1,36.3,80.4,1.28,0.96,2.24,1.16,2.12,https://fbref.com/en/squads/105360fe/2021-2022/Torino-Stats
2022,Torino,Serie A,opponent,31.0,26.8,46.4,38.0,418.0,3420.0,38.0,41.0,25.0,66.0,32.0,9.0,11.0,96.0,7.0,468.0,1027.0,1.08,0.66,1.74,0.84,1.5,38.9,30.3,25.2,55.5,1.02,0.66,1.69,0.8,1.46,https://fbref.com/en/squads/105360fe/2021-2022/Torino-Stats
2022,Tottenham,Premier League,team,25.0,26.5,51.8,38.0,418.0,3420.0,38.0,63.0,50.0,113.0,58.0,5.0,5.0,69.0,1.0,791.0,1459.0,1.66,1.32,2.97,1.53,2.84,61.2,57.3,47.0,104.4,1.61,1.24,2.85,1.51,2.75,https://fbref.com/en/squads/361ca564/2021-2022/Tottenham-Hotspur-Stats
2022,Tottenham,Premier League,opponent,25.0,26.8,48.0,38.0,418.0,3420.0,38.0,39.0,29.0,68.0,37.0,2.0,2.0,83.0,6.0,653.0,1443.0,1.03,0.76,1.79,0.97,1.74,39.3,37.7,30.2,67.9,1.03,0.79,1.83,0.99,1.79,https://fbref.com/en/squads/361ca564/2021-2022/Tottenham-Hotspur-Stats
2022,Troyes,Ligue 1,team,35.0,27.1,44.4,38.0,418.0,3420.0,38.0,35.0,23.0,58.0,29.0,6.0,7.0,75.0,6.0,598.0,1216.0,0.92,0.61,1.53,0.76,1.37,39.2,33.8,27.0,60.8,1.03,0.71,1.74,0.89,1.6,https://fbref.com/en/squads/54195385/2021-2022/Troyes-Stats
2022,Troyes,Ligue 1,opponent,35.0,25.9,55.8,38.0,418.0,3420.0,38.0,51.0,30.0,81.0,41.0,10.0,10.0,89.0,7.0,638.0,1739.0,1.34,0.79,2.13,1.08,1.87,50.8,42.9,35.6,78.5,1.34,0.94,2.27,1.13,2.07,https://fbref.com/en/squads/54195385/2021-2022/Troyes-Stats
2022,Udinese,Serie A,team,29.0,26.2,42.7,38.0,418.0,3420.0,38.0,58.0,36.0,94.0,55.0,3.0,4.0,95.0,6.0,669.0,1226.0,1.53,0.95,2.47,1.45,2.39,51.3,48.2,36.6,84.8,1.35,0.96,2.31,1.27,2.23,https://fbref.com/en/squads/04eea015/2021-2022/Udinese-Stats
2022,Udinese,Serie A,opponent,29.0,26.8,57.7,38.0,418.0,3420.0,38.0,57.0,39.0,96.0,52.0,5.0,7.0,107.0,6.0,677.0,1573.0,1.5,1.03,2.53,1.37,2.39,52.4,47.2,36.9,84.1,1.38,0.97,2.35,1.24,2.21,https://fbref.com/en/squads/04eea015/2021-2022/Udinese-Stats
2022,Union Berlin,Bundesliga,team,28.0,28.3,43.7,34.0,374.0,3060.0,34.0,50.0,33.0,83.0,45.0,5.0,5.0,62.0,1.0,429.0,1123.0,1.47,0.97,2.44,1.32,2.29,47.0,43.3,31.5,74.8,1.38,0.93,2.31,1.27,2.2,https://fbref.com/en/squads/7a41008f/2021-2022/Union-Berlin-Stats
2022,Union Berlin,Bundesliga,opponent,28.0,26.1,56.6,34.0,374.0,3060.0,34.0,40.0,28.0,68.0,38.0,2.0,2.0,52.0,3.0,540.0,1280.0,1.18,0.82,2.0,1.12,1.94,38.5,37.0,27.1,64.1,1.13,0.8,1.93,1.09,1.89,https://fbref.com/en/squads/7a41008f/2021-2022/Union-Berlin-Stats
2022,Valencia,La Liga,team,34.0,24.8,43.6,38.0,418.0,3420.0,38.0,45.0,30.0,75.0,37.0,8.0,9.0,134.0,8.0,554.0,1202.0,1.18,0.79,1.97,0.97,1.76,39.0,32.2,25.4,57.6,1.03,0.67,1.69,0.85,1.52,https://fbref.com/en/squads/dcc91a7b/2021-2022/Valencia-Stats
2022,Valencia,La Liga,opponent,34.0,27.8,56.4,38.0,418.0,3420.0,38.0,50.0,34.0,84.0,43.0,7.0,8.0,133.0,7.0,597.0,1392.0,1.32,0.89,2.21,1.13,2.03,47.7,41.6,32.3,73.8,1.26,0.85,2.11,1.09,1.94,https://fbref.com/en/squads/dcc91a7b/2021-2022/Valencia-Stats
2022,Venezia,Serie A,team,39.0,26.1,42.3,38.0,418.0,3420.0,38.0,34.0,23.0,57.0,31.0,3.0,5.0,110.0,9.0,540.0,1088.0,0.89,0.61,1.5,0.82,1.42,36.5,32.4,26.4,58.8,0.96,0.69,1.66,0.85,1.55,https://fbref.com/en/squads/af5d5982/2021-2022/Venezia-Stats
2022,Venezia,Serie A,opponent,39.0,26.8,57.9,38.0,418.0,3420.0,38.0,67.0,39.0,106.0,56.0,11.0,12.0,79.0,3.0,807.0,1719.0,1.76,1.03,2.79,1.47,2.5,71.8,63.8,47.9,111.7,1.89,1.26,3.15,1.68,2.94,https://fbref.com/en/squads/af5d5982/2021-2022/Venezia-Stats
2022,Villarreal,La Liga,team,29.0,28.0,56.8,38.0,418.0,3420.0,38.0,62.0,51.0,113.0,57.0,5.0,6.0,81.0,1.0,790.0,1698.0,1.63,1.34,2.97,1.5,2.84,64.2,60.0,50.9,110.9,1.69,1.34,3.03,1.58,2.92,https://fbref.com/en/squads/2a8183b3/2021-2022/Villarreal-Stats
2022,Villarreal,La Liga,opponent,29.0,27.6,43.0,38.0,418.0,3420.0,38.0,36.0,20.0,56.0,32.0,4.0,5.0,98.0,3.0,583.0,1095.0,0.95,0.53,1.47,0.84,1.37,44.8,41.1,30.2,71.4,1.18,0.8,1.97,1.08,1.88,https://fbref.com/en/squads/2a8183b3/2021-2022/Villarreal-Stats
2022,Watford,Premier League,team,30.0,28.4,40.7,38.0,418.0,3420.0,38.0,33.0,26.0,59.0,32.0,1.0,2.0,63.0,3.0,557.0,1070.0,0.87,0.68,1.55,0.84,1.53,40.0,38.4,32.5,70.9,1.05,0.86,1.91,1.01,1.87,https://fbref.com/en/squads/2abfe087/2021-2022/Watford-Stats
2022,Watford,Premier League,opponent,30.0,26.8,59.7,38.0,418.0,3420.0,38.0,74.0,56.0,130.0,68.0,6.0,7.0,64.0,1.0,744.0,1742.0,1.95,1.47,3.42,1.79,3.26,64.5,59.0,49.3,108.4,1.7,1.3,3.0,1.55,2.85,https://fbref.com/en/squads/2abfe087/2021-2022/Watford-Stats
2022,West Ham,Premier League,team,25.0,28.2,47.9,38.0,418.0,3420.0,38.0,58.0,46.0,104.0,54.0,4.0,6.0,52.0,3.0,646.0,1449.0,1.53,1.21,2.74,1.42,2.63,51.4,46.8,37.4,84.2,1.35,0.99,2.34,1.23,2.22,https://fbref.com/en/squads/7c21e445/2021-2022/West-Ham-United-Stats
2022,West Ham,Premier League,opponent,25.0,26.8,52.2,38.0,418.0,3420.0,38.0,49.0,38.0,87.0,47.0,2.0,6.0,49.0,3.0,845.0,1536.0,1.29,1.0,2.29,1.24,2.24,53.5,48.8,39.9,88.7,1.41,1.05,2.46,1.28,2.33,https://fbref.com/en/squads/7c21e445/2021-2022/West-Ham-United-Stats
2022,Wolfsburg,Bundesliga,team,30.0,26.0,50.5,34.0,374.0,3060.0,34.0,42.0,25.0,67.0,39.0,3.0,4.0,61.0,3.0,502.0,1220.0,1.24,0.74,1.97,1.15,1.88,47.7,44.9,33.8,78.7,1.4,1.0,2.4,1.32,2.31,https://fbref.com/en/squads/4eaa11d7/2021-2022/Wolfsburg-Stats
2022,Wolfsburg,Bundesliga,opponent,30.0,26.3,49.4,34.0,374.0,3060.0,34.0,53.0,39.0,92.0,49.0,4.0,7.0,66.0,2.0,458.0,1321.0,1.56,1.15,2.71,1.44,2.59,47.3,41.7,32.2,73.9,1.39,0.95,2.34,1.23,2.17,https://fbref.com/en/squads/4eaa11d7/2021-2022/Wolfsburg-Stats
2022,Wolves,Premier League,team,26.0,27.3,49.5,38.0,418.0,3420.0,38.0,35.0,22.0,57.0,34.0,1.0,1.0,62.0,2.0,723.0,1283.0,0.92,0.58,1.5,0.89,1.47,37.5,36.8,26.4,63.2,0.99,0.69,1.68,0.97,1.66,https://fbref.com/en/squads/8cec06e1/2021-2022/Wolverhampton-Wanderers-Stats
2022,Wolves,Premier League,opponent,26.0,26.7,50.4,38.0,418.0,3420.0,38.0,42.0,23.0,65.0,33.0,9.0,10.0,90.0,3.0,780.0,1520.0,1.11,0.61,1.71,0.87,1.47,56.9,49.2,38.6,87.8,1.5,1.02,2.51,1.3,2.31,https://fbref.com/en/squads/8cec06e1/2021-2022/Wolverhampton-Wanderers-Stats
2023,Ajaccio,Ligue 1,team,36.0,29.1,43.2,38.0,418.0,3420.0,38.0,22.0,12.0,34.0,16.0,6.0,9.0,86.0,10.0,487.0,1169.0,0.58,0.32,0.89,0.42,0.74,36.1,29.4,22.7,52.1,0.95,0.6,1.55,0.77,1.37,https://fbref.com/en/squads/7a54bb4f/2022-2023/Ajaccio-Stats
2023,Ajaccio,Ligue 1,opponent,36.0,26.1,56.8,38.0,418.0,3420.0,38.0,72.0,49.0,121.0,63.0,9.0,10.0,69.0,8.0,636.0,1696.0,1.89,1.29,3.18,1.66,2.95,53.9,46.2,35.0,81.2,1.42,0.92,2.34,1.22,2.14,https://fbref.com/en/squads/7a54bb4f/2022-2023/Ajaccio-Stats
2023,Almería,La Liga,team,29.0,26.4,45.1,38.0,418.0,3420.0,38.0,49.0,33.0,82.0,47.0,2.0,3.0,98.0,4.0,569.0,1090.0,1.29,0.87,2.16,1.24,2.11,45.5,43.2,32.5,75.6,1.2,0.85,2.05,1.14,1.99,https://fbref.com/en/squads/78ecf4bb/2022-2023/Almeria-Stats
2023,Almería,La Liga,opponent,29.0,27.6,54.9,38.0,418.0,3420.0,38.0,64.0,49.0,113.0,60.0,4.0,6.0,93.0,5.0,860.0,1706.0,1.68,1.29,2.97,1.58,2.87,62.5,57.8,49.5,107.4,1.65,1.3,2.95,1.52,2.83,https://fbref.com/en/squads/78ecf4bb/2022-2023/Almeria-Stats
2023,Angers,Ligue 1,team,33.0,25.7,46.9,38.0,418.0,3420.0,38.0,31.0,18.0,49.0,27.0,4.0,4.0,69.0,5.0,632.0,1393.0,0.82,0.47,1.29,0.71,1.18,40.9,37.8,28.0,65.7,1.08,0.74,1.81,0.99,1.73,https://fbref.com/en/squads/69236f98/2022-2023/Angers-Stats
2023,Angers,Ligue 1,opponent,33.0,26.5,53.1,38.0,418.0,3420.0,38.0,77.0,57.0,134.0,68.0,9.0,11.0,59.0,6.0,725.0,1600.0,2.03,1.5,3.53,1.79,3.29,61.7,53.2,42.2,95.5,1.62,1.11,2.74,1.4,2.51,https://fbref.com/en/squads/69236f98/2022-2023/Angers-Stats
2023,Arsenal,Premier League,team,26.0,24.7,59.3,38.0,418.0,3420.0,38.0,84.0,64.0,148.0,81.0,3.0,4.0,51.0,0.0,824.0,2049.0,2.21,1.68,3.89,2.13,3.82,71.9,69.1,53.8,122.9,1.89,1.41,3.31,1.82,3.23,https://fbref.com/en/squads/18bb7c10/2022-2023/Arsenal-Stats
2023,Arsenal,Premier League,opponent,26.0,26.7,40.1,38.0,418.0,3420.0,38.0,42.0,27.0,69.0,39.0,3.0,5.0,84.0,1.0,510.0,907.0,1.11,0.71,1.82,1.03,1.74,42.0,38.0,31.6,69.6,1.1,0.83,1.93,1.0,1.83,https://fbref.com/en/squads/18bb7c10/2022-2023/Arsenal-Stats
2023,Aston Villa,Premier League,team,26.0,27.0,49.3,38.0,418.0,3420.0,38.0,49.0,35.0,84.0,46.0,3.0,4.0,80.0,1.0,637.0,1242.0,1.29,0.92,2.21,1.21,2.13,50.2,47.2,38.8,86.0,1.32,1.02,2.34,1.24,2.26,https://fbref.com/en/squads/8602292d/2022-2023/Aston-Villa-Stats
2023,Aston Villa,Premier League,opponent,26.0,26.5,50.6,38.0,418.0,3420.0,38.0,42.0,25.0,67.0,37.0,5.0,6.0,85.0,3.0,607.0,1323.0,1.11,0.66,1.76,0.97,1.63,52.5,47.9,36.1,84.0,1.38,0.95,2.33,1.26,2.21,https://fbref.com/en/squads/8602292d/2022-2023/Aston-Villa-Stats
2023,Atalanta,Serie A,team,27.0,26.5,49.9,38.0,418.0,3420.0,38.0,64.0,42.0,106.0,58.0,6.0,8.0,83.0,3.0,687.0,1637.0,1.68,1.11,2.79,1.53,2.63,57.7,51.3,42.7,93.9,1.52,1.12,2.64,1.35,2.47,https://fbref.com/en/squads/922493f3/Atalanta-Stats
2023,Atalanta,Serie A,opponent,27.0,26.5,50.1,38.0,418.0,3420.0,38.0,46.0,35.0,81.0,43.0,3.0,3.0,83.0,1.0,595.0,1264.0,1.21,0.92,2.13,1.13,2.05,41.4,39.2,30.5,69.7,1.09,0.8,1.89,1.03,1.83,https://fbref.com/en/squads/922493f3/Atalanta-Stats
2023,Athletic Club,La Liga,team,26.0,27.4,51.6,38.0,418.0,3420.0,38.0,46.0,33.0,79.0,41.0,5.0,7.0,81.0,5.0,864.0,1816.0,1.21,0.87,2.08,1.08,1.95,54.2,48.7,38.9,87.6,1.43,1.02,2.45,1.28,2.31,https://fbref.com/en/squads/2b390eca/2022-2023/Athletic-Club-Stats
2023,Athletic Club,La Liga,opponent,26.0,27.3,48.4,38.0,418.0,3420.0,38.0,40.0,28.0,68.0,37.0,3.0,3.0,97.0,3.0,549.0,1211.0,1.05,0.74,1.79,0.97,1.71,36.9,34.5,26.9,61.4,0.97,0.71,1.68,0.91,1.62,https://fbref.com/en/squads/2b390eca/2022-2023/Athletic-Club-Stats
2023,Atlético Madrid,La Liga,team,27.0,28.5,50.6,38.0,418.0,3420.0,38.0,68.0,51.0,119.0,67.0,1.0,1.0,92.0,8.0,730.0,1571.0,1.79,1.34,3.13,1.76,3.11,62.3,61.5,48.5,110.0,1.64,1.28,2.91,1.62,2.89,https://fbref.com/en/squads/db3b9613/2022-2023/Atletico-Madrid-Stats
2023,Atlético Madrid,La Liga,opponent,27.0,27.0,49.4,38.0,418.0,3420.0,38.0,33.0,22.0,55.0,29.0,4.0,5.0,93.0,6.0,729.0,1634.0,0.87,0.58,1.45,0.76,1.34,41.3,37.4,31.5,68.9,1.09,0.83,1.92,0.98,1.81,https://fbref.com/en/squads/db3b9613/2022-2023/Atletico-Madrid-Stats
2023,Augsburg,Bundesliga,team,34.0,25.9,41.7,34.0,374.0,3060.0,34.0,41.0,29.0,70.0,37.0,4.0,5.0,96.0,5.0,331.0,847.0,1.21,0.85,2.06,1.09,1.94,34.7,30.9,24.3,55.2,1.02,0.71,1.74,0.91,1.62,https://fbref.com/en/squads/0cdc4311/Augsburg-Stats
2023,Augsburg,Bundesliga,opponent,34.0,26.4,58.3,34.0,374.0,3060.0,34.0,61.0,46.0,107.0,60.0,1.0,4.0,66.0,0.0,597.0,1458.0,1.79,1.35,3.15,1.76,3.12,58.8,55.7,45.7,101.3,1.73,1.34,3.07,1.64,2.98,https://fbref.com/en/squads/0cdc4311/Augsburg-Stats
2023,Auxerre,Ligue 1,team,33.0,27.3,43.3,38.0,418.0,3420.0,38.0,32.0,17.0,49.0,25.0,7.0,9.0,54.0,6.0,531.0,1284.0,0.84,0.45,1.29,0.66,1.11,42.7,35.7,27.2,62.9,1.12,0.72,1.84,0.94,1.65,https://fbref.com/en/squads/5ae09109/2022-2023/Auxerre-Stats
2023,Auxerre,Ligue 1,opponent,33.0,26.4,56.7,38.0,418.0,3420.0,38.0,62.0,45.0,107.0,58.0,4.0,6.0,47.0,3.0,669.0,1837.0,1.63,1.18,2.82,1.53,2.71,58.9,54.7,45.1,99.9,1.55,1.19,2.74,1.44,2.63,https://fbref.com/en/squads/5ae09109/2022-2023/Auxerre-Stats
2023,Barcelona,La Liga,team,29.0,25.9,64.3,38.0,418.0,3420.0,38.0,69.0,56.0,125.0,69.0,0.0,2.0,83.0,6.0,963.0,2180.0,1.82,1.47,3.29,1.82,3.29,75.5,74.0,60.1,134.1,1.99,1.58,3.57,1.95,3.53,https://fbref.com/en/squads/206d90db/2022-2023/Barcelona-Stats
2023,Barcelona,La Liga,opponent,29.0,27.4,35.7,38.0,418.0,3420.0,38.0,17.0,10.0,27.0,14.0,3.0,3.0,93.0,8.0,474.0,955.0,0.45,0.26,0.71,0.37,0.63,33.2,30.8,23.0,53.9,0.87,0.61,1.48,0.81,1.42,https://fbref.com/en/squads/206d90db/2022-2023/Barcelona-Stats
2023,Bayern Munich,Bundesliga,team,28.0,26.6,64.2,34.0,374.0,3060.0,34.0,90.0,67.0,157.0,87.0,3.0,5.0,49.0,3.0,863.0,2041.0,2.65,1.97,4.62,2.56,4.53,75.0,71.0,56.6,127.7,2.2,1.67,3.87,2.09,3.75,https://fbref.com/en/squads/054efa67/Bayern-Munich-Stats
2023,Bayern Munich,Bundesliga,opponent,28.0,26.5,35.8,34.0,374.0,3060.0,34.0,38.0,22.0,60.0,29.0,9.0,10.0,50.0,0.0,354.0,879.0,1.12,0.65,1.76,0.85,1.5,37.1,29.7,21.9,51.6,1.09,0.65,1.74,0.87,1.52,https://fbref.com/en/squads/054efa67/Bayern-Munich-Stats
2023,Betis,La Liga,team,30.0,28.6,50.6,38.0,418.0,3420.0,38.0,43.0,26.0,69.0,35.0,8.0,9.0,82.0,15.0,620.0,1272.0,1.13,0.68,1.82,0.92,1.61,51.8,44.8,35.1,79.9,1.36,0.92,2.29,1.18,2.1,https://fbref.com/en/squads/fc536746/2022-2023/Real-Betis-Stats
2023,Betis,La Liga,opponent,30.0,27.3,49.4,38.0,418.0,3420.0,38.0,40.0,28.0,68.0,37.0,3.0,3.0,99.0,8.0,750.0,1571.0,1.05,0.74,1.79,0.97,1.71,50.1,47.7,36.9,84.7,1.32,0.97,2.29,1.26,2.23,https://fbref.com/en/squads/fc536746/2022-2023/Real-Betis-Stats
2023,Bochum,Bundesliga,team,26.0,29.4,46.1,34.0,374.0,3060.0,34.0,37.0,28.0,65.0,34.0,3.0,3.0,64.0,1.0,350.0,1022.0,1.09,0.82,1.91,1.0,1.82,40.0,37.7,28.4,66.0,1.18,0.83,2.01,1.11,1.94,https://fbref.com/en/squads/b42c6323/Bochum-Stats
2023,Bochum,Bundesliga,opponent,26.0,26.3,53.9,34.0,374.0,3060.0,34.0,69.0,40.0,109.0,61.0,8.0,14.0,62.0,2.0,525.0,1247.0,2.03,1.18,3.21,1.79,2.97,65.7,54.5,39.4,93.9,1.93,1.16,3.09,1.6,2.76,https://fbref.com/en/squads/b42c6323/Bochum-Stats
2023,Bologna,Serie A,team,27.0,26.6,54.7,38.0,418.0,3420.0,38.0,52.0,41.0,93.0,46.0,6.0,6.0,84.0,3.0,564.0,1366.0,1.37,1.08,2.45,1.21,2.29,43.8,39.4,31.5,70.9,1.15,0.83,1.98,1.04,1.87,https://fbref.com/en/squads/1d8099f8/Bologna-Stats
2023,Bologna,Serie A,opponent,27.0,26.6,45.3,38.0,418.0,3420.0,38.0,46.0,29.0,75.0,39.0,7.0,9.0,84.0,2.0,565.0,1294.0,1.21,0.76,1.97,1.03,1.79,48.7,41.7,31.6,73.3,1.28,0.83,2.11,1.1,1.93,https://fbref.com/en/squads/1d8099f8/Bologna-Stats
2023,Bournemouth,Premier League,team,31.0,26.3,40.4,38.0,418.0,3420.0,38.0,37.0,24.0,61.0,37.0,0.0,0.0,68.0,0.0,504.0,1006.0,0.97,0.63,1.61,0.97,1.61,38.6,38.6,28.5,67.1,1.02,0.75,1.76,1.02,1.76,https://fbref.com/en/squads/4ba7cbea/2022-2023/Bournemouth-Stats
2023,Bournemouth,Premier League,opponent,31.0,26.6,59.9,38.0,418.0,3420.0,38.0,68.0,49.0,117.0,62.0,6.0,7.0,51.0,0.0,810.0,1988.0,1.79,1.29,3.08,1.63,2.92,63.9,58.4,45.3,103.8,1.68,1.19,2.87,1.54,2.73,https://fbref.com/en/squads/4ba7cbea/2022-2023/Bournemouth-Stats
2023,Brentford,Premier League,team,25.0,26.2,43.8,38.0,418.0,3420.0,38.0,56.0,36.0,92.0,49.0,7.0,8.0,57.0,1.0,392.0,1131.0,1.47,0.95,2.42,1.29,2.24,56.8,50.6,38.7,89.2,1.49,1.02,2.51,1.33,2.35,https://fbref.com/en/squads/cd051869/2022-2023/Brentford-Stats
2023,Brentford,Premier League,opponent,25.0,26.6,56.6,38.0,418.0,3420.0,38.0,43.0,30.0,73.0,41.0,2.0,2.0,61.0,1.0,741.0,1540.0,1.13,0.79,1.92,1.08,1.87,49.9,48.7,36.8,85.5,1.31,0.97,2.28,1.28,2.25,https://fbref.com/en/squads/cd051869/2022-2023/Brentford-Stats
2023,Brest,Ligue 1,team,29.0,26.6,44.9,38.0,418.0,3420.0,38.0,43.0,28.0,71.0,36.0,7.0,8.0,63.0,2.0,592.0,1311.0,1.13,0.74,1.87,0.95,1.68,43.3,37.1,29.6,66.7,1.14,0.78,1.92,0.98,1.76,https://fbref.com/en/squads/fb08dbb3/2022-2023/Brest-Stats
2023,Brest,Ligue 1,opponent,29.0,26.1,55.1,38.0,418.0,3420.0,38.0,52.0,34.0,86.0,45.0,7.0,9.0,76.0,7.0,686.0,1926.0,1.37,0.89,2.26,1.18,2.08,56.0,49.0,38.1,87.1,1.47,1.0,2.48,1.29,2.29,https://fbref.com/en/squads/fb08dbb3/2022-2023/Brest-Stats
2023,Brighton,Premier League,team,29.0,26.3,60.2,38.0,418.0,3420.0,38.0,68.0,46.0,114.0,62.0,6.0,6.0,58.0,0.0,809.0,1849.0,1.79,1.21,3.0,1.63,2.84,73.3,68.9,52.2,121.2,1.93,1.37,3.3,1.81,3.19,https://fbref.com/en/squads/d07537b9/2022-2023/Brighton-and-Hove-Albion-Stats
2023,Brighton,Premier League,opponent,29.0,26.5,39.5,38.0,418.0,3420.0,38.0,47.0,34.0,81.0,41.0,6.0,8.0,92.0,1.0,527.0,1026.0,1.24,0.89,2.13,1.08,1.97,50.2,43.7,33.7,77.4,1.32,0.89,2.21,1.15,2.04,https://fbref.com/en/squads/d07537b9/2022-2023/Brighton-and-Hove-Albion-Stats
2023,Celta Vigo,La Liga,team,26.0,26.7,50.2,38.0,418.0,3420.0,38.0,41.0,31.0,72.0,39.0,2.0,3.0,85.0,6.0,704.0,1403.0,1.08,0.82,1.89,1.03,1.84,42.8,40.4,30.9,71.4,1.13,0.81,1.94,1.06,1.88,https://fbref.com/en/squads/f25da7fb/2022-2023/Celta-Vigo-Stats
2023,Celta Vigo,La Liga,opponent,26.0,27.6,49.8,38.0,418.0,3420.0,38.0,52.0,35.0,87.0,47.0,5.0,8.0,112.0,9.0,536.0,1297.0,1.37,0.92,2.29,1.24,2.16,45.5,39.3,30.6,69.8,1.2,0.8,2.0,1.03,1.84,https://fbref.com/en/squads/f25da7fb/2022-2023/Celta-Vigo-Stats
2023,Chelsea,Premier League,team,32.0,26.3,58.7,38.0,418.0,3420.0,38.0,37.0,27.0,64.0,34.0,3.0,3.0,81.0,3.0,829.0,1737.0,0.97,0.71,1.68,0.89,1.61,49.5,47.2,38.6,85.8,1.3,1.02,2.32,1.24,2.26,https://fbref.com/en/squads/cff3d9bb/2022-2023/Chelsea-Stats
2023,Chelsea,Premier League,opponent,32.0,26.6,41.0,38.0,418.0,3420.0,38.0,44.0,32.0,76.0,43.0,1.0,1.0,69.0,1.0,593.0,1203.0,1.16,0.84,2.0,1.13,1.97,52.5,51.7,39.9,91.7,1.38,1.05,2.43,1.36,2.41,https://fbref.com/en/squads/cff3d9bb/2022-2023/Chelsea-Stats
2023,Clermont Foot,Ligue 1,team,28.0,27.2,48.3,38.0,418.0,3420.0,38.0,44.0,26.0,70.0,37.0,7.0,10.0,72.0,5.0,532.0,1304.0,1.16,0.68,1.84,0.97,1.66,47.5,39.6,27.7,67.4,1.25,0.73,1.98,1.04,1.77,https://fbref.com/en/squads/d9676424/2022-2023/Clermont-Foot-Stats
2023,Clermont Foot,Ligue 1,opponent,28.0,26.3,51.7,38.0,418.0,3420.0,38.0,49.0,33.0,82.0,41.0,8.0,12.0,76.0,9.0,646.0,1688.0,1.29,0.87,2.16,1.08,1.95,58.2,48.7,35.4,84.1,1.53,0.93,2.46,1.28,2.21,https://fbref.com/en/squads/d9676424/2022-2023/Clermont-Foot-Stats
2023,Cremonese,Serie A,team,33.0,26.0,42.1,38.0,418.0,3420.0,38.0,35.0,18.0,53.0,30.0,5.0,7.0,81.0,3.0,521.0,1107.0,0.92,0.47,1.39,0.79,1.26,38.7,33.2,24.3,57.5,1.02,0.64,1.66,0.87,1.51,https://fbref.com/en/squads/9aad3a77/Cremonese-Stats
2023,Cremonese,Serie A,opponent,33.0,26.6,57.9,38.0,418.0,3420.0,38.0,68.0,46.0,114.0,63.0,5.0,5.0,66.0,1.0,763.0,1615.0,1.79,1.21,3.0,1.66,2.87,66.1,62.2,49.1,111.2,1.74,1.29,3.03,1.64,2.93,https://fbref.com/en/squads/9aad3a77/Cremonese-Stats
2023,Crystal Palace,Premier League,team,26.0,26.7,46.3,38.0,418.0,3420.0,38.0,38.0,29.0,67.0,37.0,1.0,3.0,82.0,3.0,556.0,1243.0,1.0,0.76,1.76,0.97,1.74,39.3,36.8,29.0,65.8,1.03,0.76,1.8,0.97,1.73,https://fbref.com/en/squads/47c64c55/2022-2023/Crystal-Palace-Stats
2023,Crystal Palace,Premier League,opponent,26.0,26.6,53.9,38.0,418.0,3420.0,38.0,46.0,32.0,78.0,42.0,4.0,4.0,83.0,3.0,590.0,1592.0,1.21,0.84,2.05,1.11,1.95,48.1,44.9,34.5,79.4,1.26,0.91,2.17,1.18,2.09,https://fbref.com/en/squads/47c64c55/2022-2023/Crystal-Palace-Stats
2023,Cádiz,La Liga,team,38.0,29.1,41.9,38.0,418.0,3420.0,38.0,29.0,20.0,49.0,25.0,4.0,5.0,116.0,7.0,475.0,969.0,0.76,0.53,1.29,0.66,1.18,41.6,37.7,27.8,65.5,1.09,0.73,1.82,0.99,1.72,https://fbref.com/en/squads/ee7c297c/2022-2023/Cadiz-Stats
2023,Cádiz,La Liga,opponent,38.0,27.2,58.1,38.0,418.0,3420.0,38.0,53.0,32.0,85.0,44.0,9.0,10.0,100.0,11.0,823.0,1739.0,1.39,0.84,2.24,1.16,2.0,61.4,53.6,38.2,91.8,1.62,1.01,2.62,1.41,2.42,https://fbref.com/en/squads/ee7c297c/2022-2023/Cadiz-Stats
2023,Dortmund,Bundesliga,team,30.0,25.8,58.2,34.0,374.0,3060.0,34.0,81.0,61.0,142.0,77.0,4.0,6.0,66.0,0.0,783.0,1628.0,2.38,1.79,4.18,2.26,4.06,71.1,66.5,51.9,118.4,2.09,1.53,3.62,1.96,3.48,https://fbref.com/en/squads/add600ae/Dortmund-Stats
2023,Dortmund,Bundesliga,opponent,30.0,26.4,41.8,34.0,374.0,3060.0,34.0,43.0,31.0,74.0,42.0,1.0,1.0,79.0,5.0,452.0,1064.0,1.26,0.91,2.18,1.24,2.15,43.2,42.4,33.3,75.7,1.27,0.98,2.25,1.25,2.23,https://fbref.com/en/squads/add600ae/Dortmund-Stats
2023,Eint Frankfurt,Bundesliga,team,28.0,26.4,52.9,34.0,374.0,3060.0,34.0,56.0,33.0,89.0,50.0,6.0,6.0,71.0,1.0,632.0,1372.0,1.65,0.97,2.62,1.47,2.44,52.1,47.4,36.2,83.5,1.53,1.06,2.6,1.39,2.46,https://fbref.com/en/squads/f0ac8ee6/Eintracht-Frankfurt-Stats
2023,Eint Frankfurt,Bundesliga,opponent,28.0,26.3,47.1,34.0,374.0,3060.0,34.0,51.0,41.0,92.0,49.0,2.0,2.0,78.0,2.0,435.0,1129.0,1.5,1.21,2.71,1.44,2.65,43.5,41.9,33.6,75.5,1.28,0.99,2.27,1.23,2.22,https://fbref.com/en/squads/f0ac8ee6/Eintracht-Frankfurt-Stats
2023,Elche,La Liga,team,32.0,28.3,45.5,38.0,418.0,3420.0,38.0,30.0,21.0,51.0,26.0,4.0,5.0,99.0,12.0,561.0,1197.0,0.79,0.55,1.34,0.68,1.24,37.5,33.6,27.1,60.7,0.99,0.71,1.7,0.88,1.6,https://fbref.com/en/squads/6c8b07df/2022-2023/Elche-Stats
2023,Elche,La Liga,opponent,32.0,27.3,54.5,38.0,418.0,3420.0,38.0,65.0,44.0,109.0,58.0,7.0,10.0,83.0,8.0,737.0,1615.0,1.71,1.16,2.87,1.53,2.68,70.0,62.1,48.7,110.9,1.84,1.28,3.13,1.64,2.92,https://fbref.com/en/squads/6c8b07df/2022-2023/Elche-Stats
2023,Empoli,Serie A,team,32.0,25.3,47.3,38.0,418.0,3420.0,38.0,35.0,20.0,55.0,33.0,2.0,2.0,88.0,7.0,608.0,1114.0,0.92,0.53,1.45,0.87,1.39,38.8,37.2,26.8,64.0,1.02,0.71,1.73,0.98,1.69,https://fbref.com/en/squads/a3d88bd8/Empoli-Stats
2023,Empoli,Serie A,opponent,32.0,26.7,52.7,38.0,418.0,3420.0,38.0,48.0,32.0,80.0,44.0,4.0,6.0,84.0,5.0,830.0,1684.0,1.26,0.84,2.11,1.16,2.0,58.3,53.7,40.7,94.4,1.53,1.07,2.6,1.41,2.48,https://fbref.com/en/squads/a3d88bd8/Empoli-Stats
2023,Espanyol,La Liga,team,33.0,27.6,43.1,38.0,418.0,3420.0,38.0,51.0,31.0,82.0,46.0,5.0,5.0,99.0,10.0,528.0,1146.0,1.34,0.82,2.16,1.21,2.03,48.3,44.4,35.0,79.4,1.27,0.92,2.19,1.17,2.09,https://fbref.com/en/squads/a8661628/2022-2023/Espanyol-Stats
2023,Espanyol,La Liga,opponent,33.0,27.6,56.9,38.0,418.0,3420.0,38.0,67.0,47.0,114.0,62.0,5.0,6.0,111.0,8.0,748.0,1634.0,1.76,1.24,3.0,1.63,2.87,59.8,55.3,44.6,99.8,1.57,1.17,2.75,1.45,2.63,https://fbref.com/en/squads/a8661628/2022-2023/Espanyol-Stats
2023,Everton,Premier League,team,28.0,26.6,42.8,38.0,418.0,3420.0,38.0,32.0,24.0,56.0,29.0,3.0,3.0,81.0,2.0,500.0,1052.0,0.84,0.63,1.47,0.76,1.39,45.2,42.8,32.4,75.1,1.19,0.85,2.04,1.13,1.98,https://fbref.com/en/squads/d3fd31cc/2022-2023/Everton-Stats
2023,Everton,Premier League,opponent,28.0,26.5,57.4,38.0,418.0,3420.0,38.0,57.0,36.0,93.0,52.0,5.0,6.0,76.0,1.0,752.0,1678.0,1.5,0.95,2.45,1.37,2.32,65.7,61.1,45.7,106.8,1.73,1.2,2.93,1.61,2.81,https://fbref.com/en/squads/d3fd31cc/2022-2023/Everton-Stats
2023,Fiorentina,Serie A,team,30.0,26.5,56.1,38.0,418.0,3420.0,38.0,51.0,37.0,88.0,47.0,4.0,6.0,93.0,3.0,789.0,1627.0,1.34,0.97,2.32,1.24,2.21,55.0,50.8,40.2,91.0,1.45,1.06,2.51,1.34,2.39,https://fbref.com/en/squads/421387cf/Fiorentina-Stats
2023,Fiorentina,Serie A,opponent,30.0,26.4,43.9,38.0,418.0,3420.0,38.0,41.0,28.0,69.0,34.0,7.0,8.0,103.0,7.0,476.0,922.0,1.08,0.74,1.82,0.89,1.63,43.4,37.4,30.7,68.1,1.14,0.81,1.95,0.98,1.79,https://fbref.com/en/squads/421387cf/Fiorentina-Stats
2023,Freiburg,Bundesliga,team,27.0,27.4,48.1,34.0,374.0,3060.0,34.0,51.0,34.0,85.0,44.0,7.0,8.0,62.0,2.0,427.0,1039.0,1.5,1.0,2.5,1.29,2.29,48.0,41.6,28.5,70.1,1.41,0.84,2.25,1.22,2.06,https://fbref.com/en/squads/a486e511/Freiburg-Stats
2023,Freiburg,Bundesliga,opponent,27.0,26.6,51.9,34.0,374.0,3060.0,34.0,44.0,28.0,72.0,39.0,5.0,6.0,80.0,5.0,527.0,1220.0,1.29,0.82,2.12,1.15,1.97,48.8,44.1,35.2,79.3,1.44,1.03,2.47,1.3,2.33,https://fbref.com/en/squads/a486e511/Freiburg-Stats
2023,Fulham,Premier League,team,29.0,28.2,48.8,38.0,418.0,3420.0,38.0,52.0,33.0,85.0,47.0,5.0,9.0,80.0,1.0,662.0,1326.0,1.37,0.87,2.24,1.24,2.11,46.2,39.1,28.5,67.7,1.22,0.75,1.97,1.03,1.78,https://fbref.com/en/squads/fd962109/2022-2023/Fulham-Stats
2023,Fulham,Premier League,opponent,29.0,26.7,51.3,38.0,418.0,3420.0,38.0,51.0,30.0,81.0,44.0,7.0,8.0,57.0,5.0,558.0,1406.0,1.34,0.79,2.13,1.16,1.95,63.8,57.9,43.1,101.0,1.68,1.13,2.81,1.52,2.66,https://fbref.com/en/squads/fd962109/2022-2023/Fulham-Stats
2023,Getafe,La Liga,team,25.0,27.4,39.9,38.0,418.0,3420.0,38.0,34.0,21.0,55.0,29.0,5.0,8.0,125.0,9.0,365.0,1003.0,0.89,0.55,1.45,0.76,1.32,36.7,30.4,22.5,53.0,0.96,0.59,1.56,0.8,1.39,https://fbref.com/en/squads/7848bd64/2022-2023/Getafe-Stats
2023,Getafe,La Liga,opponent,25.0,27.5,60.1,38.0,418.0,3420.0,38.0,43.0,29.0,72.0,39.0,4.0,8.0,91.0,7.0,689.0,1519.0,1.13,0.76,1.89,1.03,1.79,46.0,39.8,31.0,70.8,1.21,0.82,2.03,1.05,1.86,https://fbref.com/en/squads/7848bd64/2022-2023/Getafe-Stats
2023,Girona,La Liga,team,29.0,26.0,51.3,38.0,418.0,3420.0,38.0,55.0,41.0,96.0,47.0,8.0,9.0,92.0,3.0,725.0,1378.0,1.45,1.08,2.53,1.24,2.32,50.4,43.6,37.2,80.8,1.33,0.98,2.31,1.15,2.13,https://fbref.com/en/squads/9024a00a/2022-2023/Girona-Stats
2023,Girona,La Liga,opponent,29.0,27.2,48.7,38.0,418.0,3420.0,38.0,55.0,39.0,94.0,49.0,6.0,8.0,91.0,5.0,677.0,1439.0,1.45,1.03,2.47,1.29,2.32,55.0,48.7,38.6,87.4,1.45,1.02,2.46,1.28,2.3,https://fbref.com/en/squads/9024a00a/2022-2023/Girona-Stats
2023,Hellas Verona,Serie A,team,36.0,26.6,41.2,38.0,418.0,3420.0,38.0,29.0,22.0,51.0,28.0,1.0,1.0,103.0,3.0,503.0,1063.0,0.76,0.58,1.34,0.74,1.32,35.8,35.1,28.1,63.2,0.94,0.74,1.68,0.92,1.66,https://fbref.com/en/squads/0e72edf2/Hellas-Verona-Stats
2023,Hellas Verona,Serie A,opponent,36.0,26.6,58.8,38.0,418.0,3420.0,38.0,56.0,48.0,104.0,55.0,1.0,2.0,69.0,5.0,603.0,1494.0,1.47,1.26,2.74,1.45,2.71,49.9,48.4,39.2,87.6,1.31,1.03,2.35,1.27,2.3,https://fbref.com/en/squads/0e72edf2/Hellas-Verona-Stats
2023,Hertha BSC,Bundesliga,team,32.0,26.0,42.0,34.0,374.0,3060.0,34.0,42.0,23.0,65.0,35.0,7.0,7.0,82.0,1.0,413.0,914.0,1.24,0.68,1.91,1.03,1.71,39.4,33.9,25.3,59.2,1.16,0.74,1.9,1.0,1.74,https://fbref.com/en/squads/2818f8bc/2022-2023/Hertha-BSC-Stats
2023,Hertha BSC,Bundesliga,opponent,32.0,26.7,58.0,34.0,374.0,3060.0,34.0,69.0,51.0,120.0,64.0,5.0,6.0,47.0,1.0,535.0,1328.0,2.03,1.5,3.53,1.88,3.38,60.0,55.5,46.3,101.8,1.76,1.36,3.13,1.63,2.99,https://fbref.com/en/squads/2818f8bc/2022-2023/Hertha-BSC-Stats
2023,Hoffenheim,Bundesliga,team,31.0,26.8,48.3,34.0,374.0,3060.0,34.0,46.0,30.0,76.0,39.0,7.0,9.0,80.0,5.0,457.0,1175.0,1.35,0.88,2.24,1.15,2.03,48.0,41.1,32.4,73.4,1.41,0.95,2.36,1.21,2.16,https://fbref.com/en/squads/033ea6b8/Hoffenheim-Stats
2023,Hoffenheim,Bundesliga,opponent,31.0,26.6,51.7,34.0,374.0,3060.0,34.0,56.0,45.0,101.0,54.0,2.0,3.0,63.0,2.0,604.0,1338.0,1.65,1.32,2.97,1.59,2.91,51.1,48.7,41.8,90.5,1.5,1.23,2.73,1.43,2.66,https://fbref.com/en/squads/033ea6b8/Hoffenheim-Stats
2023,Inter,Serie A,team,25.0,28.8,55.7,38.0,418.0,3420.0,38.0,68.0,50.0,118.0,64.0,4.0,5.0,65.0,3.0,668.0,1624.0,1.79,1.32,3.11,1.68,3.0,68.0,64.5,51.8,116.3,1.79,1.36,3.15,1.7,3.06,https://fbref.com/en/squads/d609edc0/Internazionale-Stats
2023,Inter,Serie A,opponent,25.0,26.5,44.3,38.0,418.0,3420.0,38.0,39.0,34.0,73.0,36.0,3.0,3.0,89.0,1.0,697.0,1227.0,1.03,0.89,1.92,0.95,1.84,36.5,34.1,29.0,63.1,0.96,0.76,1.72,0.9,1.66,https://fbref.com/en/squads/d609edc0/Internazionale-Stats
2023,Juventus,Serie A,team,29.0,27.7,49.6,38.0,418.0,3420.0,38.0,56.0,41.0,97.0,53.0,3.0,6.0,74.0,6.0,673.0,1394.0,1.47,1.08,2.55,1.39,2.47,55.3,50.4,39.8,90.2,1.45,1.05,2.5,1.33,2.37,https://fbref.com/en/squads/e0652b02/Juventus-Stats
2023,Juventus,Serie A,opponent,29.0,26.7,50.4,38.0,418.0,3420.0,38.0,33.0,25.0,58.0,29.0,4.0,5.0,74.0,2.0,744.0,1357.0,0.87,0.66,1.53,0.76,1.42,41.6,37.7,31.4,69.1,1.09,0.83,1.92,0.99,1.82,https://fbref.com/en/squads/e0652b02/Juventus-Stats
2023,Köln,Bundesliga,team,27.0,26.0,49.9,34.0,374.0,3060.0,34.0,46.0,31.0,77.0,42.0,4.0,4.0,75.0,3.0,522.0,1247.0,1.35,0.91,2.26,1.24,2.15,47.9,44.7,35.1,79.9,1.41,1.03,2.44,1.32,2.35,https://fbref.com/en/squads/bc357bf7/Koln-Stats
2023,Köln,Bundesliga,opponent,27.0,26.5,50.1,34.0,374.0,3060.0,34.0,51.0,37.0,88.0,47.0,4.0,5.0,64.0,4.0,470.0,1157.0,1.5,1.09,2.59,1.38,2.47,42.6,38.7,31.4,70.1,1.25,0.92,2.18,1.14,2.06,https://fbref.com/en/squads/bc357bf7/Koln-Stats
2023,Lazio,Serie A,team,24.0,28.6,52.1,38.0,418.0,3420.0,38.0,59.0,37.0,96.0,53.0,6.0,8.0,86.0,2.0,683.0,1381.0,1.55,0.97,2.53,1.39,2.37,51.1,44.9,34.3,79.2,1.35,0.9,2.25,1.18,2.08,https://fbref.com/en/squads/7213da33/Lazio-Stats
2023,Lazio,Serie A,opponent,24.0,26.5,47.9,38.0,418.0,3420.0,38.0,29.0,21.0,50.0,28.0,1.0,2.0,108.0,7.0,598.0,1302.0,0.76,0.55,1.32,0.74,1.29,41.3,39.8,31.5,71.3,1.09,0.83,1.92,1.05,1.88,https://fbref.com/en/squads/7213da33/Lazio-Stats
2023,Lecce,Serie A,team,29.0,24.8,41.3,38.0,418.0,3420.0,38.0,31.0,21.0,52.0,27.0,4.0,6.0,86.0,2.0,515.0,1232.0,0.82,0.55,1.37,0.71,1.26,36.1,31.4,25.3,56.7,0.95,0.66,1.61,0.83,1.49,https://fbref.com/en/squads/ffcbe334/Lecce-Stats
2023,Lecce,Serie A,opponent,29.0,26.7,58.7,38.0,418.0,3420.0,38.0,43.0,30.0,73.0,38.0,5.0,6.0,90.0,2.0,613.0,1408.0,1.13,0.79,1.92,1.0,1.79,42.1,37.7,31.6,69.2,1.11,0.83,1.94,0.99,1.82,https://fbref.com/en/squads/ffcbe334/Lecce-Stats
2023,Leeds United,Premier League,team,29.0,25.3,47.0,38.0,418.0,3420.0,38.0,45.0,31.0,76.0,44.0,1.0,3.0,89.0,3.0,555.0,1429.0,1.18,0.82,2.0,1.16,1.97,47.4,45.0,31.9,76.9,1.25,0.84,2.09,1.18,2.02,https://fbref.com/en/squads/5bfb9659/2022-2023/Leeds-United-Stats
2023,Leeds United,Premier League,opponent,29.0,26.7,53.1,38.0,418.0,3420.0,38.0,77.0,50.0,127.0,72.0,5.0,6.0,66.0,3.0,596.0,1469.0,2.03,1.32,3.34,1.89,3.21,67.2,62.5,49.9,112.5,1.77,1.31,3.08,1.65,2.96,https://fbref.com/en/squads/5bfb9659/2022-2023/Leeds-United-Stats
2023,Leicester City,Premier League,team,28.0,26.1,47.7,38.0,418.0,3420.0,38.0,49.0,36.0,85.0,46.0,3.0,6.0,63.0,2.0,580.0,1304.0,1.29,0.95,2.24,1.21,2.16,50.6,45.8,38.5,84.2,1.33,1.01,2.34,1.2,2.22,https://fbref.com/en/squads/a2d435b3/2022-2023/Leicester-City-Stats
2023,Leicester City,Premier League,opponent,28.0,26.6,52.4,38.0,418.0,3420.0,38.0,63.0,46.0,109.0,59.0,4.0,5.0,64.0,2.0,721.0,1575.0,1.66,1.21,2.87,1.55,2.76,63.4,59.9,48.0,107.9,1.67,1.26,2.93,1.58,2.84,https://fbref.com/en/squads/a2d435b3/2022-2023/Leicester-City-Stats
2023,Lens,Ligue 1,team,29.0,26.4,55.6,38.0,418.0,3420.0,38.0,66.0,49.0,115.0,60.0,6.0,9.0,63.0,3.0,738.0,1829.0,1.74,1.29,3.03,1.58,2.87,66.9,60.0,47.6,107.6,1.76,1.25,3.01,1.58,2.83,https://fbref.com/en/squads/fd4e0f7d/2022-2023/Lens-Stats
2023,Lens,Ligue 1,opponent,29.0,26.0,44.4,38.0,418.0,3420.0,38.0,28.0,19.0,47.0,25.0,3.0,3.0,79.0,3.0,544.0,1268.0,0.74,0.5,1.24,0.66,1.16,43.3,40.9,31.5,72.4,1.14,0.83,1.97,1.08,1.91,https://fbref.com/en/squads/fd4e0f7d/2022-2023/Lens-Stats
2023,Leverkusen,Bundesliga,team,27.0,24.7,52.0,34.0,374.0,3060.0,34.0,57.0,44.0,101.0,52.0,5.0,7.0,75.0,7.0,678.0,1243.0,1.68,1.29,2.97,1.53,2.82,51.4,46.0,38.9,85.0,1.51,1.15,2.66,1.35,2.5,https://fbref.com/en/squads/c7a9f859/Bayer-Leverkusen-Stats
2023,Leverkusen,Bundesliga,opponent,27.0,26.4,48.0,34.0,374.0,3060.0,34.0,47.0,29.0,76.0,40.0,7.0,7.0,95.0,1.0,481.0,1254.0,1.38,0.85,2.24,1.18,2.03,42.8,37.3,28.8,66.1,1.26,0.85,2.11,1.1,1.94,https://fbref.com/en/squads/c7a9f859/Bayer-Leverkusen-Stats
2023,Lille,Ligue 1,team,26.0,26.0,60.5,38.0,418.0,3420.0,38.0,65.0,40.0,105.0,54.0,11.0,12.0,82.0,1.0,798.0,1982.0,1.71,1.05,2.76,1.42,2.47,68.7,60.0,46.4,106.5,1.81,1.22,3.03,1.58,2.8,https://fbref.com/en/squads/cb188c0c/2022-2023/Lille-Stats
2023,Lille,Ligue 1,opponent,26.0,26.2,39.5,38.0,418.0,3420.0,38.0,41.0,26.0,67.0,37.0,4.0,5.0,75.0,6.0,513.0,1060.0,1.08,0.68,1.76,0.97,1.66,40.5,36.6,27.8,64.3,1.07,0.73,1.8,0.96,1.69,https://fbref.com/en/squads/cb188c0c/2022-2023/Lille-Stats
2023,Liverpool,Premier League,team,28.0,27.4,60.8,38.0,418.0,3420.0,38.0,71.0,58.0,129.0,69.0,2.0,4.0,57.0,1.0,719.0,1992.0,1.87,1.53,3.39,1.82,3.34,72.6,69.5,56.7,126.1,1.91,1.49,3.4,1.83,3.32,https://fbref.com/en/squads/822bd0ba/2022-2023/Liverpool-Stats
2023,Liverpool,Premier League,opponent,28.0,26.6,38.9,38.0,418.0,3420.0,38.0,45.0,32.0,77.0,43.0,2.0,4.0,59.0,1.0,505.0,1101.0,1.18,0.84,2.03,1.13,1.97,50.9,48.1,37.8,85.8,1.34,0.99,2.33,1.26,2.26,https://fbref.com/en/squads/822bd0ba/2022-2023/Liverpool-Stats
2023,Lorient,Ligue 1,team,30.0,25.2,46.6,38.0,418.0,3420.0,38.0,49.0,32.0,81.0,45.0,4.0,6.0,48.0,4.0,753.0,1329.0,1.29,0.84,2.13,1.18,2.03,44.5,39.8,29.4,69.2,1.17,0.77,1.94,1.05,1.82,https://fbref.com/en/squads/d2c87802/2022-2023/Lorient-Stats
2023,Lorient,Ligue 1,opponent,30.0,26.4,53.4,38.0,418.0,3420.0,38.0,52.0,36.0,88.0,50.0,2.0,2.0,80.0,4.0,759.0,2065.0,1.37,0.95,2.32,1.32,2.26,58.2,56.6,43.0,99.6,1.53,1.13,2.66,1.49,2.62,https://fbref.com/en/squads/d2c87802/2022-2023/Lorient-Stats
2023,Lyon,Ligue 1,team,29.0,25.5,58.1,38.0,418.0,3420.0,38.0,63.0,45.0,108.0,57.0,6.0,8.0,61.0,3.0,709.0,1883.0,1.66,1.18,2.84,1.5,2.68,61.1,54.8,45.1,99.9,1.61,1.19,2.8,1.44,2.63,https://fbref.com/en/squads/d53c0b06/2022-2023/Lyon-Stats
2023,Lyon,Ligue 1,opponent,29.0,26.1,41.9,38.0,418.0,3420.0,38.0,44.0,24.0,68.0,33.0,11.0,11.0,66.0,4.0,677.0,1277.0,1.16,0.63,1.79,0.87,1.5,51.7,43.1,34.1,77.2,1.36,0.9,2.26,1.13,2.03,https://fbref.com/en/squads/d53c0b06/2022-2023/Lyon-Stats
2023,M'Gladbach,Bundesliga,team,27.0,26.8,53.7,34.0,374.0,3060.0,34.0,52.0,39.0,91.0,48.0,4.0,6.0,62.0,3.0,518.0,1168.0,1.53,1.15,2.68,1.41,2.56,52.1,47.5,41.2,88.7,1.53,1.21,2.74,1.4,2.61,https://fbref.com/en/squads/32f3ee20/Monchengladbach-Stats
2023,M'Gladbach,Bundesliga,opponent,27.0,26.3,46.3,34.0,374.0,3060.0,34.0,54.0,37.0,91.0,48.0,6.0,6.0,66.0,6.0,600.0,1349.0,1.59,1.09,2.68,1.41,2.5,53.4,48.7,35.1,83.8,1.57,1.03,2.6,1.43,2.46,https://fbref.com/en/squads/32f3ee20/Monchengladbach-Stats
2023,Mainz 05,Bundesliga,team,27.0,27.0,44.8,34.0,374.0,3060.0,34.0,54.0,35.0,89.0,50.0,4.0,6.0,69.0,1.0,364.0,1155.0,1.59,1.03,2.62,1.47,2.5,47.1,42.4,30.0,72.4,1.39,0.88,2.27,1.25,2.13,https://fbref.com/en/squads/a224b06a/Mainz-05-Stats
2023,Mainz 05,Bundesliga,opponent,27.0,26.6,55.2,34.0,374.0,3060.0,34.0,55.0,42.0,97.0,51.0,4.0,8.0,72.0,5.0,595.0,1279.0,1.62,1.24,2.85,1.5,2.74,53.6,47.5,39.0,86.5,1.58,1.15,2.72,1.4,2.54,https://fbref.com/en/squads/a224b06a/Mainz-05-Stats
2023,Mallorca,La Liga,team,31.0,27.7,41.1,38.0,418.0,3420.0,38.0,36.0,27.0,63.0,32.0,4.0,5.0,120.0,5.0,476.0,948.0,0.95,0.71,1.66,0.84,1.55,35.2,31.1,26.5,57.7,0.93,0.7,1.62,0.82,1.52,https://fbref.com/en/squads/2aa12281/2022-2023/Mallorca-Stats
2023,Mallorca,La Liga,opponent,31.0,27.4,58.9,38.0,418.0,3420.0,38.0,43.0,31.0,74.0,37.0,6.0,7.0,94.0,4.0,795.0,1706.0,1.13,0.82,1.95,0.97,1.79,46.4,41.0,31.8,72.8,1.22,0.84,2.06,1.08,1.92,https://fbref.com/en/squads/2aa12281/2022-2023/Mallorca-Stats
2023,Manchester City,Premier League,team,24.0,27.2,64.7,38.0,418.0,3420.0,38.0,92.0,69.0,161.0,83.0,9.0,10.0,44.0,1.0,987.0,2073.0,2.42,1.82,4.24,2.18,4.0,78.7,71.1,57.6,128.7,2.07,1.52,3.59,1.87,3.39,https://fbref.com/en/squads/b8fd03ef/2022-2023/Manchester-City-Stats
2023,Manchester City,Premier League,opponent,24.0,26.6,34.7,38.0,418.0,3420.0,38.0,32.0,21.0,53.0,29.0,3.0,3.0,80.0,2.0,434.0,860.0,0.84,0.55,1.39,0.76,1.32,32.1,29.8,23.8,53.5,0.85,0.63,1.47,0.78,1.41,https://fbref.com/en/squads/b8fd03ef/2022-2023/Manchester-City-Stats
2023,Manchester Utd,Premier League,team,26.0,26.9,53.7,38.0,418.0,3420.0,38.0,56.0,42.0,98.0,53.0,3.0,3.0,78.0,2.0,711.0,1595.0,1.47,1.11,2.58,1.39,2.5,67.7,65.3,52.2,117.5,1.78,1.37,3.15,1.72,3.09,https://fbref.com/en/squads/19538871/2022-2023/Manchester-United-Stats
2023,Manchester Utd,Premier League,opponent,26.0,26.4,46.0,38.0,418.0,3420.0,38.0,42.0,28.0,70.0,40.0,2.0,3.0,50.0,0.0,697.0,1355.0,1.11,0.74,1.84,1.05,1.79,50.4,48.0,37.4,85.4,1.33,0.98,2.31,1.26,2.25,https://fbref.com/en/squads/19538871/2022-2023/Manchester-United-Stats
2023,Marseille,Ligue 1,team,30.0,27.3,56.7,38.0,418.0,3420.0,38.0,61.0,38.0,99.0,55.0,6.0,7.0,63.0,4.0,759.0,1919.0,1.61,1.0,2.61,1.45,2.45,65.3,60.0,47.0,107.0,1.72,1.24,2.95,1.58,2.82,https://fbref.com/en/squads/5725cc7b/2022-2023/Marseille-Stats
2023,Marseille,Ligue 1,opponent,30.0,26.2,43.3,38.0,418.0,3420.0,38.0,37.0,22.0,59.0,32.0,5.0,5.0,64.0,0.0,577.0,1146.0,0.97,0.58,1.55,0.84,1.42,42.5,38.5,30.2,68.8,1.12,0.8,1.91,1.01,1.81,https://fbref.com/en/squads/5725cc7b/2022-2023/Marseille-Stats
2023,Milan,Serie A,team,30.0,26.0,55.6,38.0,418.0,3420.0,38.0,61.0,49.0,110.0,56.0,5.0,5.0,90.0,2.0,795.0,1584.0,1.61,1.29,2.89,1.47,2.76,58.8,55.1,46.0,101.1,1.55,1.21,2.76,1.45,2.66,https://fbref.com/en/squads/dc56fe14/Milan-Stats
2023,Milan,Serie A,opponent,30.0,26.7,44.4,38.0,418.0,3420.0,38.0,42.0,32.0,74.0,38.0,4.0,5.0,113.0,1.0,546.0,1168.0,1.11,0.84,1.95,1.0,1.84,41.1,37.2,31.0,68.2,1.08,0.82,1.9,0.98,1.8,https://fbref.com/en/squads/dc56fe14/Milan-Stats
2023,Monaco,Ligue 1,team,27.0,24.7,48.2,38.0,418.0,3420.0,38.0,69.0,47.0,116.0,64.0,5.0,8.0,64.0,5.0,719.0,1820.0,1.82,1.24,3.05,1.68,2.92,62.1,55.7,42.2,97.9,1.63,1.11,2.74,1.47,2.58,https://fbref.com/en/squads/fd6114db/2022-2023/Monaco-Stats
2023,Monaco,Ligue 1,opponent,27.0,26.3,51.8,38.0,418.0,3420.0,38.0,55.0,40.0,95.0,50.0,5.0,5.0,58.0,2.0,647.0,1518.0,1.45,1.05,2.5,1.32,2.37,53.2,49.7,38.2,87.9,1.4,1.0,2.41,1.31,2.31,https://fbref.com/en/squads/fd6114db/2022-2023/Monaco-Stats
2023,Montpellier,Ligue 1,team,31.0,26.0,45.8,38.0,418.0,3420.0,38.0,64.0,41.0,105.0,57.0,7.0,7.0,68.0,10.0,556.0,1250.0,1.68,1.08,2.76,1.5,2.58,52.2,46.7,34.3,80.9,1.37,0.9,2.27,1.23,2.13,https://fbref.com/en/squads/281b0e73/2022-2023/Montpellier-Stats
2023,Montpellier,Ligue 1,opponent,31.0,26.5,54.2,38.0,418.0,3420.0,38.0,60.0,42.0,102.0,54.0,6.0,11.0,82.0,10.0,794.0,1799.0,1.58,1.11,2.68,1.42,2.53,62.2,53.5,39.4,92.9,1.64,1.04,2.67,1.41,2.45,https://fbref.com/en/squads/281b0e73/2022-2023/Montpellier-Stats
2023,Monza,Serie A,team,31.0,26.6,55.2,38.0,418.0,3420.0,38.0,46.0,31.0,77.0,41.0,5.0,6.0,90.0,4.0,708.0,1362.0,1.21,0.82,2.03,1.08,1.89,45.9,41.2,33.8,75.0,1.21,0.89,2.1,1.08,1.97,https://fbref.com/en/squads/21680aa4/Monza-Stats
2023,Monza,Serie A,opponent,31.0,26.4,44.8,38.0,418.0,3420.0,38.0,51.0,32.0,83.0,48.0,3.0,3.0,78.0,5.0,768.0,1449.0,1.34,0.84,2.18,1.26,2.11,51.3,49.0,38.0,87.0,1.35,1.0,2.35,1.29,2.29,https://fbref.com/en/squads/21680aa4/Monza-Stats
2023,Nantes,Ligue 1,team,29.0,26.7,45.9,38.0,418.0,3420.0,38.0,35.0,27.0,62.0,32.0,3.0,5.0,65.0,4.0,705.0,1565.0,0.92,0.71,1.63,0.84,1.55,42.8,39.0,31.8,70.8,1.13,0.84,1.96,1.03,1.86,https://fbref.com/en/squads/d7a486cd/2022-2023/Nantes-Stats
2023,Nantes,Ligue 1,opponent,29.0,26.3,54.1,38.0,418.0,3420.0,38.0,51.0,29.0,80.0,42.0,9.0,9.0,61.0,5.0,750.0,1771.0,1.34,0.76,2.11,1.11,1.87,52.4,45.5,34.5,80.0,1.38,0.91,2.29,1.2,2.11,https://fbref.com/en/squads/d7a486cd/2022-2023/Nantes-Stats
2023,Napoli,Serie A,team,27.0,26.4,61.8,38.0,418.0,3420.0,38.0,75.0,57.0,132.0,67.0,8.0,10.0,47.0,1.0,907.0,1804.0,1.97,1.5,3.47,1.76,3.26,64.7,56.8,46.8,103.6,1.7,1.23,2.94,1.5,2.73,https://fbref.com/en/squads/d48ad4ff/Napoli-Stats
2023,Napoli,Serie A,opponent,27.0,26.4,38.2,38.0,418.0,3420.0,38.0,28.0,18.0,46.0,27.0,1.0,2.0,92.0,4.0,509.0,1013.0,0.74,0.47,1.21,0.71,1.18,31.8,30.2,24.6,54.8,0.84,0.65,1.48,0.8,1.44,https://fbref.com/en/squads/d48ad4ff/Napoli-Stats
2023,Newcastle Utd,Premier League,team,27.0,27.3,52.3,38.0,418.0,3420.0,38.0,64.0,42.0,106.0,58.0,6.0,6.0,61.0,1.0,694.0,1618.0,1.68,1.11,2.79,1.53,2.63,72.0,67.4,51.9,119.3,1.89,1.37,3.26,1.77,3.14,https://fbref.com/en/squads/b2b47a98/2022-2023/Newcastle-United-Stats
2023,Newcastle Utd,Premier League,opponent,27.0,26.8,47.6,38.0,418.0,3420.0,38.0,31.0,23.0,54.0,29.0,2.0,5.0,80.0,2.0,600.0,1201.0,0.82,0.61,1.42,0.76,1.37,39.6,35.7,29.7,65.3,1.04,0.78,1.82,0.94,1.72,https://fbref.com/en/squads/b2b47a98/2022-2023/Newcastle-United-Stats
2023,Nice,Ligue 1,team,34.0,26.5,51.5,38.0,418.0,3420.0,38.0,47.0,32.0,79.0,41.0,6.0,7.0,53.0,3.0,774.0,1534.0,1.24,0.84,2.08,1.08,1.92,57.2,51.8,39.4,91.1,1.51,1.04,2.54,1.36,2.4,https://fbref.com/en/squads/132ebc33/2022-2023/Nice-Stats
2023,Nice,Ligue 1,opponent,34.0,26.3,48.5,38.0,418.0,3420.0,38.0,37.0,25.0,62.0,34.0,3.0,5.0,44.0,4.0,704.0,1606.0,0.97,0.66,1.63,0.89,1.55,44.6,40.6,32.7,73.3,1.17,0.86,2.04,1.07,1.93,https://fbref.com/en/squads/132ebc33/2022-2023/Nice-Stats
2023,Nott'ham Forest,Premier League,team,33.0,26.5,37.6,38.0,418.0,3420.0,38.0,36.0,22.0,58.0,33.0,3.0,6.0,84.0,0.0,435.0,859.0,0.95,0.58,1.53,0.87,1.45,39.3,34.6,26.3,61.0,1.03,0.69,1.73,0.91,1.6,https://fbref.com/en/squads/e4a775cb/2022-2023/Nottingham-Forest-Stats
2023,Nott'ham Forest,Premier League,opponent,33.0,26.8,62.8,38.0,418.0,3420.0,38.0,68.0,45.0,113.0,62.0,6.0,9.0,65.0,0.0,813.0,1904.0,1.79,1.18,2.97,1.63,2.82,64.2,57.5,45.0,102.5,1.69,1.18,2.87,1.51,2.7,https://fbref.com/en/squads/e4a775cb/2022-2023/Nottingham-Forest-Stats
2023,Osasuna,La Liga,team,26.0,27.5,48.0,38.0,418.0,3420.0,38.0,36.0,30.0,66.0,32.0,4.0,5.0,93.0,7.0,545.0,1356.0,0.95,0.79,1.74,0.84,1.63,39.4,35.5,28.2,63.7,1.04,0.74,1.78,0.93,1.68,https://fbref.com/en/squads/03c57e2b/2022-2023/Osasuna-Stats
2023,Osasuna,La Liga,opponent,26.0,27.4,52.0,38.0,418.0,3420.0,38.0,40.0,29.0,69.0,39.0,1.0,4.0,81.0,9.0,680.0,1371.0,1.05,0.76,1.82,1.03,1.79,45.7,42.5,34.8,77.4,1.2,0.92,2.12,1.12,2.04,https://fbref.com/en/squads/03c57e2b/2022-2023/Osasuna-Stats
2023,Paris S-G,Ligue 1,team,26.0,26.9,60.7,38.0,418.0,3420.0,38.0,86.0,62.0,148.0,81.0,5.0,7.0,57.0,5.0,810.0,2029.0,2.26,1.63,3.89,2.13,3.76,78.2,72.6,56.8,129.3,2.06,1.49,3.55,1.91,3.4,https://fbref.com/en/squads/e2d8892c/2022-2023/Paris-Saint-Germain-Stats
2023,Paris S-G,Ligue 1,opponent,26.0,26.1,39.3,38.0,418.0,3420.0,38.0,39.0,27.0,66.0,37.0,2.0,5.0,50.0,4.0,698.0,1316.0,1.03,0.71,1.74,0.97,1.68,48.3,44.3,34.7,79.0,1.27,0.91,2.18,1.17,2.08,https://fbref.com/en/squads/e2d8892c/2022-2023/Paris-Saint-Germain-Stats
2023,RB Leipzig,Bundesliga,team,25.0,26.3,58.1,34.0,374.0,3060.0,34.0,64.0,39.0,103.0,58.0,6.0,7.0,69.0,2.0,599.0,1450.0,1.88,1.15,3.03,1.71,2.85,62.7,57.4,43.2,100.6,1.84,1.27,3.11,1.69,2.96,https://fbref.com/en/squads/acbb6a5b/RB-Leipzig-Stats
2023,RB Leipzig,Bundesliga,opponent,25.0,26.5,41.9,34.0,374.0,3060.0,34.0,39.0,23.0,62.0,32.0,7.0,8.0,81.0,1.0,424.0,1009.0,1.15,0.68,1.82,0.94,1.62,37.2,30.9,23.5,54.4,1.09,0.69,1.79,0.91,1.6,https://fbref.com/en/squads/acbb6a5b/RB-Leipzig-Stats
2023,Rayo Vallecano,La Liga,team,28.0,27.9,51.2,38.0,418.0,3420.0,38.0,41.0,29.0,70.0,37.0,4.0,8.0,90.0,6.0,703.0,1390.0,1.08,0.76,1.84,0.97,1.74,43.9,37.8,30.0,67.8,1.16,0.79,1.95,0.99,1.78,https://fbref.com/en/squads/98e8af82/2022-2023/Rayo-Vallecano-Stats
2023,Rayo Vallecano,La Liga,opponent,28.0,27.3,48.8,38.0,418.0,3420.0,38.0,49.0,34.0,83.0,45.0,4.0,5.0,93.0,7.0,589.0,1231.0,1.29,0.89,2.18,1.18,2.08,49.9,46.2,36.6,82.8,1.31,0.96,2.28,1.22,2.18,https://fbref.com/en/squads/98e8af82/2022-2023/Rayo-Vallecano-Stats
2023,Real Madrid,La Liga,team,26.0,27.4,60.9,38.0,418.0,3420.0,38.0,73.0,56.0,129.0,64.0,9.0,12.0,72.0,3.0,1008.0,2017.0,1.92,1.47,3.39,1.68,3.16,75.5,66.1,56.8,122.9,1.99,1.49,3.48,1.74,3.23,https://fbref.com/en/squads/53a2f082/2022-2023/Real-Madrid-Stats
2023,Real Madrid,La Liga,opponent,26.0,27.3,39.1,38.0,418.0,3420.0,38.0,35.0,21.0,56.0,31.0,4.0,5.0,97.0,7.0,631.0,1189.0,0.92,0.55,1.47,0.82,1.37,38.9,35.0,27.8,62.8,1.02,0.73,1.76,0.92,1.65,https://fbref.com/en/squads/53a2f082/2022-2023/Real-Madrid-Stats
2023,Real Sociedad,La Liga,team,30.0,25.9,54.6,38.0,418.0,3420.0,38.0,47.0,36.0,83.0,45.0,2.0,4.0,90.0,2.0,692.0,1483.0,1.24,0.95,2.18,1.18,2.13,52.7,49.6,39.5,89.1,1.39,1.04,2.43,1.3,2.34,https://fbref.com/en/squads/e31d1cd9/2022-2023/Real-Sociedad-Stats
2023,Real Sociedad,La Liga,opponent,30.0,27.5,45.4,38.0,418.0,3420.0,38.0,33.0,26.0,59.0,32.0,1.0,2.0,98.0,10.0,575.0,1025.0,0.87,0.68,1.55,0.84,1.53,33.4,31.8,25.2,57.0,0.88,0.66,1.54,0.84,1.5,https://fbref.com/en/squads/e31d1cd9/2022-2023/Real-Sociedad-Stats
2023,Reims,Ligue 1,team,34.0,24.9,48.7,38.0,418.0,3420.0,38.0,45.0,31.0,76.0,38.0,7.0,8.0,70.0,9.0,712.0,1717.0,1.18,0.82,2.0,1.0,1.82,61.5,55.2,43.4,98.6,1.62,1.14,2.76,1.45,2.59,https://fbref.com/en/squads/7fdd64e0/2022-2023/Reims-Stats
2023,Reims,Ligue 1,opponent,34.0,26.4,51.3,38.0,418.0,3420.0,38.0,43.0,28.0,71.0,40.0,3.0,3.0,66.0,6.0,663.0,1588.0,1.13,0.74,1.87,1.05,1.79,52.7,50.3,40.4,90.8,1.39,1.06,2.45,1.32,2.39,https://fbref.com/en/squads/7fdd64e0/2022-2023/Reims-Stats
2023,Rennes,Ligue 1,team,32.0,25.2,55.4,38.0,418.0,3420.0,38.0,66.0,47.0,113.0,63.0,3.0,3.0,58.0,6.0,774.0,1922.0,1.74,1.24,2.97,1.66,2.89,61.4,59.0,45.4,104.4,1.62,1.2,2.81,1.55,2.75,https://fbref.com/en/squads/b3072e00/2022-2023/Rennes-Stats
2023,Rennes,Ligue 1,opponent,32.0,26.2,44.6,38.0,418.0,3420.0,38.0,38.0,27.0,65.0,35.0,3.0,5.0,55.0,5.0,564.0,1323.0,1.0,0.71,1.71,0.92,1.63,44.1,40.2,30.4,70.6,1.16,0.8,1.96,1.06,1.86,https://fbref.com/en/squads/b3072e00/2022-2023/Rennes-Stats
2023,Roma,Serie A,team,30.0,27.4,48.6,38.0,418.0,3420.0,38.0,50.0,33.0,83.0,43.0,7.0,10.0,82.0,4.0,684.0,1217.0,1.32,0.87,2.18,1.13,2.0,57.4,49.9,38.9,88.8,1.51,1.02,2.53,1.31,2.34,https://fbref.com/en/squads/cf74a709/Roma-Stats
2023,Roma,Serie A,opponent,30.0,26.6,51.4,38.0,418.0,3420.0,38.0,37.0,26.0,63.0,35.0,2.0,3.0,124.0,8.0,636.0,1362.0,0.97,0.68,1.66,0.92,1.61,32.1,29.8,21.8,51.6,0.84,0.57,1.42,0.78,1.36,https://fbref.com/en/squads/cf74a709/Roma-Stats
2023,Salernitana,Serie A,team,30.0,27.2,44.9,38.0,418.0,3420.0,38.0,46.0,34.0,80.0,44.0,2.0,2.0,85.0,4.0,519.0,1089.0,1.21,0.89,2.11,1.16,2.05,36.7,35.2,26.9,62.0,0.96,0.71,1.67,0.93,1.63,https://fbref.com/en/squads/c5577084/Salernitana-Stats
2023,Salernitana,Serie A,opponent,30.0,26.6,55.1,38.0,418.0,3420.0,38.0,62.0,40.0,102.0,55.0,7.0,11.0,74.0,6.0,770.0,1624.0,1.63,1.05,2.68,1.45,2.5,67.1,58.0,44.7,102.7,1.77,1.18,2.94,1.53,2.7,https://fbref.com/en/squads/c5577084/Salernitana-Stats
2023,Sampdoria,Serie A,team,40.0,27.9,46.1,38.0,418.0,3420.0,38.0,23.0,18.0,41.0,22.0,1.0,2.0,108.0,3.0,466.0,1126.0,0.61,0.47,1.08,0.58,1.05,34.1,32.5,24.4,56.9,0.9,0.64,1.54,0.85,1.5,https://fbref.com/en/squads/8ff9e3b3/Sampdoria-Stats
2023,Sampdoria,Serie A,opponent,40.0,26.7,53.9,38.0,418.0,3420.0,38.0,69.0,53.0,122.0,61.0,8.0,11.0,79.0,1.0,723.0,1603.0,1.82,1.39,3.21,1.61,3.0,66.3,57.9,47.6,105.5,1.75,1.25,3.0,1.52,2.78,https://fbref.com/en/squads/8ff9e3b3/Sampdoria-Stats
2023,Sassuolo,Serie A,team,31.0,26.1,49.2,38.0,418.0,3420.0,38.0,46.0,30.0,76.0,37.0,9.0,10.0,90.0,6.0,761.0,1565.0,1.21,0.79,2.0,0.97,1.76,51.6,43.9,36.1,80.0,1.36,0.95,2.31,1.16,2.11,https://fbref.com/en/squads/e2befd26/Sassuolo-Stats
2023,Sassuolo,Serie A,opponent,31.0,26.5,50.8,38.0,418.0,3420.0,38.0,59.0,44.0,103.0,55.0,4.0,4.0,86.0,4.0,672.0,1349.0,1.55,1.16,2.71,1.45,2.61,49.7,47.1,38.7,85.8,1.31,1.02,2.33,1.24,2.26,https://fbref.com/en/squads/e2befd26/Sassuolo-Stats
2023,Schalke 04,Bundesliga,team,35.0,27.5,46.0,34.0,374.0,3060.0,34.0,32.0,24.0,56.0,28.0,4.0,5.0,68.0,1.0,415.0,934.0,0.94,0.71,1.65,0.82,1.53,39.6,35.9,28.7,64.6,1.16,0.84,2.01,1.06,1.9,https://fbref.com/en/squads/c539e393/2022-2023/Schalke-04-Stats
2023,Schalke 04,Bundesliga,opponent,35.0,26.5,54.0,34.0,374.0,3060.0,34.0,70.0,50.0,120.0,65.0,5.0,6.0,78.0,3.0,577.0,1240.0,2.06,1.47,3.53,1.91,3.38,57.1,52.5,40.7,93.1,1.68,1.2,2.88,1.54,2.74,https://fbref.com/en/squads/c539e393/2022-2023/Schalke-04-Stats
2023,Sevilla,La Liga,team,35.0,28.7,52.6,38.0,418.0,3420.0,38.0,47.0,31.0,78.0,43.0,4.0,5.0,120.0,13.0,558.0,1513.0,1.24,0.82,2.05,1.13,1.95,46.3,42.4,32.0,74.5,1.22,0.84,2.06,1.12,1.96,https://fbref.com/en/squads/ad2be733/2022-2023/Sevilla-Stats
2023,Sevilla,La Liga,opponent,35.0,27.3,47.4,38.0,418.0,3420.0,38.0,51.0,40.0,91.0,49.0,2.0,3.0,95.0,8.0,643.0,1275.0,1.34,1.05,2.39,1.29,2.34,54.2,51.8,42.0,93.7,1.43,1.1,2.53,1.36,2.47,https://fbref.com/en/squads/ad2be733/2022-2023/Sevilla-Stats
2023,Southampton,Premier League,team,36.0,24.7,44.5,38.0,418.0,3420.0,38.0,36.0,25.0,61.0,34.0,2.0,4.0,73.0,0.0,588.0,1125.0,0.95,0.66,1.61,0.89,1.55,37.7,34.5,28.2,62.7,0.99,0.74,1.73,0.91,1.65,https://fbref.com/en/squads/33c895d4/2022-2023/Southampton-Stats
2023,Southampton,Premier League,opponent,36.0,26.7,55.6,38.0,418.0,3420.0,38.0,68.0,55.0,123.0,66.0,2.0,3.0,63.0,2.0,652.0,1735.0,1.79,1.45,3.24,1.74,3.18,61.0,58.7,46.4,105.0,1.61,1.22,2.83,1.54,2.76,https://fbref.com/en/squads/33c895d4/2022-2023/Southampton-Stats
2023,Spezia,Serie A,team,34.0,25.7,47.4,38.0,418.0,3420.0,38.0,29.0,18.0,47.0,25.0,4.0,4.0,103.0,6.0,553.0,1163.0,0.76,0.47,1.24,0.66,1.13,41.5,38.5,29.3,67.8,1.09,0.77,1.86,1.01,1.78,https://fbref.com/en/squads/68449f6d/Spezia-Stats
2023,Spezia,Serie A,opponent,34.0,27.0,52.6,38.0,418.0,3420.0,38.0,59.0,41.0,100.0,54.0,5.0,7.0,61.0,2.0,671.0,1440.0,1.55,1.08,2.63,1.42,2.5,59.5,54.0,43.2,97.2,1.57,1.14,2.7,1.42,2.56,https://fbref.com/en/squads/68449f6d/Spezia-Stats
2023,Strasbourg,Ligue 1,team,29.0,27.3,45.9,38.0,418.0,3420.0,38.0,48.0,28.0,76.0,43.0,5.0,7.0,73.0,7.0,610.0,1351.0,1.26,0.74,2.0,1.13,1.87,48.5,42.8,32.1,74.9,1.28,0.84,2.12,1.13,1.97,https://fbref.com/en/squads/c0d3eab4/2022-2023/Strasbourg-Stats
2023,Strasbourg,Ligue 1,opponent,29.0,26.2,54.1,38.0,418.0,3420.0,38.0,59.0,34.0,93.0,49.0,10.0,11.0,68.0,7.0,691.0,1478.0,1.55,0.89,2.45,1.29,2.18,55.4,47.2,35.0,82.1,1.46,0.92,2.38,1.24,2.16,https://fbref.com/en/squads/c0d3eab4/2022-2023/Strasbourg-Stats
2023,Stuttgart,Bundesliga,team,30.0,24.7,50.2,34.0,374.0,3060.0,34.0,45.0,34.0,79.0,40.0,5.0,5.0,72.0,5.0,609.0,1278.0,1.32,1.0,2.32,1.18,2.18,47.6,43.7,38.1,81.7,1.4,1.12,2.52,1.28,2.4,https://fbref.com/en/squads/598bc722/Stuttgart-Stats
2023,Stuttgart,Bundesliga,opponent,30.0,26.4,49.8,34.0,374.0,3060.0,34.0,56.0,39.0,95.0,50.0,6.0,6.0,78.0,1.0,461.0,1226.0,1.65,1.15,2.79,1.47,2.62,45.2,40.6,32.1,72.7,1.33,0.94,2.27,1.19,2.14,https://fbref.com/en/squads/598bc722/Stuttgart-Stats
2023,Torino,Serie A,team,28.0,25.2,53.2,38.0,418.0,3420.0,38.0,41.0,34.0,75.0,39.0,2.0,2.0,81.0,0.0,684.0,1328.0,1.08,0.89,1.97,1.03,1.92,41.8,40.2,35.0,75.2,1.1,0.92,2.02,1.06,1.98,https://fbref.com/en/squads/105360fe/Torino-Stats
2023,Torino,Serie A,opponent,28.0,26.6,46.8,38.0,418.0,3420.0,38.0,41.0,28.0,69.0,36.0,5.0,6.0,66.0,1.0,524.0,1100.0,1.08,0.74,1.82,0.95,1.68,40.0,35.3,28.2,63.5,1.05,0.74,1.79,0.93,1.67,https://fbref.com/en/squads/105360fe/Torino-Stats
2023,Tottenham,Premier League,team,29.0,27.6,50.0,38.0,418.0,3420.0,38.0,68.0,46.0,114.0,63.0,5.0,6.0,77.0,3.0,692.0,1449.0,1.79,1.21,3.0,1.66,2.87,57.1,52.4,43.1,95.5,1.5,1.13,2.64,1.38,2.51,https://fbref.com/en/squads/361ca564/2022-2023/Tottenham-Hotspur-Stats
2023,Tottenham,Premier League,opponent,29.0,26.7,50.1,38.0,418.0,3420.0,38.0,62.0,45.0,107.0,59.0,3.0,4.0,79.0,2.0,685.0,1516.0,1.63,1.18,2.82,1.55,2.74,49.7,46.6,36.3,82.8,1.31,0.95,2.26,1.23,2.18,https://fbref.com/en/squads/361ca564/2022-2023/Tottenham-Hotspur-Stats
2023,Toulouse,Ligue 1,team,29.0,25.1,51.3,38.0,418.0,3420.0,38.0,50.0,33.0,83.0,46.0,4.0,4.0,62.0,3.0,648.0,1737.0,1.32,0.87,2.18,1.21,2.08,52.5,49.4,35.8,85.2,1.38,0.94,2.33,1.3,2.24,https://fbref.com/en/squads/3f8c4b5f/2022-2023/Toulouse-Stats
2023,Toulouse,Ligue 1,opponent,29.0,26.4,48.7,38.0,418.0,3420.0,38.0,54.0,31.0,85.0,50.0,4.0,7.0,64.0,2.0,743.0,1597.0,1.42,0.82,2.24,1.32,2.13,57.0,51.4,37.5,88.9,1.5,0.99,2.49,1.35,2.34,https://fbref.com/en/squads/3f8c4b5f/2022-2023/Toulouse-Stats
2023,Troyes,Ligue 1,team,32.0,25.8,42.6,38.0,418.0,3420.0,38.0,43.0,26.0,69.0,38.0,5.0,5.0,55.0,5.0,638.0,1235.0,1.13,0.68,1.82,1.0,1.68,39.1,35.6,27.9,63.5,1.03,0.73,1.76,0.94,1.67,https://fbref.com/en/squads/54195385/2022-2023/Troyes-Stats
2023,Troyes,Ligue 1,opponent,32.0,26.3,57.4,38.0,418.0,3420.0,38.0,79.0,51.0,130.0,72.0,7.0,8.0,47.0,5.0,791.0,2004.0,2.08,1.34,3.42,1.89,3.24,78.0,71.7,54.5,126.2,2.05,1.43,3.49,1.89,3.32,https://fbref.com/en/squads/54195385/2022-2023/Troyes-Stats
2023,Udinese,Serie A,team,30.0,26.1,48.0,38.0,418.0,3420.0,38.0,46.0,41.0,87.0,45.0,1.0,2.0,88.0,3.0,646.0,1354.0,1.21,1.08,2.29,1.18,2.26,46.9,45.4,37.8,83.2,1.24,0.99,2.23,1.2,2.19,https://fbref.com/en/squads/04eea015/Udinese-Stats
2023,Udinese,Serie A,opponent,30.0,26.8,52.0,38.0,418.0,3420.0,38.0,46.0,32.0,78.0,40.0,6.0,7.0,86.0,3.0,631.0,1462.0,1.21,0.84,2.05,1.05,1.89,51.8,46.7,36.5,83.1,1.36,0.96,2.32,1.23,2.19,https://fbref.com/en/squads/04eea015/Udinese-Stats
2023,Union Berlin,Bundesliga,team,28.0,27.9,43.8,34.0,374.0,3060.0,34.0,49.0,38.0,87.0,46.0,3.0,7.0,65.0,2.0,375.0,1012.0,1.44,1.12,2.56,1.35,2.47,37.9,32.5,25.9,58.4,1.12,0.76,1.88,0.95,1.72,https://fbref.com/en/squads/7a41008f/Union-Berlin-Stats
2023,Union Berlin,Bundesliga,opponent,28.0,26.2,56.2,34.0,374.0,3060.0,34.0,38.0,26.0,64.0,31.0,7.0,7.0,61.0,3.0,525.0,1334.0,1.12,0.76,1.88,0.91,1.68,42.6,37.1,30.5,67.6,1.25,0.9,2.15,1.09,1.99,https://fbref.com/en/squads/7a41008f/Union-Berlin-Stats
2023,Valencia,La Liga,team,28.0,24.2,52.0,38.0,418.0,3420.0,38.0,40.0,23.0,63.0,35.0,5.0,8.0,92.0,8.0,786.0,1472.0,1.05,0.61,1.66,0.92,1.53,49.3,43.0,32.5,75.5,1.3,0.86,2.15,1.13,1.99,https://fbref.com/en/squads/dcc91a7b/2022-2023/Valencia-Stats
2023,Valencia,La Liga,opponent,28.0,27.5,48.0,38.0,418.0,3420.0,38.0,43.0,34.0,77.0,41.0,2.0,5.0,127.0,10.0,480.0,1225.0,1.13,0.89,2.03,1.08,1.97,43.5,39.7,32.3,72.0,1.14,0.85,1.99,1.04,1.89,https://fbref.com/en/squads/dcc91a7b/2022-2023/Valencia-Stats
2023,Valladolid,La Liga,team,36.0,27.4,48.7,38.0,418.0,3420.0,38.0,32.0,24.0,56.0,29.0,3.0,4.0,94.0,6.0,610.0,1244.0,0.84,0.63,1.47,0.76,1.39,38.6,35.5,28.4,63.9,1.02,0.75,1.76,0.93,1.68,https://fbref.com/en/squads/17859612/2022-2023/Valladolid-Stats
2023,Valladolid,La Liga,opponent,36.0,27.4,51.3,38.0,418.0,3420.0,38.0,62.0,46.0,108.0,56.0,6.0,10.0,66.0,2.0,723.0,1486.0,1.63,1.21,2.84,1.47,2.68,64.9,57.3,46.4,103.7,1.71,1.22,2.93,1.51,2.73,https://fbref.com/en/squads/17859612/2022-2023/Valladolid-Stats
2023,Villarreal,La Liga,team,32.0,28.4,56.9,38.0,418.0,3420.0,38.0,57.0,33.0,90.0,53.0,4.0,7.0,91.0,4.0,846.0,1622.0,1.5,0.87,2.37,1.39,2.26,61.7,56.1,43.1,99.3,1.62,1.13,2.76,1.48,2.61,https://fbref.com/en/squads/2a8183b3/2022-2023/Villarreal-Stats
2023,Villarreal,La Liga,opponent,32.0,27.2,43.1,38.0,418.0,3420.0,38.0,39.0,29.0,68.0,35.0,4.0,4.0,105.0,5.0,640.0,1242.0,1.03,0.76,1.79,0.92,1.68,50.3,47.2,36.2,83.3,1.32,0.95,2.28,1.24,2.19,https://fbref.com/en/squads/2a8183b3/2022-2023/Villarreal-Stats
2023,Werder Bremen,Bundesliga,team,25.0,27.4,49.3,34.0,374.0,3060.0,34.0,50.0,37.0,87.0,45.0,5.0,6.0,76.0,1.0,412.0,1140.0,1.47,1.09,2.56,1.32,2.41,41.1,36.4,29.0,65.4,1.21,0.85,2.06,1.07,1.92,https://fbref.com/en/squads/62add3bf/Werder-Bremen-Stats
2023,Werder Bremen,Bundesliga,opponent,25.0,26.4,50.7,34.0,374.0,3060.0,34.0,62.0,50.0,112.0,60.0,2.0,3.0,66.0,0.0,574.0,1303.0,1.82,1.47,3.29,1.76,3.24,52.9,50.6,38.4,89.0,1.56,1.13,2.69,1.49,2.62,https://fbref.com/en/squads/62add3bf/Werder-Bremen-Stats
2023,West Ham,Premier League,team,25.0,28.2,42.1,38.0,418.0,3420.0,38.0,41.0,25.0,66.0,35.0,6.0,8.0,44.0,0.0,614.0,1274.0,1.08,0.66,1.74,0.92,1.58,49.2,43.7,32.7,76.4,1.29,0.86,2.15,1.15,2.01,https://fbref.com/en/squads/7c21e445/2022-2023/West-Ham-United-Stats
2023,West Ham,Premier League,opponent,25.0,26.6,58.2,38.0,418.0,3420.0,38.0,54.0,42.0,96.0,50.0,4.0,6.0,54.0,0.0,805.0,1721.0,1.42,1.11,2.53,1.32,2.42,53.0,48.4,39.8,88.2,1.4,1.05,2.44,1.27,2.32,https://fbref.com/en/squads/7c21e445/2022-2023/West-Ham-United-Stats
2023,Wolfsburg,Bundesliga,team,28.0,23.7,50.6,34.0,374.0,3060.0,34.0,55.0,44.0,99.0,51.0,4.0,7.0,63.0,0.0,455.0,1306.0,1.62,1.29,2.91,1.5,2.79,51.3,45.8,39.2,84.9,1.51,1.15,2.66,1.35,2.5,https://fbref.com/en/squads/4eaa11d7/Wolfsburg-Stats
2023,Wolfsburg,Bundesliga,opponent,28.0,26.5,49.4,34.0,374.0,3060.0,34.0,45.0,33.0,78.0,41.0,4.0,7.0,78.0,2.0,467.0,1157.0,1.32,0.97,2.29,1.21,2.18,51.3,45.8,36.3,82.2,1.51,1.07,2.58,1.35,2.42,https://fbref.com/en/squads/4eaa11d7/Wolfsburg-Stats
2023,Wolves,Premier League,team,32.0,26.7,49.9,38.0,418.0,3420.0,38.0,28.0,12.0,40.0,25.0,3.0,3.0,85.0,6.0,610.0,1343.0,0.74,0.32,1.05,0.66,0.97,36.8,34.5,25.4,59.9,0.97,0.67,1.64,0.91,1.58,https://fbref.com/en/squads/8cec06e1/2022-2023/Wolverhampton-Wanderers-Stats
2023,Wolves,Premier League,opponent,32.0,26.4,49.8,38.0,418.0,3420.0,38.0,57.0,44.0,101.0,55.0,2.0,4.0,75.0,0.0,702.0,1596.0,1.5,1.16,2.66,1.45,2.61,59.9,56.7,44.2,100.9,1.58,1.16,2.74,1.49,2.66,https://fbref.com/en/squads/8cec06e1/2022-2023/Wolverhampton-Wanderers-Stats
2024,Alavés,La Liga,team,30.0,25.6,41.8,38.0,418.0,3420.0,38.0,33.0,28.0,61.0,30.0,3.0,7.0,84.0,1.0,550.0,1260.0,0.87,0.74,1.61,0.79,1.53,46.2,40.7,32.4,73.0,1.22,0.85,2.07,1.07,1.92,https://fbref.com/en/squads/8d6fd021/Alaves-Stats
2024,Alavés,La Liga,opponent,30.0,27.2,58.2,38.0,418.0,3420.0,38.0,44.0,29.0,73.0,36.0,8.0,8.0,102.0,7.0,744.0,1502.0,1.16,0.76,1.92,0.95,1.71,44.7,38.5,29.8,68.3,1.18,0.78,1.96,1.01,1.8,https://fbref.com/en/squads/8d6fd021/Alaves-Stats
2024,Almería,La Liga,team,35.0,25.6,46.4,38.0,418.0,3420.0,38.0,42.0,25.0,67.0,40.0,2.0,2.0,93.0,6.0,590.0,1097.0,1.11,0.66,1.76,1.05,1.71,48.7,47.1,34.2,81.4,1.28,0.9,2.18,1.24,2.14,https://fbref.com/en/squads/78ecf4bb/Almeria-Stats
2024,Almería,La Liga,opponent,35.0,27.1,53.6,38.0,418.0,3420.0,38.0,75.0,56.0,131.0,69.0,6.0,9.0,72.0,4.0,751.0,1644.0,1.97,1.47,3.45,1.82,3.29,61.6,54.5,45.3,99.8,1.62,1.19,2.81,1.43,2.63,https://fbref.com/en/squads/78ecf4bb/Almeria-Stats
2024,Arsenal,Premier League,team,25.0,25.0,58.2,38.0,418.0,3420.0,38.0,86.0,62.0,148.0,76.0,10.0,10.0,64.0,2.0,821.0,2106.0,2.26,1.63,3.89,2.0,3.63,76.1,68.5,55.3,123.8,2.0,1.46,3.46,1.8,3.26,https://fbref.com/en/squads/18bb7c10/Arsenal-Stats
2024,Arsenal,Premier League,opponent,25.0,26.3,41.8,38.0,418.0,3420.0,38.0,28.0,20.0,48.0,26.0,2.0,3.0,82.0,2.0,534.0,938.0,0.74,0.53,1.26,0.68,1.21,27.9,25.7,19.9,45.6,0.73,0.52,1.26,0.68,1.2,https://fbref.com/en/squads/18bb7c10/Arsenal-Stats
2024,Aston Villa,Premier League,team,31.0,26.9,53.1,38.0,418.0,3420.0,38.0,72.0,55.0,127.0,68.0,4.0,4.0,94.0,2.0,775.0,1451.0,1.89,1.45,3.34,1.79,3.24,63.3,60.3,48.6,108.9,1.67,1.28,2.95,1.59,2.87,https://fbref.com/en/squads/8602292d/Aston-Villa-Stats
2024,Aston Villa,Premier League,opponent,31.0,26.2,46.9,38.0,418.0,3420.0,38.0,57.0,45.0,102.0,56.0,1.0,2.0,94.0,4.0,640.0,1255.0,1.5,1.18,2.68,1.47,2.66,59.9,58.2,48.9,107.2,1.58,1.29,2.87,1.53,2.82,https://fbref.com/en/squads/8602292d/Aston-Villa-Stats
2024,Atalanta,Serie A,team,29.0,27.2,51.0,37.0,407.0,3330.0,37.0,70.0,55.0,125.0,65.0,5.0,5.0,76.0,1.0,696.0,1701.0,1.89,1.49,3.38,1.76,3.24,56.1,52.2,42.2,94.4,1.52,1.14,2.66,1.41,2.55,https://fbref.com/en/squads/922493f3/Atalanta-Stats
2024,Atalanta,Serie A,opponent,29.0,27.3,49.0,37.0,407.0,3330.0,37.0,38.0,29.0,67.0,32.0,6.0,9.0,65.0,1.0,547.0,1138.0,1.03,0.78,1.81,0.86,1.65,40.0,33.0,27.3,60.3,1.08,0.74,1.82,0.89,1.63,https://fbref.com/en/squads/922493f3/Atalanta-Stats
2024,Athletic Club,La Liga,team,27.0,27.3,49.8,38.0,418.0,3420.0,38.0,59.0,41.0,100.0,56.0,3.0,5.0,80.0,5.0,735.0,1610.0,1.55,1.08,2.63,1.47,2.55,52.7,48.7,37.0,85.8,1.39,0.97,2.36,1.28,2.26,https://fbref.com/en/squads/2b390eca/Athletic-Club-Stats
2024,Athletic Club,La Liga,opponent,27.0,26.9,50.2,38.0,418.0,3420.0,38.0,33.0,27.0,60.0,32.0,1.0,5.0,82.0,3.0,521.0,1298.0,0.87,0.71,1.58,0.84,1.55,41.3,37.5,32.0,69.5,1.09,0.84,1.93,0.99,1.83,https://fbref.com/en/squads/2b390eca/Athletic-Club-Stats
2024,Atlético Madrid,La Liga,team,27.0,29.2,50.8,38.0,418.0,3420.0,38.0,68.0,48.0,116.0,63.0,5.0,6.0,89.0,5.0,758.0,1597.0,1.79,1.26,3.05,1.66,2.92,62.4,57.9,47.4,105.2,1.64,1.25,2.89,1.52,2.77,https://fbref.com/en/squads/db3b9613/Atletico-Madrid-Stats
2024,Atlético Madrid,La Liga,opponent,27.0,26.9,49.2,38.0,418.0,3420.0,38.0,43.0,33.0,76.0,42.0,1.0,2.0,79.0,2.0,648.0,1544.0,1.13,0.87,2.0,1.11,1.97,39.5,37.9,29.7,67.6,1.04,0.78,1.82,1.0,1.78,https://fbref.com/en/squads/db3b9613/Atletico-Madrid-Stats
2024,Augsburg,Bundesliga,team,29.0,26.0,43.9,34.0,374.0,3060.0,34.0,49.0,35.0,84.0,44.0,5.0,7.0,71.0,3.0,462.0,1137.0,1.44,1.03,2.47,1.29,2.32,46.1,40.7,27.7,68.4,1.36,0.81,2.17,1.2,2.01,https://fbref.com/en/squads/0cdc4311/Augsburg-Stats
2024,Augsburg,Bundesliga,opponent,29.0,26.6,56.1,34.0,374.0,3060.0,34.0,58.0,40.0,98.0,51.0,7.0,10.0,63.0,1.0,665.0,1420.0,1.71,1.18,2.88,1.5,2.68,57.4,49.7,39.0,88.6,1.69,1.15,2.84,1.46,2.61,https://fbref.com/en/squads/0cdc4311/Augsburg-Stats
2024,Barcelona,La Liga,team,29.0,26.0,64.3,38.0,418.0,3420.0,38.0,76.0,55.0,131.0,70.0,6.0,7.0,87.0,2.0,964.0,1925.0,2.0,1.45,3.45,1.84,3.29,77.6,72.1,57.4,129.5,2.04,1.51,3.55,1.9,3.41,https://fbref.com/en/squads/206d90db/Barcelona-Stats
2024,Barcelona,La Liga,opponent,29.0,26.9,35.7,38.0,418.0,3420.0,38.0,44.0,35.0,79.0,42.0,2.0,2.0,98.0,8.0,487.0,992.0,1.16,0.92,2.08,1.11,2.03,41.6,40.1,30.9,71.0,1.1,0.81,1.91,1.05,1.87,https://fbref.com/en/squads/206d90db/Barcelona-Stats
2024,Bayern Munich,Bundesliga,team,30.0,27.4,61.3,34.0,374.0,3060.0,34.0,93.0,71.0,164.0,88.0,5.0,5.0,47.0,2.0,944.0,1941.0,2.74,2.09,4.82,2.59,4.68,85.2,81.3,65.9,147.3,2.5,1.94,4.44,2.39,4.33,https://fbref.com/en/squads/054efa67/Bayern-Munich-Stats
2024,Bayern Munich,Bundesliga,opponent,30.0,26.5,38.7,34.0,374.0,3060.0,34.0,45.0,35.0,80.0,42.0,3.0,4.0,62.0,3.0,504.0,1001.0,1.32,1.03,2.35,1.24,2.26,32.1,29.0,22.3,51.3,0.95,0.65,1.6,0.85,1.51,https://fbref.com/en/squads/054efa67/Bayern-Munich-Stats
2024,Betis,La Liga,team,35.0,27.8,50.4,38.0,418.0,3420.0,38.0,46.0,31.0,77.0,44.0,2.0,3.0,87.0,3.0,676.0,1441.0,1.21,0.82,2.03,1.16,1.97,43.9,41.7,32.7,74.4,1.16,0.86,2.02,1.1,1.96,https://fbref.com/en/squads/fc536746/Real-Betis-Stats
2024,Betis,La Liga,opponent,35.0,27.0,49.6,38.0,418.0,3420.0,38.0,42.0,23.0,65.0,35.0,7.0,8.0,97.0,5.0,649.0,1457.0,1.11,0.61,1.71,0.92,1.53,50.2,44.0,32.6,76.5,1.32,0.86,2.18,1.16,2.01,https://fbref.com/en/squads/fc536746/Real-Betis-Stats
2024,Bochum,Bundesliga,team,25.0,29.1,46.6,34.0,374.0,3060.0,34.0,41.0,30.0,71.0,37.0,4.0,4.0,97.0,2.0,400.0,1151.0,1.21,0.88,2.09,1.09,1.97,44.5,41.4,30.4,71.8,1.31,0.89,2.2,1.22,2.11,https://fbref.com/en/squads/b42c6323/Bochum-Stats
2024,Bochum,Bundesliga,opponent,25.0,26.5,53.4,34.0,374.0,3060.0,34.0,70.0,55.0,125.0,61.0,9.0,11.0,75.0,2.0,597.0,1264.0,2.06,1.62,3.68,1.79,3.41,63.9,55.4,46.9,102.3,1.88,1.38,3.26,1.63,3.01,https://fbref.com/en/squads/b42c6323/Bochum-Stats
2024,Bologna,Serie A,team,28.0,26.0,58.1,38.0,418.0,3420.0,38.0,52.0,32.0,84.0,48.0,4.0,5.0,85.0,2.0,660.0,1453.0,1.37,0.84,2.21,1.26,2.11,47.9,44.0,32.1,76.1,1.26,0.84,2.11,1.16,2.0,https://fbref.com/en/squads/1d8099f8/Bologna-Stats
2024,Bologna,Serie A,opponent,28.0,27.4,41.9,38.0,418.0,3420.0,38.0,31.0,18.0,49.0,28.0,3.0,7.0,120.0,2.0,590.0,1228.0,0.82,0.47,1.29,0.74,1.21,37.1,31.6,22.1,53.6,0.98,0.58,1.56,0.83,1.41,https://fbref.com/en/squads/1d8099f8/Bologna-Stats
2024,Bournemouth,Premier League,team,30.0,25.7,44.4,38.0,418.0,3420.0,38.0,52.0,39.0,91.0,50.0,2.0,3.0,79.0,3.0,709.0,1314.0,1.37,1.03,2.39,1.32,2.34,55.9,53.6,40.5,94.0,1.47,1.06,2.54,1.41,2.47,https://fbref.com/en/squads/4ba7cbea/Bournemouth-Stats
2024,Bournemouth,Premier League,opponent,30.0,26.2,55.6,38.0,418.0,3420.0,38.0,66.0,44.0,110.0,60.0,6.0,7.0,82.0,2.0,720.0,1500.0,1.74,1.16,2.89,1.58,2.74,58.1,52.5,39.9,92.4,1.53,1.05,2.58,1.38,2.43,https://fbref.com/en/squads/4ba7cbea/Bournemouth-Stats
2024,Brentford,Premier League,team,28.0,26.6,45.2,38.0,418.0,3420.0,38.0,54.0,38.0,92.0,51.0,3.0,3.0,89.0,2.0,505.0,1283.0,1.42,1.0,2.42,1.34,2.34,58.2,56.0,42.7,98.8,1.53,1.12,2.66,1.47,2.6,https://fbref.com/en/squads/cd051869/Brentford-Stats
2024,Brentford,Premier League,opponent,28.0,26.1,54.8,38.0,418.0,3420.0,38.0,65.0,50.0,115.0,63.0,2.0,2.0,75.0,4.0,847.0,1585.0,1.71,1.32,3.03,1.66,2.97,56.0,54.4,43.6,98.0,1.47,1.15,2.62,1.43,2.58,https://fbref.com/en/squads/cd051869/Brentford-Stats
2024,Brest,Ligue 1,team,25.0,27.8,53.6,34.0,374.0,3060.0,34.0,51.0,33.0,84.0,47.0,4.0,4.0,84.0,5.0,590.0,1402.0,1.5,0.97,2.47,1.38,2.35,48.3,45.1,34.4,79.5,1.42,1.01,2.43,1.33,2.34,https://fbref.com/en/squads/fb08dbb3/Brest-Stats
2024,Brest,Ligue 1,opponent,25.0,26.6,46.4,34.0,374.0,3060.0,34.0,34.0,24.0,58.0,32.0,2.0,3.0,63.0,6.0,578.0,1329.0,1.0,0.71,1.71,0.94,1.65,39.2,36.8,27.2,63.9,1.15,0.8,1.95,1.08,1.88,https://fbref.com/en/squads/fb08dbb3/Brest-Stats
2024,Brighton,Premier League,team,30.0,25.9,59.8,38.0,418.0,3420.0,38.0,50.0,36.0,86.0,45.0,5.0,6.0,90.0,3.0,864.0,1780.0,1.32,0.95,2.26,1.18,2.13,56.8,52.2,41.6,93.8,1.49,1.09,2.59,1.37,2.47,https://fbref.com/en/squads/d07537b9/Brighton-and-Hove-Albion-Stats
2024,Brighton,Premier League,opponent,30.0,26.3,40.2,38.0,418.0,3420.0,38.0,60.0,42.0,102.0,54.0,6.0,6.0,99.0,5.0,651.0,1175.0,1.58,1.11,2.68,1.42,2.53,55.4,50.7,39.3,90.0,1.46,1.03,2.49,1.33,2.37,https://fbref.com/en/squads/d07537b9/Brighton-and-Hove-Albion-Stats
2024,Burnley,Premier League,team,31.0,24.5,47.4,38.0,418.0,3420.0,38.0,40.0,30.0,70.0,37.0,3.0,3.0,77.0,7.0,727.0,1181.0,1.05,0.79,1.84,0.97,1.76,40.6,38.3,29.7,68.0,1.07,0.78,1.85,1.01,1.79,https://fbref.com/en/squads/943e8050/Burnley-Stats
2024,Burnley,Premier League,opponent,31.0,26.3,52.6,38.0,418.0,3420.0,38.0,75.0,54.0,129.0,69.0,6.0,7.0,84.0,3.0,711.0,1501.0,1.97,1.42,3.39,1.82,3.24,70.4,64.9,52.0,116.9,1.85,1.37,3.22,1.71,3.08,https://fbref.com/en/squads/943e8050/Burnley-Stats
2024,Cagliari,Serie A,team,29.0,27.0,42.1,38.0,418.0,3420.0,38.0,41.0,30.0,71.0,37.0,4.0,6.0,77.0,4.0,529.0,1109.0,1.08,0.79,1.87,0.97,1.76,42.9,38.4,29.1,67.5,1.13,0.77,1.9,1.01,1.78,https://fbref.com/en/squads/c4260e09/Cagliari-Stats
2024,Cagliari,Serie A,opponent,29.0,27.4,57.9,38.0,418.0,3420.0,38.0,65.0,50.0,115.0,61.0,4.0,5.0,86.0,2.0,761.0,1597.0,1.71,1.32,3.03,1.61,2.92,54.5,50.7,41.7,92.4,1.43,1.1,2.53,1.33,2.43,https://fbref.com/en/squads/c4260e09/Cagliari-Stats
2024,Celta Vigo,La Liga,team,31.0,26.7,46.1,38.0,418.0,3420.0,38.0,45.0,35.0,80.0,42.0,3.0,5.0,66.0,5.0,660.0,1344.0,1.18,0.92,2.11,1.11,2.03,50.7,46.9,38.2,85.1,1.34,1.01,2.34,1.23,2.24,https://fbref.com/en/squads/f25da7fb/Celta-Vigo-Stats
2024,Celta Vigo,La Liga,opponent,31.0,27.1,53.9,38.0,418.0,3420.0,38.0,54.0,32.0,86.0,48.0,6.0,8.0,89.0,4.0,651.0,1535.0,1.42,0.84,2.26,1.26,2.11,54.6,48.4,35.9,84.3,1.44,0.95,2.38,1.27,2.22,https://fbref.com/en/squads/f25da7fb/Celta-Vigo-Stats
2024,Chelsea,Premier League,team,32.0,24.2,58.6,38.0,418.0,3420.0,38.0,76.0,51.0,127.0,65.0,11.0,12.0,109.0,4.0,873.0,1615.0,2.0,1.34,3.34,1.71,3.05,74.5,65.1,51.4,116.5,1.96,1.35,3.31,1.71,3.06,https://fbref.com/en/squads/cff3d9bb/Chelsea-Stats
2024,Chelsea,Premier League,opponent,32.0,26.3,41.4,38.0,418.0,3420.0,38.0,60.0,43.0,103.0,57.0,3.0,5.0,100.0,4.0,727.0,1368.0,1.58,1.13,2.71,1.5,2.63,58.1,54.1,42.0,96.1,1.53,1.1,2.63,1.42,2.53,https://fbref.com/en/squads/cff3d9bb/Chelsea-Stats
2024,Clermont Foot,Ligue 1,team,31.0,27.6,48.9,34.0,374.0,3060.0,34.0,26.0,18.0,44.0,20.0,6.0,8.0,60.0,7.0,537.0,1247.0,0.76,0.53,1.29,0.59,1.12,36.0,29.8,23.1,52.8,1.06,0.68,1.74,0.88,1.55,https://fbref.com/en/squads/d9676424/Clermont-Foot-Stats
2024,Clermont Foot,Ligue 1,opponent,31.0,26.5,51.1,34.0,374.0,3060.0,34.0,59.0,38.0,97.0,52.0,7.0,9.0,70.0,6.0,635.0,1577.0,1.74,1.12,2.85,1.53,2.65,63.7,56.9,44.2,101.0,1.87,1.3,3.17,1.67,2.97,https://fbref.com/en/squads/d9676424/Clermont-Foot-Stats
2024,Crystal Palace,Premier League,team,26.0,26.7,42.3,38.0,418.0,3420.0,38.0,56.0,43.0,99.0,52.0,4.0,4.0,73.0,2.0,506.0,1176.0,1.47,1.13,2.61,1.37,2.5,48.6,45.4,38.7,84.1,1.28,1.02,2.3,1.2,2.21,https://fbref.com/en/squads/47c64c55/Crystal-Palace-Stats
2024,Crystal Palace,Premier League,opponent,26.0,26.3,57.7,38.0,418.0,3420.0,38.0,56.0,46.0,102.0,53.0,3.0,3.0,78.0,2.0,679.0,1713.0,1.47,1.21,2.68,1.39,2.61,52.0,49.6,40.3,89.9,1.37,1.06,2.43,1.31,2.37,https://fbref.com/en/squads/47c64c55/Crystal-Palace-Stats
2024,Cádiz,La Liga,team,34.0,28.5,43.3,38.0,418.0,3420.0,38.0,25.0,17.0,42.0,22.0,3.0,3.0,107.0,7.0,456.0,1017.0,0.66,0.45,1.11,0.58,1.03,36.0,33.6,25.2,58.9,0.95,0.66,1.61,0.88,1.55,https://fbref.com/en/squads/ee7c297c/Cadiz-Stats
2024,Cádiz,La Liga,opponent,34.0,27.3,56.7,38.0,418.0,3420.0,38.0,54.0,37.0,91.0,52.0,2.0,2.0,97.0,4.0,787.0,1679.0,1.42,0.97,2.39,1.37,2.34,52.3,50.7,40.2,90.9,1.38,1.06,2.43,1.34,2.39,https://fbref.com/en/squads/ee7c297c/Cadiz-Stats
2024,Darmstadt 98,Bundesliga,team,32.0,27.1,45.7,34.0,374.0,3060.0,34.0,28.0,21.0,49.0,25.0,3.0,3.0,83.0,4.0,437.0,1083.0,0.82,0.62,1.44,0.74,1.35,32.3,30.0,22.8,52.8,0.95,0.67,1.62,0.88,1.55,https://fbref.com/en/squads/6a6967fc/Darmstadt-98-Stats
2024,Darmstadt 98,Bundesliga,opponent,32.0,26.7,54.3,34.0,374.0,3060.0,34.0,84.0,68.0,152.0,83.0,1.0,2.0,59.0,4.0,647.0,1458.0,2.47,2.0,4.47,2.44,4.44,73.1,71.6,58.3,129.8,2.15,1.71,3.86,2.1,3.82,https://fbref.com/en/squads/6a6967fc/Darmstadt-98-Stats
2024,Dortmund,Bundesliga,team,32.0,26.8,57.8,34.0,374.0,3060.0,34.0,68.0,49.0,117.0,62.0,6.0,6.0,59.0,4.0,770.0,1452.0,2.0,1.44,3.44,1.82,3.26,63.5,58.8,45.6,104.4,1.87,1.34,3.21,1.73,3.07,https://fbref.com/en/squads/add600ae/Dortmund-Stats
2024,Dortmund,Bundesliga,opponent,32.0,26.6,42.2,34.0,374.0,3060.0,34.0,41.0,28.0,69.0,36.0,5.0,6.0,70.0,1.0,608.0,1283.0,1.21,0.82,2.03,1.06,1.88,52.0,47.8,35.0,82.8,1.53,1.03,2.56,1.41,2.44,https://fbref.com/en/squads/add600ae/Dortmund-Stats
2024,Eint Frankfurt,Bundesliga,team,34.0,25.3,52.1,34.0,374.0,3060.0,34.0,48.0,36.0,84.0,46.0,2.0,3.0,70.0,5.0,574.0,1305.0,1.41,1.06,2.47,1.35,2.41,46.2,44.4,34.1,78.5,1.36,1.0,2.36,1.31,2.31,https://fbref.com/en/squads/f0ac8ee6/Eintracht-Frankfurt-Stats
2024,Eint Frankfurt,Bundesliga,opponent,34.0,26.7,47.9,34.0,374.0,3060.0,34.0,50.0,34.0,84.0,41.0,9.0,11.0,56.0,4.0,499.0,1283.0,1.47,1.0,2.47,1.21,2.21,52.1,43.3,33.5,76.8,1.53,0.99,2.52,1.27,2.26,https://fbref.com/en/squads/f0ac8ee6/Eintracht-Frankfurt-Stats
2024,Empoli,Serie A,team,34.0,26.9,44.0,38.0,418.0,3420.0,38.0,26.0,19.0,45.0,21.0,5.0,5.0,88.0,1.0,524.0,1056.0,0.68,0.5,1.18,0.55,1.05,36.2,32.4,25.8,58.3,0.95,0.68,1.63,0.85,1.53,https://fbref.com/en/squads/a3d88bd8/Empoli-Stats
2024,Empoli,Serie A,opponent,34.0,27.3,56.0,38.0,418.0,3420.0,38.0,53.0,37.0,90.0,47.0,6.0,8.0,71.0,3.0,677.0,1573.0,1.39,0.97,2.37,1.24,2.21,52.9,47.1,38.0,85.1,1.39,1.0,2.39,1.24,2.24,https://fbref.com/en/squads/a3d88bd8/Empoli-Stats
2024,Everton,Premier League,team,26.0,27.1,40.8,38.0,418.0,3420.0,38.0,40.0,17.0,57.0,38.0,2.0,3.0,82.0,1.0,495.0,1129.0,1.05,0.45,1.5,1.0,1.45,54.0,51.6,38.1,89.8,1.42,1.0,2.43,1.36,2.36,https://fbref.com/en/squads/d3fd31cc/Everton-Stats
2024,Everton,Premier League,opponent,26.0,26.3,59.2,38.0,418.0,3420.0,38.0,48.0,30.0,78.0,40.0,8.0,8.0,61.0,2.0,790.0,1642.0,1.26,0.79,2.05,1.05,1.84,55.2,49.1,37.3,86.5,1.45,0.98,2.43,1.29,2.28,https://fbref.com/en/squads/d3fd31cc/Everton-Stats
2024,Fiorentina,Serie A,team,29.0,27.8,57.7,37.0,407.0,3330.0,37.0,57.0,38.0,95.0,53.0,4.0,8.0,78.0,0.0,609.0,1620.0,1.54,1.03,2.57,1.43,2.46,50.6,44.2,34.1,78.3,1.37,0.92,2.29,1.2,2.12,https://fbref.com/en/squads/421387cf/Fiorentina-Stats
2024,Fiorentina,Serie A,opponent,29.0,27.2,42.3,37.0,407.0,3330.0,37.0,44.0,27.0,71.0,36.0,8.0,9.0,80.0,3.0,425.0,936.0,1.19,0.73,1.92,0.97,1.7,46.4,39.4,29.2,68.6,1.25,0.79,2.04,1.07,1.85,https://fbref.com/en/squads/421387cf/Fiorentina-Stats
2024,Freiburg,Bundesliga,team,25.0,27.0,46.6,34.0,374.0,3060.0,34.0,43.0,32.0,75.0,36.0,7.0,9.0,64.0,4.0,468.0,1208.0,1.26,0.94,2.21,1.06,2.0,49.4,42.4,32.4,74.8,1.45,0.95,2.41,1.25,2.2,https://fbref.com/en/squads/a486e511/Freiburg-Stats
2024,Freiburg,Bundesliga,opponent,25.0,26.6,53.4,34.0,374.0,3060.0,34.0,57.0,45.0,102.0,54.0,3.0,5.0,69.0,1.0,623.0,1334.0,1.68,1.32,3.0,1.59,2.91,50.5,46.5,38.1,84.6,1.48,1.12,2.61,1.37,2.49,https://fbref.com/en/squads/a486e511/Freiburg-Stats
2024,Frosinone,Serie A,team,34.0,25.1,49.7,38.0,418.0,3420.0,38.0,44.0,29.0,73.0,36.0,8.0,10.0,68.0,2.0,563.0,1326.0,1.16,0.76,1.92,0.95,1.71,45.8,37.9,30.2,68.1,1.2,0.79,2.0,1.0,1.79,https://fbref.com/en/squads/6a7ad59d/Frosinone-Stats
2024,Frosinone,Serie A,opponent,34.0,27.5,50.3,38.0,418.0,3420.0,38.0,67.0,46.0,113.0,62.0,5.0,8.0,84.0,1.0,688.0,1330.0,1.76,1.21,2.97,1.63,2.84,57.7,51.7,39.9,91.6,1.52,1.05,2.57,1.36,2.41,https://fbref.com/en/squads/6a7ad59d/Frosinone-Stats
2024,Fulham,Premier League,team,25.0,28.4,50.6,38.0,418.0,3420.0,38.0,54.0,40.0,94.0,52.0,2.0,2.0,84.0,4.0,670.0,1467.0,1.42,1.05,2.47,1.37,2.42,50.8,49.2,37.6,86.8,1.34,0.99,2.33,1.3,2.29,https://fbref.com/en/squads/fd962109/Fulham-Stats
2024,Fulham,Premier League,opponent,25.0,26.1,49.4,38.0,418.0,3420.0,38.0,57.0,36.0,93.0,49.0,8.0,8.0,65.0,0.0,684.0,1533.0,1.5,0.95,2.45,1.29,2.24,62.9,56.9,43.7,100.7,1.66,1.15,2.81,1.5,2.65,https://fbref.com/en/squads/fd962109/Fulham-Stats
2024,Genoa,Serie A,team,34.0,27.5,44.1,38.0,418.0,3420.0,38.0,43.0,27.0,70.0,38.0,5.0,6.0,79.0,3.0,468.0,1079.0,1.13,0.71,1.84,1.0,1.71,35.7,31.0,22.8,53.8,0.94,0.6,1.54,0.82,1.42,https://fbref.com/en/squads/658bf2de/Genoa-Stats
2024,Genoa,Serie A,opponent,34.0,27.2,55.9,38.0,418.0,3420.0,38.0,44.0,34.0,78.0,41.0,3.0,4.0,92.0,5.0,769.0,1560.0,1.16,0.89,2.05,1.08,1.97,42.8,39.7,29.4,69.1,1.13,0.77,1.9,1.04,1.82,https://fbref.com/en/squads/658bf2de/Genoa-Stats
2024,Getafe,La Liga,team,33.0,27.3,44.8,38.0,418.0,3420.0,38.0,42.0,27.0,69.0,36.0,6.0,7.0,135.0,10.0,439.0,1141.0,1.11,0.71,1.82,0.95,1.66,45.7,40.2,27.9,68.0,1.2,0.73,1.94,1.06,1.79,https://fbref.com/en/squads/7848bd64/Getafe-Stats
2024,Getafe,La Liga,opponent,33.0,27.2,55.2,38.0,418.0,3420.0,38.0,54.0,37.0,91.0,49.0,5.0,7.0,105.0,10.0,599.0,1325.0,1.42,0.97,2.39,1.29,2.26,53.8,48.3,38.0,86.3,1.42,1.0,2.42,1.27,2.27,https://fbref.com/en/squads/7848bd64/Getafe-Stats
2024,Girona,La Liga,team,25.0,26.1,56.9,38.0,418.0,3420.0,38.0,84.0,64.0,148.0,77.0,7.0,8.0,75.0,1.0,894.0,1685.0,2.21,1.68,3.89,2.03,3.71,70.8,64.6,54.0,118.6,1.86,1.42,3.28,1.7,3.12,https://fbref.com/en/squads/9024a00a/Girona-Stats
2024,Girona,La Liga,opponent,25.0,27.2,43.1,38.0,418.0,3420.0,38.0,46.0,30.0,76.0,41.0,5.0,7.0,104.0,5.0,610.0,1275.0,1.21,0.79,2.0,1.08,1.87,54.3,48.9,37.7,86.6,1.43,0.99,2.42,1.29,2.28,https://fbref.com/en/squads/9024a00a/Girona-Stats
2024,Gladbach,Bundesliga,team,27.0,25.4,46.8,34.0,374.0,3060.0,34.0,55.0,43.0,98.0,50.0,5.0,6.0,66.0,2.0,598.0,1227.0,1.62,1.26,2.88,1.47,2.74,46.5,41.8,35.5,77.4,1.37,1.05,2.41,1.23,2.28,https://fbref.com/en/squads/32f3ee20/Monchengladbach-Stats
2024,Gladbach,Bundesliga,opponent,27.0,26.7,53.2,34.0,374.0,3060.0,34.0,67.0,52.0,119.0,61.0,6.0,6.0,64.0,3.0,671.0,1599.0,1.97,1.53,3.5,1.79,3.32,54.2,49.5,39.1,88.6,1.6,1.15,2.75,1.46,2.61,https://fbref.com/en/squads/32f3ee20/Monchengladbach-Stats
2024,Granada,La Liga,team,40.0,26.7,45.6,38.0,418.0,3420.0,38.0,35.0,27.0,62.0,30.0,5.0,8.0,98.0,4.0,512.0,1042.0,0.92,0.71,1.63,0.79,1.5,42.6,36.4,31.1,67.6,1.12,0.82,1.94,0.96,1.78,https://fbref.com/en/squads/a0435291/Granada-Stats
2024,Granada,La Liga,opponent,40.0,27.2,54.4,38.0,418.0,3420.0,38.0,77.0,54.0,131.0,72.0,5.0,6.0,92.0,5.0,728.0,1490.0,2.03,1.42,3.45,1.89,3.32,64.2,59.5,43.8,103.2,1.69,1.15,2.84,1.57,2.72,https://fbref.com/en/squads/a0435291/Granada-Stats
2024,Heidenheim,Bundesliga,team,22.0,26.7,42.5,34.0,374.0,3060.0,34.0,46.0,34.0,80.0,44.0,2.0,3.0,54.0,1.0,510.0,983.0,1.35,1.0,2.35,1.29,2.29,39.4,37.0,27.5,64.5,1.16,0.81,1.97,1.09,1.9,https://fbref.com/en/squads/18d9d2a7/Heidenheim-Stats
2024,Heidenheim,Bundesliga,opponent,22.0,26.6,57.5,34.0,374.0,3060.0,34.0,52.0,36.0,88.0,45.0,7.0,10.0,73.0,0.0,702.0,1587.0,1.53,1.06,2.59,1.32,2.38,61.8,54.1,42.7,96.8,1.82,1.26,3.07,1.59,2.85,https://fbref.com/en/squads/18d9d2a7/Heidenheim-Stats
2024,Hellas Verona,Serie A,team,36.0,26.5,44.4,38.0,418.0,3420.0,38.0,38.0,29.0,67.0,35.0,3.0,7.0,88.0,6.0,539.0,1122.0,1.0,0.76,1.76,0.92,1.68,38.0,32.4,27.2,59.6,1.0,0.72,1.72,0.85,1.57,https://fbref.com/en/squads/0e72edf2/Hellas-Verona-Stats
2024,Hellas Verona,Serie A,opponent,36.0,27.4,55.6,38.0,418.0,3420.0,38.0,50.0,34.0,84.0,48.0,2.0,2.0,78.0,1.0,571.0,1348.0,1.32,0.89,2.21,1.26,2.16,48.7,47.2,34.9,82.0,1.28,0.92,2.2,1.24,2.16,https://fbref.com/en/squads/0e72edf2/Hellas-Verona-Stats
2024,Hoffenheim,Bundesliga,team,30.0,27.7,49.5,34.0,374.0,3060.0,34.0,65.0,47.0,112.0,59.0,6.0,6.0,86.0,5.0,538.0,1359.0,1.91,1.38,3.29,1.74,3.12,53.6,49.0,39.9,88.9,1.58,1.17,2.75,1.44,2.62,https://fbref.com/en/squads/033ea6b8/Hoffenheim-Stats
2024,Hoffenheim,Bundesliga,opponent,30.0,26.4,50.5,34.0,374.0,3060.0,34.0,65.0,51.0,116.0,63.0,2.0,5.0,70.0,5.0,683.0,1514.0,1.91,1.5,3.41,1.85,3.35,60.8,56.9,44.7,101.6,1.79,1.32,3.1,1.67,2.99,https://fbref.com/en/squads/033ea6b8/Hoffenheim-Stats
2024,Inter,Serie A,team,27.0,29.9,57.1,38.0,418.0,3420.0,38.0,87.0,60.0,147.0,74.0,13.0,14.0,46.0,1.0,720.0,1620.0,2.29,1.58,3.87,1.95,3.53,78.2,67.4,55.6,123.0,2.06,1.46,3.52,1.77,3.24,https://fbref.com/en/squads/d609edc0/Internazionale-Stats
2024,Inter,Serie A,opponent,27.0,27.0,42.9,38.0,418.0,3420.0,38.0,22.0,17.0,39.0,20.0,2.0,4.0,70.0,7.0,660.0,1199.0,0.58,0.45,1.03,0.53,0.97,31.2,28.0,21.7,49.7,0.82,0.57,1.39,0.74,1.31,https://fbref.com/en/squads/d609edc0/Internazionale-Stats
2024,Juventus,Serie A,team,31.0,27.4,48.5,38.0,418.0,3420.0,38.0,52.0,37.0,89.0,49.0,3.0,5.0,87.0,2.0,709.0,1473.0,1.37,0.97,2.34,1.29,2.26,54.6,50.6,39.6,90.2,1.44,1.04,2.48,1.33,2.37,https://fbref.com/en/squads/e0652b02/Juventus-Stats
2024,Juventus,Serie A,opponent,31.0,27.4,51.5,38.0,418.0,3420.0,38.0,29.0,19.0,48.0,27.0,2.0,3.0,66.0,4.0,658.0,1373.0,0.76,0.5,1.26,0.71,1.21,30.1,27.6,21.3,48.8,0.79,0.56,1.35,0.73,1.29,https://fbref.com/en/squads/e0652b02/Juventus-Stats
2024,Köln,Bundesliga,team,26.0,25.4,46.5,34.0,374.0,3060.0,34.0,28.0,17.0,45.0,23.0,5.0,6.0,71.0,4.0,618.0,1086.0,0.82,0.5,1.32,0.68,1.18,39.3,34.7,27.2,61.9,1.16,0.8,1.96,1.02,1.82,https://fbref.com/en/squads/bc357bf7/Koln-Stats
2024,Köln,Bundesliga,opponent,26.0,26.6,53.5,34.0,374.0,3060.0,34.0,60.0,39.0,99.0,57.0,3.0,3.0,75.0,4.0,502.0,1442.0,1.76,1.15,2.91,1.68,2.82,64.6,62.2,44.8,107.0,1.9,1.32,3.22,1.83,3.15,https://fbref.com/en/squads/bc357bf7/Koln-Stats
2024,Las Palmas,La Liga,team,29.0,25.5,59.2,38.0,418.0,3420.0,38.0,33.0,23.0,56.0,30.0,3.0,5.0,84.0,5.0,577.0,1596.0,0.87,0.61,1.47,0.79,1.39,33.2,29.2,23.3,52.5,0.87,0.61,1.49,0.77,1.38,https://fbref.com/en/squads/0049d422/Las-Palmas-Stats
2024,Las Palmas,La Liga,opponent,29.0,27.1,40.8,38.0,418.0,3420.0,38.0,44.0,33.0,77.0,39.0,5.0,9.0,97.0,5.0,584.0,1207.0,1.16,0.87,2.03,1.03,1.89,56.6,49.7,41.8,91.4,1.49,1.1,2.59,1.31,2.41,https://fbref.com/en/squads/0049d422/Las-Palmas-Stats
2024,Lazio,Serie A,team,22.0,29.0,53.3,38.0,418.0,3420.0,38.0,46.0,30.0,76.0,42.0,4.0,4.0,101.0,5.0,716.0,1528.0,1.21,0.79,2.0,1.11,1.89,46.5,43.4,32.9,76.4,1.22,0.87,2.09,1.14,2.01,https://fbref.com/en/squads/7213da33/Lazio-Stats
2024,Lazio,Serie A,opponent,22.0,27.3,46.7,38.0,418.0,3420.0,38.0,39.0,27.0,66.0,37.0,2.0,3.0,95.0,3.0,601.0,1169.0,1.03,0.71,1.74,0.97,1.68,42.0,39.6,30.2,69.7,1.11,0.79,1.9,1.04,1.84,https://fbref.com/en/squads/7213da33/Lazio-Stats
2024,Le Havre,Ligue 1,team,27.0,27.0,44.7,34.0,374.0,3060.0,34.0,33.0,23.0,56.0,27.0,6.0,7.0,67.0,6.0,457.0,1199.0,0.97,0.68,1.65,0.79,1.47,37.3,31.8,25.3,57.1,1.1,0.74,1.84,0.94,1.68,https://fbref.com/en/squads/5c2737db/Le-Havre-Stats
2024,Le Havre,Ligue 1,opponent,27.0,26.8,55.3,34.0,374.0,3060.0,34.0,43.0,33.0,76.0,41.0,2.0,4.0,63.0,6.0,617.0,1527.0,1.26,0.97,2.24,1.21,2.18,50.6,47.3,35.6,82.9,1.49,1.05,2.53,1.39,2.44,https://fbref.com/en/squads/5c2737db/Le-Havre-Stats
2024,Lecce,Serie A,team,26.0,25.8,44.9,38.0,418.0,3420.0,38.0,30.0,23.0,53.0,27.0,3.0,5.0,89.0,5.0,635.0,1183.0,0.79,0.61,1.39,0.71,1.32,43.1,39.2,30.6,69.9,1.14,0.81,1.94,1.03,1.84,https://fbref.com/en/squads/ffcbe334/Lecce-Stats
2024,Lecce,Serie A,opponent,26.0,27.3,55.1,38.0,418.0,3420.0,38.0,53.0,39.0,92.0,48.0,5.0,6.0,88.0,5.0,638.0,1517.0,1.39,1.03,2.42,1.26,2.29,53.3,49.4,39.6,89.0,1.4,1.04,2.45,1.3,2.34,https://fbref.com/en/squads/ffcbe334/Lecce-Stats
2024,Lens,Ligue 1,team,27.0,27.5,52.9,34.0,374.0,3060.0,34.0,45.0,29.0,74.0,39.0,6.0,7.0,78.0,4.0,609.0,1624.0,1.32,0.85,2.18,1.15,2.0,54.1,48.8,37.2,86.0,1.59,1.09,2.68,1.44,2.53,https://fbref.com/en/squads/fd4e0f7d/Lens-Stats
2024,Lens,Ligue 1,opponent,27.0,26.5,47.1,34.0,374.0,3060.0,34.0,36.0,24.0,60.0,30.0,6.0,8.0,70.0,2.0,519.0,1146.0,1.06,0.71,1.76,0.88,1.59,46.7,40.2,30.6,70.8,1.37,0.9,2.27,1.18,2.08,https://fbref.com/en/squads/fd4e0f7d/Lens-Stats
2024,Leverkusen,Bundesliga,team,24.0,26.2,61.8,34.0,374.0,3060.0,34.0,87.0,71.0,158.0,79.0,8.0,8.0,59.0,0.0,888.0,1997.0,2.56,2.09,4.65,2.32,4.41,73.6,67.6,55.2,122.8,2.16,1.62,3.79,1.99,3.61,https://fbref.com/en/squads/c7a9f859/Bayer-Leverkusen-Stats
2024,Leverkusen,Bundesliga,opponent,24.0,26.5,38.2,34.0,374.0,3060.0,34.0,24.0,18.0,42.0,24.0,0.0,0.0,67.0,5.0,398.0,940.0,0.71,0.53,1.24,0.71,1.24,29.9,29.9,22.1,51.9,0.88,0.65,1.53,0.88,1.53,https://fbref.com/en/squads/c7a9f859/Bayer-Leverkusen-Stats
2024,Lille,Ligue 1,team,28.0,26.0,56.6,34.0,374.0,3060.0,34.0,50.0,32.0,82.0,48.0,2.0,3.0,67.0,3.0,650.0,1468.0,1.47,0.94,2.41,1.41,2.35,48.6,46.2,34.8,81.0,1.43,1.02,2.45,1.36,2.38,https://fbref.com/en/squads/cb188c0c/Lille-Stats
2024,Lille,Ligue 1,opponent,28.0,26.6,43.4,34.0,374.0,3060.0,34.0,32.0,22.0,54.0,29.0,3.0,5.0,77.0,0.0,532.0,1110.0,0.94,0.65,1.59,0.85,1.5,36.5,32.5,25.7,58.2,1.07,0.75,1.83,0.96,1.71,https://fbref.com/en/squads/cb188c0c/Lille-Stats
2024,Liverpool,Premier League,team,30.0,26.3,61.3,38.0,418.0,3420.0,38.0,80.0,60.0,140.0,74.0,6.0,9.0,69.0,5.0,924.0,2110.0,2.11,1.58,3.68,1.95,3.53,87.8,80.4,63.7,144.1,2.31,1.68,3.98,2.12,3.79,https://fbref.com/en/squads/822bd0ba/Liverpool-Stats
2024,Liverpool,Premier League,opponent,30.0,26.2,38.7,38.0,418.0,3420.0,38.0,39.0,27.0,66.0,38.0,1.0,1.0,98.0,4.0,559.0,1154.0,1.03,0.71,1.74,1.0,1.71,45.7,45.0,33.9,78.9,1.2,0.89,2.1,1.18,2.08,https://fbref.com/en/squads/822bd0ba/Liverpool-Stats
2024,Lorient,Ligue 1,team,39.0,25.5,46.3,34.0,374.0,3060.0,34.0,41.0,27.0,68.0,40.0,1.0,1.0,66.0,1.0,632.0,1293.0,1.21,0.79,2.0,1.18,1.97,37.2,36.4,27.1,63.5,1.09,0.8,1.89,1.07,1.87,https://fbref.com/en/squads/d2c87802/Lorient-Stats
2024,Lorient,Ligue 1,opponent,39.0,26.7,53.7,34.0,374.0,3060.0,34.0,65.0,48.0,113.0,57.0,8.0,8.0,61.0,4.0,647.0,1647.0,1.91,1.41,3.32,1.68,3.09,54.3,48.0,39.1,87.1,1.6,1.15,2.75,1.41,2.56,https://fbref.com/en/squads/d2c87802/Lorient-Stats
2024,Luton Town,Premier League,team,28.0,26.7,42.4,38.0,418.0,3420.0,38.0,49.0,33.0,82.0,44.0,5.0,5.0,71.0,0.0,675.0,1113.0,1.29,0.87,2.16,1.16,2.03,42.4,38.6,29.5,68.2,1.12,0.78,1.89,1.02,1.79,https://fbref.com/en/squads/e297cd13/Luton-Town-Stats
2024,Luton Town,Premier League,opponent,28.0,26.5,57.6,38.0,418.0,3420.0,38.0,81.0,57.0,138.0,77.0,4.0,4.0,73.0,2.0,723.0,1495.0,2.13,1.5,3.63,2.03,3.53,78.0,74.9,56.8,131.7,2.05,1.49,3.55,1.97,3.47,https://fbref.com/en/squads/e297cd13/Luton-Town-Stats
2024,Lyon,Ligue 1,team,35.0,27.4,51.8,34.0,374.0,3060.0,34.0,48.0,32.0,80.0,44.0,4.0,4.0,57.0,6.0,683.0,1600.0,1.41,0.94,2.35,1.29,2.24,49.8,46.9,36.3,83.2,1.47,1.07,2.53,1.38,2.45,https://fbref.com/en/squads/d53c0b06/Lyon-Stats
2024,Lyon,Ligue 1,opponent,35.0,26.4,48.2,34.0,374.0,3060.0,34.0,54.0,38.0,92.0,50.0,4.0,6.0,63.0,3.0,648.0,1391.0,1.59,1.12,2.71,1.47,2.59,52.4,47.8,37.8,85.6,1.54,1.11,2.65,1.41,2.52,https://fbref.com/en/squads/d53c0b06/Lyon-Stats
2024,Mainz 05,Bundesliga,team,30.0,26.7,46.1,34.0,374.0,3060.0,34.0,38.0,31.0,69.0,37.0,1.0,5.0,99.0,3.0,480.0,1169.0,1.12,0.91,2.03,1.09,2.0,44.6,40.7,32.0,72.7,1.31,0.94,2.25,1.2,2.14,https://fbref.com/en/squads/a224b06a/Mainz-05-Stats
2024,Mainz 05,Bundesliga,opponent,30.0,26.5,53.9,34.0,374.0,3060.0,34.0,50.0,40.0,90.0,47.0,3.0,4.0,78.0,3.0,522.0,1205.0,1.47,1.18,2.65,1.38,2.56,44.5,41.4,34.2,75.6,1.31,1.01,2.31,1.22,2.22,https://fbref.com/en/squads/a224b06a/Mainz-05-Stats
2024,Mallorca,La Liga,team,25.0,28.7,45.0,38.0,418.0,3420.0,38.0,33.0,27.0,60.0,32.0,1.0,3.0,105.0,4.0,498.0,1174.0,0.87,0.71,1.58,0.84,1.55,40.5,38.2,30.8,69.0,1.06,0.81,1.87,1.01,1.81,https://fbref.com/en/squads/2aa12281/Mallorca-Stats
2024,Mallorca,La Liga,opponent,25.0,27.0,55.0,38.0,418.0,3420.0,38.0,43.0,29.0,72.0,39.0,4.0,5.0,53.0,1.0,663.0,1399.0,1.13,0.76,1.89,1.03,1.79,42.9,39.0,28.5,67.5,1.13,0.75,1.88,1.03,1.78,https://fbref.com/en/squads/2aa12281/Mallorca-Stats
2024,Manchester City,Premier League,team,25.0,26.6,65.2,38.0,418.0,3420.0,38.0,94.0,69.0,163.0,85.0,9.0,10.0,53.0,2.0,1127.0,2060.0,2.47,1.82,4.29,2.24,4.05,80.5,72.9,60.2,133.1,2.12,1.58,3.7,1.92,3.5,https://fbref.com/en/squads/b8fd03ef/Manchester-City-Stats
2024,Manchester City,Premier League,opponent,25.0,26.4,34.8,38.0,418.0,3420.0,38.0,33.0,23.0,56.0,30.0,3.0,3.0,93.0,2.0,470.0,824.0,0.87,0.61,1.47,0.79,1.39,35.6,33.2,26.4,59.6,0.94,0.69,1.63,0.87,1.57,https://fbref.com/en/squads/b8fd03ef/Manchester-City-Stats
2024,Manchester Utd,Premier League,team,31.0,26.1,50.6,38.0,418.0,3420.0,38.0,57.0,36.0,93.0,51.0,6.0,7.0,83.0,1.0,759.0,1479.0,1.5,0.95,2.45,1.34,2.29,56.4,50.9,40.1,91.0,1.48,1.05,2.54,1.34,2.39,https://fbref.com/en/squads/19538871/Manchester-United-Stats
2024,Manchester Utd,Premier League,opponent,31.0,26.2,49.4,38.0,418.0,3420.0,38.0,57.0,39.0,96.0,50.0,7.0,7.0,85.0,1.0,862.0,1578.0,1.5,1.03,2.53,1.32,2.34,69.1,63.6,51.2,114.7,1.82,1.35,3.16,1.67,3.02,https://fbref.com/en/squads/19538871/Manchester-United-Stats
2024,Marseille,Ligue 1,team,33.0,28.1,53.7,34.0,374.0,3060.0,34.0,50.0,32.0,82.0,46.0,4.0,4.0,61.0,5.0,635.0,1613.0,1.47,0.94,2.41,1.35,2.29,54.9,51.8,40.3,92.1,1.61,1.19,2.8,1.52,2.71,https://fbref.com/en/squads/5725cc7b/Marseille-Stats
2024,Marseille,Ligue 1,opponent,33.0,26.7,46.3,34.0,374.0,3060.0,34.0,40.0,27.0,67.0,37.0,3.0,3.0,82.0,8.0,630.0,1228.0,1.18,0.79,1.97,1.09,1.88,35.4,33.0,26.5,59.6,1.04,0.78,1.82,0.97,1.75,https://fbref.com/en/squads/5725cc7b/Marseille-Stats
2024,Metz,Ligue 1,team,30.0,27.4,35.6,34.0,374.0,3060.0,34.0,35.0,25.0,60.0,31.0,4.0,6.0,54.0,3.0,458.0,910.0,1.03,0.74,1.76,0.91,1.65,34.2,29.7,23.2,52.9,1.01,0.68,1.69,0.87,1.56,https://fbref.com/en/squads/f83960ae/Metz-Stats
2024,Metz,Ligue 1,opponent,30.0,26.4,64.5,34.0,374.0,3060.0,34.0,58.0,38.0,96.0,52.0,6.0,6.0,58.0,1.0,739.0,1944.0,1.71,1.12,2.82,1.53,2.65,54.5,49.8,37.0,86.8,1.6,1.09,2.69,1.47,2.55,https://fbref.com/en/squads/f83960ae/Metz-Stats
2024,Milan,Serie A,team,35.0,27.4,56.9,38.0,418.0,3420.0,38.0,76.0,56.0,132.0,70.0,6.0,8.0,82.0,8.0,898.0,1569.0,2.0,1.47,3.47,1.84,3.32,66.2,60.0,46.0,106.0,1.74,1.21,2.95,1.58,2.79,https://fbref.com/en/squads/dc56fe14/Milan-Stats
2024,Milan,Serie A,opponent,35.0,27.3,43.1,38.0,418.0,3420.0,38.0,48.0,32.0,80.0,40.0,8.0,8.0,88.0,8.0,632.0,1252.0,1.26,0.84,2.11,1.05,1.89,45.4,39.1,28.4,67.6,1.2,0.75,1.94,1.03,1.78,https://fbref.com/en/squads/dc56fe14/Milan-Stats
2024,Monaco,Ligue 1,team,30.0,25.8,53.6,34.0,374.0,3060.0,34.0,66.0,45.0,111.0,64.0,2.0,5.0,79.0,8.0,614.0,1726.0,1.94,1.32,3.26,1.88,3.21,55.0,50.9,37.7,88.6,1.62,1.11,2.73,1.5,2.61,https://fbref.com/en/squads/fd6114db/Monaco-Stats
2024,Monaco,Ligue 1,opponent,30.0,26.5,46.4,34.0,374.0,3060.0,34.0,40.0,26.0,66.0,35.0,5.0,6.0,62.0,5.0,602.0,1311.0,1.18,0.76,1.94,1.03,1.79,43.5,38.8,30.4,69.2,1.28,0.9,2.17,1.14,2.04,https://fbref.com/en/squads/fd6114db/Monaco-Stats
2024,Montpellier,Ligue 1,team,31.0,26.9,44.6,34.0,374.0,3060.0,34.0,41.0,26.0,67.0,34.0,7.0,7.0,68.0,4.0,553.0,1174.0,1.21,0.76,1.97,1.0,1.76,46.0,40.9,31.1,72.0,1.35,0.91,2.27,1.2,2.12,https://fbref.com/en/squads/281b0e73/Montpellier-Stats
2024,Montpellier,Ligue 1,opponent,31.0,26.6,55.4,34.0,374.0,3060.0,34.0,45.0,32.0,77.0,41.0,4.0,5.0,81.0,5.0,770.0,1714.0,1.32,0.94,2.26,1.21,2.15,50.9,46.9,36.7,83.6,1.5,1.08,2.58,1.38,2.46,https://fbref.com/en/squads/281b0e73/Montpellier-Stats
2024,Monza,Serie A,team,31.0,27.6,53.5,38.0,418.0,3420.0,38.0,38.0,29.0,67.0,34.0,4.0,5.0,88.0,5.0,723.0,1248.0,1.0,0.76,1.76,0.89,1.66,39.5,35.9,27.8,63.8,1.04,0.73,1.77,0.95,1.68,https://fbref.com/en/squads/21680aa4/Monza-Stats
2024,Monza,Serie A,opponent,31.0,27.5,46.5,38.0,418.0,3420.0,38.0,51.0,31.0,82.0,44.0,7.0,9.0,75.0,4.0,818.0,1486.0,1.34,0.82,2.16,1.16,1.97,56.3,48.9,38.7,87.6,1.48,1.02,2.5,1.29,2.31,https://fbref.com/en/squads/21680aa4/Monza-Stats
2024,Nantes,Ligue 1,team,35.0,27.6,44.8,34.0,374.0,3060.0,34.0,30.0,17.0,47.0,26.0,4.0,5.0,67.0,3.0,569.0,1243.0,0.88,0.5,1.38,0.76,1.26,37.6,33.6,25.5,59.1,1.11,0.75,1.85,0.99,1.74,https://fbref.com/en/squads/d7a486cd/Nantes-Stats
2024,Nantes,Ligue 1,opponent,35.0,26.6,55.2,34.0,374.0,3060.0,34.0,55.0,36.0,91.0,46.0,9.0,10.0,62.0,5.0,617.0,1613.0,1.62,1.06,2.68,1.35,2.41,53.0,45.7,35.9,81.5,1.56,1.06,2.62,1.34,2.4,https://fbref.com/en/squads/d7a486cd/Nantes-Stats
2024,Napoli,Serie A,team,29.0,28.1,60.9,38.0,418.0,3420.0,38.0,54.0,36.0,90.0,48.0,6.0,10.0,77.0,5.0,803.0,1758.0,1.42,0.95,2.37,1.26,2.21,61.4,53.3,42.9,96.2,1.62,1.13,2.74,1.4,2.53,https://fbref.com/en/squads/d48ad4ff/Napoli-Stats
2024,Napoli,Serie A,opponent,29.0,27.4,39.1,38.0,418.0,3420.0,38.0,48.0,37.0,85.0,46.0,2.0,4.0,82.0,2.0,542.0,1065.0,1.26,0.97,2.24,1.21,2.18,38.4,35.4,29.2,64.6,1.01,0.77,1.78,0.93,1.7,https://fbref.com/en/squads/d48ad4ff/Napoli-Stats
2024,Newcastle Utd,Premier League,team,32.0,27.2,52.2,38.0,418.0,3420.0,38.0,83.0,55.0,138.0,75.0,8.0,9.0,79.0,1.0,737.0,1557.0,2.18,1.45,3.63,1.97,3.42,76.2,69.2,51.4,120.6,2.01,1.35,3.36,1.82,3.17,https://fbref.com/en/squads/b2b47a98/Newcastle-United-Stats
2024,Newcastle Utd,Premier League,opponent,32.0,26.2,47.8,38.0,418.0,3420.0,38.0,61.0,47.0,108.0,57.0,4.0,5.0,97.0,3.0,699.0,1343.0,1.61,1.24,2.84,1.5,2.74,61.4,57.4,46.2,103.6,1.62,1.22,2.83,1.51,2.73,https://fbref.com/en/squads/b2b47a98/Newcastle-United-Stats
2024,Nice,Ligue 1,team,27.0,26.6,52.4,34.0,374.0,3060.0,34.0,39.0,23.0,62.0,33.0,6.0,7.0,62.0,4.0,661.0,1245.0,1.15,0.68,1.82,0.97,1.65,49.9,44.4,34.6,79.0,1.47,1.02,2.49,1.31,2.32,https://fbref.com/en/squads/132ebc33/Nice-Stats
2024,Nice,Ligue 1,opponent,27.0,26.6,47.6,34.0,374.0,3060.0,34.0,28.0,17.0,45.0,23.0,5.0,8.0,71.0,5.0,494.0,1154.0,0.82,0.5,1.32,0.68,1.18,35.5,29.3,22.0,51.3,1.04,0.65,1.69,0.86,1.51,https://fbref.com/en/squads/132ebc33/Nice-Stats
2024,Nott'ham Forest,Premier League,team,33.0,25.7,40.6,38.0,418.0,3420.0,38.0,49.0,43.0,92.0,48.0,1.0,1.0,82.0,3.0,604.0,1140.0,1.29,1.13,2.42,1.26,2.39,49.9,49.1,38.0,87.1,1.31,1.0,2.31,1.29,2.29,https://fbref.com/en/squads/e4a775cb/Nottingham-Forest-Stats
2024,Nott'ham Forest,Premier League,opponent,33.0,26.4,59.4,38.0,418.0,3420.0,38.0,65.0,48.0,113.0,61.0,4.0,4.0,81.0,7.0,812.0,1901.0,1.71,1.26,2.97,1.61,2.87,53.2,50.1,37.1,87.1,1.4,0.98,2.38,1.32,2.29,https://fbref.com/en/squads/e4a775cb/Nottingham-Forest-Stats
2024,Osasuna,La Liga,team,29.0,27.7,47.5,38.0,418.0,3420.0,38.0,45.0,32.0,77.0,41.0,4.0,5.0,78.0,5.0,501.0,1322.0,1.18,0.84,2.03,1.08,1.92,40.5,36.6,28.5,65.1,1.07,0.75,1.82,0.96,1.71,https://fbref.com/en/squads/03c57e2b/Osasuna-Stats
2024,Osasuna,La Liga,opponent,29.0,27.0,52.5,38.0,418.0,3420.0,38.0,56.0,44.0,100.0,55.0,1.0,2.0,92.0,6.0,646.0,1427.0,1.47,1.16,2.63,1.45,2.61,49.9,48.5,38.3,86.8,1.31,1.01,2.32,1.28,2.28,https://fbref.com/en/squads/03c57e2b/Osasuna-Stats
2024,Paris S-G,Ligue 1,team,29.0,25.6,65.2,34.0,374.0,3060.0,34.0,78.0,61.0,139.0,71.0,7.0,9.0,51.0,3.0,845.0,1915.0,2.29,1.79,4.09,2.09,3.88,68.8,61.6,51.6,113.2,2.02,1.52,3.54,1.81,3.33,https://fbref.com/en/squads/e2d8892c/Paris-Saint-Germain-Stats
2024,Paris S-G,Ligue 1,opponent,29.0,26.6,34.8,34.0,374.0,3060.0,34.0,33.0,23.0,56.0,29.0,4.0,5.0,50.0,2.0,488.0,1054.0,0.97,0.68,1.65,0.85,1.53,40.0,36.4,28.9,65.3,1.18,0.85,2.03,1.07,1.92,https://fbref.com/en/squads/e2d8892c/Paris-Saint-Germain-Stats
2024,RB Leipzig,Bundesliga,team,26.0,25.6,55.3,34.0,374.0,3060.0,34.0,74.0,53.0,127.0,70.0,4.0,7.0,61.0,1.0,714.0,1541.0,2.18,1.56,3.74,2.06,3.62,65.6,60.2,47.7,107.9,1.93,1.4,3.33,1.77,3.17,https://fbref.com/en/squads/acbb6a5b/RB-Leipzig-Stats
2024,RB Leipzig,Bundesliga,opponent,26.0,26.7,44.7,34.0,374.0,3060.0,34.0,38.0,29.0,67.0,34.0,4.0,5.0,90.0,5.0,495.0,1128.0,1.12,0.85,1.97,1.0,1.85,40.1,36.4,30.1,66.5,1.18,0.89,2.07,1.07,1.96,https://fbref.com/en/squads/acbb6a5b/RB-Leipzig-Stats
2024,Rayo Vallecano,La Liga,team,26.0,29.4,49.4,38.0,418.0,3420.0,38.0,29.0,12.0,41.0,23.0,6.0,6.0,108.0,5.0,506.0,1335.0,0.76,0.32,1.08,0.61,0.92,42.3,37.7,24.6,62.3,1.11,0.65,1.76,0.99,1.64,https://fbref.com/en/squads/98e8af82/Rayo-Vallecano-Stats
2024,Rayo Vallecano,La Liga,opponent,26.0,26.9,50.6,38.0,418.0,3420.0,38.0,46.0,36.0,82.0,45.0,1.0,2.0,105.0,7.0,658.0,1371.0,1.21,0.95,2.16,1.18,2.13,44.6,43.1,36.3,79.4,1.17,0.96,2.13,1.13,2.09,https://fbref.com/en/squads/98e8af82/Rayo-Vallecano-Stats
2024,Real Madrid,La Liga,team,27.0,27.4,59.2,38.0,418.0,3420.0,38.0,85.0,66.0,151.0,83.0,2.0,5.0,69.0,4.0,950.0,1935.0,2.24,1.74,3.97,2.18,3.92,68.8,65.2,52.5,117.7,1.81,1.38,3.19,1.71,3.1,https://fbref.com/en/squads/53a2f082/Real-Madrid-Stats
2024,Real Madrid,La Liga,opponent,27.0,27.1,40.8,38.0,418.0,3420.0,38.0,25.0,17.0,42.0,24.0,1.0,1.0,95.0,0.0,583.0,1261.0,0.66,0.45,1.11,0.63,1.08,35.4,34.7,26.4,61.1,0.93,0.69,1.63,0.91,1.61,https://fbref.com/en/squads/53a2f082/Real-Madrid-Stats
2024,Real Sociedad,La Liga,team,31.0,25.8,55.3,38.0,418.0,3420.0,38.0,48.0,36.0,84.0,44.0,4.0,4.0,98.0,2.0,685.0,1414.0,1.26,0.95,2.21,1.16,2.11,44.9,41.8,30.7,72.5,1.18,0.81,1.99,1.1,1.91,https://fbref.com/en/squads/e31d1cd9/Real-Sociedad-Stats
2024,Real Sociedad,La Liga,opponent,31.0,27.2,44.7,38.0,418.0,3420.0,38.0,38.0,24.0,62.0,32.0,6.0,7.0,100.0,6.0,405.0,941.0,1.0,0.63,1.63,0.84,1.47,41.3,36.0,24.6,60.5,1.09,0.65,1.73,0.95,1.59,https://fbref.com/en/squads/e31d1cd9/Real-Sociedad-Stats
2024,Reims,Ligue 1,team,29.0,26.7,50.4,34.0,374.0,3060.0,34.0,40.0,28.0,68.0,37.0,3.0,4.0,70.0,3.0,625.0,1425.0,1.18,0.82,2.0,1.09,1.91,44.5,41.3,33.3,74.6,1.31,0.98,2.29,1.22,2.19,https://fbref.com/en/squads/7fdd64e0/Reims-Stats
2024,Reims,Ligue 1,opponent,29.0,26.6,49.6,34.0,374.0,3060.0,34.0,46.0,30.0,76.0,40.0,6.0,7.0,57.0,1.0,608.0,1410.0,1.35,0.88,2.24,1.18,2.06,46.4,40.9,32.0,73.0,1.36,0.94,2.31,1.2,2.15,https://fbref.com/en/squads/7fdd64e0/Reims-Stats
2024,Rennes,Ligue 1,team,29.0,26.0,52.1,34.0,374.0,3060.0,34.0,53.0,29.0,82.0,43.0,10.0,11.0,66.0,4.0,606.0,1639.0,1.56,0.85,2.41,1.26,2.12,53.1,44.5,31.8,76.3,1.56,0.93,2.5,1.31,2.24,https://fbref.com/en/squads/b3072e00/Rennes-Stats
2024,Rennes,Ligue 1,opponent,29.0,26.7,47.9,34.0,374.0,3060.0,34.0,43.0,22.0,65.0,40.0,3.0,3.0,73.0,9.0,536.0,1246.0,1.26,0.65,1.91,1.18,1.82,41.2,38.9,29.1,67.9,1.21,0.85,2.07,1.14,2.0,https://fbref.com/en/squads/b3072e00/Rennes-Stats
2024,Roma,Serie A,team,30.0,28.6,54.9,38.0,418.0,3420.0,38.0,64.0,44.0,108.0,53.0,11.0,12.0,95.0,3.0,682.0,1469.0,1.68,1.16,2.84,1.39,2.55,51.4,42.3,34.4,76.7,1.35,0.91,2.26,1.11,2.02,https://fbref.com/en/squads/cf74a709/Roma-Stats
2024,Roma,Serie A,opponent,30.0,27.3,45.1,38.0,418.0,3420.0,38.0,43.0,36.0,79.0,40.0,3.0,5.0,92.0,6.0,665.0,1303.0,1.13,0.95,2.08,1.05,2.0,41.8,38.0,32.1,70.1,1.1,0.85,1.95,1.0,1.85,https://fbref.com/en/squads/cf74a709/Roma-Stats
2024,Salernitana,Serie A,team,39.0,28.1,44.5,38.0,418.0,3420.0,38.0,32.0,25.0,57.0,30.0,2.0,2.0,91.0,3.0,499.0,1119.0,0.84,0.66,1.5,0.79,1.45,30.3,28.7,22.4,51.1,0.8,0.59,1.39,0.76,1.34,https://fbref.com/en/squads/c5577084/Salernitana-Stats
2024,Salernitana,Serie A,opponent,39.0,27.5,55.5,38.0,418.0,3420.0,38.0,79.0,54.0,133.0,69.0,10.0,10.0,79.0,1.0,777.0,1658.0,2.08,1.42,3.5,1.82,3.24,74.4,66.8,52.0,118.8,1.96,1.37,3.33,1.76,3.13,https://fbref.com/en/squads/c5577084/Salernitana-Stats
2024,Sassuolo,Serie A,team,30.0,27.2,43.8,38.0,418.0,3420.0,38.0,42.0,28.0,70.0,35.0,7.0,8.0,71.0,4.0,636.0,1301.0,1.11,0.74,1.84,0.92,1.66,39.8,33.8,25.9,59.7,1.05,0.68,1.73,0.89,1.57,https://fbref.com/en/squads/e2befd26/Sassuolo-Stats
2024,Sassuolo,Serie A,opponent,30.0,27.5,56.2,38.0,418.0,3420.0,38.0,71.0,53.0,124.0,63.0,8.0,11.0,64.0,1.0,668.0,1572.0,1.87,1.39,3.26,1.66,3.05,61.6,53.1,44.0,97.1,1.62,1.16,2.78,1.4,2.56,https://fbref.com/en/squads/e2befd26/Sassuolo-Stats
2024,Sevilla,La Liga,team,35.0,28.6,50.3,38.0,418.0,3420.0,38.0,46.0,30.0,76.0,44.0,2.0,2.0,108.0,4.0,635.0,1416.0,1.21,0.79,2.0,1.16,1.95,44.9,43.3,31.7,75.0,1.18,0.83,2.01,1.14,1.97,https://fbref.com/en/squads/ad2be733/Sevilla-Stats
2024,Sevilla,La Liga,opponent,35.0,27.2,49.7,38.0,418.0,3420.0,38.0,52.0,40.0,92.0,47.0,5.0,5.0,81.0,3.0,693.0,1483.0,1.37,1.05,2.42,1.24,2.29,55.9,52.1,42.0,94.1,1.47,1.11,2.58,1.37,2.48,https://fbref.com/en/squads/ad2be733/Sevilla-Stats
2024,Sheffield Utd,Premier League,team,35.0,25.7,35.8,38.0,418.0,3420.0,38.0,31.0,18.0,49.0,26.0,5.0,5.0,101.0,5.0,343.0,884.0,0.82,0.47,1.29,0.68,1.16,38.3,34.4,25.8,60.2,1.01,0.68,1.69,0.91,1.58,https://fbref.com/en/squads/1df6b87e/Sheffield-United-Stats
2024,Sheffield Utd,Premier League,opponent,35.0,26.4,64.2,38.0,418.0,3420.0,38.0,97.0,75.0,172.0,92.0,5.0,7.0,53.0,2.0,967.0,1974.0,2.55,1.97,4.53,2.42,4.39,76.7,71.2,57.1,128.3,2.02,1.5,3.52,1.87,3.38,https://fbref.com/en/squads/1df6b87e/Sheffield-United-Stats
2024,Strasbourg,Ligue 1,team,30.0,24.9,44.3,34.0,374.0,3060.0,34.0,36.0,24.0,60.0,33.0,3.0,4.0,59.0,2.0,547.0,1152.0,1.06,0.71,1.76,0.97,1.68,41.8,38.7,31.6,70.3,1.23,0.93,2.16,1.14,2.07,https://fbref.com/en/squads/c0d3eab4/Strasbourg-Stats
2024,Strasbourg,Ligue 1,opponent,30.0,26.9,55.7,34.0,374.0,3060.0,34.0,47.0,32.0,79.0,43.0,4.0,5.0,68.0,1.0,553.0,1536.0,1.38,0.94,2.32,1.26,2.21,45.5,41.6,33.4,75.0,1.34,0.98,2.32,1.22,2.2,https://fbref.com/en/squads/c0d3eab4/Strasbourg-Stats
2024,Stuttgart,Bundesliga,team,27.0,25.0,59.9,34.0,374.0,3060.0,34.0,78.0,60.0,138.0,73.0,5.0,8.0,56.0,1.0,693.0,1618.0,2.29,1.76,4.06,2.15,3.91,70.9,64.6,53.3,117.9,2.08,1.57,3.65,1.9,3.47,https://fbref.com/en/squads/598bc722/Stuttgart-Stats
2024,Stuttgart,Bundesliga,opponent,27.0,26.6,40.1,34.0,374.0,3060.0,34.0,36.0,24.0,60.0,33.0,3.0,3.0,75.0,3.0,466.0,1013.0,1.06,0.71,1.76,0.97,1.68,38.1,35.8,26.7,62.5,1.12,0.78,1.91,1.05,1.84,https://fbref.com/en/squads/598bc722/Stuttgart-Stats
2024,Torino,Serie A,team,30.0,27.3,51.6,38.0,418.0,3420.0,38.0,35.0,29.0,64.0,33.0,2.0,2.0,75.0,2.0,710.0,1333.0,0.92,0.76,1.68,0.87,1.63,37.7,36.1,30.1,66.2,0.99,0.79,1.78,0.95,1.74,https://fbref.com/en/squads/105360fe/Torino-Stats
2024,Torino,Serie A,opponent,30.0,27.4,48.4,38.0,418.0,3420.0,38.0,36.0,24.0,60.0,29.0,7.0,7.0,81.0,5.0,539.0,1051.0,0.95,0.63,1.58,0.76,1.39,37.4,31.9,27.0,58.9,0.98,0.71,1.7,0.84,1.55,https://fbref.com/en/squads/105360fe/Torino-Stats
2024,Tottenham,Premier League,team,29.0,25.2,61.6,38.0,418.0,3420.0,38.0,69.0,58.0,127.0,67.0,2.0,2.0,92.0,4.0,957.0,2107.0,1.82,1.53,3.34,1.76,3.29,68.2,66.7,57.4,124.1,1.79,1.51,3.31,1.75,3.27,https://fbref.com/en/squads/361ca564/Tottenham-Hotspur-Stats
2024,Tottenham,Premier League,opponent,29.0,26.4,38.4,38.0,418.0,3420.0,38.0,58.0,39.0,97.0,51.0,7.0,7.0,100.0,4.0,526.0,1103.0,1.53,1.03,2.55,1.34,2.37,63.4,58.4,42.1,100.5,1.67,1.11,2.77,1.54,2.64,https://fbref.com/en/squads/361ca564/Tottenham-Hotspur-Stats
2024,Toulouse,Ligue 1,team,26.0,24.6,48.4,34.0,374.0,3060.0,34.0,42.0,30.0,72.0,36.0,6.0,9.0,77.0,1.0,549.0,1405.0,1.24,0.88,2.12,1.06,1.94,40.3,33.3,26.4,59.7,1.18,0.78,1.96,0.98,1.75,https://fbref.com/en/squads/3f8c4b5f/Toulouse-Stats
2024,Toulouse,Ligue 1,opponent,26.0,26.7,51.6,34.0,374.0,3060.0,34.0,46.0,24.0,70.0,42.0,4.0,4.0,62.0,3.0,607.0,1343.0,1.35,0.71,2.06,1.24,1.94,48.1,44.9,33.4,78.3,1.41,0.98,2.39,1.32,2.3,https://fbref.com/en/squads/3f8c4b5f/Toulouse-Stats
2024,Udinese,Serie A,team,32.0,26.5,39.3,38.0,418.0,3420.0,38.0,36.0,23.0,59.0,33.0,3.0,4.0,94.0,5.0,601.0,1022.0,0.95,0.61,1.55,0.87,1.47,39.1,36.8,28.0,64.9,1.03,0.74,1.77,0.97,1.71,https://fbref.com/en/squads/04eea015/Udinese-Stats
2024,Udinese,Serie A,opponent,32.0,27.4,60.7,38.0,418.0,3420.0,38.0,52.0,35.0,87.0,43.0,9.0,9.0,81.0,3.0,694.0,1734.0,1.37,0.92,2.29,1.13,2.05,49.1,42.2,33.2,75.4,1.29,0.87,2.17,1.11,1.98,https://fbref.com/en/squads/04eea015/Udinese-Stats
2024,Union Berlin,Bundesliga,team,30.0,28.1,42.9,34.0,374.0,3060.0,34.0,33.0,23.0,56.0,30.0,3.0,6.0,67.0,7.0,389.0,1146.0,0.97,0.68,1.65,0.88,1.56,40.1,35.3,25.0,60.3,1.18,0.74,1.91,1.04,1.77,https://fbref.com/en/squads/7a41008f/Union-Berlin-Stats
2024,Union Berlin,Bundesliga,opponent,30.0,26.5,57.1,34.0,374.0,3060.0,34.0,57.0,37.0,94.0,52.0,5.0,7.0,60.0,1.0,664.0,1565.0,1.68,1.09,2.76,1.53,2.62,50.5,45.2,33.6,78.7,1.49,0.99,2.47,1.33,2.32,https://fbref.com/en/squads/7a41008f/Union-Berlin-Stats
2024,Valencia,La Liga,team,29.0,23.8,44.3,38.0,418.0,3420.0,38.0,39.0,24.0,63.0,31.0,8.0,9.0,64.0,5.0,522.0,1162.0,1.03,0.63,1.66,0.82,1.45,43.1,36.2,27.0,63.2,1.13,0.71,1.85,0.95,1.66,https://fbref.com/en/squads/dcc91a7b/Valencia-Stats
2024,Valencia,La Liga,opponent,29.0,27.1,55.7,38.0,418.0,3420.0,38.0,43.0,31.0,74.0,40.0,3.0,6.0,102.0,5.0,621.0,1586.0,1.13,0.82,1.95,1.05,1.87,47.6,42.9,32.8,75.7,1.25,0.86,2.12,1.13,1.99,https://fbref.com/en/squads/dcc91a7b/Valencia-Stats
2024,Villarreal,La Liga,team,32.0,27.9,49.6,38.0,418.0,3420.0,38.0,64.0,47.0,111.0,59.0,5.0,7.0,110.0,8.0,654.0,1558.0,1.68,1.24,2.92,1.55,2.79,55.6,50.1,40.5,90.6,1.46,1.07,2.53,1.32,2.38,https://fbref.com/en/squads/2a8183b3/Villarreal-Stats
2024,Villarreal,La Liga,opponent,32.0,27.1,50.4,38.0,418.0,3420.0,38.0,64.0,48.0,112.0,58.0,6.0,6.0,91.0,2.0,734.0,1655.0,1.68,1.26,2.95,1.53,2.79,58.7,54.0,40.6,94.6,1.54,1.07,2.61,1.42,2.49,https://fbref.com/en/squads/2a8183b3/Villarreal-Stats
2024,Werder Bremen,Bundesliga,team,30.0,27.0,46.8,34.0,374.0,3060.0,34.0,45.0,33.0,78.0,40.0,5.0,6.0,73.0,2.0,492.0,1172.0,1.32,0.97,2.29,1.18,2.15,46.9,42.0,35.6,77.6,1.38,1.05,2.43,1.24,2.28,https://fbref.com/en/squads/62add3bf/Werder-Bremen-Stats
2024,Werder Bremen,Bundesliga,opponent,30.0,26.7,53.2,34.0,374.0,3060.0,34.0,53.0,39.0,92.0,47.0,6.0,6.0,84.0,6.0,638.0,1428.0,1.56,1.15,2.71,1.38,2.53,56.5,51.9,41.0,92.9,1.66,1.21,2.87,1.53,2.73,https://fbref.com/en/squads/62add3bf/Werder-Bremen-Stats
2024,West Ham,Premier League,team,26.0,28.3,41.1,38.0,418.0,3420.0,38.0,58.0,40.0,98.0,54.0,4.0,5.0,82.0,3.0,556.0,1207.0,1.53,1.05,2.58,1.42,2.47,52.3,48.4,34.8,83.2,1.38,0.92,2.29,1.27,2.19,https://fbref.com/en/squads/7c21e445/West-Ham-United-Stats
2024,West Ham,Premier League,opponent,26.0,26.1,58.9,38.0,418.0,3420.0,38.0,70.0,51.0,121.0,62.0,8.0,10.0,71.0,2.0,963.0,2015.0,1.84,1.34,3.18,1.63,2.97,71.1,63.2,51.1,114.3,1.87,1.35,3.22,1.66,3.01,https://fbref.com/en/squads/7c21e445/West-Ham-United-Stats
2024,Wolfsburg,Bundesliga,team,28.0,25.6,48.0,34.0,374.0,3060.0,34.0,41.0,27.0,68.0,39.0,2.0,3.0,86.0,5.0,441.0,1235.0,1.21,0.79,2.0,1.15,1.94,39.2,36.7,28.5,65.2,1.15,0.84,1.99,1.08,1.92,https://fbref.com/en/squads/4eaa11d7/Wolfsburg-Stats
2024,Wolfsburg,Bundesliga,opponent,28.0,26.4,52.0,34.0,374.0,3060.0,34.0,53.0,43.0,96.0,51.0,2.0,3.0,79.0,4.0,532.0,1346.0,1.56,1.26,2.82,1.5,2.76,44.7,42.4,34.3,76.6,1.32,1.01,2.32,1.25,2.25,https://fbref.com/en/squads/4eaa11d7/Wolfsburg-Stats
2024,Wolves,Premier League,team,27.0,26.6,48.9,38.0,418.0,3420.0,38.0,47.0,36.0,83.0,43.0,4.0,4.0,102.0,4.0,671.0,1180.0,1.24,0.95,2.18,1.13,2.08,46.7,43.6,31.8,75.4,1.23,0.84,2.07,1.15,1.98,https://fbref.com/en/squads/8cec06e1/Wolverhampton-Wanderers-Stats
2024,Wolves,Premier League,opponent,27.0,26.4,51.1,38.0,418.0,3420.0,38.0,64.0,43.0,107.0,56.0,8.0,8.0,84.0,3.0,734.0,1742.0,1.68,1.13,2.82,1.47,2.61,67.7,61.4,48.0,109.5,1.78,1.26,3.05,1.62,2.88,https://fbref.com/en/squads/8cec06e1/Wolverhampton-Wanderers-Stats
2025,Alavés,La Liga,team,24.0,27.0,40.3,9.0,99.0,810.0,9.0,11.0,6.0,17.0,10.0,1.0,2.0,22.0,1.0,118.0,249.0,1.22,0.67,1.89,1.11,1.78,10.5,9.0,5.7,14.6,1.17,0.63,1.8,1.0,1.63,https://fbref.com/en/squads/8d6fd021/Alaves-Stats
2025,Alavés,La Liga,opponent,24.0,26.9,59.7,9.0,99.0,810.0,9.0,15.0,12.0,27.0,13.0,2.0,2.0,25.0,1.0,135.0,303.0,1.67,1.33,3.0,1.44,2.78,12.2,10.6,9.8,20.4,1.36,1.09,2.45,1.18,2.27,https://fbref.com/en/squads/8d6fd021/Alaves-Stats
2025,Angers,Ligue 1,team,23.0,27.5,43.9,7.0,77.0,630.0,7.0,5.0,2.0,7.0,3.0,2.0,2.0,11.0,1.0,98.0,223.0,0.71,0.29,1.0,0.43,0.71,6.0,4.5,3.9,8.4,0.86,0.56,1.42,0.64,1.19,https://fbref.com/en/squads/69236f98/Angers-Stats
2025,Angers,Ligue 1,opponent,23.0,26.1,56.1,7.0,77.0,630.0,7.0,13.0,9.0,22.0,13.0,0.0,0.0,20.0,2.0,124.0,306.0,1.86,1.29,3.14,1.86,3.14,11.0,11.0,7.7,18.7,1.57,1.09,2.66,1.57,2.66,https://fbref.com/en/squads/69236f98/Angers-Stats
2025,Arsenal,Premier League,team,23.0,26.3,48.9,7.0,77.0,630.0,7.0,14.0,11.0,25.0,14.0,0.0,0.0,21.0,2.0,142.0,294.0,2.0,1.57,3.57,2.0,3.57,12.8,12.8,9.4,22.2,1.83,1.34,3.17,1.83,3.17,https://fbref.com/en/squads/18bb7c10/Arsenal-Stats
2025,Arsenal,Premier League,opponent,23.0,26.3,51.1,7.0,77.0,630.0,7.0,6.0,4.0,10.0,6.0,0.0,0.0,20.0,0.0,166.0,228.0,0.86,0.57,1.43,0.86,1.43,7.2,7.2,4.9,12.2,1.04,0.7,1.74,1.04,1.74,https://fbref.com/en/squads/18bb7c10/Arsenal-Stats
2025,Aston Villa,Premier League,team,20.0,27.1,52.1,7.0,77.0,630.0,7.0,12.0,11.0,23.0,12.0,0.0,0.0,14.0,0.0,133.0,238.0,1.71,1.57,3.29,1.71,3.29,9.8,9.8,8.1,17.8,1.4,1.15,2.55,1.4,2.55,https://fbref.com/en/squads/8602292d/Aston-Villa-Stats
2025,Aston Villa,Premier League,opponent,20.0,27.2,47.9,7.0,77.0,630.0,7.0,9.0,5.0,14.0,8.0,1.0,1.0,27.0,0.0,109.0,198.0,1.29,0.71,2.0,1.14,1.86,6.8,6.0,4.6,10.6,0.97,0.66,1.62,0.85,1.51,https://fbref.com/en/squads/8602292d/Aston-Villa-Stats
2025,Atalanta,Serie A,team,27.0,27.2,56.0,7.0,77.0,630.0,7.0,16.0,9.0,25.0,13.0,3.0,4.0,14.0,0.0,146.0,360.0,2.29,1.29,3.57,1.86,3.14,14.9,11.8,9.0,20.8,2.14,1.29,3.42,1.69,2.98,https://fbref.com/en/squads/922493f3/Atalanta-Stats
2025,Atalanta,Serie A,opponent,27.0,27.3,44.0,7.0,77.0,630.0,7.0,11.0,7.0,18.0,11.0,0.0,0.0,12.0,1.0,83.0,152.0,1.57,1.0,2.57,1.57,2.57,8.8,8.8,6.8,15.7,1.26,0.98,2.24,1.26,2.24,https://fbref.com/en/squads/922493f3/Atalanta-Stats
2025,Athletic Club,La Liga,team,26.0,27.2,44.6,9.0,99.0,810.0,9.0,13.0,11.0,24.0,12.0,1.0,3.0,21.0,3.0,133.0,331.0,1.44,1.22,2.67,1.33,2.56,11.8,9.4,7.5,16.9,1.31,0.83,2.14,1.05,1.88,https://fbref.com/en/squads/2b390eca/Athletic-Club-Stats
2025,Athletic Club,La Liga,opponent,26.0,26.9,55.4,9.0,99.0,810.0,9.0,9.0,4.0,13.0,7.0,2.0,2.0,22.0,0.0,137.0,352.0,1.0,0.44,1.44,0.78,1.22,11.1,9.6,6.8,16.4,1.23,0.75,1.98,1.07,1.82,https://fbref.com/en/squads/2b390eca/Athletic-Club-Stats
2025,Atlético Madrid,La Liga,team,22.0,29.2,48.3,9.0,99.0,810.0,9.0,13.0,11.0,24.0,13.0,0.0,0.0,13.0,1.0,141.0,342.0,1.44,1.22,2.67,1.44,2.67,12.4,12.4,10.1,22.5,1.38,1.13,2.5,1.38,2.5,https://fbref.com/en/squads/db3b9613/Atletico-Madrid-Stats
2025,Atlético Madrid,La Liga,opponent,22.0,27.4,51.7,9.0,99.0,810.0,9.0,4.0,4.0,8.0,4.0,0.0,0.0,14.0,0.0,153.0,432.0,0.44,0.44,0.89,0.44,0.89,7.5,7.5,6.2,13.7,0.83,0.69,1.52,0.83,1.52,https://fbref.com/en/squads/db3b9613/Atletico-Madrid-Stats
2025,Augsburg,Bundesliga,team,24.0,27.4,50.5,6.0,66.0,540.0,6.0,9.0,6.0,15.0,9.0,0.0,1.0,18.0,1.0,85.0,251.0,1.5,1.0,2.5,1.5,2.5,9.2,8.4,5.7,14.1,1.53,0.95,2.48,1.4,2.35,https://fbref.com/en/squads/0cdc4311/Augsburg-Stats
2025,Augsburg,Bundesliga,opponent,24.0,26.9,49.5,6.0,66.0,540.0,6.0,15.0,12.0,27.0,14.0,1.0,1.0,15.0,1.0,101.0,212.0,2.5,2.0,4.5,2.33,4.33,9.6,8.8,8.1,16.9,1.6,1.34,2.94,1.47,2.81,https://fbref.com/en/squads/0cdc4311/Augsburg-Stats
2025,Auxerre,Ligue 1,team,23.0,26.4,49.0,7.0,77.0,630.0,7.0,9.0,6.0,15.0,8.0,1.0,1.0,16.0,2.0,109.0,285.0,1.29,0.86,2.14,1.14,2.0,8.6,7.9,6.9,14.8,1.23,0.99,2.22,1.12,2.11,https://fbref.com/en/squads/5ae09109/Auxerre-Stats
2025,Auxerre,Ligue 1,opponent,23.0,26.2,51.0,7.0,77.0,630.0,7.0,14.0,11.0,25.0,13.0,1.0,1.0,9.0,0.0,140.0,265.0,2.0,1.57,3.57,1.86,3.43,13.8,13.0,10.6,23.6,1.97,1.52,3.49,1.86,3.38,https://fbref.com/en/squads/5ae09109/Auxerre-Stats
2025,Barcelona,La Liga,team,24.0,24.9,66.6,9.0,99.0,810.0,9.0,28.0,21.0,49.0,27.0,1.0,2.0,16.0,1.0,177.0,473.0,3.11,2.33,5.44,3.0,5.33,22.3,20.7,17.1,37.8,2.48,1.9,4.38,2.3,4.2,https://fbref.com/en/squads/206d90db/Barcelona-Stats
2025,Barcelona,La Liga,opponent,24.0,27.0,33.4,9.0,99.0,810.0,9.0,9.0,6.0,15.0,7.0,2.0,2.0,27.0,0.0,119.0,212.0,1.0,0.67,1.67,0.78,1.44,10.0,8.4,7.2,15.7,1.11,0.8,1.92,0.94,1.74,https://fbref.com/en/squads/206d90db/Barcelona-Stats
2025,Bayern Munich,Bundesliga,team,21.0,27.9,69.7,6.0,66.0,540.0,6.0,18.0,12.0,30.0,16.0,2.0,2.0,10.0,0.0,149.0,399.0,3.0,2.0,5.0,2.67,4.67,13.7,12.1,10.0,22.1,2.28,1.67,3.95,2.02,3.69,https://fbref.com/en/squads/054efa67/Bayern-Munich-Stats
2025,Bayern Munich,Bundesliga,opponent,21.0,26.4,30.3,6.0,66.0,540.0,6.0,7.0,6.0,13.0,6.0,1.0,2.0,6.0,0.0,44.0,97.0,1.17,1.0,2.17,1.0,2.0,4.5,3.0,2.5,5.5,0.75,0.42,1.17,0.49,0.92,https://fbref.com/en/squads/054efa67/Bayern-Munich-Stats
2025,Betis,La Liga,team,24.0,27.9,53.1,9.0,99.0,810.0,9.0,8.0,5.0,13.0,7.0,1.0,2.0,20.0,0.0,144.0,389.0,0.89,0.56,1.44,0.78,1.33,13.8,12.4,9.8,22.2,1.54,1.09,2.62,1.37,2.46,https://fbref.com/en/squads/fc536746/Real-Betis-Stats
2025,Betis,La Liga,opponent,24.0,27.4,46.9,9.0,99.0,810.0,9.0,8.0,6.0,14.0,6.0,2.0,2.0,27.0,2.0,150.0,297.0,0.89,0.67,1.56,0.67,1.33,8.8,7.3,6.6,13.8,0.98,0.73,1.71,0.81,1.54,https://fbref.com/en/squads/fc536746/Real-Betis-Stats
2025,Bochum,Bundesliga,team,20.0,28.0,43.2,6.0,66.0,540.0,6.0,6.0,4.0,10.0,6.0,0.0,0.0,12.0,0.0,61.0,166.0,1.0,0.67,1.67,1.0,1.67,6.3,6.3,4.6,10.9,1.05,0.77,1.82,1.05,1.82,https://fbref.com/en/squads/b42c6323/Bochum-Stats
2025,Bochum,Bundesliga,opponent,20.0,26.5,56.8,6.0,66.0,540.0,6.0,14.0,10.0,24.0,13.0,1.0,2.0,6.0,1.0,120.0,257.0,2.33,1.67,4.0,2.17,3.83,15.4,13.6,11.4,25.0,2.56,1.9,4.46,2.27,4.17,https://fbref.com/en/squads/b42c6323/Bochum-Stats
2025,Bologna,Serie A,team,25.0,26.7,60.4,7.0,77.0,630.0,7.0,7.0,5.0,12.0,6.0,1.0,1.0,9.0,1.0,126.0,323.0,1.0,0.71,1.71,0.86,1.57,8.0,7.2,5.4,12.6,1.14,0.77,1.91,1.03,1.8,https://fbref.com/en/squads/1d8099f8/Bologna-Stats
2025,Bologna,Serie A,opponent,25.0,26.7,39.6,7.0,77.0,630.0,7.0,8.0,7.0,15.0,8.0,0.0,1.0,17.0,1.0,125.0,200.0,1.14,1.0,2.14,1.14,2.14,8.8,8.0,6.3,14.3,1.26,0.9,2.16,1.15,2.04,https://fbref.com/en/squads/1d8099f8/Bologna-Stats
2025,Bournemouth,Premier League,team,22.0,25.7,44.3,7.0,77.0,630.0,7.0,8.0,7.0,15.0,8.0,0.0,1.0,19.0,0.0,119.0,291.0,1.14,1.0,2.14,1.14,2.14,12.1,11.3,9.7,21.0,1.73,1.38,3.11,1.61,2.99,https://fbref.com/en/squads/4ba7cbea/Bournemouth-Stats
2025,Bournemouth,Premier League,opponent,22.0,26.7,55.7,7.0,77.0,630.0,7.0,10.0,8.0,18.0,10.0,0.0,0.0,23.0,0.0,126.0,250.0,1.43,1.14,2.57,1.43,2.57,8.9,8.9,7.5,16.4,1.27,1.07,2.35,1.27,2.35,https://fbref.com/en/squads/4ba7cbea/Bournemouth-Stats
2025,Brentford,Premier League,team,20.0,26.3,45.7,7.0,77.0,630.0,7.0,13.0,7.0,20.0,12.0,1.0,1.0,12.0,0.0,104.0,215.0,1.86,1.0,2.86,1.71,2.71,11.2,10.4,6.6,17.0,1.6,0.95,2.55,1.49,2.43,https://fbref.com/en/squads/cd051869/Brentford-Stats
2025,Brentford,Premier League,opponent,20.0,27.3,54.3,7.0,77.0,630.0,7.0,12.0,10.0,22.0,12.0,0.0,0.0,20.0,0.0,155.0,324.0,1.71,1.43,3.14,1.71,3.14,12.8,12.8,10.1,22.9,1.83,1.45,3.27,1.83,3.27,https://fbref.com/en/squads/cd051869/Brentford-Stats
2025,Brest,Ligue 1,team,25.0,28.6,47.9,7.0,77.0,630.0,7.0,10.0,5.0,15.0,7.0,3.0,4.0,15.0,1.0,87.0,198.0,1.43,0.71,2.14,1.0,1.71,8.3,5.1,3.8,8.9,1.18,0.55,1.73,0.73,1.28,https://fbref.com/en/squads/fb08dbb3/Brest-Stats
2025,Brest,Ligue 1,opponent,25.0,26.2,52.1,7.0,77.0,630.0,7.0,12.0,7.0,19.0,9.0,3.0,4.0,13.0,2.0,110.0,320.0,1.71,1.0,2.71,1.29,2.29,14.6,11.5,9.3,20.7,2.08,1.33,3.41,1.64,2.96,https://fbref.com/en/squads/fb08dbb3/Brest-Stats
2025,Brighton,Premier League,team,25.0,26.3,58.6,7.0,77.0,630.0,7.0,13.0,8.0,21.0,13.0,0.0,0.0,15.0,0.0,167.0,359.0,1.86,1.14,3.0,1.86,3.0,10.7,10.7,7.2,17.9,1.53,1.02,2.55,1.53,2.55,https://fbref.com/en/squads/d07537b9/Brighton-and-Hove-Albion-Stats
2025,Brighton,Premier League,opponent,25.0,26.3,41.4,7.0,77.0,630.0,7.0,10.0,7.0,17.0,8.0,2.0,2.0,22.0,3.0,98.0,181.0,1.43,1.0,2.43,1.14,2.14,11.3,9.7,8.8,18.5,1.61,1.25,2.86,1.39,2.64,https://fbref.com/en/squads/d07537b9/Brighton-and-Hove-Albion-Stats
2025,Cagliari,Serie A,team,23.0,27.2,47.7,7.0,77.0,630.0,7.0,5.0,4.0,9.0,4.0,1.0,1.0,13.0,0.0,109.0,227.0,0.71,0.57,1.29,0.57,1.14,10.4,9.6,7.0,16.5,1.48,1.0,2.48,1.37,2.36,https://fbref.com/en/squads/c4260e09/Cagliari-Stats
2025,Cagliari,Serie A,opponent,23.0,26.6,52.3,7.0,77.0,630.0,7.0,11.0,8.0,19.0,9.0,2.0,2.0,15.0,2.0,135.0,249.0,1.57,1.14,2.71,1.29,2.43,11.6,10.1,8.1,18.2,1.66,1.16,2.82,1.45,2.61,https://fbref.com/en/squads/c4260e09/Cagliari-Stats
2025,Celta Vigo,La Liga,team,24.0,26.9,53.8,9.0,99.0,810.0,9.0,15.0,10.0,25.0,14.0,1.0,2.0,24.0,3.0,160.0,387.0,1.67,1.11,2.78,1.56,2.67,12.4,10.8,8.6,19.4,1.37,0.95,2.33,1.2,2.15,https://fbref.com/en/squads/f25da7fb/Celta-Vigo-Stats
2025,Celta Vigo,La Liga,opponent,24.0,26.8,46.2,9.0,99.0,810.0,9.0,13.0,11.0,24.0,13.0,0.0,1.0,21.0,1.0,151.0,349.0,1.44,1.22,2.67,1.44,2.67,10.9,9.9,8.1,18.0,1.21,0.9,2.11,1.1,2.0,https://fbref.com/en/squads/f25da7fb/Celta-Vigo-Stats
2025,Chelsea,Premier League,team,21.0,23.8,55.6,7.0,77.0,630.0,7.0,16.0,13.0,29.0,15.0,1.0,1.0,27.0,0.0,159.0,259.0,2.29,1.86,4.14,2.14,4.0,14.4,13.6,12.6,26.2,2.06,1.79,3.85,1.94,3.74,https://fbref.com/en/squads/cff3d9bb/Chelsea-Stats
2025,Chelsea,Premier League,opponent,21.0,26.7,44.4,7.0,77.0,630.0,7.0,8.0,5.0,13.0,8.0,0.0,1.0,22.0,1.0,144.0,261.0,1.14,0.71,1.86,1.14,1.86,7.8,7.0,5.1,12.1,1.12,0.72,1.84,1.0,1.73,https://fbref.com/en/squads/cff3d9bb/Chelsea-Stats
2025,Como,Serie A,team,27.0,27.8,52.4,7.0,77.0,630.0,7.0,8.0,8.0,16.0,8.0,0.0,1.0,14.0,0.0,105.0,244.0,1.14,1.14,2.29,1.14,2.29,8.0,7.3,6.6,13.9,1.15,0.94,2.09,1.05,1.98,https://fbref.com/en/squads/28c9c3cd/Como-Stats
2025,Como,Serie A,opponent,27.0,26.8,47.6,7.0,77.0,630.0,7.0,14.0,8.0,22.0,11.0,3.0,3.0,15.0,1.0,115.0,233.0,2.0,1.14,3.14,1.57,2.71,8.8,6.4,5.0,11.4,1.26,0.71,1.97,0.92,1.63,https://fbref.com/en/squads/28c9c3cd/Como-Stats
2025,Crystal Palace,Premier League,team,22.0,26.3,48.6,7.0,77.0,630.0,7.0,4.0,2.0,6.0,3.0,1.0,1.0,15.0,0.0,98.0,270.0,0.57,0.29,0.86,0.43,0.71,8.1,7.3,6.2,13.5,1.16,0.88,2.04,1.05,1.93,https://fbref.com/en/squads/47c64c55/Crystal-Palace-Stats
2025,Crystal Palace,Premier League,opponent,22.0,26.9,51.4,7.0,77.0,630.0,7.0,10.0,7.0,17.0,10.0,0.0,0.0,15.0,0.0,112.0,273.0,1.43,1.0,2.43,1.43,2.43,10.4,10.4,8.0,18.4,1.49,1.14,2.63,1.49,2.63,https://fbref.com/en/squads/47c64c55/Crystal-Palace-Stats
2025,Dortmund,Bundesliga,team,19.0,27.2,60.5,6.0,66.0,540.0,6.0,12.0,10.0,22.0,10.0,2.0,2.0,18.0,1.0,141.0,280.0,2.0,1.67,3.67,1.67,3.33,9.5,8.0,7.1,15.2,1.59,1.19,2.77,1.34,2.53,https://fbref.com/en/squads/add600ae/Dortmund-Stats
2025,Dortmund,Bundesliga,opponent,19.0,26.9,39.5,6.0,66.0,540.0,6.0,11.0,8.0,19.0,9.0,2.0,2.0,10.0,0.0,77.0,151.0,1.83,1.33,3.17,1.5,2.83,9.6,8.0,6.4,14.4,1.6,1.06,2.66,1.34,2.4,https://fbref.com/en/squads/add600ae/Dortmund-Stats
2025,Eint Frankfurt,Bundesliga,team,22.0,25.3,39.5,6.0,66.0,540.0,6.0,14.0,12.0,26.0,13.0,1.0,1.0,8.0,0.0,97.0,175.0,2.33,2.0,4.33,2.17,4.17,12.3,11.5,10.7,22.3,2.06,1.79,3.84,1.92,3.71,https://fbref.com/en/squads/f0ac8ee6/Eintracht-Frankfurt-Stats
2025,Eint Frankfurt,Bundesliga,opponent,22.0,27.0,60.5,6.0,66.0,540.0,6.0,9.0,6.0,15.0,8.0,1.0,1.0,7.0,0.0,128.0,283.0,1.5,1.0,2.5,1.33,2.33,9.2,8.4,6.7,15.1,1.53,1.12,2.65,1.39,2.52,https://fbref.com/en/squads/f0ac8ee6/Eintracht-Frankfurt-Stats
2025,Empoli,Serie A,team,22.0,25.7,35.9,7.0,77.0,630.0,7.0,6.0,3.0,9.0,5.0,1.0,1.0,13.0,0.0,85.0,156.0,0.86,0.43,1.29,0.71,1.14,6.4,5.6,3.7,9.3,0.91,0.53,1.44,0.8,1.33,https://fbref.com/en/squads/a3d88bd8/Empoli-Stats
2025,Empoli,Serie A,opponent,22.0,26.9,64.1,7.0,77.0,630.0,7.0,4.0,4.0,8.0,4.0,0.0,1.0,8.0,0.0,126.0,290.0,0.57,0.57,1.14,0.57,1.14,9.7,8.8,6.0,14.9,1.39,0.86,2.25,1.26,2.12,https://fbref.com/en/squads/a3d88bd8/Empoli-Stats
2025,Espanyol,La Liga,team,21.0,25.4,42.3,9.0,99.0,810.0,9.0,8.0,7.0,15.0,7.0,1.0,1.0,24.0,0.0,101.0,231.0,0.89,0.78,1.67,0.78,1.56,8.1,7.3,6.1,13.4,0.9,0.68,1.58,0.81,1.49,https://fbref.com/en/squads/a8661628/Espanyol-Stats
2025,Espanyol,La Liga,opponent,21.0,27.8,57.7,9.0,99.0,810.0,9.0,13.0,9.0,22.0,12.0,1.0,2.0,23.0,0.0,191.0,443.0,1.44,1.0,2.44,1.33,2.33,16.7,15.1,11.5,26.6,1.85,1.27,3.13,1.68,2.95,https://fbref.com/en/squads/a8661628/Espanyol-Stats
2025,Everton,Premier League,team,22.0,28.7,37.3,7.0,77.0,630.0,7.0,7.0,5.0,12.0,7.0,0.0,0.0,12.0,1.0,79.0,188.0,1.0,0.71,1.71,1.0,1.71,6.8,6.8,5.5,12.2,0.97,0.78,1.75,0.97,1.75,https://fbref.com/en/squads/d3fd31cc/Everton-Stats
2025,Everton,Premier League,opponent,22.0,26.7,62.7,7.0,77.0,630.0,7.0,15.0,12.0,27.0,15.0,0.0,1.0,6.0,0.0,144.0,327.0,2.14,1.71,3.86,2.14,3.86,11.9,11.2,9.0,20.1,1.71,1.28,2.98,1.59,2.87,https://fbref.com/en/squads/d3fd31cc/Everton-Stats
2025,Fiorentina,Serie A,team,26.0,26.9,54.4,7.0,77.0,630.0,7.0,9.0,5.0,14.0,7.0,2.0,3.0,14.0,1.0,128.0,238.0,1.29,0.71,2.0,1.0,1.71,10.2,7.9,5.7,13.6,1.46,0.81,2.28,1.13,1.94,https://fbref.com/en/squads/421387cf/Fiorentina-Stats
2025,Fiorentina,Serie A,opponent,26.0,26.5,45.6,7.0,77.0,630.0,7.0,8.0,8.0,16.0,8.0,0.0,2.0,18.0,1.0,124.0,210.0,1.14,1.14,2.29,1.14,2.29,8.2,6.6,5.7,12.3,1.18,0.81,1.99,0.95,1.76,https://fbref.com/en/squads/421387cf/Fiorentina-Stats
2025,Freiburg,Bundesliga,team,24.0,27.2,49.0,6.0,66.0,540.0,6.0,9.0,6.0,15.0,9.0,0.0,2.0,7.0,0.0,91.0,229.0,1.5,1.0,2.5,1.5,2.5,10.4,8.9,6.1,15.1,1.74,1.02,2.76,1.49,2.51,https://fbref.com/en/squads/a486e511/Freiburg-Stats
2025,Freiburg,Bundesliga,opponent,24.0,27.2,51.0,6.0,66.0,540.0,6.0,7.0,4.0,11.0,6.0,1.0,1.0,10.0,0.0,75.0,211.0,1.17,0.67,1.83,1.0,1.67,5.5,4.8,3.4,8.2,0.92,0.56,1.48,0.8,1.36,https://fbref.com/en/squads/a486e511/Freiburg-Stats
2025,Fulham,Premier League,team,20.0,28.2,49.3,7.0,77.0,630.0,7.0,10.0,9.0,19.0,9.0,1.0,1.0,21.0,0.0,144.0,263.0,1.43,1.29,2.71,1.29,2.57,10.8,10.0,9.0,19.0,1.54,1.29,2.83,1.43,2.72,https://fbref.com/en/squads/fd962109/Fulham-Stats
2025,Fulham,Premier League,opponent,20.0,27.4,50.7,7.0,77.0,630.0,7.0,8.0,7.0,15.0,8.0,0.0,0.0,13.0,0.0,120.0,252.0,1.14,1.0,2.14,1.14,2.14,8.1,8.1,6.3,14.4,1.16,0.89,2.05,1.16,2.05,https://fbref.com/en/squads/fd962109/Fulham-Stats
2025,Genoa,Serie A,team,26.0,27.1,41.7,7.0,77.0,630.0,7.0,5.0,3.0,8.0,5.0,0.0,1.0,12.0,0.0,85.0,173.0,0.71,0.43,1.14,0.71,1.14,7.1,6.2,4.7,10.9,1.02,0.67,1.69,0.88,1.56,https://fbref.com/en/squads/658bf2de/Genoa-Stats
2025,Genoa,Serie A,opponent,26.0,27.1,58.3,7.0,77.0,630.0,7.0,15.0,8.0,23.0,12.0,3.0,4.0,16.0,0.0,109.0,273.0,2.14,1.14,3.29,1.71,2.86,13.9,10.8,9.1,19.8,1.99,1.29,3.28,1.54,2.83,https://fbref.com/en/squads/658bf2de/Genoa-Stats
2025,Getafe,La Liga,team,22.0,27.3,42.0,9.0,99.0,810.0,9.0,6.0,3.0,9.0,4.0,2.0,2.0,21.0,0.0,92.0,217.0,0.67,0.33,1.0,0.44,0.78,8.7,7.1,5.7,12.8,0.96,0.64,1.6,0.79,1.43,https://fbref.com/en/squads/7848bd64/Getafe-Stats
2025,Getafe,La Liga,opponent,22.0,27.3,58.0,9.0,99.0,810.0,9.0,7.0,5.0,12.0,6.0,1.0,1.0,26.0,1.0,100.0,274.0,0.78,0.56,1.33,0.67,1.22,7.9,7.3,5.1,12.4,0.88,0.57,1.45,0.81,1.38,https://fbref.com/en/squads/7848bd64/Getafe-Stats
2025,Girona,La Liga,team,23.0,27.4,58.8,9.0,99.0,810.0,9.0,11.0,8.0,19.0,9.0,2.0,2.0,17.0,0.0,164.0,460.0,1.22,0.89,2.11,1.0,1.89,12.9,11.5,9.2,20.7,1.44,1.02,2.46,1.28,2.3,https://fbref.com/en/squads/9024a00a/Girona-Stats
2025,Girona,La Liga,opponent,23.0,27.2,41.2,9.0,99.0,810.0,9.0,12.0,10.0,22.0,12.0,0.0,2.0,19.0,2.0,130.0,261.0,1.33,1.11,2.44,1.33,2.44,9.9,8.3,6.8,15.1,1.1,0.75,1.85,0.93,1.68,https://fbref.com/en/squads/9024a00a/Girona-Stats
2025,Gladbach,Bundesliga,team,21.0,27.0,56.3,6.0,66.0,540.0,6.0,7.0,5.0,12.0,7.0,0.0,0.0,11.0,0.0,108.0,211.0,1.17,0.83,2.0,1.17,2.0,9.2,9.2,7.2,16.4,1.53,1.21,2.74,1.53,2.74,https://fbref.com/en/squads/32f3ee20/Monchengladbach-Stats
2025,Gladbach,Bundesliga,opponent,21.0,26.7,43.7,6.0,66.0,540.0,6.0,10.0,4.0,14.0,10.0,0.0,1.0,7.0,0.0,94.0,222.0,1.67,0.67,2.33,1.67,2.33,10.2,9.2,7.1,16.3,1.69,1.19,2.88,1.54,2.72,https://fbref.com/en/squads/32f3ee20/Monchengladbach-Stats
2025,Heidenheim,Bundesliga,team,20.0,27.0,42.2,6.0,66.0,540.0,6.0,10.0,7.0,17.0,8.0,2.0,2.0,13.0,1.0,96.0,148.0,1.67,1.17,2.83,1.33,2.5,8.8,7.3,6.5,13.8,1.47,1.09,2.56,1.21,2.3,https://fbref.com/en/squads/18d9d2a7/Heidenheim-Stats
2025,Heidenheim,Bundesliga,opponent,20.0,27.1,57.8,6.0,66.0,540.0,6.0,8.0,6.0,14.0,7.0,1.0,1.0,15.0,1.0,100.0,286.0,1.33,1.0,2.33,1.17,2.17,7.9,7.2,5.8,13.1,1.32,0.97,2.29,1.2,2.18,https://fbref.com/en/squads/18d9d2a7/Heidenheim-Stats
2025,Hellas Verona,Serie A,team,26.0,25.7,38.6,7.0,77.0,630.0,7.0,11.0,8.0,19.0,9.0,2.0,2.0,25.0,2.0,82.0,188.0,1.57,1.14,2.71,1.29,2.43,8.6,7.0,6.2,13.2,1.23,0.88,2.11,1.0,1.88,https://fbref.com/en/squads/0e72edf2/Hellas-Verona-Stats
2025,Hellas Verona,Serie A,opponent,26.0,26.9,61.4,7.0,77.0,630.0,7.0,12.0,9.0,21.0,11.0,1.0,2.0,8.0,0.0,123.0,295.0,1.71,1.29,3.0,1.57,2.86,10.2,8.7,6.9,15.6,1.46,0.98,2.44,1.24,2.22,https://fbref.com/en/squads/0e72edf2/Hellas-Verona-Stats
2025,Hoffenheim,Bundesliga,team,24.0,27.5,43.8,6.0,66.0,540.0,6.0,10.0,5.0,15.0,9.0,1.0,1.0,17.0,1.0,85.0,196.0,1.67,0.83,2.5,1.5,2.33,7.8,7.1,5.1,12.2,1.31,0.85,2.16,1.18,2.03,https://fbref.com/en/squads/033ea6b8/Hoffenheim-Stats
2025,Hoffenheim,Bundesliga,opponent,24.0,26.8,56.3,6.0,66.0,540.0,6.0,16.0,12.0,28.0,15.0,1.0,2.0,12.0,1.0,122.0,281.0,2.67,2.0,4.67,2.5,4.5,13.5,12.0,8.9,20.8,2.25,1.48,3.73,1.99,3.47,https://fbref.com/en/squads/033ea6b8/Hoffenheim-Stats
2025,Holstein Kiel,Bundesliga,team,22.0,26.6,43.2,6.0,66.0,540.0,6.0,9.0,6.0,15.0,7.0,2.0,2.0,11.0,1.0,66.0,139.0,1.5,1.0,2.5,1.17,2.17,7.7,6.1,5.0,11.1,1.28,0.84,2.12,1.02,1.85,https://fbref.com/en/squads/2ac661d9/Holstein-Kiel-Stats
2025,Holstein Kiel,Bundesliga,opponent,22.0,27.2,56.8,6.0,66.0,540.0,6.0,18.0,12.0,30.0,16.0,2.0,2.0,19.0,0.0,106.0,314.0,3.0,2.0,5.0,2.67,4.67,12.9,11.3,9.3,20.7,2.15,1.56,3.71,1.89,3.45,https://fbref.com/en/squads/2ac661d9/Holstein-Kiel-Stats
2025,Inter,Serie A,team,21.0,30.1,63.0,7.0,77.0,630.0,7.0,15.0,10.0,25.0,14.0,1.0,1.0,9.0,0.0,115.0,343.0,2.14,1.43,3.57,2.0,3.43,12.5,11.8,8.5,20.3,1.79,1.22,3.01,1.68,2.9,https://fbref.com/en/squads/d609edc0/Internazionale-Stats
2025,Inter,Serie A,opponent,21.0,27.0,37.0,7.0,77.0,630.0,7.0,9.0,5.0,14.0,8.0,1.0,2.0,10.0,1.0,106.0,181.0,1.29,0.71,2.0,1.14,1.86,8.0,6.3,3.9,10.2,1.15,0.56,1.71,0.9,1.46,https://fbref.com/en/squads/d609edc0/Internazionale-Stats
2025,Ipswich Town,Premier League,team,24.0,26.1,40.3,7.0,77.0,630.0,7.0,6.0,4.0,10.0,6.0,0.0,0.0,20.0,0.0,93.0,179.0,0.86,0.57,1.43,0.86,1.43,5.0,5.0,4.6,9.6,0.71,0.66,1.38,0.71,1.38,https://fbref.com/en/squads/b74092de/Ipswich-Town-Stats
2025,Ipswich Town,Premier League,opponent,24.0,27.0,59.7,7.0,77.0,630.0,7.0,14.0,8.0,22.0,13.0,1.0,1.0,15.0,0.0,145.0,280.0,2.0,1.14,3.14,1.86,3.0,15.3,14.5,10.9,25.4,2.19,1.56,3.75,2.08,3.64,https://fbref.com/en/squads/b74092de/Ipswich-Town-Stats
2025,Juventus,Serie A,team,23.0,24.9,61.9,7.0,77.0,630.0,7.0,10.0,6.0,16.0,7.0,3.0,3.0,13.0,1.0,161.0,269.0,1.43,0.86,2.29,1.0,1.86,9.1,6.8,5.5,12.3,1.3,0.79,2.09,0.97,1.76,https://fbref.com/en/squads/e0652b02/Juventus-Stats
2025,Juventus,Serie A,opponent,23.0,26.7,38.1,7.0,77.0,630.0,7.0,1.0,0.0,1.0,0.0,1.0,1.0,13.0,0.0,100.0,188.0,0.14,0.0,0.14,0.0,0.0,3.4,2.6,1.9,4.4,0.48,0.26,0.74,0.37,0.63,https://fbref.com/en/squads/e0652b02/Juventus-Stats
2025,Las Palmas,La Liga,team,27.0,27.4,57.6,9.0,99.0,810.0,9.0,8.0,7.0,15.0,8.0,0.0,0.0,20.0,0.0,144.0,351.0,0.89,0.78,1.67,0.89,1.67,9.2,9.2,7.8,17.0,1.02,0.87,1.89,1.02,1.89,https://fbref.com/en/squads/0049d422/Las-Palmas-Stats
2025,Las Palmas,La Liga,opponent,27.0,27.5,42.4,9.0,99.0,810.0,9.0,16.0,13.0,29.0,14.0,2.0,5.0,22.0,3.0,147.0,340.0,1.78,1.44,3.22,1.56,3.0,17.0,13.4,11.4,24.9,1.89,1.27,3.16,1.49,2.76,https://fbref.com/en/squads/0049d422/Las-Palmas-Stats
2025,Lazio,Serie A,team,22.0,27.4,55.1,7.0,77.0,630.0,7.0,13.0,10.0,23.0,12.0,1.0,2.0,17.0,0.0,149.0,288.0,1.86,1.43,3.29,1.71,3.14,12.2,10.5,8.7,19.2,1.74,1.24,2.97,1.5,2.74,https://fbref.com/en/squads/7213da33/Lazio-Stats
2025,Lazio,Serie A,opponent,22.0,26.6,44.9,7.0,77.0,630.0,7.0,11.0,7.0,18.0,9.0,2.0,2.0,19.0,1.0,95.0,159.0,1.57,1.0,2.57,1.29,2.29,7.5,6.0,4.9,10.9,1.08,0.7,1.78,0.85,1.55,https://fbref.com/en/squads/7213da33/Lazio-Stats
2025,Le Havre,Ligue 1,team,21.0,26.8,40.7,7.0,77.0,630.0,7.0,6.0,4.0,10.0,4.0,2.0,2.0,13.0,1.0,99.0,237.0,0.86,0.57,1.43,0.57,1.14,7.6,6.0,4.9,10.9,1.08,0.7,1.78,0.86,1.56,https://fbref.com/en/squads/5c2737db/Le-Havre-Stats
2025,Le Havre,Ligue 1,opponent,21.0,26.0,59.3,7.0,77.0,630.0,7.0,15.0,13.0,28.0,14.0,1.0,2.0,15.0,2.0,119.0,304.0,2.14,1.86,4.0,2.0,3.86,11.6,10.5,9.5,20.0,1.66,1.36,3.02,1.5,2.86,https://fbref.com/en/squads/5c2737db/Le-Havre-Stats
2025,Lecce,Serie A,team,21.0,26.4,42.3,7.0,77.0,630.0,7.0,3.0,2.0,5.0,3.0,0.0,0.0,13.0,2.0,108.0,197.0,0.43,0.29,0.71,0.43,0.71,7.6,7.6,6.6,14.3,1.09,0.95,2.04,1.09,2.04,https://fbref.com/en/squads/ffcbe334/Lecce-Stats
2025,Lecce,Serie A,opponent,21.0,27.3,57.7,7.0,77.0,630.0,7.0,12.0,7.0,19.0,10.0,2.0,2.0,9.0,2.0,136.0,370.0,1.71,1.0,2.71,1.43,2.43,10.8,9.2,7.0,16.2,1.54,0.99,2.53,1.31,2.31,https://fbref.com/en/squads/ffcbe334/Lecce-Stats
2025,Leganés,La Liga,team,23.0,27.9,44.9,9.0,99.0,810.0,9.0,5.0,5.0,10.0,5.0,0.0,1.0,19.0,0.0,97.0,241.0,0.56,0.56,1.11,0.56,1.11,6.2,5.4,4.1,9.5,0.69,0.46,1.14,0.6,1.06,https://fbref.com/en/squads/7c6f2c78/Leganes-Stats
2025,Leganés,La Liga,opponent,23.0,27.5,55.1,9.0,99.0,810.0,9.0,8.0,5.0,13.0,7.0,1.0,1.0,16.0,0.0,159.0,384.0,0.89,0.56,1.44,0.78,1.33,11.1,10.3,8.1,18.4,1.24,0.9,2.13,1.15,2.05,https://fbref.com/en/squads/7c6f2c78/Leganes-Stats
2025,Leicester City,Premier League,team,21.0,26.7,42.3,7.0,77.0,630.0,7.0,9.0,8.0,17.0,9.0,0.0,0.0,19.0,0.0,87.0,169.0,1.29,1.14,2.43,1.29,2.43,5.1,5.1,4.3,9.4,0.73,0.61,1.34,0.73,1.34,https://fbref.com/en/squads/a2d435b3/Leicester-City-Stats
2025,Leicester City,Premier League,opponent,21.0,26.8,57.7,7.0,77.0,630.0,7.0,11.0,9.0,20.0,10.0,1.0,1.0,13.0,0.0,151.0,388.0,1.57,1.29,2.86,1.43,2.71,14.5,13.7,10.4,24.1,2.07,1.49,3.56,1.95,3.44,https://fbref.com/en/squads/a2d435b3/Leicester-City-Stats
2025,Lens,Ligue 1,team,23.0,27.4,54.4,7.0,77.0,630.0,7.0,6.0,3.0,9.0,5.0,1.0,1.0,17.0,2.0,107.0,298.0,0.86,0.43,1.29,0.71,1.14,10.9,10.1,7.6,17.7,1.55,1.08,2.64,1.45,2.53,https://fbref.com/en/squads/fd4e0f7d/Lens-Stats
2025,Lens,Ligue 1,opponent,23.0,26.3,45.6,7.0,77.0,630.0,7.0,4.0,2.0,6.0,2.0,2.0,2.0,11.0,0.0,103.0,205.0,0.57,0.29,0.86,0.29,0.57,6.6,5.0,3.7,8.7,0.94,0.53,1.47,0.72,1.25,https://fbref.com/en/squads/fd4e0f7d/Lens-Stats
2025,Leverkusen,Bundesliga,team,21.0,27.2,60.3,6.0,66.0,540.0,6.0,16.0,10.0,26.0,15.0,1.0,2.0,14.0,0.0,131.0,351.0,2.67,1.67,4.33,2.5,4.17,12.4,10.7,8.7,19.4,2.07,1.45,3.52,1.78,3.23,https://fbref.com/en/squads/c7a9f859/Bayer-Leverkusen-Stats
2025,Leverkusen,Bundesliga,opponent,21.0,26.7,39.7,6.0,66.0,540.0,6.0,11.0,7.0,18.0,10.0,1.0,1.0,12.0,1.0,77.0,162.0,1.83,1.17,3.0,1.67,2.83,7.3,6.5,4.9,11.5,1.22,0.82,2.04,1.09,1.91,https://fbref.com/en/squads/c7a9f859/Bayer-Leverkusen-Stats
2025,Lille,Ligue 1,team,22.0,26.2,60.9,7.0,77.0,630.0,7.0,13.0,9.0,22.0,12.0,1.0,2.0,13.0,0.0,170.0,382.0,1.86,1.29,3.14,1.71,3.0,12.9,11.7,9.4,21.2,1.84,1.35,3.19,1.68,3.02,https://fbref.com/en/squads/cb188c0c/Lille-Stats
2025,Lille,Ligue 1,opponent,22.0,25.3,39.1,7.0,77.0,630.0,7.0,8.0,5.0,13.0,7.0,1.0,1.0,13.0,1.0,105.0,196.0,1.14,0.71,1.86,1.0,1.71,9.2,8.4,6.2,14.7,1.32,0.89,2.21,1.21,2.1,https://fbref.com/en/squads/cb188c0c/Lille-Stats
2025,Liverpool,Premier League,team,23.0,27.6,60.0,7.0,77.0,630.0,7.0,13.0,11.0,24.0,12.0,1.0,1.0,14.0,0.0,167.0,326.0,1.86,1.57,3.43,1.71,3.29,13.8,13.0,11.1,24.0,1.96,1.58,3.55,1.85,3.43,https://fbref.com/en/squads/822bd0ba/Liverpool-Stats
2025,Liverpool,Premier League,opponent,23.0,26.4,40.0,7.0,77.0,630.0,7.0,2.0,1.0,3.0,2.0,0.0,0.0,24.0,0.0,92.0,202.0,0.29,0.14,0.43,0.29,0.43,5.1,5.1,4.3,9.4,0.73,0.61,1.34,0.73,1.34,https://fbref.com/en/squads/822bd0ba/Liverpool-Stats
2025,Lyon,Ligue 1,team,25.0,27.8,52.1,7.0,77.0,630.0,7.0,8.0,5.0,13.0,8.0,0.0,2.0,13.0,0.0,149.0,333.0,1.14,0.71,1.86,1.14,1.86,12.1,10.4,7.7,18.1,1.74,1.1,2.84,1.49,2.59,https://fbref.com/en/squads/d53c0b06/Lyon-Stats
2025,Lyon,Ligue 1,opponent,25.0,26.0,47.9,7.0,77.0,630.0,7.0,12.0,9.0,21.0,12.0,0.0,0.0,14.0,2.0,141.0,234.0,1.71,1.29,3.0,1.71,3.0,10.6,10.6,7.6,18.3,1.52,1.09,2.61,1.52,2.61,https://fbref.com/en/squads/d53c0b06/Lyon-Stats
2025,Mainz 05,Bundesliga,team,20.0,27.8,44.8,6.0,66.0,540.0,6.0,11.0,7.0,18.0,10.0,1.0,1.0,17.0,2.0,66.0,158.0,1.83,1.17,3.0,1.67,2.83,7.2,6.4,5.1,11.5,1.2,0.85,2.05,1.07,1.92,https://fbref.com/en/squads/a224b06a/Mainz-05-Stats
2025,Mainz 05,Bundesliga,opponent,20.0,27.4,55.2,6.0,66.0,540.0,6.0,10.0,7.0,17.0,9.0,1.0,1.0,15.0,3.0,72.0,238.0,1.67,1.17,2.83,1.5,2.67,10.7,10.3,6.6,16.9,1.79,1.1,2.88,1.72,2.81,https://fbref.com/en/squads/a224b06a/Mainz-05-Stats
2025,Mallorca,La Liga,team,22.0,28.9,46.7,9.0,99.0,810.0,9.0,8.0,6.0,14.0,7.0,1.0,1.0,19.0,1.0,127.0,290.0,0.89,0.67,1.56,0.78,1.44,9.9,9.1,6.6,15.7,1.1,0.74,1.83,1.01,1.75,https://fbref.com/en/squads/2aa12281/Mallorca-Stats
2025,Mallorca,La Liga,opponent,22.0,26.8,53.3,9.0,99.0,810.0,9.0,8.0,7.0,15.0,8.0,0.0,0.0,15.0,2.0,157.0,373.0,0.89,0.78,1.67,0.89,1.67,7.7,7.7,6.1,13.8,0.85,0.68,1.53,0.85,1.53,https://fbref.com/en/squads/2aa12281/Mallorca-Stats
2025,Manchester City,Premier League,team,20.0,27.6,63.6,7.0,77.0,630.0,7.0,17.0,11.0,28.0,16.0,1.0,1.0,17.0,0.0,253.0,376.0,2.43,1.57,4.0,2.29,3.86,13.8,13.0,11.3,24.4,1.97,1.62,3.59,1.86,3.48,https://fbref.com/en/squads/b8fd03ef/Manchester-City-Stats
2025,Manchester City,Premier League,opponent,20.0,26.8,36.4,7.0,77.0,630.0,7.0,7.0,5.0,12.0,6.0,1.0,1.0,19.0,1.0,92.0,155.0,1.0,0.71,1.71,0.86,1.57,7.8,7.0,6.1,13.1,1.11,0.88,1.99,0.99,1.87,https://fbref.com/en/squads/b8fd03ef/Manchester-City-Stats
2025,Manchester Utd,Premier League,team,22.0,26.3,52.7,7.0,77.0,630.0,7.0,5.0,5.0,10.0,5.0,0.0,0.0,24.0,1.0,105.0,277.0,0.71,0.71,1.43,0.71,1.43,11.0,11.0,9.7,20.7,1.57,1.38,2.95,1.57,2.95,https://fbref.com/en/squads/19538871/Manchester-United-Stats
2025,Manchester Utd,Premier League,opponent,22.0,26.9,47.3,7.0,77.0,630.0,7.0,8.0,7.0,15.0,8.0,0.0,1.0,13.0,1.0,144.0,235.0,1.14,1.0,2.14,1.14,2.14,11.3,10.5,9.0,19.5,1.62,1.28,2.9,1.5,2.78,https://fbref.com/en/squads/19538871/Manchester-United-Stats
2025,Marseille,Ligue 1,team,24.0,26.7,60.0,7.0,77.0,630.0,7.0,15.0,8.0,23.0,13.0,2.0,2.0,17.0,3.0,103.0,266.0,2.14,1.14,3.29,1.86,3.0,9.1,7.5,4.6,12.2,1.3,0.66,1.96,1.07,1.74,https://fbref.com/en/squads/5725cc7b/Marseille-Stats
2025,Marseille,Ligue 1,opponent,24.0,26.3,40.0,7.0,77.0,630.0,7.0,8.0,5.0,13.0,8.0,0.0,2.0,17.0,2.0,115.0,230.0,1.14,0.71,1.86,1.14,1.86,10.1,8.5,6.3,14.8,1.45,0.9,2.35,1.21,2.11,https://fbref.com/en/squads/5725cc7b/Marseille-Stats
2025,Milan,Serie A,team,24.0,26.5,56.4,7.0,77.0,630.0,7.0,15.0,10.0,25.0,13.0,2.0,4.0,13.0,2.0,186.0,338.0,2.14,1.43,3.57,1.86,3.29,13.4,10.2,8.3,18.5,1.91,1.19,3.1,1.46,2.65,https://fbref.com/en/squads/dc56fe14/Milan-Stats
2025,Milan,Serie A,opponent,24.0,26.8,43.6,7.0,77.0,630.0,7.0,8.0,8.0,16.0,8.0,0.0,1.0,18.0,1.0,99.0,197.0,1.14,1.14,2.29,1.14,2.29,7.7,6.9,6.5,13.4,1.1,0.93,2.03,0.99,1.91,https://fbref.com/en/squads/dc56fe14/Milan-Stats
2025,Monaco,Ligue 1,team,22.0,24.7,58.6,7.0,77.0,630.0,7.0,14.0,13.0,27.0,14.0,0.0,0.0,14.0,1.0,150.0,313.0,2.0,1.86,3.86,2.0,3.86,14.4,14.4,12.2,26.5,2.05,1.74,3.79,2.05,3.79,https://fbref.com/en/squads/fd6114db/Monaco-Stats
2025,Monaco,Ligue 1,opponent,22.0,26.5,41.4,7.0,77.0,630.0,7.0,4.0,3.0,7.0,3.0,1.0,1.0,18.0,1.0,104.0,239.0,0.57,0.43,1.0,0.43,0.86,5.4,4.7,3.6,8.3,0.77,0.52,1.3,0.67,1.19,https://fbref.com/en/squads/fd6114db/Monaco-Stats
2025,Montpellier,Ligue 1,team,26.0,26.2,47.6,7.0,77.0,630.0,7.0,8.0,5.0,13.0,7.0,1.0,1.0,24.0,1.0,108.0,252.0,1.14,0.71,1.86,1.0,1.71,6.6,5.9,4.5,10.3,0.94,0.64,1.58,0.84,1.48,https://fbref.com/en/squads/281b0e73/Montpellier-Stats
2025,Montpellier,Ligue 1,opponent,26.0,25.2,52.4,7.0,77.0,630.0,7.0,21.0,17.0,38.0,19.0,2.0,2.0,18.0,0.0,140.0,305.0,3.0,2.43,5.43,2.71,5.14,14.9,13.4,11.2,24.6,2.14,1.6,3.73,1.92,3.51,https://fbref.com/en/squads/281b0e73/Montpellier-Stats
2025,Monza,Serie A,team,23.0,27.3,47.3,7.0,77.0,630.0,7.0,5.0,3.0,8.0,5.0,0.0,0.0,17.0,0.0,78.0,167.0,0.71,0.43,1.14,0.71,1.14,3.3,3.3,1.5,4.8,0.47,0.21,0.68,0.47,0.68,https://fbref.com/en/squads/21680aa4/Monza-Stats
2025,Monza,Serie A,opponent,23.0,27.3,52.7,7.0,77.0,630.0,7.0,9.0,6.0,15.0,9.0,0.0,0.0,11.0,0.0,124.0,327.0,1.29,0.86,2.14,1.29,2.14,7.8,7.8,5.6,13.4,1.11,0.8,1.91,1.11,1.91,https://fbref.com/en/squads/21680aa4/Monza-Stats
2025,Nantes,Ligue 1,team,22.0,26.5,44.0,7.0,77.0,630.0,7.0,9.0,6.0,15.0,8.0,1.0,1.0,18.0,1.0,126.0,254.0,1.29,0.86,2.14,1.14,2.0,8.2,7.4,5.8,13.2,1.17,0.82,1.99,1.06,1.88,https://fbref.com/en/squads/d7a486cd/Nantes-Stats
2025,Nantes,Ligue 1,opponent,22.0,26.3,56.0,7.0,77.0,630.0,7.0,7.0,4.0,11.0,5.0,2.0,2.0,9.0,1.0,130.0,311.0,1.0,0.57,1.57,0.71,1.29,9.3,7.7,5.7,13.4,1.33,0.82,2.14,1.1,1.92,https://fbref.com/en/squads/d7a486cd/Nantes-Stats
2025,Napoli,Serie A,team,22.0,28.5,48.0,7.0,77.0,630.0,7.0,14.0,12.0,26.0,13.0,1.0,1.0,9.0,0.0,139.0,314.0,2.0,1.71,3.71,1.86,3.57,10.8,10.1,9.1,19.2,1.55,1.31,2.86,1.44,2.74,https://fbref.com/en/squads/d48ad4ff/Napoli-Stats
2025,Napoli,Serie A,opponent,22.0,26.1,52.0,7.0,77.0,630.0,7.0,5.0,4.0,9.0,4.0,1.0,1.0,15.0,1.0,95.0,241.0,0.71,0.57,1.29,0.57,1.14,6.1,5.3,4.8,10.1,0.87,0.68,1.55,0.76,1.44,https://fbref.com/en/squads/d48ad4ff/Napoli-Stats
2025,Newcastle Utd,Premier League,team,19.0,27.7,48.0,7.0,77.0,630.0,7.0,8.0,7.0,15.0,7.0,1.0,2.0,17.0,1.0,119.0,250.0,1.14,1.0,2.14,1.0,2.0,10.4,8.8,7.9,16.6,1.48,1.12,2.6,1.25,2.38,https://fbref.com/en/squads/b2b47a98/Newcastle-United-Stats
2025,Newcastle Utd,Premier League,opponent,19.0,27.3,52.0,7.0,77.0,630.0,7.0,6.0,6.0,12.0,6.0,0.0,0.0,24.0,0.0,157.0,267.0,0.86,0.86,1.71,0.86,1.71,10.3,10.3,8.3,18.6,1.47,1.18,2.65,1.47,2.65,https://fbref.com/en/squads/b2b47a98/Newcastle-United-Stats
2025,Nice,Ligue 1,team,24.0,26.7,47.7,7.0,77.0,630.0,7.0,14.0,8.0,22.0,13.0,1.0,1.0,13.0,1.0,127.0,240.0,2.0,1.14,3.14,1.86,3.0,12.3,11.6,6.8,18.4,1.76,0.97,2.73,1.66,2.62,https://fbref.com/en/squads/132ebc33/Nice-Stats
2025,Nice,Ligue 1,opponent,24.0,26.6,52.3,7.0,77.0,630.0,7.0,6.0,4.0,10.0,5.0,1.0,1.0,18.0,2.0,128.0,288.0,0.86,0.57,1.43,0.71,1.29,8.4,7.6,6.3,13.9,1.2,0.9,2.1,1.09,1.99,https://fbref.com/en/squads/132ebc33/Nice-Stats
2025,Nott'ham Forest,Premier League,team,22.0,26.9,39.9,7.0,77.0,630.0,7.0,7.0,4.0,11.0,6.0,1.0,1.0,23.0,2.0,124.0,184.0,1.0,0.57,1.57,0.86,1.43,8.1,7.3,5.5,12.8,1.16,0.79,1.95,1.04,1.83,https://fbref.com/en/squads/e4a775cb/Nottingham-Forest-Stats
2025,Nott'ham Forest,Premier League,opponent,22.0,26.5,60.1,7.0,77.0,630.0,7.0,6.0,3.0,9.0,5.0,1.0,1.0,27.0,0.0,188.0,373.0,0.86,0.43,1.29,0.71,1.14,7.7,6.9,5.1,12.0,1.09,0.73,1.82,0.98,1.71,https://fbref.com/en/squads/e4a775cb/Nottingham-Forest-Stats
2025,Osasuna,La Liga,team,22.0,27.6,45.1,9.0,99.0,810.0,9.0,11.0,6.0,17.0,9.0,2.0,2.0,20.0,0.0,120.0,264.0,1.22,0.67,1.89,1.0,1.67,8.5,6.9,5.9,12.8,0.94,0.65,1.6,0.77,1.42,https://fbref.com/en/squads/03c57e2b/Osasuna-Stats
2025,Osasuna,La Liga,opponent,22.0,27.0,54.9,9.0,99.0,810.0,9.0,13.0,12.0,25.0,13.0,0.0,0.0,17.0,1.0,152.0,372.0,1.44,1.33,2.78,1.44,2.78,10.5,10.5,9.0,19.5,1.16,1.0,2.16,1.16,2.16,https://fbref.com/en/squads/03c57e2b/Osasuna-Stats
2025,Paris S-G,Ligue 1,team,22.0,24.1,68.4,7.0,77.0,630.0,7.0,20.0,16.0,36.0,18.0,2.0,2.0,9.0,0.0,197.0,409.0,2.86,2.29,5.14,2.57,4.86,18.0,16.4,15.4,31.8,2.57,2.19,4.76,2.34,4.54,https://fbref.com/en/squads/e2d8892c/Paris-Saint-Germain-Stats
2025,Paris S-G,Ligue 1,opponent,22.0,26.9,31.6,7.0,77.0,630.0,7.0,6.0,2.0,8.0,4.0,2.0,2.0,19.0,0.0,104.0,165.0,0.86,0.29,1.14,0.57,0.86,5.4,3.9,3.4,7.3,0.77,0.49,1.25,0.55,1.04,https://fbref.com/en/squads/e2d8892c/Paris-Saint-Germain-Stats
2025,Parma,Serie A,team,24.0,24.3,45.7,7.0,77.0,630.0,7.0,10.0,8.0,18.0,8.0,2.0,2.0,12.0,4.0,129.0,220.0,1.43,1.14,2.57,1.14,2.29,11.1,9.5,8.0,17.5,1.58,1.15,2.73,1.36,2.51,https://fbref.com/en/squads/eab4234c/Parma-Stats
2025,Parma,Serie A,opponent,24.0,26.9,54.3,7.0,77.0,630.0,7.0,12.0,9.0,21.0,12.0,0.0,0.0,17.0,2.0,176.0,352.0,1.71,1.29,3.0,1.71,3.0,12.0,12.0,9.9,21.9,1.71,1.42,3.13,1.71,3.13,https://fbref.com/en/squads/eab4234c/Parma-Stats
2025,RB Leipzig,Bundesliga,team,20.0,25.9,58.3,6.0,66.0,540.0,6.0,9.0,8.0,17.0,9.0,0.0,1.0,8.0,1.0,99.0,281.0,1.5,1.33,2.83,1.5,2.83,8.8,8.0,7.5,15.5,1.47,1.25,2.72,1.34,2.59,https://fbref.com/en/squads/acbb6a5b/RB-Leipzig-Stats
2025,RB Leipzig,Bundesliga,opponent,20.0,27.3,41.7,6.0,66.0,540.0,6.0,2.0,1.0,3.0,2.0,0.0,1.0,15.0,0.0,87.0,185.0,0.33,0.17,0.5,0.33,0.5,7.2,6.4,4.7,11.2,1.21,0.78,1.99,1.07,1.86,https://fbref.com/en/squads/acbb6a5b/RB-Leipzig-Stats
2025,Rayo Vallecano,La Liga,team,22.0,29.4,48.6,9.0,99.0,810.0,9.0,11.0,9.0,20.0,11.0,0.0,0.0,22.0,0.0,124.0,317.0,1.22,1.0,2.22,1.22,2.22,9.2,9.2,7.0,16.2,1.02,0.78,1.8,1.02,1.8,https://fbref.com/en/squads/98e8af82/Rayo-Vallecano-Stats
2025,Rayo Vallecano,La Liga,opponent,22.0,26.8,51.4,9.0,99.0,810.0,9.0,9.0,7.0,16.0,9.0,0.0,0.0,17.0,0.0,142.0,330.0,1.0,0.78,1.78,1.0,1.78,10.2,10.2,7.7,18.0,1.14,0.86,2.0,1.14,2.0,https://fbref.com/en/squads/98e8af82/Rayo-Vallecano-Stats
2025,Real Madrid,La Liga,team,21.0,27.7,60.3,9.0,99.0,810.0,9.0,19.0,13.0,32.0,14.0,5.0,5.0,15.0,1.0,232.0,523.0,2.11,1.44,3.56,1.56,3.0,16.9,13.3,11.1,24.5,1.88,1.24,3.11,1.48,2.72,https://fbref.com/en/squads/53a2f082/Real-Madrid-Stats
2025,Real Madrid,La Liga,opponent,21.0,27.3,39.7,9.0,99.0,810.0,9.0,5.0,5.0,10.0,5.0,0.0,0.0,13.0,1.0,139.0,274.0,0.56,0.56,1.11,0.56,1.11,7.4,7.4,6.2,13.6,0.82,0.69,1.51,0.82,1.51,https://fbref.com/en/squads/53a2f082/Real-Madrid-Stats
2025,Real Sociedad,La Liga,team,26.0,25.8,59.0,9.0,99.0,810.0,9.0,7.0,6.0,13.0,7.0,0.0,0.0,18.0,1.0,185.0,360.0,0.78,0.67,1.44,0.78,1.44,10.3,10.3,8.3,18.5,1.14,0.92,2.06,1.14,2.06,https://fbref.com/en/squads/e31d1cd9/Real-Sociedad-Stats
2025,Real Sociedad,La Liga,opponent,26.0,27.2,41.0,9.0,99.0,810.0,9.0,8.0,3.0,11.0,4.0,4.0,4.0,19.0,0.0,125.0,222.0,0.89,0.33,1.22,0.44,0.78,10.6,7.5,5.4,13.0,1.18,0.6,1.79,0.84,1.44,https://fbref.com/en/squads/e31d1cd9/Real-Sociedad-Stats
2025,Reims,Ligue 1,team,22.0,25.0,41.6,7.0,77.0,630.0,7.0,14.0,7.0,21.0,13.0,1.0,1.0,14.0,1.0,122.0,224.0,2.0,1.0,3.0,1.86,2.86,9.0,8.3,6.5,14.8,1.29,0.93,2.22,1.18,2.11,https://fbref.com/en/squads/7fdd64e0/Reims-Stats
2025,Reims,Ligue 1,opponent,22.0,26.3,58.4,7.0,77.0,630.0,7.0,10.0,6.0,16.0,10.0,0.0,0.0,13.0,0.0,136.0,380.0,1.43,0.86,2.29,1.43,2.29,10.6,10.6,7.5,18.1,1.51,1.07,2.58,1.51,2.58,https://fbref.com/en/squads/7fdd64e0/Reims-Stats
2025,Rennes,Ligue 1,team,21.0,26.6,46.1,7.0,77.0,630.0,7.0,11.0,7.0,18.0,9.0,2.0,2.0,15.0,0.0,116.0,288.0,1.57,1.0,2.57,1.29,2.29,8.7,7.2,4.7,11.9,1.24,0.68,1.92,1.03,1.71,https://fbref.com/en/squads/b3072e00/Rennes-Stats
2025,Rennes,Ligue 1,opponent,21.0,24.9,53.9,7.0,77.0,630.0,7.0,10.0,7.0,17.0,10.0,0.0,1.0,17.0,0.0,132.0,242.0,1.43,1.0,2.43,1.43,2.43,8.7,7.8,6.1,13.8,1.24,0.87,2.1,1.11,1.98,https://fbref.com/en/squads/b3072e00/Rennes-Stats
2025,Roma,Serie A,team,21.0,26.7,61.3,7.0,77.0,630.0,7.0,8.0,4.0,12.0,7.0,1.0,1.0,9.0,0.0,159.0,307.0,1.14,0.57,1.71,1.0,1.57,10.2,9.4,6.4,15.9,1.46,0.92,2.38,1.35,2.27,https://fbref.com/en/squads/cf74a709/Roma-Stats
2025,Roma,Serie A,opponent,21.0,26.5,38.7,7.0,77.0,630.0,7.0,5.0,2.0,7.0,4.0,1.0,1.0,15.0,0.0,94.0,174.0,0.71,0.29,1.0,0.57,0.86,8.9,8.1,4.6,12.7,1.27,0.66,1.93,1.15,1.81,https://fbref.com/en/squads/cf74a709/Roma-Stats
2025,Saint-Étienne,Ligue 1,team,27.0,26.4,43.3,7.0,77.0,630.0,7.0,6.0,5.0,11.0,5.0,1.0,1.0,16.0,0.0,92.0,202.0,0.86,0.71,1.57,0.71,1.43,7.0,6.2,4.4,10.6,1.0,0.63,1.63,0.89,1.52,https://fbref.com/en/squads/d298ef2c/Saint-Etienne-Stats
2025,Saint-Étienne,Ligue 1,opponent,27.0,26.3,56.7,7.0,77.0,630.0,7.0,17.0,7.0,24.0,13.0,4.0,4.0,8.0,1.0,130.0,317.0,2.43,1.0,3.43,1.86,2.86,15.9,12.8,9.3,22.1,2.27,1.33,3.6,1.83,3.16,https://fbref.com/en/squads/d298ef2c/Saint-Etienne-Stats
2025,Sevilla,La Liga,team,25.0,26.6,56.3,9.0,99.0,810.0,9.0,6.0,4.0,10.0,5.0,1.0,1.0,30.0,4.0,165.0,286.0,0.67,0.44,1.11,0.56,1.0,11.1,10.3,7.0,17.4,1.24,0.78,2.02,1.15,1.93,https://fbref.com/en/squads/ad2be733/Sevilla-Stats
2025,Sevilla,La Liga,opponent,25.0,27.4,43.7,9.0,99.0,810.0,9.0,9.0,6.0,15.0,8.0,1.0,1.0,21.0,1.0,84.0,250.0,1.0,0.67,1.67,0.89,1.56,10.4,9.6,7.1,16.8,1.15,0.79,1.95,1.07,1.86,https://fbref.com/en/squads/ad2be733/Sevilla-Stats
2025,Southampton,Premier League,team,26.0,26.0,57.4,7.0,77.0,630.0,7.0,4.0,3.0,7.0,4.0,0.0,1.0,21.0,1.0,148.0,249.0,0.57,0.43,1.0,0.57,1.0,8.2,7.4,6.4,13.7,1.17,0.91,2.08,1.05,1.96,https://fbref.com/en/squads/33c895d4/Southampton-Stats
2025,Southampton,Premier League,opponent,26.0,26.5,42.6,7.0,77.0,630.0,7.0,15.0,10.0,25.0,15.0,0.0,0.0,17.0,1.0,136.0,267.0,2.14,1.43,3.57,2.14,3.57,13.7,13.7,11.3,24.9,1.95,1.61,3.56,1.95,3.56,https://fbref.com/en/squads/33c895d4/Southampton-Stats
2025,St. Pauli,Bundesliga,team,19.0,27.6,48.5,6.0,66.0,540.0,6.0,4.0,4.0,8.0,4.0,0.0,0.0,11.0,0.0,73.0,224.0,0.67,0.67,1.33,0.67,1.33,5.7,5.7,4.9,10.6,0.95,0.81,1.77,0.95,1.77,https://fbref.com/en/squads/54864664/St-Pauli-Stats
2025,St. Pauli,Bundesliga,opponent,19.0,27.2,51.5,6.0,66.0,540.0,6.0,9.0,7.0,16.0,9.0,0.0,1.0,17.0,0.0,95.0,202.0,1.5,1.17,2.67,1.5,2.67,7.8,7.0,5.3,12.3,1.3,0.89,2.19,1.17,2.06,https://fbref.com/en/squads/54864664/St-Pauli-Stats
2025,Strasbourg,Ligue 1,team,22.0,22.2,48.0,7.0,77.0,630.0,7.0,13.0,9.0,22.0,12.0,1.0,1.0,17.0,0.0,108.0,175.0,1.86,1.29,3.14,1.71,3.0,12.4,11.6,8.6,20.2,1.77,1.24,3.0,1.65,2.89,https://fbref.com/en/squads/c0d3eab4/Strasbourg-Stats
2025,Strasbourg,Ligue 1,opponent,22.0,27.2,52.0,7.0,77.0,630.0,7.0,12.0,5.0,17.0,10.0,2.0,2.0,19.0,0.0,100.0,289.0,1.71,0.71,2.43,1.43,2.14,10.3,8.8,6.4,15.2,1.47,0.91,2.38,1.26,2.17,https://fbref.com/en/squads/c0d3eab4/Strasbourg-Stats
2025,Stuttgart,Bundesliga,team,21.0,25.3,62.3,6.0,66.0,540.0,6.0,15.0,9.0,24.0,15.0,0.0,2.0,11.0,1.0,90.0,279.0,2.5,1.5,4.0,2.5,4.0,13.4,11.8,7.7,19.5,2.24,1.29,3.52,1.97,3.25,https://fbref.com/en/squads/598bc722/Stuttgart-Stats
2025,Stuttgart,Bundesliga,opponent,21.0,26.9,37.7,6.0,66.0,540.0,6.0,11.0,8.0,19.0,10.0,1.0,1.0,17.0,0.0,59.0,143.0,1.83,1.33,3.17,1.67,3.0,8.6,7.9,5.8,13.6,1.44,0.96,2.4,1.31,2.27,https://fbref.com/en/squads/598bc722/Stuttgart-Stats
2025,Torino,Serie A,team,25.0,27.7,49.1,7.0,77.0,630.0,7.0,11.0,7.0,18.0,10.0,1.0,2.0,17.0,1.0,86.0,207.0,1.57,1.0,2.57,1.43,2.43,9.3,7.8,5.3,13.1,1.34,0.76,2.09,1.12,1.88,https://fbref.com/en/squads/105360fe/Torino-Stats
2025,Torino,Serie A,opponent,25.0,27.1,50.9,7.0,77.0,630.0,7.0,11.0,9.0,20.0,11.0,0.0,1.0,18.0,1.0,132.0,302.0,1.57,1.29,2.86,1.57,2.86,12.5,11.7,8.4,20.1,1.79,1.2,2.99,1.68,2.88,https://fbref.com/en/squads/105360fe/Torino-Stats
2025,Tottenham,Premier League,team,21.0,25.7,62.3,7.0,77.0,630.0,7.0,13.0,10.0,23.0,13.0,0.0,0.0,18.0,0.0,197.0,386.0,1.86,1.43,3.29,1.86,3.29,14.8,14.8,10.2,25.0,2.11,1.46,3.57,2.11,3.57,https://fbref.com/en/squads/361ca564/Tottenham-Hotspur-Stats
2025,Tottenham,Premier League,opponent,21.0,26.5,37.7,7.0,77.0,630.0,7.0,8.0,6.0,14.0,8.0,0.0,0.0,16.0,1.0,78.0,171.0,1.14,0.86,2.0,1.14,2.0,8.0,8.0,6.8,14.8,1.15,0.97,2.11,1.15,2.11,https://fbref.com/en/squads/361ca564/Tottenham-Hotspur-Stats
2025,Toulouse,Ligue 1,team,22.0,25.5,45.9,7.0,77.0,630.0,7.0,6.0,5.0,11.0,6.0,0.0,1.0,12.0,1.0,99.0,272.0,0.86,0.71,1.57,0.86,1.57,9.7,8.9,7.1,16.1,1.39,1.02,2.41,1.28,2.29,https://fbref.com/en/squads/3f8c4b5f/Toulouse-Stats
2025,Toulouse,Ligue 1,opponent,22.0,26.4,54.1,7.0,77.0,630.0,7.0,8.0,7.0,15.0,8.0,0.0,0.0,16.0,0.0,106.0,255.0,1.14,1.0,2.14,1.14,2.14,5.3,5.3,4.3,9.6,0.75,0.62,1.37,0.75,1.37,https://fbref.com/en/squads/3f8c4b5f/Toulouse-Stats
2025,Udinese,Serie A,team,22.0,27.1,41.6,7.0,77.0,630.0,7.0,10.0,7.0,17.0,10.0,0.0,1.0,19.0,1.0,88.0,200.0,1.43,1.0,2.43,1.43,2.43,7.5,6.7,5.0,11.8,1.08,0.72,1.79,0.96,1.68,https://fbref.com/en/squads/04eea015/Udinese-Stats
2025,Udinese,Serie A,opponent,22.0,27.6,58.4,7.0,77.0,630.0,7.0,10.0,6.0,16.0,8.0,2.0,3.0,7.0,1.0,123.0,269.0,1.43,0.86,2.29,1.14,2.0,11.5,9.2,7.2,16.5,1.64,1.03,2.67,1.32,2.35,https://fbref.com/en/squads/04eea015/Udinese-Stats
2025,Union Berlin,Bundesliga,team,19.0,27.7,40.2,6.0,66.0,540.0,6.0,6.0,3.0,9.0,5.0,1.0,1.0,17.0,0.0,52.0,151.0,1.0,0.5,1.5,0.83,1.33,5.6,4.8,2.9,7.7,0.93,0.48,1.41,0.8,1.28,https://fbref.com/en/squads/7a41008f/Union-Berlin-Stats
2025,Union Berlin,Bundesliga,opponent,19.0,27.2,59.8,6.0,66.0,540.0,6.0,4.0,2.0,6.0,4.0,0.0,1.0,14.0,0.0,94.0,234.0,0.67,0.33,1.0,0.67,1.0,4.9,4.1,3.2,7.4,0.82,0.54,1.36,0.69,1.23,https://fbref.com/en/squads/7a41008f/Union-Berlin-Stats
2025,Valencia,La Liga,team,23.0,24.5,45.3,9.0,99.0,810.0,9.0,5.0,4.0,9.0,5.0,0.0,0.0,17.0,0.0,124.0,290.0,0.56,0.44,1.0,0.56,1.0,5.6,5.6,4.8,10.5,0.63,0.54,1.17,0.62,1.16,https://fbref.com/en/squads/dcc91a7b/Valencia-Stats
2025,Valencia,La Liga,opponent,23.0,26.8,54.7,9.0,99.0,810.0,9.0,13.0,10.0,23.0,12.0,1.0,2.0,20.0,1.0,139.0,343.0,1.44,1.11,2.56,1.33,2.44,14.5,12.9,10.7,23.6,1.61,1.19,2.8,1.43,2.62,https://fbref.com/en/squads/dcc91a7b/Valencia-Stats
2025,Valladolid,La Liga,team,26.0,25.8,43.3,9.0,99.0,810.0,9.0,5.0,5.0,10.0,5.0,0.0,0.0,27.0,1.0,120.0,274.0,0.56,0.56,1.11,0.56,1.11,8.2,8.2,6.5,14.6,0.91,0.72,1.63,0.91,1.63,https://fbref.com/en/squads/17859612/Valladolid-Stats
2025,Valladolid,La Liga,opponent,26.0,27.1,56.7,9.0,99.0,810.0,9.0,18.0,13.0,31.0,18.0,0.0,0.0,24.0,1.0,141.0,374.0,2.0,1.44,3.44,2.0,3.44,16.7,16.7,12.5,29.2,1.86,1.38,3.24,1.86,3.24,https://fbref.com/en/squads/17859612/Valladolid-Stats
2025,Venezia,Serie A,team,26.0,26.6,41.1,7.0,77.0,630.0,7.0,5.0,4.0,9.0,5.0,0.0,1.0,13.0,1.0,92.0,155.0,0.71,0.57,1.29,0.71,1.29,6.6,5.8,4.3,10.1,0.94,0.62,1.55,0.82,1.44,https://fbref.com/en/squads/af5d5982/Venezia-Stats
2025,Venezia,Serie A,opponent,26.0,27.0,58.9,7.0,77.0,630.0,7.0,10.0,6.0,16.0,7.0,3.0,3.0,14.0,0.0,136.0,252.0,1.43,0.86,2.29,1.0,1.86,11.0,8.7,7.2,15.8,1.57,1.02,2.6,1.24,2.26,https://fbref.com/en/squads/af5d5982/Venezia-Stats
2025,Villarreal,La Liga,team,23.0,27.8,43.1,9.0,99.0,810.0,9.0,15.0,13.0,28.0,15.0,0.0,2.0,28.0,1.0,158.0,343.0,1.67,1.44,3.11,1.67,3.11,15.1,13.3,11.5,24.8,1.67,1.28,2.95,1.48,2.76,https://fbref.com/en/squads/2a8183b3/Villarreal-Stats
2025,Villarreal,La Liga,opponent,23.0,26.6,56.9,9.0,99.0,810.0,9.0,16.0,12.0,28.0,16.0,0.0,1.0,25.0,1.0,175.0,433.0,1.78,1.33,3.11,1.78,3.11,11.9,11.1,8.0,19.1,1.32,0.89,2.21,1.23,2.13,https://fbref.com/en/squads/2a8183b3/Villarreal-Stats
2025,Werder Bremen,Bundesliga,team,21.0,27.6,49.3,6.0,66.0,540.0,6.0,8.0,6.0,14.0,7.0,1.0,1.0,8.0,1.0,85.0,225.0,1.33,1.0,2.33,1.17,2.17,7.3,6.9,4.9,11.7,1.21,0.82,2.03,1.14,1.96,https://fbref.com/en/squads/62add3bf/Werder-Bremen-Stats
2025,Werder Bremen,Bundesliga,opponent,21.0,27.1,50.8,6.0,66.0,540.0,6.0,12.0,9.0,21.0,12.0,0.0,0.0,20.0,2.0,100.0,283.0,2.0,1.5,3.5,2.0,3.5,8.0,8.0,6.5,14.5,1.33,1.09,2.42,1.33,2.42,https://fbref.com/en/squads/62add3bf/Werder-Bremen-Stats
2025,West Ham,Premier League,team,23.0,28.6,45.9,7.0,77.0,630.0,7.0,9.0,4.0,13.0,8.0,1.0,1.0,16.0,0.0,135.0,248.0,1.29,0.57,1.86,1.14,1.71,10.5,9.7,6.2,16.0,1.5,0.89,2.4,1.39,2.28,https://fbref.com/en/squads/7c21e445/West-Ham-United-Stats
2025,West Ham,Premier League,opponent,23.0,26.3,54.1,7.0,77.0,630.0,7.0,11.0,10.0,21.0,11.0,0.0,0.0,12.0,0.0,163.0,282.0,1.57,1.43,3.0,1.57,3.0,11.0,11.0,9.9,21.0,1.58,1.42,3.0,1.58,3.0,https://fbref.com/en/squads/7c21e445/West-Ham-United-Stats
2025,Wolfsburg,Bundesliga,team,21.0,25.3,38.5,6.0,66.0,540.0,6.0,12.0,9.0,21.0,11.0,1.0,2.0,22.0,1.0,54.0,159.0,2.0,1.5,3.5,1.83,3.33,8.9,7.1,5.8,12.9,1.48,0.96,2.44,1.19,2.15,https://fbref.com/en/squads/4eaa11d7/Wolfsburg-Stats
2025,Wolfsburg,Bundesliga,opponent,21.0,26.9,61.5,6.0,66.0,540.0,6.0,11.0,8.0,19.0,10.0,1.0,2.0,16.0,1.0,78.0,261.0,1.83,1.33,3.17,1.67,3.0,11.5,9.8,8.8,18.7,1.91,1.47,3.39,1.64,3.11,https://fbref.com/en/squads/4eaa11d7/Wolfsburg-Stats
2025,Wolves,Premier League,team,23.0,27.1,47.4,7.0,77.0,630.0,7.0,9.0,7.0,16.0,9.0,0.0,0.0,22.0,0.0,102.0,194.0,1.29,1.0,2.29,1.29,2.29,6.6,6.6,5.0,11.6,0.94,0.71,1.65,0.94,1.65,https://fbref.com/en/squads/8cec06e1/Wolverhampton-Wanderers-Stats
2025,Wolves,Premier League,opponent,23.0,26.4,52.6,7.0,77.0,630.0,7.0,21.0,17.0,38.0,19.0,2.0,2.0,19.0,0.0,155.0,301.0,3.0,2.43,5.43,2.71,5.14,13.8,12.3,10.1,22.4,1.98,1.45,3.42,1.75,3.2,https://fbref.com/en/squads/8cec06e1/Wolverhampton-Wanderers-Stats
